row_id_22565,project_id,mp_name,state,constituency,work_22565,work_production,similarity_score,district_22565,expenditure_amount,allocation_amount,matching_method,confidence_category
11,PRJ_0AF165AC9831,Balashowry Vallabbhaneni,Andhra Pradesh,Machilipatnam,Improvement of electricity distribution infrastructure,NA - Improvement of electricity distribution infrastructure,1.0,Krishna,380097.0,562000.0,exact_normalized_l1,MEDIUM_CONFIDENCE
12,PRJ_D81924156D28,Midhun Reddy,Andhra Pradesh,Rajampet,Providing supply pipelines for drinking water,NA - Providing supply pipelines for drinking water,1.0,Chittoor,99980.0,200000.0,exact_normalized_l1,MEDIUM_CONFIDENCE
17,PRJ_73C8C835B2E9,Maddila Gurumoorthy,Andhra Pradesh,Tirupati(Sc),"Construction of roads, link roads, pathways or any other road with or without drainage system","NA - Construction of roads, link roads, pathways or any other road with or without drainage system",1.0,Tirupati,488636.0,400000.0,exact_normalized_l1,MEDIUM_CONFIDENCE
18,PRJ_B9E600C2347E,Maddila Gurumoorthy,Andhra Pradesh,Tirupati(Sc),Installing community drinking water plants,NA - Installing community drinking water plants,1.0,Tirupati,419963.0,250000.0,exact_normalized_l1,MEDIUM_CONFIDENCE
22,PRJ_C89BD680318D,Midhun Reddy,Andhra Pradesh,Rajampet,"Construction of roads, link roads, pathways or any other road with or without drainage system","NA - Construction of roads, link roads, pathways or any other road with or without drainage system",1.0,Annamayya,499375.0,250000.0,exact_normalized_l1,MEDIUM_CONFIDENCE
60,PRJ_BCFBDDC30087,Magunta Sreenivasulu Reddy,Andhra Pradesh,Ongole,Construction of community centers and community halls,NA - Construction of community centers and community halls,1.0,Prakasam,1199137.0,500000.0,exact_normalized_l1,MEDIUM_CONFIDENCE
62,PRJ_B2BB22171287,Kinjarapu Ram Mohan Naidu,Andhra Pradesh,Srikakulam,Providing drains and gutters for public drainage,NA - Providing drains and gutters for public drainage,1.0,Srikakulam,495433.0,250000.0,exact_normalized_l1,MEDIUM_CONFIDENCE
63,PRJ_EA880C49E69D,Midhun Reddy,Andhra Pradesh,Rajampet,Construction of boundary walls of existing public and community buildings,NA - Construction of boundary walls of existing public and community buildings,1.0,Annamayya,449930.0,250000.0,exact_normalized_l1,MEDIUM_CONFIDENCE
95,PRJ_7119C15E1AB6,Maddila Gurumoorthy,Andhra Pradesh,Tirupati(Sc),Construction of rooms and halls in school and colleges,NA - Construction of rooms and halls in school and colleges,1.0,Tirupati,499993.0,300000.0,exact_normalized_l1,HIGH_CONFIDENCE
132,PRJ_D3B39657F3B0,Kinjarapu Ram Mohan Naidu,Andhra Pradesh,Srikakulam,"Construction of roads, link roads, pathways or any other road with or without drainage system","NA - Construction of roads, link roads, pathways or any other road with or without drainage system",1.0,Srikakulam,485043.0,250000.0,exact_normalized_l1,MEDIUM_CONFIDENCE
164,PRJ_7E180950A8A0,Kinjarapu Ram Mohan Naidu,Andhra Pradesh,Srikakulam,Construction of bus-sheds or bus-stops,NA - Construction of bus-sheds or bus-stops,1.0,Srikakulam,512727.0,700000.0,exact_normalized_l1,MEDIUM_CONFIDENCE
166,PRJ_5339E4B209D3,Kinjarapu Ram Mohan Naidu,Andhra Pradesh,Srikakulam,Construction of community centers and community halls,NA - Construction of community centers and community halls,1.0,Srikakulam,498394.0,500000.0,exact_normalized_l1,MEDIUM_CONFIDENCE
169,PRJ_C0673547FB6C,Midhun Reddy,Andhra Pradesh,Rajampet,Construction of community centers and community halls,NA - Construction of community centers and community halls,1.0,Chittoor,499996.0,500000.0,exact_normalized_l1,MEDIUM_CONFIDENCE
198,PRJ_8B896FB7F116,Balashowry Vallabbhaneni,Andhra Pradesh,Machilipatnam,"Construction of roads, link roads, pathways or any other road with or without drainage system","NA - Construction of roads, link roads, pathways or any other road with or without drainage system",1.0,Krishna,1158273.0,500000.0,exact_normalized_l1,MEDIUM_CONFIDENCE
209,PRJ_C75C64E77004,Y S Avinash Reddy,Andhra Pradesh,Kadapa,Installing community drinking water plants,NA - Installing community drinking water plants,1.0,Y.S.R. Kadapa,275219.0,455000.0,exact_normalized_l1,HIGH_CONFIDENCE
212,PRJ_00CF4BB9E221,Midhun Reddy,Andhra Pradesh,Rajampet,Providing drains and gutters for public drainage,NA - Providing drains and gutters for public drainage,1.0,Annamayya,183546.0,250000.0,exact_normalized_l1,MEDIUM_CONFIDENCE
245,PRJ_409D98563DEB,Midhun Reddy,Andhra Pradesh,Rajampet,Installing community drinking water plants,NA - Installing community drinking water plants,1.0,Chittoor,283452.0,30000.0,exact_normalized_l1,MEDIUM_CONFIDENCE
247,PRJ_B53C79CB8A16,Midhun Reddy,Andhra Pradesh,Rajampet,Installing tube-wells and borewells,NA - Installing tube-wells and borewells,1.0,Annamayya,197365.0,150000.0,exact_normalized_l1,MEDIUM_CONFIDENCE
283,PRJ_3E7644296695,Kinjarapu Ram Mohan Naidu,Andhra Pradesh,Srikakulam,Construction of toilet blocks,NA - Construction of toilet blocks,1.0,Srikakulam,327925.0,300000.0,exact_normalized_l1,HIGH_CONFIDENCE
294,PRJ_929BF3CA7830,Y S Avinash Reddy,Andhra Pradesh,Kadapa,Construction of buildings for community cultural activities,NA - Construction of buildings for community cultural activities,1.0,Y.S.R. Kadapa,199285.0,1000000.0,exact_normalized_l1,HIGH_CONFIDENCE
303,PRJ_5D2BE0551623,Lavu Sri Krishna Devarayalu,Andhra Pradesh,Narasaraopet,Installing community drinking water plants,NA - Installing community drinking water plants,1.0,Palnadu,199628.0,1400000.0,exact_normalized_l1,HIGH_CONFIDENCE
355,PRJ_2F4A6795A990,Maddila Gurumoorthy,Andhra Pradesh,Tirupati(Sc),Providing supply pipelines for drinking water,NA - Providing supply pipelines for drinking water,1.0,Tirupati,498850.0,450000.0,exact_normalized_l1,HIGH_CONFIDENCE
375,PRJ_241980B53513,Midhun Reddy,Andhra Pradesh,Rajampet,Construction of bus-sheds or bus-stops,NA - Construction of bus-sheds or bus-stops,1.0,Chittoor,284908.0,300000.0,exact_normalized_l1,MEDIUM_CONFIDENCE
419,PRJ_32FF840614FA,Y S Avinash Reddy,Andhra Pradesh,Kadapa,Construction of public irrigation facilities,NA - Construction of public irrigation facilities,1.0,Y.S.R. Kadapa,199487.0,490000.0,exact_normalized_l1,MEDIUM_CONFIDENCE
627,PRJ_4B8D5C01869E,Kinjarapu Ram Mohan Naidu,Andhra Pradesh,Srikakulam,Improvement of electricity distribution infrastructure,NA - Improvement of electricity distribution infrastructure,1.0,Srikakulam,1386007.0,355000.0,exact_normalized_l1,MEDIUM_CONFIDENCE
691,PRJ_00418BB5A699,Magunta Sreenivasulu Reddy,Andhra Pradesh,Ongole,Construction of buildings for community cultural activities,NA - Construction of buildings for community cultural activities,1.0,Prakasam,992801.0,650000.0,exact_normalized_l1,MEDIUM_CONFIDENCE
730,PRJ_3CA5442B2D89,Y S Avinash Reddy,Andhra Pradesh,Kadapa,Providing supply pipelines for drinking water,NA - Providing supply pipelines for drinking water,1.0,Y.S.R. Kadapa,391781.0,400000.0,exact_normalized_l1,MEDIUM_CONFIDENCE
770,PRJ_0F5167726944,Balashowry Vallabbhaneni,Andhra Pradesh,Machilipatnam,Installing community drinking water plants,NA - Installing community drinking water plants,1.0,East Godavari,243215.0,1000000.0,exact_normalized_l1,MEDIUM_CONFIDENCE
909,PRJ_F6A8A2BE60B9,Y S Avinash Reddy,Andhra Pradesh,Kadapa,Establishing public ground water recharging facilities,NA - Establishing public ground water recharging facilities,1.0,Y.S.R. Kadapa,500000.0,150000.0,exact_normalized_l1,HIGH_CONFIDENCE
967,PRJ_D58E8C9BDAEE,Maddila Gurumoorthy,Andhra Pradesh,Tirupati(Sc),Improvement of electricity distribution infrastructure,NA - Improvement of electricity distribution infrastructure,1.0,Tirupati,423883.0,328501.0,exact_normalized_l1,MEDIUM_CONFIDENCE
1154,PRJ_7F9179F5383B,Midhun Reddy,Andhra Pradesh,Rajampet,"Purchase of prosthetics, wheel chairs, tricycles (manual or motorized), elect scooties, hearing aids","NA - Purchase of prosthetics, wheel chairs, tricycles (manual or motorized), elect scooties, hearing aids",1.0,Annamayya,90000.0,100000.0,exact_normalized_l1,HIGH_CONFIDENCE
1197,PRJ_CCD3A6D744DD,Y S Avinash Reddy,Andhra Pradesh,Kadapa,Construction of boundary walls of existing public and community buildings,NA - Construction of boundary walls of existing public and community buildings,1.0,Y.S.R. Kadapa,434169.0,1000000.0,exact_normalized_l1,MEDIUM_CONFIDENCE
1298,PRJ_00EDAF91AE2D,Lavu Sri Krishna Devarayalu,Andhra Pradesh,Narasaraopet,Improvement of electricity distribution infrastructure,NA - Improvement of electricity distribution infrastructure,1.0,Guntur,416758.0,50000.0,exact_normalized_l1,HIGH_CONFIDENCE
1396,PRJ_105B90C16CE4,Maddila Gurumoorthy,Andhra Pradesh,Tirupati(Sc),Construction of culverts and bridges,NA - Construction of culverts and bridges,1.0,Tirupati,497541.0,3900000.0,exact_normalized_l1,MEDIUM_CONFIDENCE
1594,PRJ_D43D96BB1075,Kinjarapu Ram Mohan Naidu,Andhra Pradesh,Srikakulam,Street lights,NA - Street lights,1.0,Srikakulam,499717.0,475000.0,exact_normalized_l1,HIGH_CONFIDENCE
1743,PRJ_0343377272D9,Kiren Rijiju,Arunachal Pradesh,Arunachal West,"Construction of roads, link roads, pathways or any other road with or without drainage system","NA - Construction of roads, link roads, pathways or any other road with or without drainage system",1.0,Lower Subansiri,500000.0,300000.0,exact_normalized_l1,MEDIUM_CONFIDENCE
1751,PRJ_7CE960FCBC32,Kiren Rijiju,Arunachal Pradesh,Arunachal West,Construction of footpaths and pedestrian ways,NA - Construction of footpaths and pedestrian ways,1.0,Kamle,2000000.0,200000.0,exact_normalized_l1,MEDIUM_CONFIDENCE
1752,PRJ_05828E662DA0,Kiren Rijiju,Arunachal Pradesh,Arunachal West,Construction of boundary walls of existing public and community buildings,NA - Construction of boundary walls of existing public and community buildings,1.0,Papum Pare,200000.0,2000000.0,exact_normalized_l1,MEDIUM_CONFIDENCE
1764,PRJ_BC8F83B2D770,Kiren Rijiju,Arunachal Pradesh,Arunachal West,Construction of culverts and bridges,NA - Construction of culverts and bridges,1.0,Lower Subansiri,101892.0,400000.0,exact_normalized_l1,HIGH_CONFIDENCE
1765,PRJ_CAF7E8B606F0,Kiren Rijiju,Arunachal Pradesh,Arunachal West,Providing drains and gutters for public drainage,NA - Providing drains and gutters for public drainage,1.0,Lower Subansiri,99560.0,200000.0,exact_normalized_l1,MEDIUM_CONFIDENCE
1771,PRJ_BCFB8AEC81C5,Tapir Gao,Arunachal Pradesh,Arunachal East,Construction of public irrigation facilities,NA - Construction of public irrigation facilities,1.0,Upper Siang,492647.0,200000.0,exact_normalized_l1,MEDIUM_CONFIDENCE
1783,PRJ_EFB89A925A8B,Tapir Gao,Arunachal Pradesh,Arunachal East,Construction of culverts and bridges,NA - Construction of culverts and bridges,1.0,Upper Siang,394182.0,200000.0,exact_normalized_l1,MEDIUM_CONFIDENCE
1788,PRJ_5F17635ED994,Kiren Rijiju,Arunachal Pradesh,Arunachal West,Construction of toilet blocks,NA - Construction of toilet blocks,1.0,West Kameng,20543.0,400000.0,exact_normalized_l1,HIGH_CONFIDENCE
1797,PRJ_A4A661979DEA,Kiren Rijiju,Arunachal Pradesh,Arunachal West,Construction of bus-sheds or bus-stops,NA - Construction of bus-sheds or bus-stops,1.0,West Kameng,500000.0,200000.0,exact_normalized_l1,MEDIUM_CONFIDENCE
1801,PRJ_0F935F406136,Kiren Rijiju,Arunachal Pradesh,Arunachal West,Construction of water tanks,NA - Construction of water tanks,1.0,Siang,200568.0,1000000.0,exact_normalized_l1,HIGH_CONFIDENCE
1805,PRJ_4B8F15C6F573,Tapir Gao,Arunachal Pradesh,Arunachal East,Improvement of electricity distribution infrastructure,NA - Improvement of electricity distribution infrastructure,1.0,East Siang,404157.0,1000000.0,exact_normalized_l1,HIGH_CONFIDENCE
1818,PRJ_6083C05D66C8,Tapir Gao,Arunachal Pradesh,Arunachal East,"Construction of roads, link roads, pathways or any other road with or without drainage system","NA - Construction of roads, link roads, pathways or any other road with or without drainage system",1.0,Siang,229684.0,250000.0,exact_normalized_l1,MEDIUM_CONFIDENCE
1819,PRJ_E0953D71A87E,Kiren Rijiju,Arunachal Pradesh,Arunachal West,Construction of public toilets and bathrooms,NA - Construction of public toilets and bathrooms,1.0,Siang,245631.0,200000.0,exact_normalized_l1,MEDIUM_CONFIDENCE
1845,PRJ_60D2C45D2F5E,Tapir Gao,Arunachal Pradesh,Arunachal East,Construction of boundary walls of existing public and community buildings,NA - Construction of boundary walls of existing public and community buildings,1.0,Siang,53911.0,300000.0,exact_normalized_l1,MEDIUM_CONFIDENCE
1856,PRJ_62986BFE977A,Kiren Rijiju,Arunachal Pradesh,Arunachal West,Construction of public irrigation facilities,NA - Construction of public irrigation facilities,1.0,Lower Subansiri,400000.0,500000.0,exact_normalized_l1,HIGH_CONFIDENCE
1858,PRJ_2F3884B836E8,Kiren Rijiju,Arunachal Pradesh,Arunachal West,Construction of rooms and halls in school and colleges,NA - Construction of rooms and halls in school and colleges,1.0,Lower Subansiri,1500000.0,400000.0,exact_normalized_l1,MEDIUM_CONFIDENCE
1873,PRJ_AEA6B72C07C1,Tapir Gao,Arunachal Pradesh,Arunachal East,Construction of buildings for community cultural activities,NA - Construction of buildings for community cultural activities,1.0,East Siang,32439.0,1000000.0,exact_normalized_l1,MEDIUM_CONFIDENCE
1883,PRJ_2A3DC0A16128,Tapir Gao,Arunachal Pradesh,Arunachal East,Development of playfields and sports grounds,NA - Development of playfields and sports grounds,1.0,East Siang,390000.0,500000.0,exact_normalized_l1,MEDIUM_CONFIDENCE
1898,PRJ_E605C09F7303,Tapir Gao,Arunachal Pradesh,Arunachal East,Providing supply pipelines for drinking water,NA - Providing supply pipelines for drinking water,1.0,Lower Dibang Valley,1000000.0,1000000.0,exact_normalized_l1,HIGH_CONFIDENCE
1916,PRJ_8EE99C0478CE,Kiren Rijiju,Arunachal Pradesh,Arunachal West,Construction of buildings for community cultural activities,NA - Construction of buildings for community cultural activities,1.0,Lower Siang,500000.0,1000000.0,exact_normalized_l1,HIGH_CONFIDENCE
1953,PRJ_4AEC80C9695A,Kiren Rijiju,Arunachal Pradesh,Arunachal West,Development of playground,NA - Development of playground,1.0,Upper Subansiri,800000.0,300000.0,exact_normalized_l1,MEDIUM_CONFIDENCE
1964,PRJ_3CD338A2D122,Tapir Gao,Arunachal Pradesh,Arunachal East,Providing drains and gutters for public drainage,NA - Providing drains and gutters for public drainage,1.0,Namsai,499185.0,2000000.0,exact_normalized_l1,MEDIUM_CONFIDENCE
1966,PRJ_0B6FF8131307,Tapir Gao,Arunachal Pradesh,Arunachal East,Development of playground,NA - Development of playground,1.0,Upper Siang,30124.0,1500000.0,exact_normalized_l1,HIGH_CONFIDENCE
1967,PRJ_CECA7AE33047,Tapir Gao,Arunachal Pradesh,Arunachal East,Construction of community centers and community halls,NA - Construction of community centers and community halls,1.0,Lower Siang,200000.0,400000.0,exact_normalized_l1,MEDIUM_CONFIDENCE
2005,PRJ_F8E7F25764DB,Tapir Gao,Arunachal Pradesh,Arunachal East,Construction of common work sheds/ common covered sitting area,NA - Construction of common work sheds/ common covered sitting area,1.0,Longding,200000.0,1000000.0,exact_normalized_l1,MEDIUM_CONFIDENCE
2060,PRJ_B416C01A0BB0,Tapir Gao,Arunachal Pradesh,Arunachal East,Purchase of furniture and fixtures for educational purposes,NA - Purchase of furniture and fixtures for educational purposes,1.0,East Siang,1000000.0,800000.0,exact_normalized_l1,MEDIUM_CONFIDENCE
2084,PRJ_1095EA9307E5,Tapir Gao,Arunachal Pradesh,Arunachal East,Construction of water tanks,NA - Construction of water tanks,1.0,Longding,300000.0,800000.0,exact_normalized_l1,MEDIUM_CONFIDENCE
2100,PRJ_52942178020C,Pradan Baruah,Assam,Lakhimpur,Construction of community centers and community halls,NA - Construction of community centers and community halls,1.0,Lakhimpur,276250.0,300000.0,exact_normalized_l1,MEDIUM_CONFIDENCE
2107,PRJ_2D9A2ACC6CCD,Pradyut Bordoloi,Assam,Nowgong,Construction of community centers and community halls,NA - Construction of community centers and community halls,1.0,Nagaon,125000.0,500000.0,exact_normalized_l1,MEDIUM_CONFIDENCE
2126,PRJ_71199B559AB7,Pradyut Bordoloi,Assam,Nowgong,Construction of rooms and halls in school and colleges,NA - Construction of rooms and halls in school and colleges,1.0,Nagaon,21850.0,400000.0,exact_normalized_l1,MEDIUM_CONFIDENCE
2149,PRJ_D8A7D1F70169,Kripanath Mallah,Assam,Karimganj (Sc),Construction of community centers and community halls,NA - Construction of community centers and community halls,1.0,Sribhumi,1308000.0,500000.0,exact_normalized_l1,MEDIUM_CONFIDENCE
2150,PRJ_6DBFC57E33FA,Kripanath Mallah,Assam,Karimganj (Sc),Construction of boundary walls of existing public and community buildings,NA - Construction of boundary walls of existing public and community buildings,1.0,Sribhumi,249000.0,1000000.0,exact_normalized_l1,MEDIUM_CONFIDENCE
2198,PRJ_127F878DE6E8,Pradan Baruah,Assam,Lakhimpur,Construction of rooms and halls in school and colleges,NA - Construction of rooms and halls in school and colleges,1.0,Tinsukia,203650.0,1000000.0,exact_normalized_l1,MEDIUM_CONFIDENCE
2222,PRJ_71BAB946E9EB,Pradyut Bordoloi,Assam,Nowgong,Construction of public toilets and bathrooms,NA - Construction of public toilets and bathrooms,1.0,Marigaon,95760.0,250000.0,exact_normalized_l1,HIGH_CONFIDENCE
2263,PRJ_25C378963883,Pradyut Bordoloi,Assam,Nowgong,Construction of boundary walls of existing public and community buildings,NA - Construction of boundary walls of existing public and community buildings,1.0,Marigaon,99750.0,300000.0,exact_normalized_l1,MEDIUM_CONFIDENCE
2278,PRJ_1BE0DBDFED71,Pradyut Bordoloi,Assam,Nowgong,"Construction of roads, link roads, pathways or any other road with or without drainage system","NA - Construction of roads, link roads, pathways or any other road with or without drainage system",1.0,Nagaon,119000.0,500000.0,exact_normalized_l1,MEDIUM_CONFIDENCE
2314,PRJ_1236A4E5E1C8,Pradyut Bordoloi,Assam,Nowgong,Construction of toilet blocks,NA - Construction of toilet blocks,1.0,Marigaon,99650.0,300000.0,exact_normalized_l1,MEDIUM_CONFIDENCE
2462,PRJ_8E7165A92743,Pradyut Bordoloi,Assam,Nowgong,"Purchase of IT systems, including hardware and software for educational purposes","NA - Purchase of IT systems, including hardware and software for educational purposes",1.0,Marigaon,159740.0,450000.0,exact_normalized_l1,HIGH_CONFIDENCE
2669,PRJ_5505D74792D3,Pradan Baruah,Assam,Lakhimpur,"Construction of rooms and facilities for hospitals, FWC , PHC Centers and ANM centers","NA - Construction of rooms and facilities for hospitals, FWC , PHC Centers and ANM centers",1.0,Dhemaji,250000.0,500000.0,exact_normalized_l1,HIGH_CONFIDENCE
2843,PRJ_E0ED4DF0A7EA,Kripanath Mallah,Assam,Karimganj (Sc),"Purchase of IT systems, including hardware and software for educational purposes","NA - Purchase of IT systems, including hardware and software for educational purposes",1.0,Sribhumi,997500.0,2000000.0,exact_normalized_l1,HIGH_CONFIDENCE
3308,PRJ_446502C598AD,Pradan Baruah,Assam,Lakhimpur,Construction of culverts and bridges,NA - Construction of culverts and bridges,1.0,Dhemaji,3574579.0,500000.0,exact_normalized_l1,HIGH_CONFIDENCE
3383,PRJ_B345BBB0190E,Pradan Baruah,Assam,Lakhimpur,Construction of buildings for community cultural activities,NA - Construction of buildings for community cultural activities,1.0,Dhemaji,300000.0,1000000.0,exact_normalized_l1,MEDIUM_CONFIDENCE
3482,PRJ_FEF99BA055DF,Pradyut Bordoloi,Assam,Nowgong,Construction of buildings for community cultural activities,NA - Construction of buildings for community cultural activities,1.0,Marigaon,143370.0,250000.0,exact_normalized_l1,MEDIUM_CONFIDENCE
3592,PRJ_FE6D53AED52E,Pradyut Bordoloi,Assam,Nowgong,Construction of water tanks,NA - Construction of water tanks,1.0,Nagaon,150000.0,250000.0,exact_normalized_l1,HIGH_CONFIDENCE
3622,PRJ_8F53DCC21A63,Pradyut Bordoloi,Assam,Nowgong,Construction of public libraries and reading rooms,NA - Construction of public libraries and reading rooms,1.0,Nagaon,195479.0,400000.0,exact_normalized_l1,MEDIUM_CONFIDENCE
3746,PRJ_2ACB8D453188,Pradyut Bordoloi,Assam,Nowgong,Installing community drinking water plants,NA - Installing community drinking water plants,1.0,Marigaon,249734.0,300000.0,exact_normalized_l1,MEDIUM_CONFIDENCE
4391,PRJ_66D2D72F8A54,Pradan Baruah,Assam,Lakhimpur,Construction of boundary walls of existing public and community buildings,NA - Construction of boundary walls of existing public and community buildings,1.0,Dhemaji,599900.0,300000.0,exact_normalized_l1,MEDIUM_CONFIDENCE
4399,PRJ_955F7A2A9CDD,Pradan Baruah,Assam,Lakhimpur,Construction of public toilets and bathrooms,NA - Construction of public toilets and bathrooms,1.0,Dhemaji,300000.0,500000.0,exact_normalized_l1,HIGH_CONFIDENCE
4510,PRJ_6D98206F7FBB,Ajay Kumar Mandal,Bihar,Bhagalpur,"Construction of roads, link roads, pathways or any other road with or without drainage system","NA - Construction of roads, link roads, pathways or any other road with or without drainage system",1.0,Bhagalpur,959582.0,749000.0,exact_normalized_l1,MEDIUM_CONFIDENCE
4512,PRJ_F8C41E4AF810,Ravi Shankar Prasad,Bihar,Patna Sahib,"Construction of roads, link roads, pathways or any other road with or without drainage system","NA - Construction of roads, link roads, pathways or any other road with or without drainage system",1.0,Patna,994500.0,800000.0,exact_normalized_l1,MEDIUM_CONFIDENCE
4523,PRJ_1A86E0FA6A1D,Kaushalendra Kumar,Bihar,Nalanda,"Construction of roads, link roads, pathways or any other road with or without drainage system","NA - Construction of roads, link roads, pathways or any other road with or without drainage system",1.0,Nalanda,398886.0,350000.0,exact_normalized_l1,MEDIUM_CONFIDENCE
4525,PRJ_C5326C0BEEF6,Radha Mohan Singh,Bihar,Purvi Champaran,Construction of community centers and community halls,NA - Construction of community centers and community halls,1.0,Purbi Champaran,381096.0,1500000.0,exact_normalized_l1,MEDIUM_CONFIDENCE
4528,PRJ_6EB725E94F1F,Nityanand Rai,Bihar,Ujjarpur,Installing community drinking water plants,NA - Installing community drinking water plants,1.0,Samastipur,650000.0,400000.0,exact_normalized_l1,MEDIUM_CONFIDENCE
4541,PRJ_AF9C3BD567A1,Alok Kumar Suman,Bihar,Gopalganj (Sc),"Construction of roads, link roads, pathways or any other road with or without drainage system","NA - Construction of roads, link roads, pathways or any other road with or without drainage system",1.0,Gopalganj,559800.0,300000.0,exact_normalized_l1,MEDIUM_CONFIDENCE
4544,PRJ_3EBF74EE950C,Janardan Singh Sigriwal,Bihar,Maharajganj_Br,Construction of community centers and community halls,NA - Construction of community centers and community halls,1.0,Saran,1458930.0,1367100.0,exact_normalized_l1,MEDIUM_CONFIDENCE
4548,PRJ_279CDAA70DBC,Pradeep Kumar Singh,Bihar,Araria,Construction of rooms and halls in school and colleges,NA - Construction of rooms and halls in school and colleges,1.0,Araria,1492019.0,1500000.0,exact_normalized_l1,HIGH_CONFIDENCE
4602,PRJ_8208624FC095,Giridhari Yadav,Bihar,Banka,Construction of additional rooms and halls in the existing public and community building,NA - Construction of additional rooms and halls in the existing public and community building,1.0,Banka,988705.0,400000.0,exact_normalized_l1,MEDIUM_CONFIDENCE
4622,PRJ_C0181D4D964B,Giridhari Yadav,Bihar,Banka,"Construction of roads, link roads, pathways or any other road with or without drainage system","NA - Construction of roads, link roads, pathways or any other road with or without drainage system",1.0,Banka,991789.0,500000.0,exact_normalized_l1,MEDIUM_CONFIDENCE
4631,PRJ_676A0764E176,Dinesh Chandra Yadav,Bihar,Madhepura,Construction of rooms and halls in school and colleges,NA - Construction of rooms and halls in school and colleges,1.0,Madhepura,887829.0,1500000.0,exact_normalized_l1,HIGH_CONFIDENCE
4748,PRJ_955572281BCA,Dileshwar Kamait,Bihar,Supaul,"Construction of roads, link roads, pathways or any other road with or without drainage system","NA - Construction of roads, link roads, pathways or any other road with or without drainage system",1.0,Supaul,1424723.0,423800.0,exact_normalized_l1,MEDIUM_CONFIDENCE
4749,PRJ_DCDD21E538B0,Dinesh Chandra Yadav,Bihar,Madhepura,"Construction of roads, link roads, pathways or any other road with or without drainage system","NA - Construction of roads, link roads, pathways or any other road with or without drainage system",1.0,Saharsa,1497179.0,1499980.0,exact_normalized_l1,MEDIUM_CONFIDENCE
4752,PRJ_9756EE3C652E,Dinesh Chandra Yadav,Bihar,Madhepura,Construction of community centers and community halls,NA - Construction of community centers and community halls,1.0,Saharsa,561429.0,500000.0,exact_normalized_l1,MEDIUM_CONFIDENCE
4756,PRJ_1CBAAAA5F321,Alok Kumar Suman,Bihar,Gopalganj (Sc),Lighting of public spaces,NA - Lighting of public spaces,1.0,Gopalganj,995000.0,1114286.0,exact_normalized_l1,MEDIUM_CONFIDENCE
4838,PRJ_B62FE53EF57A,Radha Mohan Singh,Bihar,Purvi Champaran,"Construction of roads, link roads, pathways or any other road with or without drainage system","NA - Construction of roads, link roads, pathways or any other road with or without drainage system",1.0,Purbi Champaran,744611.0,1495000.0,exact_normalized_l1,HIGH_CONFIDENCE
4859,PRJ_4FDFA290A3FB,Janardan Singh Sigriwal,Bihar,Maharajganj_Br,"Construction of roads, link roads, pathways or any other road with or without drainage system","NA - Construction of roads, link roads, pathways or any other road with or without drainage system",1.0,Siwan,796819.0,1.0,exact_normalized_l1,MEDIUM_CONFIDENCE
4887,PRJ_C27F3E527E03,Radha Mohan Singh,Bihar,Purvi Champaran,Construction of boundary walls of existing public and community buildings,NA - Construction of boundary walls of existing public and community buildings,1.0,Purbi Champaran,1487959.0,1500000.0,exact_normalized_l1,HIGH_CONFIDENCE
4906,PRJ_82C9124E2708,Giridhari Yadav,Bihar,Banka,Lighting of public spaces,NA - Lighting of public spaces,1.0,Bhagalpur,999990.0,925000.0,exact_normalized_l1,MEDIUM_CONFIDENCE
5018,PRJ_7DF43C976460,Giridhari Yadav,Bihar,Banka,Construction of community centers and community halls,NA - Construction of community centers and community halls,1.0,Banka,446857.0,1058000.0,exact_normalized_l1,MEDIUM_CONFIDENCE
5025,PRJ_3D5D2EC1F1B6,Dinesh Chandra Yadav,Bihar,Madhepura,Street lights,NA - Street lights,1.0,Saharsa,697000.0,921000.0,exact_normalized_l1,MEDIUM_CONFIDENCE
5430,PRJ_44916D96349B,Nityanand Rai,Bihar,Ujjarpur,Construction of water tanks,NA - Construction of water tanks,1.0,Samastipur,322014.0,500000.0,exact_normalized_l1,MEDIUM_CONFIDENCE
5466,PRJ_4C69F5EA3183,Radha Mohan Singh,Bihar,Purvi Champaran,Street lights,NA - Street lights,1.0,Purbi Champaran,998000.0,1280000.0,exact_normalized_l1,MEDIUM_CONFIDENCE
5574,PRJ_0C662FE1B22D,Radha Mohan Singh,Bihar,Purvi Champaran,Development of public parks,NA - Development of public parks,1.0,Purbi Champaran,1479192.0,1500000.0,exact_normalized_l1,MEDIUM_CONFIDENCE
5614,PRJ_4DA8B6420486,Ramprit Mandal,Bihar,Jhanjharpur,Street lights,NA - Street lights,1.0,Madhubani,994000.0,1000000.0,exact_normalized_l1,MEDIUM_CONFIDENCE
6043,PRJ_6172708EDE94,Ramprit Mandal,Bihar,Jhanjharpur,"Construction of roads, link roads, pathways or any other road with or without drainage system","NA - Construction of roads, link roads, pathways or any other road with or without drainage system",1.0,Bhojpur,1198844.0,800000.0,exact_normalized_l1,MEDIUM_CONFIDENCE
6188,PRJ_C352302FD280,Giriraj Singh,Bihar,Begusarai,Construction of community centers and community halls,NA - Construction of community centers and community halls,1.0,Begusarai,820600.0,1200000.0,exact_normalized_l1,MEDIUM_CONFIDENCE
6196,PRJ_6A25B5BD96C5,Radha Mohan Singh,Bihar,Purvi Champaran,Construction of additional rooms and halls in the existing public and community building,NA - Construction of additional rooms and halls in the existing public and community building,1.0,Purbi Champaran,1487117.0,1500000.0,exact_normalized_l1,MEDIUM_CONFIDENCE
6234,PRJ_0427FDD517D3,Giriraj Singh,Bihar,Begusarai,Construction of rooms and halls in school and colleges,NA - Construction of rooms and halls in school and colleges,1.0,Begusarai,432724.0,1200000.0,exact_normalized_l1,MEDIUM_CONFIDENCE
6244,PRJ_64A516D6CAD6,Giriraj Singh,Bihar,Begusarai,Construction of additional rooms and halls in the existing public and community building,NA - Construction of additional rooms and halls in the existing public and community building,1.0,Begusarai,639390.0,1200000.0,exact_normalized_l1,MEDIUM_CONFIDENCE
6256,PRJ_FF26B57E6016,Giriraj Singh,Bihar,Begusarai,Construction of public libraries and reading rooms,NA - Construction of public libraries and reading rooms,1.0,Begusarai,1398390.0,1200000.0,exact_normalized_l1,MEDIUM_CONFIDENCE
6389,PRJ_BDF52EBEFC58,Giridhari Yadav,Bihar,Banka,Installation of multi-gym equipment,NA - Installation of multi-gym equipment,1.0,Bhagalpur,1995127.0,1500000.0,exact_normalized_l1,MEDIUM_CONFIDENCE
6423,PRJ_2A3605A2B082,Kaushalendra Kumar,Bihar,Nalanda,Development of public parks,NA - Development of public parks,1.0,Nalanda,149399.0,500000.0,exact_normalized_l1,MEDIUM_CONFIDENCE
6437,PRJ_CAA8B6DAC602,Gopal Jee Thakur,Bihar,Darbhanga,Renovation of ponds and lakes,NA - Renovation of ponds and lakes,1.0,Darbhanga,588449.0,988600.0,exact_normalized_l1,MEDIUM_CONFIDENCE
6438,PRJ_876A0745A22C,Ashok Kumar Yadav,Bihar,Madhubani,Renovation of ponds and lakes,NA - Renovation of ponds and lakes,1.0,Darbhanga,785878.0,650000.0,exact_normalized_l1,HIGH_CONFIDENCE
6439,PRJ_96EE58BBE065,Ashok Kumar Yadav,Bihar,Madhubani,"Construction of roads, link roads, pathways or any other road with or without drainage system","NA - Construction of roads, link roads, pathways or any other road with or without drainage system",1.0,Darbhanga,393638.0,1.0,exact_normalized_l1,MEDIUM_CONFIDENCE
6440,PRJ_698C446FBEB4,Gopal Jee Thakur,Bihar,Darbhanga,Construction of community centers and community halls,NA - Construction of community centers and community halls,1.0,Darbhanga,200798.0,800000.0,exact_normalized_l1,HIGH_CONFIDENCE
6446,PRJ_80AFA17F1C3C,Ramprit Mandal,Bihar,Jhanjharpur,Construction of community centers and community halls,NA - Construction of community centers and community halls,1.0,Madhubani,1194844.0,500000.0,exact_normalized_l1,MEDIUM_CONFIDENCE
6501,PRJ_A22A6F1F761E,Kaushalendra Kumar,Bihar,Nalanda,Construction of community centers and community halls,NA - Construction of community centers and community halls,1.0,Nalanda,597677.0,600000.0,exact_normalized_l1,MEDIUM_CONFIDENCE
6519,PRJ_2F09409D8B06,Kaushalendra Kumar,Bihar,Nalanda,Construction of common work sheds/ common covered sitting area,NA - Construction of common work sheds/ common covered sitting area,1.0,Nalanda,149181.0,300000.0,exact_normalized_l1,MEDIUM_CONFIDENCE
6540,PRJ_FEF0529F37AD,Alok Kumar Suman,Bihar,Gopalganj (Sc),Construction of community centers and community halls,NA - Construction of community centers and community halls,1.0,Gopalganj,391947.0,1000000.0,exact_normalized_l1,HIGH_CONFIDENCE
6710,PRJ_F47154CDCCA9,Dileshwar Kamait,Bihar,Supaul,Lighting of public spaces,NA - Lighting of public spaces,1.0,Supaul,921000.0,925000.0,exact_normalized_l1,MEDIUM_CONFIDENCE
6733,PRJ_1C5CC98EFC20,Ramprit Mandal,Bihar,Jhanjharpur,Construction of bus-sheds or bus-stops,NA - Construction of bus-sheds or bus-stops,1.0,Madhubani,1451000.0,500000.0,exact_normalized_l1,HIGH_CONFIDENCE
6743,PRJ_73CB6D162B3F,Giridhari Yadav,Bihar,Banka,Construction of bus-sheds or bus-stops,NA - Construction of bus-sheds or bus-stops,1.0,Banka,1334000.0,495000.0,exact_normalized_l1,HIGH_CONFIDENCE
6873,PRJ_5BAAEE446AB6,Gopal Jee Thakur,Bihar,Darbhanga,"Construction of roads, link roads, pathways or any other road with or without drainage system","NA - Construction of roads, link roads, pathways or any other road with or without drainage system",1.0,Darbhanga,827172.0,499000.0,exact_normalized_l1,MEDIUM_CONFIDENCE
6970,PRJ_206D2F2AD66E,Kaushalendra Kumar,Bihar,Nalanda,Renovation of ponds and lakes,NA - Renovation of ponds and lakes,1.0,Nalanda,492069.0,100000.0,exact_normalized_l1,MEDIUM_CONFIDENCE
7018,PRJ_4AAC94D160F9,Ravi Shankar Prasad,Bihar,Patna Sahib,Installing hand pumps,NA - Installing hand pumps,1.0,Patna,68854.0,69500.0,exact_normalized_l1,MEDIUM_CONFIDENCE
7021,PRJ_673F885758A5,Ravi Shankar Prasad,Bihar,Patna Sahib,Construction of community centers and community halls,NA - Construction of community centers and community halls,1.0,Patna,1485921.0,1000000.0,exact_normalized_l1,MEDIUM_CONFIDENCE
7087,PRJ_0FA8EACA7D44,Ashok Kumar Yadav,Bihar,Madhubani,Construction of rooms and halls in school and colleges,NA - Construction of rooms and halls in school and colleges,1.0,Madhubani,277511.0,800000.0,exact_normalized_l1,HIGH_CONFIDENCE
7098,PRJ_DB96AC20D3F6,Ravi Shankar Prasad,Bihar,Patna Sahib,Installing tube-wells and borewells,NA - Installing tube-wells and borewells,1.0,Patna,248042.0,150000.0,exact_normalized_l1,MEDIUM_CONFIDENCE
7114,PRJ_7D0470A396F5,Sunil Kumar,Bihar,Valmiki Nagar,Construction of common work sheds/ common covered sitting area,NA - Construction of common work sheds/ common covered sitting area,1.0,Pashchim Champaran,1091470.0,300000.0,exact_normalized_l1,MEDIUM_CONFIDENCE
7121,PRJ_2C69FB54F45E,Sunil Kumar,Bihar,Valmiki Nagar,"Construction of roads, link roads, pathways or any other road with or without drainage system","NA - Construction of roads, link roads, pathways or any other road with or without drainage system",1.0,Pashchim Champaran,792840.0,650000.0,exact_normalized_l1,MEDIUM_CONFIDENCE
7129,PRJ_0BCF5F919715,Sunil Kumar,Bihar,Valmiki Nagar,Construction of community centers and community halls,NA - Construction of community centers and community halls,1.0,Pashchim Champaran,960335.0,1200000.0,exact_normalized_l1,MEDIUM_CONFIDENCE
7142,PRJ_0BCDBE09159E,Sunil Kumar,Bihar,Valmiki Nagar,Construction of culverts and bridges,NA - Construction of culverts and bridges,1.0,Pashchim Champaran,1325351.0,1080000.0,exact_normalized_l1,HIGH_CONFIDENCE
7145,PRJ_FAD0A7533481,Ashok Kumar Yadav,Bihar,Madhubani,Construction of community centers and community halls,NA - Construction of community centers and community halls,1.0,Madhubani,725940.0,975000.0,exact_normalized_l1,HIGH_CONFIDENCE
7346,PRJ_CA4642EC2128,Ashok Kumar Yadav,Bihar,Madhubani,Street lights,NA - Street lights,1.0,Darbhanga,495000.0,921000.0,exact_normalized_l1,MEDIUM_CONFIDENCE
7396,PRJ_FBF629A91DF5,Gopal Jee Thakur,Bihar,Darbhanga,Street lights,NA - Street lights,1.0,Darbhanga,495000.0,487000.0,exact_normalized_l1,MEDIUM_CONFIDENCE
7607,PRJ_64CF01534F77,Mohammad Jawed,Bihar,Kishanganj,Lighting of public spaces,NA - Lighting of public spaces,1.0,Kishanganj,649100.0,840000.0,exact_normalized_l1,MEDIUM_CONFIDENCE
7990,PRJ_2297BF77AAF0,Sunil Kumar,Bihar,Valmiki Nagar,Lighting of public spaces,NA - Lighting of public spaces,1.0,Pashchim Champaran,860000.0,935000.0,exact_normalized_l1,MEDIUM_CONFIDENCE
8189,PRJ_060243400B7B,Jyotsna Charandas Mahant,Chhattisgarh,Korba,Construction of common work sheds/ common covered sitting area,NA - Construction of common work sheds/ common covered sitting area,1.0,Gaurela-Pendra-Marwahi,180000.0,300000.0,exact_normalized_l1,MEDIUM_CONFIDENCE
8193,PRJ_7060CA743B33,Jyotsna Charandas Mahant,Chhattisgarh,Korba,Construction of community centers and community halls,NA - Construction of community centers and community halls,1.0,Gaurela-Pendra-Marwahi,239960.0,200000.0,exact_normalized_l1,MEDIUM_CONFIDENCE
8195,PRJ_5D3BF0A6A566,Vijay Baghel,Chhattisgarh,Durg,Construction of community centers and community halls,NA - Construction of community centers and community halls,1.0,Bemetara,200000.0,500000.0,exact_normalized_l1,MEDIUM_CONFIDENCE
8222,PRJ_348204548C31,Jyotsna Charandas Mahant,Chhattisgarh,Korba,Construction of buildings for community cultural activities,NA - Construction of buildings for community cultural activities,1.0,Korba,175000.0,1950000.0,exact_normalized_l1,MEDIUM_CONFIDENCE
8232,PRJ_6991103A7AF7,Santosh Pandey,Chhattisgarh,Rajnandgaon,Construction of community centers and community halls,NA - Construction of community centers and community halls,1.0,Kabeerdham,1176892.0,300000.0,exact_normalized_l1,MEDIUM_CONFIDENCE
8246,PRJ_DBC9E04F9D52,Santosh Pandey,Chhattisgarh,Rajnandgaon,Construction of artificial reef,NA - Construction of artificial reef,1.0,Kabeerdham,100000.0,300000.0,exact_normalized_l1,MEDIUM_CONFIDENCE
8251,PRJ_45D97445A8E0,Santosh Pandey,Chhattisgarh,Rajnandgaon,Construction of boundary walls of existing public and community buildings,NA - Construction of boundary walls of existing public and community buildings,1.0,Rajnandgaon,250000.0,1500000.0,exact_normalized_l1,MEDIUM_CONFIDENCE
8278,PRJ_712F722D81C1,Santosh Pandey,Chhattisgarh,Rajnandgaon,Construction of rooms and halls in school and colleges,NA - Construction of rooms and halls in school and colleges,1.0,Kabeerdham,250000.0,500000.0,exact_normalized_l1,MEDIUM_CONFIDENCE
8297,PRJ_74D9E3D10262,Jyotsna Charandas Mahant,Chhattisgarh,Korba,Construction of rooms and halls in school and colleges,NA - Construction of rooms and halls in school and colleges,1.0,Korba,250000.0,200000.0,exact_normalized_l1,HIGH_CONFIDENCE
8300,PRJ_DDA5CE1C9DA2,Jyotsna Charandas Mahant,Chhattisgarh,Korba,Renovation of ponds and lakes,NA - Renovation of ponds and lakes,1.0,Korba,148974.0,300000.0,exact_normalized_l1,MEDIUM_CONFIDENCE
8429,PRJ_3B0D25D167DF,Santosh Pandey,Chhattisgarh,Rajnandgaon,Construction of common work sheds/ common covered sitting area,NA - Construction of common work sheds/ common covered sitting area,1.0,Khairagarh-Chhuikhadan-Gandai,250000.0,150000.0,exact_normalized_l1,HIGH_CONFIDENCE
8450,PRJ_DE8E49453EF0,Jyotsna Charandas Mahant,Chhattisgarh,Korba,Construction of additional rooms and halls in the existing public and community building,NA - Construction of additional rooms and halls in the existing public and community building,1.0,Korba,149975.0,300000.0,exact_normalized_l1,MEDIUM_CONFIDENCE
8474,PRJ_6D261925CC47,Vijay Baghel,Chhattisgarh,Durg,Installing tube-wells and borewells,NA - Installing tube-wells and borewells,1.0,Durg,273163.0,100000.0,exact_normalized_l1,HIGH_CONFIDENCE
8489,PRJ_1D117031B104,Jyotsna Charandas Mahant,Chhattisgarh,Korba,Construction of culverts and bridges,NA - Construction of culverts and bridges,1.0,Manendragarh Chirmiri Bharatpur,139738.0,200000.0,exact_normalized_l1,MEDIUM_CONFIDENCE
8569,PRJ_F455DA3C679B,Santosh Pandey,Chhattisgarh,Rajnandgaon,Construction of additional rooms and halls in the existing public and community building,NA - Construction of additional rooms and halls in the existing public and community building,1.0,Rajnandgaon,50000.0,700000.0,exact_normalized_l1,MEDIUM_CONFIDENCE
8850,PRJ_B70522BAD86F,Jyotsna Charandas Mahant,Chhattisgarh,Korba,Construction of bus-sheds or bus-stops,NA - Construction of bus-sheds or bus-stops,1.0,Korba,250000.0,150000.0,exact_normalized_l1,HIGH_CONFIDENCE
9003,PRJ_AF5710884400,Jyotsna Charandas Mahant,Chhattisgarh,Korba,Construction of boundary walls of existing public and community buildings,NA - Construction of boundary walls of existing public and community buildings,1.0,Manendragarh Chirmiri Bharatpur,150000.0,1950000.0,exact_normalized_l1,MEDIUM_CONFIDENCE
11505,PRJ_FA71C54BE799,Poonamben Hematbhai Maadam,Gujarat,Jamnagar,Construction of community centers and community halls,NA - Construction of community centers and community halls,1.0,Devbhumi Dwarka,498981.0,400000.0,exact_normalized_l1,HIGH_CONFIDENCE
11564,PRJ_6B77CFEB4898,Devusinh Jesingbhai Chauhan,Gujarat,Kheda,"Construction of roads, link roads, pathways or any other road with or without drainage system","NA - Construction of roads, link roads, pathways or any other road with or without drainage system",1.0,Kheda,200000.0,100000.0,exact_normalized_l1,MEDIUM_CONFIDENCE
11733,PRJ_DBFF42AA98F8,Devusinh Jesingbhai Chauhan,Gujarat,Kheda,Installing tube-wells and borewells,NA - Installing tube-wells and borewells,1.0,Kheda,449889.0,200000.0,exact_normalized_l1,MEDIUM_CONFIDENCE
11813,PRJ_9AE60F19D8F3,Prabhubhai Nagarbhai Vasava,Gujarat,Bardoli(St),Construction of footpaths and pedestrian ways,NA - Construction of footpaths and pedestrian ways,1.0,Surat,500000.0,350000.0,exact_normalized_l1,HIGH_CONFIDENCE
11872,PRJ_984AFC42C094,Hasmukh Bhai Soma Bhai Patel,Gujarat,Ahmedabad East,Purchase of hospital equipment,NA - Purchase of hospital equipment,1.0,Ahmedabad,4997000.0,900000.0,exact_normalized_l1,HIGH_CONFIDENCE
12398,PRJ_E6806A7C6FCD,Prabhubhai Nagarbhai Vasava,Gujarat,Bardoli(St),Lighting of public spaces,NA - Lighting of public spaces,1.0,Tapi,146500.0,192000.0,exact_normalized_l1,MEDIUM_CONFIDENCE
12981,PRJ_4B3FEF8FA010,Mansukhbhai Dhanjibhai Vasava,Gujarat,Bharuch,Providing drains and gutters for public drainage,NA - Providing drains and gutters for public drainage,1.0,Bharuch,498250.0,150000.0,exact_normalized_l1,MEDIUM_CONFIDENCE
13289,PRJ_BBD65D6FD4F7,Mansukhbhai Dhanjibhai Vasava,Gujarat,Bharuch,Construction of boundary walls of existing public and community buildings,NA - Construction of boundary walls of existing public and community buildings,1.0,Narmada,500000.0,150000.0,exact_normalized_l1,HIGH_CONFIDENCE
14449,PRJ_BF32358EF9CD,Hasmukh Bhai Soma Bhai Patel,Gujarat,Ahmedabad East,Construction of rooms and halls in school and colleges,NA - Construction of rooms and halls in school and colleges,1.0,Gandhinagar,495000.0,500000.0,exact_normalized_l1,HIGH_CONFIDENCE
14975,PRJ_1A213768CDF1,Rao Inderjit Singh,Haryana,Gurgaon,Construction of shelters for animals,NA - Construction of shelters for animals,1.0,Gurugram,777566.0,1100000.0,exact_normalized_l1,MEDIUM_CONFIDENCE
14984,PRJ_CBC2ABA14BE7,Rao Inderjit Singh,Haryana,Gurgaon,Construction of community centers and community halls,NA - Construction of community centers and community halls,1.0,Gurugram,438500.0,254000.0,exact_normalized_l1,MEDIUM_CONFIDENCE
14986,PRJ_4F7477A1A53F,Rao Inderjit Singh,Haryana,Gurgaon,"Construction of roads, link roads, pathways or any other road with or without drainage system","NA - Construction of roads, link roads, pathways or any other road with or without drainage system",1.0,Rewari,371569.0,800000.0,exact_normalized_l1,MEDIUM_CONFIDENCE
14999,PRJ_DB12DF8F7892,Dharambir Singh,Haryana,Bhiwani Mahendragarh,Setting up of laboratories,NA - Setting up of laboratories,1.0,Bhiwani,300000.0,400000.0,exact_normalized_l1,HIGH_CONFIDENCE
15026,PRJ_4F5070FE5076,Dharambir Singh,Haryana,Bhiwani Mahendragarh,Purchase of mobile sanitation equipment,NA - Purchase of mobile sanitation equipment,1.0,Bhiwani,68250.0,400000.0,exact_normalized_l1,MEDIUM_CONFIDENCE
15033,PRJ_0628013086CE,Dharambir Singh,Haryana,Bhiwani Mahendragarh,Construction of common work sheds/ common covered sitting area,NA - Construction of common work sheds/ common covered sitting area,1.0,Bhiwani,405265.0,100000.0,exact_normalized_l1,HIGH_CONFIDENCE
15064,PRJ_D8785A0E6360,Dharambir Singh,Haryana,Bhiwani Mahendragarh,Development of playfields and sports grounds,NA - Development of playfields and sports grounds,1.0,Mahendragarh,299565.0,500000.0,exact_normalized_l1,MEDIUM_CONFIDENCE
15162,PRJ_F5EB3E44F69E,Rao Inderjit Singh,Haryana,Gurgaon,"Construction of Government office buildings (Post office, Police station, Police chauki, etc.)","NA - Construction of Government office buildings (Post office, Police station, Police chauki, etc.)",1.0,Rewari,645155.0,2100000.0,exact_normalized_l1,MEDIUM_CONFIDENCE
15174,PRJ_138C982CAE10,Dharambir Singh,Haryana,Bhiwani Mahendragarh,Development of public parks,NA - Development of public parks,1.0,Mahendragarh,149357.0,700000.0,exact_normalized_l1,MEDIUM_CONFIDENCE
15264,PRJ_4EED31F6688A,Dharambir Singh,Haryana,Bhiwani Mahendragarh,Construction of rooms and halls in school and colleges,NA - Construction of rooms and halls in school and colleges,1.0,Mahendragarh,44326.0,500000.0,exact_normalized_l1,HIGH_CONFIDENCE
15345,PRJ_42E312918F17,Dharambir Singh,Haryana,Bhiwani Mahendragarh,Construction of community centers and community halls,NA - Construction of community centers and community halls,1.0,Mahendragarh,1729864.0,500000.0,exact_normalized_l1,MEDIUM_CONFIDENCE
15443,PRJ_C303D6C9EF9C,Dharambir Singh,Haryana,Bhiwani Mahendragarh,"Construction of roads, link roads, pathways or any other road with or without drainage system","NA - Construction of roads, link roads, pathways or any other road with or without drainage system",1.0,Bhiwani,329361.0,500000.0,exact_normalized_l1,MEDIUM_CONFIDENCE
15482,PRJ_3BEABB8E6308,Dharambir Singh,Haryana,Bhiwani Mahendragarh,Purchase of sports equipment,NA - Purchase of sports equipment,1.0,Mahendragarh,376000.0,250000.0,exact_normalized_l1,MEDIUM_CONFIDENCE
15614,PRJ_046BD3D72C92,Dharambir Singh,Haryana,Bhiwani Mahendragarh,Purchase of mobile water tankers,NA - Purchase of mobile water tankers,1.0,Bhiwani,380000.0,160000.0,exact_normalized_l1,MEDIUM_CONFIDENCE
15740,PRJ_E19D2606BFBC,Dharambir Singh,Haryana,Bhiwani Mahendragarh,Improvement of electricity distribution infrastructure,NA - Improvement of electricity distribution infrastructure,1.0,Mahendragarh,34687.0,84000.0,exact_normalized_l1,MEDIUM_CONFIDENCE
15746,PRJ_6E5AF4435A24,Dharambir Singh,Haryana,Bhiwani Mahendragarh,Development of playground,NA - Development of playground,1.0,Bhiwani,491257.0,100000.0,exact_normalized_l1,MEDIUM_CONFIDENCE
15955,PRJ_784F32AA60DD,Dharambir Singh,Haryana,Bhiwani Mahendragarh,"Purchase of IT systems, including hardware and software for educational purposes","NA - Purchase of IT systems, including hardware and software for educational purposes",1.0,Charkhi Dadri,20160.0,500000.0,exact_normalized_l1,MEDIUM_CONFIDENCE
16055,PRJ_E7FE016968AD,Rao Inderjit Singh,Haryana,Gurgaon,Providing drains and gutters for public drainage,NA - Providing drains and gutters for public drainage,1.0,Rewari,1000000.0,800000.0,exact_normalized_l1,MEDIUM_CONFIDENCE
16378,PRJ_3C49D59E1EAA,Suresh Kumar Kashyap,Himachal Pradesh,Shimla (Sc),"Construction of roads, link roads, pathways or any other road with or without drainage system","NA - Construction of roads, link roads, pathways or any other road with or without drainage system",1.0,Sirmaur,300000.0,300000.0,exact_normalized_l1,MEDIUM_CONFIDENCE
16379,PRJ_69E1B51FA337,Suresh Kumar Kashyap,Himachal Pradesh,Shimla (Sc),Construction of footpaths and pedestrian ways,NA - Construction of footpaths and pedestrian ways,1.0,Sirmaur,100000.0,150000.0,exact_normalized_l1,MEDIUM_CONFIDENCE
16382,PRJ_939266BB0956,Suresh Kumar Kashyap,Himachal Pradesh,Shimla (Sc),Setting up of kitchen and pantries,NA - Setting up of kitchen and pantries,1.0,Sirmaur,200000.0,100000.0,exact_normalized_l1,MEDIUM_CONFIDENCE
16410,PRJ_7610A6501A14,Anurag Singh Thakur,Himachal Pradesh,Hamirpur_Hp,"Construction of roads, link roads, pathways or any other road with or without drainage system","NA - Construction of roads, link roads, pathways or any other road with or without drainage system",1.0,Una,297590.0,100000.0,exact_normalized_l1,MEDIUM_CONFIDENCE
16427,PRJ_8C3C533EFEE9,Suresh Kumar Kashyap,Himachal Pradesh,Shimla (Sc),Construction of water tanks,NA - Construction of water tanks,1.0,Sirmaur,100000.0,100000.0,exact_normalized_l1,MEDIUM_CONFIDENCE
16438,PRJ_C4B0A7760014,Suresh Kumar Kashyap,Himachal Pradesh,Shimla (Sc),Providing drains and gutters for public drainage,NA - Providing drains and gutters for public drainage,1.0,Shimla,300000.0,50000.0,exact_normalized_l1,MEDIUM_CONFIDENCE
16459,PRJ_A4F93DB1E167,Suresh Kumar Kashyap,Himachal Pradesh,Shimla (Sc),Construction of community centers and community halls,NA - Construction of community centers and community halls,1.0,Shimla,50000.0,500000.0,exact_normalized_l1,MEDIUM_CONFIDENCE
16502,PRJ_AC429B40E9F9,Anurag Singh Thakur,Himachal Pradesh,Hamirpur_Hp,Construction of common work sheds/ common covered sitting area,NA - Construction of common work sheds/ common covered sitting area,1.0,Hamirpur,75000.0,150000.0,exact_normalized_l1,HIGH_CONFIDENCE
16518,PRJ_4B654CB3FF80,Suresh Kumar Kashyap,Himachal Pradesh,Shimla (Sc),Construction of foot over bridge (FOB),NA - Construction of foot over bridge (FOB),1.0,Sirmaur,50000.0,300000.0,exact_normalized_l1,MEDIUM_CONFIDENCE
16545,PRJ_A97E3AB35D79,Anurag Singh Thakur,Himachal Pradesh,Hamirpur_Hp,Construction of public toilets and bathrooms,NA - Construction of public toilets and bathrooms,1.0,Hamirpur,150000.0,200000.0,exact_normalized_l1,MEDIUM_CONFIDENCE
16551,PRJ_E847CA42BDFB,Suresh Kumar Kashyap,Himachal Pradesh,Shimla (Sc),Construction of rooms and halls in school and colleges,NA - Construction of rooms and halls in school and colleges,1.0,Sirmaur,150000.0,200000.0,exact_normalized_l1,MEDIUM_CONFIDENCE
16560,PRJ_51E8425A8363,Suresh Kumar Kashyap,Himachal Pradesh,Shimla (Sc),Development of playground,NA - Development of playground,1.0,Sirmaur,150000.0,200000.0,exact_normalized_l1,MEDIUM_CONFIDENCE
16564,PRJ_8C26DE26A5D5,Suresh Kumar Kashyap,Himachal Pradesh,Shimla (Sc),Development of playfields and sports grounds,NA - Development of playfields and sports grounds,1.0,Sirmaur,200000.0,200000.0,exact_normalized_l1,MEDIUM_CONFIDENCE
16572,PRJ_DF5DFE81CD77,Anurag Singh Thakur,Himachal Pradesh,Hamirpur_Hp,Construction of community centers and community halls,NA - Construction of community centers and community halls,1.0,Hamirpur,150000.0,300000.0,exact_normalized_l1,MEDIUM_CONFIDENCE
16748,PRJ_1E9CC694E930,Suresh Kumar Kashyap,Himachal Pradesh,Shimla (Sc),Construction of boundary walls of existing public and community buildings,NA - Construction of boundary walls of existing public and community buildings,1.0,Sirmaur,200000.0,150000.0,exact_normalized_l1,MEDIUM_CONFIDENCE
16838,PRJ_DCD7E2550CFF,Anurag Singh Thakur,Himachal Pradesh,Hamirpur_Hp,Construction of boundary walls of existing public and community buildings,NA - Construction of boundary walls of existing public and community buildings,1.0,Mandi,150000.0,150000.0,exact_normalized_l1,MEDIUM_CONFIDENCE
16911,PRJ_EFDD1B86F597,Anurag Singh Thakur,Himachal Pradesh,Hamirpur_Hp,Construction of footpaths and pedestrian ways,NA - Construction of footpaths and pedestrian ways,1.0,Mandi,150000.0,150000.0,exact_normalized_l1,MEDIUM_CONFIDENCE
16955,PRJ_7360016C4C4B,Suresh Kumar Kashyap,Himachal Pradesh,Shimla (Sc),Street lights,NA - Street lights,1.0,Shimla,80000.0,100000.0,exact_normalized_l1,MEDIUM_CONFIDENCE
17107,PRJ_7DF6A1E0C4F7,Anurag Singh Thakur,Himachal Pradesh,Hamirpur_Hp,Construction of culverts and bridges,NA - Construction of culverts and bridges,1.0,Hamirpur,50000.0,150000.0,exact_normalized_l1,MEDIUM_CONFIDENCE
17520,PRJ_3F7F4FCDC61C,Suresh Kumar Kashyap,Himachal Pradesh,Shimla (Sc),Construction of public libraries and reading rooms,NA - Construction of public libraries and reading rooms,1.0,Solan,200000.0,200000.0,exact_normalized_l1,MEDIUM_CONFIDENCE
17565,PRJ_FE2226C7F69B,Suresh Kumar Kashyap,Himachal Pradesh,Shimla (Sc),Construction of bus-sheds or bus-stops,NA - Construction of bus-sheds or bus-stops,1.0,Shimla,10000.0,200000.0,exact_normalized_l1,HIGH_CONFIDENCE
17667,PRJ_0CE6B8C58D14,Suresh Kumar Kashyap,Himachal Pradesh,Shimla (Sc),Installing community drinking water plants,NA - Installing community drinking water plants,1.0,Solan,100000.0,200000.0,exact_normalized_l1,HIGH_CONFIDENCE
17933,PRJ_5BADA33AF260,Suresh Kumar Kashyap,Himachal Pradesh,Shimla (Sc),Construction of culverts and bridges,NA - Construction of culverts and bridges,1.0,Shimla,200000.0,200000.0,exact_normalized_l1,MEDIUM_CONFIDENCE
18056,PRJ_C45CCDBCC4BE,Jugal Kishore Sharma,Jammu and Kashmir,Jammu,Construction of common work sheds/ common covered sitting area,NA - Construction of common work sheds/ common covered sitting area,1.0,Rajouri,211000.0,700000.0,exact_normalized_l1,MEDIUM_CONFIDENCE
18079,PRJ_AA8A7D0B9F29,Jugal Kishore Sharma,Jammu and Kashmir,Jammu,Construction of shelters for animals,NA - Construction of shelters for animals,1.0,Rajouri,196000.0,1500000.0,exact_normalized_l1,HIGH_CONFIDENCE
18096,PRJ_6ADDDC5D5EA6,Jitendra Singh,Jammu and Kashmir,Udhampur,Construction of community centers and community halls,NA - Construction of community centers and community halls,1.0,Doda,417000.0,2500000.0,exact_normalized_l1,HIGH_CONFIDENCE
18102,PRJ_014680B19EBA,Jitendra Singh,Jammu and Kashmir,Udhampur,"Construction of roads, link roads, pathways or any other road with or without drainage system","NA - Construction of roads, link roads, pathways or any other road with or without drainage system",1.0,Kishtwar,164000.0,200000.0,exact_normalized_l1,HIGH_CONFIDENCE
18107,PRJ_DD1736C8E94B,Jugal Kishore Sharma,Jammu and Kashmir,Jammu,"Construction of roads, link roads, pathways or any other road with or without drainage system","NA - Construction of roads, link roads, pathways or any other road with or without drainage system",1.0,Samba,282000.0,1400000.0,exact_normalized_l1,MEDIUM_CONFIDENCE
18108,PRJ_3EA5C7EE6562,Jugal Kishore Sharma,Jammu and Kashmir,Jammu,Construction of public toilets and bathrooms,NA - Construction of public toilets and bathrooms,1.0,Jammu,206800.0,400000.0,exact_normalized_l1,MEDIUM_CONFIDENCE
18121,PRJ_5E115743CF0D,Jugal Kishore Sharma,Jammu and Kashmir,Jammu,Construction of community centers and community halls,NA - Construction of community centers and community halls,1.0,Jammu,492000.0,500000.0,exact_normalized_l1,MEDIUM_CONFIDENCE
18137,PRJ_AE5165BA0D02,Jugal Kishore Sharma,Jammu and Kashmir,Jammu,Construction of culverts and bridges,NA - Construction of culverts and bridges,1.0,Jammu,324500.0,250000.0,exact_normalized_l1,HIGH_CONFIDENCE
18231,PRJ_AFEF0A993CA6,Jugal Kishore Sharma,Jammu and Kashmir,Jammu,Providing drains and gutters for public drainage,NA - Providing drains and gutters for public drainage,1.0,Jammu,126000.0,1000000.0,exact_normalized_l1,HIGH_CONFIDENCE
18535,PRJ_A9834963C2BF,Jugal Kishore Sharma,Jammu and Kashmir,Jammu,"Purchase of prosthetics, wheel chairs, tricycles (manual or motorized), elect scooties, hearing aids","NA - Purchase of prosthetics, wheel chairs, tricycles (manual or motorized), elect scooties, hearing aids",1.0,Jammu,85993.0,100000.0,exact_normalized_l1,MEDIUM_CONFIDENCE
18542,PRJ_13FA26A9539D,Annpurna Devi,Jharkhand,Kodarma,"Construction of roads, link roads, pathways or any other road with or without drainage system","NA - Construction of roads, link roads, pathways or any other road with or without drainage system",1.0,Giridih,250000.0,250000.0,exact_normalized_l1,MEDIUM_CONFIDENCE
18544,PRJ_AB0E1F428E06,Sanjay Seth,Jharkhand,Ranchi,Construction of common work sheds/ common covered sitting area,NA - Construction of common work sheds/ common covered sitting area,1.0,Ranchi,56850.0,370000.0,exact_normalized_l1,MEDIUM_CONFIDENCE
18545,PRJ_6401E57ABAA8,Sanjay Seth,Jharkhand,Ranchi,"Construction of roads, link roads, pathways or any other road with or without drainage system","NA - Construction of roads, link roads, pathways or any other road with or without drainage system",1.0,Ranchi,140325.0,435300.0,exact_normalized_l1,MEDIUM_CONFIDENCE
18546,PRJ_0BD9D651D1C9,Annpurna Devi,Jharkhand,Kodarma,Construction of buildings for community cultural activities,NA - Construction of buildings for community cultural activities,1.0,Giridih,498197.0,250000.0,exact_normalized_l1,HIGH_CONFIDENCE
18547,PRJ_C0D8B443722D,Annpurna Devi,Jharkhand,Kodarma,Construction of common work sheds/ common covered sitting area,NA - Construction of common work sheds/ common covered sitting area,1.0,Giridih,300000.0,250000.0,exact_normalized_l1,MEDIUM_CONFIDENCE
18550,PRJ_EFFBF987359C,Annpurna Devi,Jharkhand,Kodarma,Construction of platforms and passenger sheds at railway stations,NA - Construction of platforms and passenger sheds at railway stations,1.0,Giridih,200000.0,250000.0,exact_normalized_l1,MEDIUM_CONFIDENCE
18553,PRJ_E7ED4A83BD26,Chandra Prakash Choudhary,Jharkhand,Giridih,"Construction of roads, link roads, pathways or any other road with or without drainage system","NA - Construction of roads, link roads, pathways or any other road with or without drainage system",1.0,Giridih,399490.0,300000.0,exact_normalized_l1,MEDIUM_CONFIDENCE
18554,PRJ_8E8FD389FE1F,Chandra Prakash Choudhary,Jharkhand,Giridih,Lighting of public spaces,NA - Lighting of public spaces,1.0,Giridih,299420.0,150000.0,exact_normalized_l1,MEDIUM_CONFIDENCE
18578,PRJ_761FBA477B5F,Vijay Kumar Hansdak,Jharkhand,Rajmahal(St),Installing tube-wells and borewells,NA - Installing tube-wells and borewells,1.0,Pakur,200602.0,201000.0,exact_normalized_l1,MEDIUM_CONFIDENCE
18583,PRJ_4880C8E8DB08,Vijay Kumar Hansdak,Jharkhand,Rajmahal(St),Construction of boundary walls of existing public and community buildings,NA - Construction of boundary walls of existing public and community buildings,1.0,Pakur,200602.0,250000.0,exact_normalized_l1,MEDIUM_CONFIDENCE
18585,PRJ_DAB01DFDF680,Vijay Kumar Hansdak,Jharkhand,Rajmahal(St),Construction of public toilets and bathrooms,NA - Construction of public toilets and bathrooms,1.0,Pakur,200357.0,201000.0,exact_normalized_l1,MEDIUM_CONFIDENCE
18587,PRJ_311C205D78EE,Vijay Kumar Hansdak,Jharkhand,Rajmahal(St),"Construction of roads, link roads, pathways or any other road with or without drainage system","NA - Construction of roads, link roads, pathways or any other road with or without drainage system",1.0,Pakur,200940.0,201000.0,exact_normalized_l1,MEDIUM_CONFIDENCE
18588,PRJ_00398C2B13E5,Vijay Kumar Hansdak,Jharkhand,Rajmahal(St),Providing drains and gutters for public drainage,NA - Providing drains and gutters for public drainage,1.0,Pakur,200323.0,300000.0,exact_normalized_l1,MEDIUM_CONFIDENCE
18621,PRJ_13E6CAA504E1,Annpurna Devi,Jharkhand,Kodarma,Installing community drinking water plants,NA - Installing community drinking water plants,1.0,Koderma,995875.0,250000.0,exact_normalized_l1,HIGH_CONFIDENCE
19102,PRJ_5EBD32BA2AFD,Chandra Prakash Choudhary,Jharkhand,Giridih,Construction of community centers and community halls,NA - Construction of community centers and community halls,1.0,Dhanbad,150000.0,500000.0,exact_normalized_l1,MEDIUM_CONFIDENCE
19104,PRJ_FD353F0236C7,Chandra Prakash Choudhary,Jharkhand,Giridih,Construction of boundary walls of existing public and community buildings,NA - Construction of boundary walls of existing public and community buildings,1.0,Dhanbad,250000.0,300000.0,exact_normalized_l1,MEDIUM_CONFIDENCE
19124,PRJ_BE390D5E831A,Chandra Prakash Choudhary,Jharkhand,Giridih,Construction of common work sheds/ common covered sitting area,NA - Construction of common work sheds/ common covered sitting area,1.0,Dhanbad,125000.0,350000.0,exact_normalized_l1,MEDIUM_CONFIDENCE
19201,PRJ_A8A46DFB298B,Chandra Prakash Choudhary,Jharkhand,Giridih,Installing tube-wells and borewells,NA - Installing tube-wells and borewells,1.0,Dhanbad,200000.0,150000.0,exact_normalized_l1,MEDIUM_CONFIDENCE
19297,PRJ_0ECC09E8169A,Vishnu Dayal Ram,Jharkhand,Palamu(Sc),"Construction of roads, link roads, pathways or any other road with or without drainage system","NA - Construction of roads, link roads, pathways or any other road with or without drainage system",1.0,Garhwa,270000.0,300000.0,exact_normalized_l1,MEDIUM_CONFIDENCE
19300,PRJ_C7D841881170,Vishnu Dayal Ram,Jharkhand,Palamu(Sc),Installing hand pumps,NA - Installing hand pumps,1.0,Garhwa,90000.0,150000.0,exact_normalized_l1,MEDIUM_CONFIDENCE
19364,PRJ_7A57DBD2D8E1,Vishnu Dayal Ram,Jharkhand,Palamu(Sc),Construction of public irrigation facilities,NA - Construction of public irrigation facilities,1.0,Garhwa,200000.0,200000.0,exact_normalized_l1,MEDIUM_CONFIDENCE
19375,PRJ_A700A8DC61D4,Vishnu Dayal Ram,Jharkhand,Palamu(Sc),Construction of community centers and community halls,NA - Construction of community centers and community halls,1.0,Garhwa,148894.0,400000.0,exact_normalized_l1,MEDIUM_CONFIDENCE
19659,PRJ_BF2F64C67D03,Sanjay Seth,Jharkhand,Ranchi,Construction of community centers and community halls,NA - Construction of community centers and community halls,1.0,Ranchi,268725.0,1135800.0,exact_normalized_l1,HIGH_CONFIDENCE
19663,PRJ_ECCB6FFB5307,Sanjay Seth,Jharkhand,Ranchi,Providing drains and gutters for public drainage,NA - Providing drains and gutters for public drainage,1.0,Ranchi,78175.0,307700.0,exact_normalized_l1,MEDIUM_CONFIDENCE
19691,PRJ_959D1A6F521F,Sanjay Seth,Jharkhand,Ranchi,Construction of rooms and halls in school and colleges,NA - Construction of rooms and halls in school and colleges,1.0,Ranchi,806550.0,912300.0,exact_normalized_l1,HIGH_CONFIDENCE
19980,PRJ_23CD38A6AA8B,Vijay Kumar Hansdak,Jharkhand,Rajmahal(St),Installing hand pumps,NA - Installing hand pumps,1.0,Godda,75000.0,80000.0,exact_normalized_l1,HIGH_CONFIDENCE
20031,PRJ_2E50F245F8DA,Annpurna Devi,Jharkhand,Kodarma,Renovation of ponds and lakes,NA - Renovation of ponds and lakes,1.0,Koderma,300000.0,250000.0,exact_normalized_l1,MEDIUM_CONFIDENCE
20302,PRJ_39F425E0C585,Annpurna Devi,Jharkhand,Kodarma,Installing tube-wells and borewells,NA - Installing tube-wells and borewells,1.0,Giridih,209429.0,200000.0,exact_normalized_l1,MEDIUM_CONFIDENCE
20332,PRJ_B53B6233CD2C,Annpurna Devi,Jharkhand,Kodarma,Construction of community centers and community halls,NA - Construction of community centers and community halls,1.0,Giridih,274103.0,800000.0,exact_normalized_l1,MEDIUM_CONFIDENCE
21268,PRJ_9553590F3580,Chandra Prakash Choudhary,Jharkhand,Giridih,Providing drains and gutters for public drainage,NA - Providing drains and gutters for public drainage,1.0,Bokaro,50000.0,300000.0,exact_normalized_l1,MEDIUM_CONFIDENCE
21579,PRJ_CA014AED6CE9,LS Tejasvi Surya,Karnataka,Bangalore South,Installing community drinking water plants,NA - Installing community drinking water plants,1.0,Bengaluru Urban,1105617.0,2200000.0,exact_normalized_l1,MEDIUM_CONFIDENCE
21599,PRJ_0C394A1FD21A,Pralhad Venkatesh Joshi,Karnataka,Dharwad,Construction of buildings for community cultural activities,NA - Construction of buildings for community cultural activities,1.0,Dharwad,498497.0,500000.0,exact_normalized_l1,MEDIUM_CONFIDENCE
21601,PRJ_B46C7C90B752,Ramesh Chandappa Jigajinagi,Karnataka,Bijapur(Sc),Construction of community centers and community halls,NA - Construction of community centers and community halls,1.0,Vijayapura,72993.0,250000.0,exact_normalized_l1,MEDIUM_CONFIDENCE
21623,PRJ_EAD701B5C995,B Y Raghavendra,Karnataka,Shimoga,Installing community drinking water plants,NA - Installing community drinking water plants,1.0,Shivamogga,73477.0,220000.0,exact_normalized_l1,MEDIUM_CONFIDENCE
21651,PRJ_46C9BDDFED5F,Pralhad Venkatesh Joshi,Karnataka,Dharwad,Construction of community centers and community halls,NA - Construction of community centers and community halls,1.0,Dharwad,396375.0,500000.0,exact_normalized_l1,MEDIUM_CONFIDENCE
21680,PRJ_31EF25FDDB4E,Parvatagouda Chandanagouda Gaddigoudar,Karnataka,Bagalkot,Construction of community centers and community halls,NA - Construction of community centers and community halls,1.0,Bagalkote,375000.0,500000.0,exact_normalized_l1,MEDIUM_CONFIDENCE
21759,PRJ_E462325E345A,LS Tejasvi Surya,Karnataka,Bangalore South,Development of public parks,NA - Development of public parks,1.0,Bengaluru Urban,499213.0,4000000.0,exact_normalized_l1,HIGH_CONFIDENCE
21781,PRJ_78C3EB75C583,B Y Raghavendra,Karnataka,Shimoga,"Purchase of prosthetics, wheel chairs, tricycles (manual or motorized), elect scooties, hearing aids","NA - Purchase of prosthetics, wheel chairs, tricycles (manual or motorized), elect scooties, hearing aids",1.0,Shivamogga,170000.0,100000.0,exact_normalized_l1,MEDIUM_CONFIDENCE
21812,PRJ_95D15A8705CA,LS Tejasvi Surya,Karnataka,Bangalore South,Purchase of furniture and fixtures for educational purposes,NA - Purchase of furniture and fixtures for educational purposes,1.0,Bengaluru Urban,50562.0,500000.0,exact_normalized_l1,MEDIUM_CONFIDENCE
21813,PRJ_736AE3850188,LS Tejasvi Surya,Karnataka,Bangalore South,"Purchase of IT systems, including hardware and software for educational purposes","NA - Purchase of IT systems, including hardware and software for educational purposes",1.0,Bengaluru Urban,75845.0,1000000.0,exact_normalized_l1,MEDIUM_CONFIDENCE
21965,PRJ_D2F221489F71,LS Tejasvi Surya,Karnataka,Bangalore South,Construction of rooms and halls in school and colleges,NA - Construction of rooms and halls in school and colleges,1.0,Chikkamagaluru,496984.0,5000000.0,exact_normalized_l1,HIGH_CONFIDENCE
22091,PRJ_AA91F8634BBA,LS Tejasvi Surya,Karnataka,Bangalore South,Installing tube-wells and borewells,NA - Installing tube-wells and borewells,1.0,Bengaluru Urban,358059.0,500000.0,exact_normalized_l1,MEDIUM_CONFIDENCE
22372,PRJ_CA305057519D,Ramesh Chandappa Jigajinagi,Karnataka,Bijapur(Sc),Construction of rooms and halls in school and colleges,NA - Construction of rooms and halls in school and colleges,1.0,Vijayapura,371250.0,250000.0,exact_normalized_l1,MEDIUM_CONFIDENCE
22439,PRJ_53AF4C946D97,B Y Raghavendra,Karnataka,Shimoga,"Construction of roads, link roads, pathways or any other road with or without drainage system","NA - Construction of roads, link roads, pathways or any other road with or without drainage system",1.0,Udupi,427352.0,220000.0,exact_normalized_l1,MEDIUM_CONFIDENCE
22580,PRJ_D91DE566B887,P C Mohan,Karnataka,Bangalore Central,Installing tube-wells and borewells,NA - Installing tube-wells and borewells,1.0,Bengaluru Urban,627792.0,1000000.0,exact_normalized_l1,MEDIUM_CONFIDENCE
22584,PRJ_33CA3DAB0289,P C Mohan,Karnataka,Bangalore Central,Providing supply pipelines for drinking water,NA - Providing supply pipelines for drinking water,1.0,Bengaluru Urban,337522.0,800000.0,exact_normalized_l1,MEDIUM_CONFIDENCE
22604,PRJ_E16996C973C3,B Y Raghavendra,Karnataka,Shimoga,"Purchase of smart boards, visual display units and projectors","NA - Purchase of smart boards, visual display units and projectors",1.0,Shivamogga,139948.0,250000.0,exact_normalized_l1,MEDIUM_CONFIDENCE
22635,PRJ_A1DCBDFC0C64,LS Tejasvi Surya,Karnataka,Bangalore South,Providing CCTV camera system for security of public areas,NA - Providing CCTV camera system for security of public areas,1.0,Bengaluru Urban,499949.0,250000.0,exact_normalized_l1,HIGH_CONFIDENCE
22869,PRJ_3DC94D21E29A,LS Tejasvi Surya,Karnataka,Bangalore South,Lighting of public spaces,NA - Lighting of public spaces,1.0,Bengaluru Urban,1999934.0,3000000.0,exact_normalized_l1,MEDIUM_CONFIDENCE
22871,PRJ_09CFCA1F8956,LS Tejasvi Surya,Karnataka,Bangalore South,Construction of toilet blocks,NA - Construction of toilet blocks,1.0,Bengaluru Urban,1499853.0,1000000.0,exact_normalized_l1,MEDIUM_CONFIDENCE
23010,PRJ_6E9CC285020E,B Y Raghavendra,Karnataka,Shimoga,Providing drains and gutters for public drainage,NA - Providing drains and gutters for public drainage,1.0,Shivamogga,122804.0,500000.0,exact_normalized_l1,MEDIUM_CONFIDENCE
23048,PRJ_FD7DE12624D7,P C Mohan,Karnataka,Bangalore Central,"Purchase of IT systems, including hardware and software for educational purposes","NA - Purchase of IT systems, including hardware and software for educational purposes",1.0,Bengaluru Urban,3500000.0,4144604.0,exact_normalized_l1,MEDIUM_CONFIDENCE
23187,PRJ_156023105357,LS Tejasvi Surya,Karnataka,Bangalore South,"Purchase of smart boards, visual display units and projectors","NA - Purchase of smart boards, visual display units and projectors",1.0,Bengaluru Urban,498000.0,500000.0,exact_normalized_l1,HIGH_CONFIDENCE
23353,PRJ_96376022E100,B Y Raghavendra,Karnataka,Shimoga,Development of public parks,NA - Development of public parks,1.0,Shivamogga,187500.0,300000.0,exact_normalized_l1,MEDIUM_CONFIDENCE
24122,PRJ_0002B2B36B7D,LS Tejasvi Surya,Karnataka,Bangalore South,Construction of community centers and community halls,NA - Construction of community centers and community halls,1.0,Bengaluru Urban,750000.0,1000000.0,exact_normalized_l1,MEDIUM_CONFIDENCE
24126,PRJ_6D4DFA7BA4BC,LS Tejasvi Surya,Karnataka,Bangalore South,Construction of buildings for sports facilities,NA - Construction of buildings for sports facilities,1.0,Bengaluru Urban,499167.0,1500000.0,exact_normalized_l1,MEDIUM_CONFIDENCE
24152,PRJ_40FED5A20CA8,B Y Raghavendra,Karnataka,Shimoga,Construction of community centers and community halls,NA - Construction of community centers and community halls,1.0,Shivamogga,40000.0,500000.0,exact_normalized_l1,MEDIUM_CONFIDENCE
24153,PRJ_9E04197CE360,B Y Raghavendra,Karnataka,Shimoga,Construction of bus-sheds or bus-stops,NA - Construction of bus-sheds or bus-stops,1.0,Shivamogga,270000.0,350000.0,exact_normalized_l1,MEDIUM_CONFIDENCE
24154,PRJ_C570CC0654F5,B Y Raghavendra,Karnataka,Shimoga,Construction of rooms and halls in school and colleges,NA - Construction of rooms and halls in school and colleges,1.0,Shivamogga,288000.0,850000.0,exact_normalized_l1,MEDIUM_CONFIDENCE
24158,PRJ_503ACAB5BBAA,B Y Raghavendra,Karnataka,Shimoga,Construction of buildings for training institutions,NA - Construction of buildings for training institutions,1.0,Shivamogga,648000.0,500000.0,exact_normalized_l1,MEDIUM_CONFIDENCE
24177,PRJ_260FA152B518,B Y Raghavendra,Karnataka,Shimoga,Construction of stadiums,NA - Construction of stadiums,1.0,Shivamogga,374250.0,3500000.0,exact_normalized_l1,MEDIUM_CONFIDENCE
24245,PRJ_94E932817ECD,B Y Raghavendra,Karnataka,Shimoga,Development of playfields and sports grounds,NA - Development of playfields and sports grounds,1.0,Shivamogga,307500.0,500000.0,exact_normalized_l1,MEDIUM_CONFIDENCE
24276,PRJ_92FD86BC702B,LS Tejasvi Surya,Karnataka,Bangalore South,Purchase of hospital equipment,NA - Purchase of hospital equipment,1.0,Bengaluru Urban,498864.0,1700000.0,exact_normalized_l1,MEDIUM_CONFIDENCE
24444,PRJ_D8678CECD85C,B Y Raghavendra,Karnataka,Shimoga,Construction of foot over bridge (FOB),NA - Construction of foot over bridge (FOB),1.0,Shivamogga,374250.0,350000.0,exact_normalized_l1,MEDIUM_CONFIDENCE
24592,PRJ_20567AB85FA5,Adoor Prakash,Kerala,Attingal,"Construction of roads, link roads, pathways or any other road with or without drainage system","NA - Construction of roads, link roads, pathways or any other road with or without drainage system",1.0,Thiruvananthapuram,403398.0,1000000.0,exact_normalized_l1,HIGH_CONFIDENCE
25378,PRJ_182A557B4D62,Rajmohan Unnithan,Kerala,Kasaragod,"Purchase of prosthetics, wheel chairs, tricycles (manual or motorized), elect scooties, hearing aids","NA - Purchase of prosthetics, wheel chairs, tricycles (manual or motorized), elect scooties, hearing aids",1.0,Kannur,220000.0,106000.0,exact_normalized_l1,MEDIUM_CONFIDENCE
25510,PRJ_85AF6A5109B4,Rajmohan Unnithan,Kerala,Kasaragod,Street lights,NA - Street lights,1.0,Kasaragod,299170.0,300000.0,exact_normalized_l1,MEDIUM_CONFIDENCE
25740,PRJ_AA067FBA4D03,Adoor Prakash,Kerala,Attingal,Lighting of public spaces,NA - Lighting of public spaces,1.0,Thiruvananthapuram,242517.0,255470.0,exact_normalized_l1,MEDIUM_CONFIDENCE
25917,PRJ_DF6230B196C4,Mahendra Singh Solanky,Madhya Pradesh,Dewas(Sc),Construction of common work sheds/ common covered sitting area,NA - Construction of common work sheds/ common covered sitting area,1.0,Dewas,180000.0,1000000.0,exact_normalized_l1,MEDIUM_CONFIDENCE
25918,PRJ_721AE94EA5E3,Mahendra Singh Solanky,Madhya Pradesh,Dewas(Sc),"Construction of roads, link roads, pathways or any other road with or without drainage system","NA - Construction of roads, link roads, pathways or any other road with or without drainage system",1.0,Dewas,300000.0,200000.0,exact_normalized_l1,HIGH_CONFIDENCE
25927,PRJ_2BDFB05BCF0E,Gajendra Singh Patel,Madhya Pradesh,Khargone(St),Construction of community centers and community halls,NA - Construction of community centers and community halls,1.0,Khargone,150000.0,500000.0,exact_normalized_l1,MEDIUM_CONFIDENCE
25928,PRJ_BB8EB00E62DA,Mahendra Singh Solanky,Madhya Pradesh,Dewas(Sc),Construction of community centers and community halls,NA - Construction of community centers and community halls,1.0,Dewas,300000.0,500000.0,exact_normalized_l1,MEDIUM_CONFIDENCE
25950,PRJ_0BC1ECB88B01,Sudheer Gupta,Madhya Pradesh,Mandsour,"Construction of roads, link roads, pathways or any other road with or without drainage system","NA - Construction of roads, link roads, pathways or any other road with or without drainage system",1.0,Mandsaur,100000.0,250000.0,exact_normalized_l1,HIGH_CONFIDENCE
25962,PRJ_E06A1670F58B,Anil Firojiya,Madhya Pradesh,Ujjain(Sc),Construction of community centers and community halls,NA - Construction of community centers and community halls,1.0,Ratlam,500000.0,500000.0,exact_normalized_l1,MEDIUM_CONFIDENCE
25972,PRJ_8171A637576B,Faggan Singh Kulaste,Madhya Pradesh,Mandla(St),Construction of culverts and bridges,NA - Construction of culverts and bridges,1.0,Mandla,249709.0,500000.0,exact_normalized_l1,HIGH_CONFIDENCE
25995,PRJ_4287EA2E20A2,Virendra Kumar,Madhya Pradesh,Tikamgarh(Sc),Construction of buildings for community cultural activities,NA - Construction of buildings for community cultural activities,1.0,Niwari,1176270.0,192000.0,exact_normalized_l1,MEDIUM_CONFIDENCE
25998,PRJ_434E849D1AEC,Ganesh Singh,Madhya Pradesh,Satna,Improvement of electricity distribution infrastructure,NA - Improvement of electricity distribution infrastructure,1.0,Satna,63837.0,140000.0,exact_normalized_l1,MEDIUM_CONFIDENCE
26012,PRJ_DA3A113C5B07,Rodmal Nagar,Madhya Pradesh,Rajgarh,Construction of community centers and community halls,NA - Construction of community centers and community halls,1.0,Rajgarh,150000.0,400000.0,exact_normalized_l1,HIGH_CONFIDENCE
26059,PRJ_90A96F8A1585,Gyaneshwar Patil,Madhya Pradesh,Khandwa,Construction of common work sheds/ common covered sitting area,NA - Construction of common work sheds/ common covered sitting area,1.0,Khandwa,34900.0,250000.0,exact_normalized_l1,MEDIUM_CONFIDENCE
26162,PRJ_B886151F469E,Gyaneshwar Patil,Madhya Pradesh,Khandwa,Construction of community centers and community halls,NA - Construction of community centers and community halls,1.0,Khandwa,10000.0,250000.0,exact_normalized_l1,MEDIUM_CONFIDENCE
26165,PRJ_4B87206EAECE,Sudheer Gupta,Madhya Pradesh,Mandsour,Improvement of electricity distribution infrastructure,NA - Improvement of electricity distribution infrastructure,1.0,Mandsaur,499246.0,200000.0,exact_normalized_l1,HIGH_CONFIDENCE
26369,PRJ_C4B6CA109CBF,Rodmal Nagar,Madhya Pradesh,Rajgarh,Construction of buildings for community cultural activities,NA - Construction of buildings for community cultural activities,1.0,Rajgarh,200000.0,500000.0,exact_normalized_l1,MEDIUM_CONFIDENCE
27216,PRJ_54BD50AF647F,Anil Firojiya,Madhya Pradesh,Ujjain(Sc),Purchase of mobile water tankers,NA - Purchase of mobile water tankers,1.0,Ujjain,160761.0,306932.0,exact_normalized_l1,MEDIUM_CONFIDENCE
27697,PRJ_E38D442E4CE5,Anil Firojiya,Madhya Pradesh,Ujjain(Sc),Construction of buildings for community cultural activities,NA - Construction of buildings for community cultural activities,1.0,Ratlam,250000.0,200000.0,exact_normalized_l1,HIGH_CONFIDENCE
27724,PRJ_A3385B833D00,Gyaneshwar Patil,Madhya Pradesh,Khandwa,Lighting of public spaces,NA - Lighting of public spaces,1.0,Khandwa,364247.0,485000.0,exact_normalized_l1,MEDIUM_CONFIDENCE
27909,PRJ_D3D0106F4B4F,Gyaneshwar Patil,Madhya Pradesh,Khandwa,Construction of buildings for community cultural activities,NA - Construction of buildings for community cultural activities,1.0,Khandwa,30000.0,500000.0,exact_normalized_l1,MEDIUM_CONFIDENCE
27952,PRJ_8D251040B7F5,Faggan Singh Kulaste,Madhya Pradesh,Mandla(St),Construction of community centers and community halls,NA - Construction of community centers and community halls,1.0,Seoni,180000.0,500000.0,exact_normalized_l1,MEDIUM_CONFIDENCE
28150,PRJ_3E5702B50D91,Shankar Lalwani,Madhya Pradesh,Indore,Installing tube-wells and borewells,NA - Installing tube-wells and borewells,1.0,Indore,338600.0,380100.0,exact_normalized_l1,MEDIUM_CONFIDENCE
28243,PRJ_9C0462E02045,Gyaneshwar Patil,Madhya Pradesh,Khandwa,"Construction of roads, link roads, pathways or any other road with or without drainage system","NA - Construction of roads, link roads, pathways or any other road with or without drainage system",1.0,Khandwa,260665.0,250000.0,exact_normalized_l1,HIGH_CONFIDENCE
29277,PRJ_F080094EAC7E,Janardan Mishra,Madhya Pradesh,Rewa,Providing CCTV camera system for security of public areas,NA - Providing CCTV camera system for security of public areas,1.0,Rewa,250000.0,1000000.0,exact_normalized_l1,HIGH_CONFIDENCE
29465,PRJ_9DE89504B127,Durga Das Uikey,Madhya Pradesh,Betul(St),Construction of bus-sheds or bus-stops,NA - Construction of bus-sheds or bus-stops,1.0,Harda,259942.0,265023.0,exact_normalized_l1,MEDIUM_CONFIDENCE
29588,PRJ_F8C0D896B108,Himadri Singh,Madhya Pradesh,Shahdol (St),Purchase of mobile water tankers,NA - Purchase of mobile water tankers,1.0,Shahdol,198723.0,205055.0,exact_normalized_l1,MEDIUM_CONFIDENCE
30182,PRJ_834920ED8B2C,Gajendra Singh Patel,Madhya Pradesh,Khargone(St),Construction of common work sheds/ common covered sitting area,NA - Construction of common work sheds/ common covered sitting area,1.0,Barwani,300000.0,200000.0,exact_normalized_l1,HIGH_CONFIDENCE
30191,PRJ_367C410C0B6B,Gajendra Singh Patel,Madhya Pradesh,Khargone(St),Construction of additional rooms and halls in the existing public and community building,NA - Construction of additional rooms and halls in the existing public and community building,1.0,Barwani,300000.0,1000000.0,exact_normalized_l1,MEDIUM_CONFIDENCE
30826,PRJ_D049D921F37C,Gajendra Singh Patel,Madhya Pradesh,Khargone(St),Construction of buildings for community cultural activities,NA - Construction of buildings for community cultural activities,1.0,Khargone,250000.0,400000.0,exact_normalized_l1,MEDIUM_CONFIDENCE
30839,PRJ_3460DD970098,Mahendra Singh Solanky,Madhya Pradesh,Dewas(Sc),Development of public parks,NA - Development of public parks,1.0,Dewas,60000.0,1000000.0,exact_normalized_l1,HIGH_CONFIDENCE
31037,PRJ_67AB9FEB96E6,Sudheer Gupta,Madhya Pradesh,Mandsour,Construction of footpaths and pedestrian ways,NA - Construction of footpaths and pedestrian ways,1.0,Mandsaur,75000.0,100000.0,exact_normalized_l1,HIGH_CONFIDENCE
31348,PRJ_D6FF194EDF5A,Mahendra Singh Solanky,Madhya Pradesh,Dewas(Sc),Improvement of electricity distribution infrastructure,NA - Improvement of electricity distribution infrastructure,1.0,Dewas,406974.0,200000.0,exact_normalized_l1,HIGH_CONFIDENCE
31376,PRJ_0C12FAB07E64,Janardan Mishra,Madhya Pradesh,Rewa,Fitting of Sitting RCC Benches in Public Places,NA - Fitting of Sitting RCC Benches in Public Places,1.0,Rewa,874980.0,437490.0,exact_normalized_l1,MEDIUM_CONFIDENCE
32543,PRJ_25B08C38AAB2,Mahendra Singh Solanky,Madhya Pradesh,Dewas(Sc),Construction of bus-sheds or bus-stops,NA - Construction of bus-sheds or bus-stops,1.0,Dewas,300000.0,300000.0,exact_normalized_l1,HIGH_CONFIDENCE
32597,PRJ_4ED76E9232C8,Rodmal Nagar,Madhya Pradesh,Rajgarh,Purchase of mobile water tankers,NA - Purchase of mobile water tankers,1.0,Rajgarh,166026.0,820218.0,exact_normalized_l1,MEDIUM_CONFIDENCE
32639,PRJ_C043FA412FB3,Gajendra Singh Patel,Madhya Pradesh,Khargone(St),Setting up of farmers? training and assistance centers,NA - Setting up of farmers’ training and assistance centers,1.0,Khargone,400000.0,500000.0,exact_normalized_l1,HIGH_CONFIDENCE
33090,PRJ_00994825DDDD,Sanjay Haribhau Jadhav,Maharashtra,Parbhani,"Construction of roads, link roads, pathways or any other road with or without drainage system","NA - Construction of roads, link roads, pathways or any other road with or without drainage system",1.0,Parbhani,699900.0,500000.0,exact_normalized_l1,MEDIUM_CONFIDENCE
33116,PRJ_1E9361A2EDAE,Sunil Dattatray Tatkare,Maharashtra,Raigad,Construction of community centers and community halls,NA - Construction of community centers and community halls,1.0,Raigad,500000.0,800000.0,exact_normalized_l1,MEDIUM_CONFIDENCE
33130,PRJ_AB6EF1033392,Supriya Sadanand Sule,Maharashtra,Baramati,"Construction of roads, link roads, pathways or any other road with or without drainage system","NA - Construction of roads, link roads, pathways or any other road with or without drainage system",1.0,Pune,985879.0,500000.0,exact_normalized_l1,MEDIUM_CONFIDENCE
33380,PRJ_555BB9BEB896,Nitin Jairam Gadkari,Maharashtra,Nagpur,Construction of community centers and community halls,NA - Construction of community centers and community halls,1.0,Nagpur,3201581.0,5000000.0,exact_normalized_l1,HIGH_CONFIDENCE
33388,PRJ_7CCF2AFA770E,Amol Ramsing Kolhe,Maharashtra,Shirur,Construction of community centers and community halls,NA - Construction of community centers and community halls,1.0,Pune,919303.0,1000000.0,exact_normalized_l1,MEDIUM_CONFIDENCE
33454,PRJ_6CBF66A38868,Supriya Sadanand Sule,Maharashtra,Baramati,Providing drains and gutters for public drainage,NA - Providing drains and gutters for public drainage,1.0,Pune,936871.0,1000000.0,exact_normalized_l1,HIGH_CONFIDENCE
33503,PRJ_5DF808F0FADF,Sanjay Haribhau Jadhav,Maharashtra,Parbhani,Construction of community centers and community halls,NA - Construction of community centers and community halls,1.0,Parbhani,999965.0,2500000.0,exact_normalized_l1,MEDIUM_CONFIDENCE
33654,PRJ_5291F3751918,Supriya Sadanand Sule,Maharashtra,Baramati,Construction of boundary walls of existing public and community buildings,NA - Construction of boundary walls of existing public and community buildings,1.0,Pune,994940.0,500000.0,exact_normalized_l1,HIGH_CONFIDENCE
33663,PRJ_9EC4F4465A76,Arvind Ganpat Sawant,Maharashtra,Mumbai South,Construction of public toilets and bathrooms,NA - Construction of public toilets and bathrooms,1.0,Mumbai,2498104.0,1500000.0,exact_normalized_l1,HIGH_CONFIDENCE
33747,PRJ_59E46CEEDD9B,Sunil Dattatray Tatkare,Maharashtra,Raigad,"Construction of roads, link roads, pathways or any other road with or without drainage system","NA - Construction of roads, link roads, pathways or any other road with or without drainage system",1.0,Raigad,750000.0,1000000.0,exact_normalized_l1,MEDIUM_CONFIDENCE
34077,PRJ_A1F79CD23A0C,Arvind Ganpat Sawant,Maharashtra,Mumbai South,Construction of community centers and community halls,NA - Construction of community centers and community halls,1.0,Mumbai,1494831.0,2500000.0,exact_normalized_l1,MEDIUM_CONFIDENCE
34257,PRJ_7785F80497AC,Sunil Dattatray Tatkare,Maharashtra,Raigad,Construction of rooms and halls in school and colleges,NA - Construction of rooms and halls in school and colleges,1.0,Raigad,1250000.0,2500000.0,exact_normalized_l1,MEDIUM_CONFIDENCE
34376,PRJ_86283B7D09BA,Supriya Sadanand Sule,Maharashtra,Baramati,Construction of community centers and community halls,NA - Construction of community centers and community halls,1.0,Pune,498057.0,1000000.0,exact_normalized_l1,MEDIUM_CONFIDENCE
35941,PRJ_7D39CFD8B5DC,Aparajita Sarangi,Odisha,Bhubaneswar,Construction of public libraries and reading rooms,NA - Construction of public libraries and reading rooms,1.0,Khordha,2923.0,200000.0,exact_normalized_l1,MEDIUM_CONFIDENCE
35944,PRJ_2917156B68E2,Saptagiri Sankar Ulaka,Odisha,Koraput(St),Construction of community centers and community halls,NA - Construction of community centers and community halls,1.0,Koraput,300000.0,500000.0,exact_normalized_l1,MEDIUM_CONFIDENCE
35966,PRJ_CAE7971B0112,Aparajita Sarangi,Odisha,Bhubaneswar,Installing community drinking water plants,NA - Installing community drinking water plants,1.0,Khordha,100000.0,100000.0,exact_normalized_l1,MEDIUM_CONFIDENCE
35983,PRJ_65B1FB467B82,Saptagiri Sankar Ulaka,Odisha,Koraput(St),"Construction of roads, link roads, pathways or any other road with or without drainage system","NA - Construction of roads, link roads, pathways or any other road with or without drainage system",1.0,Rayagada,300000.0,500000.0,exact_normalized_l1,MEDIUM_CONFIDENCE
36023,PRJ_23738F1C8141,Sangeeta Kumari Singh Deo,Odisha,Bolangir,Construction of community centers and community halls,NA - Construction of community centers and community halls,1.0,Balangir,300000.0,200000.0,exact_normalized_l1,MEDIUM_CONFIDENCE
36041,PRJ_F6565BA02D85,Saptagiri Sankar Ulaka,Odisha,Koraput(St),Construction of culverts and bridges,NA - Construction of culverts and bridges,1.0,Koraput,300000.0,250000.0,exact_normalized_l1,MEDIUM_CONFIDENCE
36068,PRJ_A3302EA730B6,Jual Oram,Odisha,Sundargarh (St),Construction of rooms and halls in school and colleges,NA - Construction of rooms and halls in school and colleges,1.0,Sundaragada,900000.0,1000000.0,exact_normalized_l1,MEDIUM_CONFIDENCE
36069,PRJ_D24D754128E6,Jual Oram,Odisha,Sundargarh (St),Construction of community centers and community halls,NA - Construction of community centers and community halls,1.0,Sundaragada,512871.0,300000.0,exact_normalized_l1,MEDIUM_CONFIDENCE
36103,PRJ_E70E911E5EC7,Bhartruhari Mahtab,Odisha,Cuttack,Lighting of public spaces,NA - Lighting of public spaces,1.0,Kataka,150000.0,100000.0,exact_normalized_l1,MEDIUM_CONFIDENCE
36104,PRJ_BC69C6A09930,Bhartruhari Mahtab,Odisha,Cuttack,"Construction of roads, link roads, pathways or any other road with or without drainage system","NA - Construction of roads, link roads, pathways or any other road with or without drainage system",1.0,Kataka,300000.0,250000.0,exact_normalized_l1,HIGH_CONFIDENCE
36105,PRJ_4F7CD57F60AE,Sangeeta Kumari Singh Deo,Odisha,Bolangir,Construction of rooms and halls in school and colleges,NA - Construction of rooms and halls in school and colleges,1.0,Balangir,322564.0,300000.0,exact_normalized_l1,MEDIUM_CONFIDENCE
36230,PRJ_95D63B144A84,Jual Oram,Odisha,Sundargarh (St),Improvement of electricity distribution infrastructure,NA - Improvement of electricity distribution infrastructure,1.0,Sundaragada,977734.0,1000000.0,exact_normalized_l1,HIGH_CONFIDENCE
36234,PRJ_DD2F15D3450D,Bhartruhari Mahtab,Odisha,Cuttack,Construction of rooms and halls in school and colleges,NA - Construction of rooms and halls in school and colleges,1.0,Kataka,559983.0,200000.0,exact_normalized_l1,HIGH_CONFIDENCE
36302,PRJ_DA6AE7BE909D,Bhartruhari Mahtab,Odisha,Cuttack,Construction of buildings for community cultural activities,NA - Construction of buildings for community cultural activities,1.0,Kataka,950000.0,500000.0,exact_normalized_l1,MEDIUM_CONFIDENCE
36397,PRJ_1DBF0EA2E2C2,Jual Oram,Odisha,Sundargarh (St),Construction of public toilets and bathrooms,NA - Construction of public toilets and bathrooms,1.0,Sundaragada,500000.0,500000.0,exact_normalized_l1,MEDIUM_CONFIDENCE
36504,PRJ_944BF10690E1,Saptagiri Sankar Ulaka,Odisha,Koraput(St),Construction of public irrigation facilities,NA - Construction of public irrigation facilities,1.0,Rayagada,200000.0,200000.0,exact_normalized_l1,HIGH_CONFIDENCE
36528,PRJ_3C779C3E8ABE,Jual Oram,Odisha,Sundargarh (St),Construction of buildings for community cultural activities,NA - Construction of buildings for community cultural activities,1.0,Sundaragada,400000.0,500000.0,exact_normalized_l1,MEDIUM_CONFIDENCE
36743,PRJ_59225E2BA02E,Saptagiri Sankar Ulaka,Odisha,Koraput(St),Installing tube-wells and borewells,NA - Installing tube-wells and borewells,1.0,Rayagada,700000.0,200000.0,exact_normalized_l1,MEDIUM_CONFIDENCE
36911,PRJ_A980473D6B6E,Aparajita Sarangi,Odisha,Bhubaneswar,Construction of community centers and community halls,NA - Construction of community centers and community halls,1.0,Khordha,292640.0,200000.0,exact_normalized_l1,HIGH_CONFIDENCE
37503,PRJ_6C41FE0634F3,Aparajita Sarangi,Odisha,Bhubaneswar,Construction of additional rooms and halls in the existing public and community building,NA - Construction of additional rooms and halls in the existing public and community building,1.0,Khordha,1000000.0,200000.0,exact_normalized_l1,MEDIUM_CONFIDENCE
37587,PRJ_6A8642B375C3,Jual Oram,Odisha,Sundargarh (St),"Purchase of IT systems, including hardware and software for educational purposes","NA - Purchase of IT systems, including hardware and software for educational purposes",1.0,Sundaragada,9600.0,480000.0,exact_normalized_l1,MEDIUM_CONFIDENCE
38126,PRJ_2143CC2E9625,Jual Oram,Odisha,Sundargarh (St),Installing tube-wells and borewells,NA - Installing tube-wells and borewells,1.0,Sundaragada,611677.0,100000.0,exact_normalized_l1,MEDIUM_CONFIDENCE
38230,PRJ_5E08264AC68F,Jual Oram,Odisha,Sundargarh (St),Construction of boundary walls of existing public and community buildings,NA - Construction of boundary walls of existing public and community buildings,1.0,Sundaragada,294009.0,500000.0,exact_normalized_l1,MEDIUM_CONFIDENCE
38832,PRJ_6265A0E7E8B0,Saptagiri Sankar Ulaka,Odisha,Koraput(St),Construction of rooms and halls in school and colleges,NA - Construction of rooms and halls in school and colleges,1.0,Koraput,140189.0,1000000.0,exact_normalized_l1,HIGH_CONFIDENCE
39223,PRJ_D6EFABABE9DB,Vaithilingam Ve,Puducherry,Puducherry,Street lights,NA - Street lights,1.0,Puducherry,372363.0,1000000.0,exact_normalized_l1,MEDIUM_CONFIDENCE
39243,PRJ_086B5D89197C,Amar Singh,Punjab,Fatehgarh Sahib(Sc),Installation of multi-gym equipment,NA - Installation of multi-gym equipment,1.0,Ludhiana,300000.0,100000.0,exact_normalized_l1,HIGH_CONFIDENCE
39251,PRJ_F3B8E134D594,Harsimrat Kaur Badal,Punjab,Bhatinda,Construction of additional rooms and halls in the existing public and community building,NA - Construction of additional rooms and halls in the existing public and community building,1.0,Bathinda,45840.0,200000.0,exact_normalized_l1,MEDIUM_CONFIDENCE
39258,PRJ_82AA68EB7119,Amar Singh,Punjab,Fatehgarh Sahib(Sc),Providing drains and gutters for public drainage,NA - Providing drains and gutters for public drainage,1.0,Fatehgarh Sahib,89002.0,500000.0,exact_normalized_l1,HIGH_CONFIDENCE
39261,PRJ_C73082092348,Harsimrat Kaur Badal,Punjab,Bhatinda,"Construction of roads, link roads, pathways or any other road with or without drainage system","NA - Construction of roads, link roads, pathways or any other road with or without drainage system",1.0,Bathinda,117702.0,1000000.0,exact_normalized_l1,MEDIUM_CONFIDENCE
39306,PRJ_27318469BC57,Harsimrat Kaur Badal,Punjab,Bhatinda,Purchase of mobile water tankers,NA - Purchase of mobile water tankers,1.0,Bathinda,150000.0,256000.0,exact_normalized_l1,MEDIUM_CONFIDENCE
39341,PRJ_272FCC282860,Harsimrat Kaur Badal,Punjab,Bhatinda,Purchase of ambulance to transport sick and injured animals,NA - Purchase of ambulance to transport sick and injured animals,1.0,Bathinda,1386900.0,1000000.0,exact_normalized_l1,HIGH_CONFIDENCE
39342,PRJ_D152E9A01E42,Harsimrat Kaur Badal,Punjab,Bhatinda,Street lights,NA - Street lights,1.0,Mansa,34915.0,507000.0,exact_normalized_l1,MEDIUM_CONFIDENCE
39373,PRJ_DEA4D1DCFC71,Amar Singh,Punjab,Fatehgarh Sahib(Sc),Construction of boundary walls of existing public and community buildings,NA - Construction of boundary walls of existing public and community buildings,1.0,Sangrur,32000.0,200000.0,exact_normalized_l1,MEDIUM_CONFIDENCE
39391,PRJ_C34E5D61CA23,Amar Singh,Punjab,Fatehgarh Sahib(Sc),"Construction of roads, link roads, pathways or any other road with or without drainage system","NA - Construction of roads, link roads, pathways or any other road with or without drainage system",1.0,Ludhiana,25098.0,400000.0,exact_normalized_l1,HIGH_CONFIDENCE
39397,PRJ_4A99056AA639,Gurjeet Singh Aujla,Punjab,Amritsar,"Construction of roads, link roads, pathways or any other road with or without drainage system","NA - Construction of roads, link roads, pathways or any other road with or without drainage system",1.0,Amritsar,146300.0,500000.0,exact_normalized_l1,MEDIUM_CONFIDENCE
39434,PRJ_CCA76D0C26AA,Harsimrat Kaur Badal,Punjab,Bhatinda,Construction of community centers and community halls,NA - Construction of community centers and community halls,1.0,Bathinda,322952.0,500000.0,exact_normalized_l1,MEDIUM_CONFIDENCE
39459,PRJ_3927D4F82FA9,Harsimrat Kaur Badal,Punjab,Bhatinda,Installation of fixed garden gym equipment,NA - Installation of fixed garden gym equipment,1.0,Bathinda,235021.0,700000.0,exact_normalized_l1,HIGH_CONFIDENCE
39482,PRJ_6A8BC5162005,Harsimrat Kaur Badal,Punjab,Bhatinda,Providing supply pipelines for drinking water,NA - Providing supply pipelines for drinking water,1.0,Sri Muktsar Sahib,4460.0,200000.0,exact_normalized_l1,HIGH_CONFIDENCE
39503,PRJ_A199D5E24DF8,Amar Singh,Punjab,Fatehgarh Sahib(Sc),Construction of common work sheds/ common covered sitting area,NA - Construction of common work sheds/ common covered sitting area,1.0,Ludhiana,63920.0,200000.0,exact_normalized_l1,MEDIUM_CONFIDENCE
39533,PRJ_CD4A24F0DD0A,Amar Singh,Punjab,Fatehgarh Sahib(Sc),Construction of community centers and community halls,NA - Construction of community centers and community halls,1.0,Ludhiana,50045.0,800000.0,exact_normalized_l1,MEDIUM_CONFIDENCE
39563,PRJ_ABD3839806A3,Harsimrat Kaur Badal,Punjab,Bhatinda,Installation of multi-gym equipment,NA - Installation of multi-gym equipment,1.0,Bathinda,104195.0,100000.0,exact_normalized_l1,MEDIUM_CONFIDENCE
39623,PRJ_3722425D62FC,Harsimrat Kaur Badal,Punjab,Bhatinda,Construction of stadiums,NA - Construction of stadiums,1.0,Sri Muktsar Sahib,73500.0,500000.0,exact_normalized_l1,HIGH_CONFIDENCE
39708,PRJ_831469DF660A,Gurjeet Singh Aujla,Punjab,Amritsar,Construction of community centers and community halls,NA - Construction of community centers and community halls,1.0,Amritsar,60000.0,150000.0,exact_normalized_l1,MEDIUM_CONFIDENCE
39715,PRJ_F6FA220FBF20,Amar Singh,Punjab,Fatehgarh Sahib(Sc),Development of public parks,NA - Development of public parks,1.0,Fatehgarh Sahib,36833.0,150000.0,exact_normalized_l1,MEDIUM_CONFIDENCE
39924,PRJ_5F53E2754993,Gurjeet Singh Aujla,Punjab,Amritsar,Construction of rooms and halls in school and colleges,NA - Construction of rooms and halls in school and colleges,1.0,Amritsar,35974.0,500000.0,exact_normalized_l1,MEDIUM_CONFIDENCE
39994,PRJ_4FA56A27CC12,Harsimrat Kaur Badal,Punjab,Bhatinda,Installing community drinking water plants,NA - Installing community drinking water plants,1.0,Bathinda,36000.0,150000.0,exact_normalized_l1,HIGH_CONFIDENCE
40072,PRJ_FA3FC50182DD,Gurjeet Singh Aujla,Punjab,Amritsar,Providing drains and gutters for public drainage,NA - Providing drains and gutters for public drainage,1.0,Amritsar,282726.0,500000.0,exact_normalized_l1,HIGH_CONFIDENCE
40131,PRJ_875AE4DFA900,Amar Singh,Punjab,Fatehgarh Sahib(Sc),Fitting of Sitting RCC Benches in Public Places,NA - Fitting of Sitting RCC Benches in Public Places,1.0,Ludhiana,12562.0,200000.0,exact_normalized_l1,MEDIUM_CONFIDENCE
40231,PRJ_A9DAEABA2E26,Amar Singh,Punjab,Fatehgarh Sahib(Sc),"Purchase of IT systems, including hardware and software for educational purposes","NA - Purchase of IT systems, including hardware and software for educational purposes",1.0,Fatehgarh Sahib,115000.0,100000.0,exact_normalized_l1,HIGH_CONFIDENCE
40405,PRJ_81C0075AB4A3,Gurjeet Singh Aujla,Punjab,Amritsar,Installation of multi-gym equipment,NA - Installation of multi-gym equipment,1.0,Amritsar,296500.0,300000.0,exact_normalized_l1,HIGH_CONFIDENCE
40686,PRJ_A5D6A3650443,Amar Singh,Punjab,Fatehgarh Sahib(Sc),Construction of additional rooms and halls in the existing public and community building,NA - Construction of additional rooms and halls in the existing public and community building,1.0,Fatehgarh Sahib,261249.0,200000.0,exact_normalized_l1,MEDIUM_CONFIDENCE
40757,PRJ_1F123A40211C,Harsimrat Kaur Badal,Punjab,Bhatinda,Construction of water tanks,NA - Construction of water tanks,1.0,Mansa,188000.0,1000000.0,exact_normalized_l1,HIGH_CONFIDENCE
40761,PRJ_87A67CDC79E2,Harsimrat Kaur Badal,Punjab,Bhatinda,Construction of buildings for multi-gym,NA - Construction of buildings for multi-gym,1.0,Mansa,46544.0,200000.0,exact_normalized_l1,HIGH_CONFIDENCE
40823,PRJ_5C1C7DA117C7,Harsimrat Kaur Badal,Punjab,Bhatinda,Installing tube-wells and borewells,NA - Installing tube-wells and borewells,1.0,Bathinda,50000.0,550000.0,exact_normalized_l1,HIGH_CONFIDENCE
41543,PRJ_5B6564EEC459,Harsimrat Kaur Badal,Punjab,Bhatinda,Development of playfields and sports grounds,NA - Development of playfields and sports grounds,1.0,Bathinda,90362.0,200000.0,exact_normalized_l1,MEDIUM_CONFIDENCE
42944,PRJ_9E4D31713E4C,Amar Singh,Punjab,Fatehgarh Sahib(Sc),Purchase of mobile water tankers,NA - Purchase of mobile water tankers,1.0,Fatehgarh Sahib,200000.0,200000.0,exact_normalized_l1,HIGH_CONFIDENCE
44678,PRJ_4702ADFE213C,Harsimrat Kaur Badal,Punjab,Bhatinda,Purchase of immovable sports equipment,NA - Purchase of immovable sports equipment,1.0,Sri Muktsar Sahib,149983.0,50000.0,exact_normalized_l1,MEDIUM_CONFIDENCE
44790,PRJ_1BC8C26BD12D,Harsimrat Kaur Badal,Punjab,Bhatinda,Construction of shelters for animals,NA - Construction of shelters for animals,1.0,Mansa,901450.0,300000.0,exact_normalized_l1,MEDIUM_CONFIDENCE
45315,PRJ_749F49F6BBF2,Gurjeet Singh Aujla,Punjab,Amritsar,Construction of public toilets and bathrooms,NA - Construction of public toilets and bathrooms,1.0,Amritsar,21000.0,400000.0,exact_normalized_l1,HIGH_CONFIDENCE
45609,PRJ_4625ABACEA54,Harsimrat Kaur Badal,Punjab,Bhatinda,Construction of buildings for sports facilities,NA - Construction of buildings for sports facilities,1.0,Mansa,153306.0,250000.0,exact_normalized_l1,HIGH_CONFIDENCE
46003,PRJ_3BAA630250DC,Harsimrat Kaur Badal,Punjab,Bhatinda,Construction of public irrigation facilities,NA - Construction of public irrigation facilities,1.0,Sri Muktsar Sahib,373000.0,300000.0,exact_normalized_l1,MEDIUM_CONFIDENCE
47359,PRJ_C0F645962825,Bhagirath Chaudhary,Rajasthan,Ajmer,Construction of boundary walls of existing public and community buildings,NA - Construction of boundary walls of existing public and community buildings,1.0,Dudu,498320.0,1000000.0,exact_normalized_l1,MEDIUM_CONFIDENCE
47360,PRJ_275E5757A63A,Bhagirath Chaudhary,Rajasthan,Ajmer,Construction of community centers and community halls,NA - Construction of community centers and community halls,1.0,Ajmer,3861.0,500000.0,exact_normalized_l1,MEDIUM_CONFIDENCE
47364,PRJ_B8F5484ADD9A,Rahul Kaswan,Rajasthan,Churu,Construction of shelters for animals,NA - Construction of shelters for animals,1.0,Churu,354070.0,500000.0,exact_normalized_l1,MEDIUM_CONFIDENCE
47383,PRJ_003B51214E88,PP Chaudhary,Rajasthan,Pali,Purchase of furniture and fixtures for educational purposes,NA - Purchase of furniture and fixtures for educational purposes,1.0,Pali,32490.0,500000.0,exact_normalized_l1,MEDIUM_CONFIDENCE
47386,PRJ_4F154387D590,Rahul Kaswan,Rajasthan,Churu,Construction of community centers and community halls,NA - Construction of community centers and community halls,1.0,Churu,673201.0,1355000.0,exact_normalized_l1,MEDIUM_CONFIDENCE
47387,PRJ_33F7324A0294,Hanuman Beniwal,Rajasthan,Nagaur,Construction of boundary walls of existing public and community buildings,NA - Construction of boundary walls of existing public and community buildings,1.0,Didwana-Kuchaman,143147.0,800000.0,exact_normalized_l1,MEDIUM_CONFIDENCE
47392,PRJ_701115ACB8E1,Rahul Kaswan,Rajasthan,Churu,Construction of additional rooms and halls in the existing public and community building,NA - Construction of additional rooms and halls in the existing public and community building,1.0,Churu,898709.0,650000.0,exact_normalized_l1,MEDIUM_CONFIDENCE
47414,PRJ_E02697FEE822,Hanuman Beniwal,Rajasthan,Nagaur,Construction of rooms and halls in school and colleges,NA - Construction of rooms and halls in school and colleges,1.0,Didwana-Kuchaman,805247.0,650000.0,exact_normalized_l1,MEDIUM_CONFIDENCE
47629,PRJ_7980A8A08124,Om Birla,Rajasthan,Kota,Construction of common work sheds/ common covered sitting area,NA - Construction of common work sheds/ common covered sitting area,1.0,Kota,6500.0,500000.0,exact_normalized_l1,MEDIUM_CONFIDENCE
47727,PRJ_9418E1080AC0,Hanuman Beniwal,Rajasthan,Nagaur,Construction of community centers and community halls,NA - Construction of community centers and community halls,1.0,Didwana-Kuchaman,404036.0,1000000.0,exact_normalized_l1,MEDIUM_CONFIDENCE
47910,PRJ_FE913568B2ED,Om Birla,Rajasthan,Kota,"Purchase of IT systems, including hardware and software for educational purposes","NA - Purchase of IT systems, including hardware and software for educational purposes",1.0,Kota,66000.0,500000.0,exact_normalized_l1,HIGH_CONFIDENCE
47925,PRJ_CB0A780740BD,Rahul Kaswan,Rajasthan,Churu,Construction of common work sheds/ common covered sitting area,NA - Construction of common work sheds/ common covered sitting area,1.0,Churu,667002.0,625001.0,exact_normalized_l1,MEDIUM_CONFIDENCE
47993,PRJ_C2A46D6C8BC4,PP Chaudhary,Rajasthan,Pali,Construction of community centers and community halls,NA - Construction of community centers and community halls,1.0,Pali,28500.0,500000.0,exact_normalized_l1,MEDIUM_CONFIDENCE
48015,PRJ_FDD5D0C09ABC,Rahul Kaswan,Rajasthan,Churu,Construction of rooms and halls in school and colleges,NA - Construction of rooms and halls in school and colleges,1.0,Churu,799490.0,850000.0,exact_normalized_l1,MEDIUM_CONFIDENCE
48016,PRJ_E9B1FEEBCA33,Bhagirath Chaudhary,Rajasthan,Ajmer,Purchase of furniture and fixtures for educational purposes,NA - Purchase of furniture and fixtures for educational purposes,1.0,Ajmer,99991.0,200000.0,exact_normalized_l1,HIGH_CONFIDENCE
48017,PRJ_9C4FFB97478C,Om Birla,Rajasthan,Kota,Lighting of public spaces,NA - Lighting of public spaces,1.0,Kota,545483.0,231000.0,exact_normalized_l1,MEDIUM_CONFIDENCE
48029,PRJ_6E57173CF316,Om Birla,Rajasthan,Kota,Construction of community centers and community halls,NA - Construction of community centers and community halls,1.0,Bundi,990833.0,500000.0,exact_normalized_l1,MEDIUM_CONFIDENCE
48278,PRJ_211D71E4F16A,Hanuman Beniwal,Rajasthan,Nagaur,Street lights,NA - Street lights,1.0,Didwana-Kuchaman,499800.0,500000.0,exact_normalized_l1,MEDIUM_CONFIDENCE
48321,PRJ_E268EE38D1F6,Om Birla,Rajasthan,Kota,Construction of additional rooms and halls in the existing public and community building,NA - Construction of additional rooms and halls in the existing public and community building,1.0,Kota,955260.0,300000.0,exact_normalized_l1,MEDIUM_CONFIDENCE
48448,PRJ_6AE16C36C061,Hanuman Beniwal,Rajasthan,Nagaur,Installing tube-wells and borewells,NA - Installing tube-wells and borewells,1.0,Didwana-Kuchaman,328474.0,400000.0,exact_normalized_l1,MEDIUM_CONFIDENCE
48497,PRJ_8AAC26E34071,Hanuman Beniwal,Rajasthan,Nagaur,Construction of public libraries and reading rooms,NA - Construction of public libraries and reading rooms,1.0,Didwana-Kuchaman,1488986.0,1500000.0,exact_normalized_l1,MEDIUM_CONFIDENCE
49185,PRJ_B5E678EDBFED,Hanuman Beniwal,Rajasthan,Nagaur,"Construction of roads, link roads, pathways or any other road with or without drainage system","NA - Construction of roads, link roads, pathways or any other road with or without drainage system",1.0,Didwana-Kuchaman,600000.0,1000000.0,exact_normalized_l1,MEDIUM_CONFIDENCE
49243,PRJ_40B0B4A0D73C,Bhagirath Chaudhary,Rajasthan,Ajmer,Improvement of electricity distribution infrastructure,NA - Improvement of electricity distribution infrastructure,1.0,Ajmer,197662.0,274388.0,exact_normalized_l1,MEDIUM_CONFIDENCE
49298,PRJ_D32B02EEF797,Bhagirath Chaudhary,Rajasthan,Ajmer,Construction of public libraries and reading rooms,NA - Construction of public libraries and reading rooms,1.0,Ajmer,36600.0,500000.0,exact_normalized_l1,MEDIUM_CONFIDENCE
49310,PRJ_55BEB8E73CDE,Bhagirath Chaudhary,Rajasthan,Ajmer,Development of public parks,NA - Development of public parks,1.0,Ajmer,856320.0,1500000.0,exact_normalized_l1,HIGH_CONFIDENCE
49355,PRJ_1DF736C6FD95,Dushyant Singh,Rajasthan,Jhalawar-Baran,Construction of toilet blocks,NA - Construction of toilet blocks,1.0,Baran,1389502.0,500000.0,exact_normalized_l1,HIGH_CONFIDENCE
49481,PRJ_0ECFFE8E725B,Chandra Prakash Joshi,Rajasthan,Chittorgarh,Construction of community centers and community halls,NA - Construction of community centers and community halls,1.0,Pratapgarh,301879.0,300000.0,exact_normalized_l1,MEDIUM_CONFIDENCE
49705,PRJ_589F103CA07A,Chandra Prakash Joshi,Rajasthan,Chittorgarh,Lighting of public spaces,NA - Lighting of public spaces,1.0,Pratapgarh,147140.0,100000.0,exact_normalized_l1,MEDIUM_CONFIDENCE
49797,PRJ_D327722AB298,Rahul Kaswan,Rajasthan,Churu,Purchase of non-conventional energy system and devices for community use,NA - Purchase of non-conventional energy system and devices for community use,1.0,Hanumangarh,487500.0,150000.0,exact_normalized_l1,HIGH_CONFIDENCE
49918,PRJ_24BE1CED911F,Chandra Prakash Joshi,Rajasthan,Chittorgarh,Construction of rooms and halls in school and colleges,NA - Construction of rooms and halls in school and colleges,1.0,Chittorgarh,983854.0,500000.0,exact_normalized_l1,MEDIUM_CONFIDENCE
50225,PRJ_86BBE58F115B,Rahul Kaswan,Rajasthan,Churu,Improvement of electricity distribution infrastructure,NA - Improvement of electricity distribution infrastructure,1.0,Hanumangarh,105000.0,185000.0,exact_normalized_l1,MEDIUM_CONFIDENCE
50388,PRJ_58DEEBFA1BC5,Dushyant Singh,Rajasthan,Jhalawar-Baran,Construction of community centers and community halls,NA - Construction of community centers and community halls,1.0,Baran,764306.0,1000000.0,exact_normalized_l1,MEDIUM_CONFIDENCE
50820,PRJ_EC24E378BB20,Chandra Prakash Joshi,Rajasthan,Chittorgarh,Construction of boundary walls of existing public and community buildings,NA - Construction of boundary walls of existing public and community buildings,1.0,Chittorgarh,399866.0,300000.0,exact_normalized_l1,MEDIUM_CONFIDENCE
50904,PRJ_77DDD63FBBE0,Chandra Prakash Joshi,Rajasthan,Chittorgarh,"Construction of roads, link roads, pathways or any other road with or without drainage system","NA - Construction of roads, link roads, pathways or any other road with or without drainage system",1.0,Chittorgarh,3500.0,300000.0,exact_normalized_l1,HIGH_CONFIDENCE
50907,PRJ_88CBF382025E,Rahul Kaswan,Rajasthan,Churu,Development of public parks,NA - Development of public parks,1.0,Churu,616466.0,500000.0,exact_normalized_l1,HIGH_CONFIDENCE
50951,PRJ_69B95ABA710B,Bhagirath Chaudhary,Rajasthan,Ajmer,Lighting of public spaces,NA - Lighting of public spaces,1.0,Ajmer,4407.0,500000.0,exact_normalized_l1,MEDIUM_CONFIDENCE
51037,PRJ_F63DA8814CAD,Bhagirath Chaudhary,Rajasthan,Ajmer,Construction of water tanks,NA - Construction of water tanks,1.0,Ajmer,800.0,800000.0,exact_normalized_l1,HIGH_CONFIDENCE
51084,PRJ_166C4EC60C01,PP Chaudhary,Rajasthan,Pali,Construction of rooms and halls in school and colleges,NA - Construction of rooms and halls in school and colleges,1.0,Pali,163540.0,500000.0,exact_normalized_l1,MEDIUM_CONFIDENCE
51226,PRJ_43CB2605CF70,Rahul Kaswan,Rajasthan,Churu,Lighting of public spaces,NA - Lighting of public spaces,1.0,Churu,300000.0,400000.0,exact_normalized_l1,HIGH_CONFIDENCE
51244,PRJ_0D381A7E0457,PP Chaudhary,Rajasthan,Pali,Construction of footpaths and pedestrian ways,NA - Construction of footpaths and pedestrian ways,1.0,Pali,494550.0,700000.0,exact_normalized_l1,MEDIUM_CONFIDENCE
51381,PRJ_CB3BACA4917D,Chandra Prakash Joshi,Rajasthan,Chittorgarh,Construction of common work sheds/ common covered sitting area,NA - Construction of common work sheds/ common covered sitting area,1.0,Chittorgarh,5600.0,300000.0,exact_normalized_l1,MEDIUM_CONFIDENCE
51409,PRJ_1BD23B772A62,Om Birla,Rajasthan,Kota,Construction of rooms and halls in school and colleges,NA - Construction of rooms and halls in school and colleges,1.0,Bundi,382060.0,1000000.0,exact_normalized_l1,MEDIUM_CONFIDENCE
51447,PRJ_537FC6E79509,Bhagirath Chaudhary,Rajasthan,Ajmer,Construction of culverts and bridges,NA - Construction of culverts and bridges,1.0,Ajmer,763558.0,500000.0,exact_normalized_l1,MEDIUM_CONFIDENCE
51694,PRJ_5C64D113C954,Hanuman Beniwal,Rajasthan,Nagaur,Purchase of furniture and fixtures for educational purposes,NA - Purchase of furniture and fixtures for educational purposes,1.0,Nagaur,210570.0,150000.0,exact_normalized_l1,HIGH_CONFIDENCE
51864,PRJ_EF9EB29B1467,Om Birla,Rajasthan,Kota,Construction of boundary walls of existing public and community buildings,NA - Construction of boundary walls of existing public and community buildings,1.0,Kota,3150.0,500000.0,exact_normalized_l1,MEDIUM_CONFIDENCE
52023,PRJ_C989A1D7425B,Bhagirath Chaudhary,Rajasthan,Ajmer,Construction of rooms and halls in school and colleges,NA - Construction of rooms and halls in school and colleges,1.0,Ajmer,3564.0,500000.0,exact_normalized_l1,MEDIUM_CONFIDENCE
53101,PRJ_90521CCE290A,Indra Hang Subba,Sikkim,Sikkim,Construction of footpaths and pedestrian ways,NA - Construction of footpaths and pedestrian ways,1.0,Mangan,385500.0,600000.0,exact_normalized_l1,MEDIUM_CONFIDENCE
53103,PRJ_77C9A57A6BC0,Indra Hang Subba,Sikkim,Sikkim,Purchase of furniture and fixtures for educational purposes,NA - Purchase of furniture and fixtures for educational purposes,1.0,Gangtok,2744663.0,2500000.0,exact_normalized_l1,MEDIUM_CONFIDENCE
53121,PRJ_3CDA3436E532,Indra Hang Subba,Sikkim,Sikkim,Providing drains and gutters for public drainage,NA - Providing drains and gutters for public drainage,1.0,Pakyong,635030.0,250000.0,exact_normalized_l1,MEDIUM_CONFIDENCE
53124,PRJ_E07A7303289B,Indra Hang Subba,Sikkim,Sikkim,Construction of buildings for community cultural activities,NA - Construction of buildings for community cultural activities,1.0,Mangan,1996547.0,800000.0,exact_normalized_l1,HIGH_CONFIDENCE
53136,PRJ_6474C8AB883B,Indra Hang Subba,Sikkim,Sikkim,Construction of boundary walls of existing public and community buildings,NA - Construction of boundary walls of existing public and community buildings,1.0,Gangtok,23600.0,2000000.0,exact_normalized_l1,MEDIUM_CONFIDENCE
53137,PRJ_458045BCE48A,Indra Hang Subba,Sikkim,Sikkim,"Construction of roads, link roads, pathways or any other road with or without drainage system","NA - Construction of roads, link roads, pathways or any other road with or without drainage system",1.0,Mangan,2995995.0,2000000.0,exact_normalized_l1,HIGH_CONFIDENCE
53151,PRJ_C7DF34E7AC90,Kalanidhi Veeraswamy,Tamil Nadu,Chennai North,Construction of bus-sheds or bus-stops,NA - Construction of bus-sheds or bus-stops,1.0,Chennai,1158837.0,1150000.0,exact_normalized_l1,HIGH_CONFIDENCE
53161,PRJ_17F321F85F50,Kanimozhi Karunanidhi,Tamil Nadu,Thoothukkudi,Construction of water tanks,NA - Construction of water tanks,1.0,Thoothukkudi,3000000.0,3400000.0,exact_normalized_l1,MEDIUM_CONFIDENCE
53162,PRJ_46C9BD668338,Thalikkottai Rajuthevar Baalu,Tamil Nadu,Sriperumbudur,Street lights,NA - Street lights,1.0,Chengalpattu,399300.0,400000.0,exact_normalized_l1,MEDIUM_CONFIDENCE
53173,PRJ_7BBF905E5961,Thirumaa Valavan Thol,Tamil Nadu,Chidambaram(Sc),Construction of rooms and halls in school and colleges,NA - Construction of rooms and halls in school and colleges,1.0,Perambalur,1458652.0,3500000.0,exact_normalized_l1,MEDIUM_CONFIDENCE
53174,PRJ_3CEF5A9EB3B0,S Venkatesan,Tamil Nadu,Madurai,Construction of public toilets and bathrooms,NA - Construction of public toilets and bathrooms,1.0,Madurai,199549.0,300000.0,exact_normalized_l1,HIGH_CONFIDENCE
53179,PRJ_81B35BD4BD0B,S Jothimani,Tamil Nadu,Karur,"Purchase of smart boards, visual display units and projectors","NA - Purchase of smart boards, visual display units and projectors",1.0,Karur,199966.0,200000.0,exact_normalized_l1,MEDIUM_CONFIDENCE
53195,PRJ_50D7E466A631,S. Jagathrakshakan,Tamil Nadu,Arakkonam,"Construction of roads, link roads, pathways or any other road with or without drainage system","NA - Construction of roads, link roads, pathways or any other road with or without drainage system",1.0,Ranipet,399772.0,450000.0,exact_normalized_l1,HIGH_CONFIDENCE
53204,PRJ_748BC6141F14,Thirumaa Valavan Thol,Tamil Nadu,Chidambaram(Sc),"Construction of roads, link roads, pathways or any other road with or without drainage system","NA - Construction of roads, link roads, pathways or any other road with or without drainage system",1.0,Perambalur,382845.0,500000.0,exact_normalized_l1,MEDIUM_CONFIDENCE
53218,PRJ_F5D0314B25C9,Thirumaa Valavan Thol,Tamil Nadu,Chidambaram(Sc),Construction of buildings for community cultural activities,NA - Construction of buildings for community cultural activities,1.0,Ariyalur,898693.0,1000000.0,exact_normalized_l1,MEDIUM_CONFIDENCE
53220,PRJ_0E9DFE0980EE,D M Kathir Anand,Tamil Nadu,Vellore,Construction of bus-sheds or bus-stops,NA - Construction of bus-sheds or bus-stops,1.0,Vellore,1099556.0,1100000.0,exact_normalized_l1,MEDIUM_CONFIDENCE
53224,PRJ_C2F840A13D3F,Kani K Navas,Tamil Nadu,Ramanathapuram,Construction of bus-sheds or bus-stops,NA - Construction of bus-sheds or bus-stops,1.0,Ramanathapuram,898813.0,500000.0,exact_normalized_l1,MEDIUM_CONFIDENCE
53232,PRJ_65A3BA5D4552,S Venkatesan,Tamil Nadu,Madurai,Installing tube-wells and borewells,NA - Installing tube-wells and borewells,1.0,Madurai,277678.0,500000.0,exact_normalized_l1,MEDIUM_CONFIDENCE
53242,PRJ_FE222F4B2F66,Andimuthu Raja,Tamil Nadu,Nilgiris(Sc),Construction of water tanks,NA - Construction of water tanks,1.0,Coimbatore,1600000.0,1846000.0,exact_normalized_l1,MEDIUM_CONFIDENCE
53243,PRJ_23A6D7078007,Andimuthu Raja,Tamil Nadu,Nilgiris(Sc),Construction of footpaths and pedestrian ways,NA - Construction of footpaths and pedestrian ways,1.0,The Nilgiris,400000.0,200000.0,exact_normalized_l1,MEDIUM_CONFIDENCE
53246,PRJ_967C998760DD,Manickam Tagore B,Tamil Nadu,Virudhunagar,Lighting of public spaces,NA - Lighting of public spaces,1.0,Virudhunagar,120000.0,50000.0,exact_normalized_l1,MEDIUM_CONFIDENCE
53248,PRJ_9839DA773B0A,S. Jagathrakshakan,Tamil Nadu,Arakkonam,"Construction of Government office buildings (Post office, Police station, Police chauki, etc.)","NA - Construction of Government office buildings (Post office, Police station, Police chauki, etc.)",1.0,Ranipet,1900000.0,1400000.0,exact_normalized_l1,MEDIUM_CONFIDENCE
53250,PRJ_2AF292804D47,Kanimozhi Karunanidhi,Tamil Nadu,Thoothukkudi,Construction of rooms and halls in school and colleges,NA - Construction of rooms and halls in school and colleges,1.0,Thoothukkudi,930818.0,3400000.0,exact_normalized_l1,MEDIUM_CONFIDENCE
53251,PRJ_16994D46C463,Kani K Navas,Tamil Nadu,Ramanathapuram,"Construction of roads, link roads, pathways or any other road with or without drainage system","NA - Construction of roads, link roads, pathways or any other road with or without drainage system",1.0,Ramanathapuram,897485.0,250000.0,exact_normalized_l1,MEDIUM_CONFIDENCE
53252,PRJ_96FBCD2E4187,Manickam Tagore B,Tamil Nadu,Virudhunagar,Construction of community centers and community halls,NA - Construction of community centers and community halls,1.0,Madurai,2497826.0,3000000.0,exact_normalized_l1,MEDIUM_CONFIDENCE
53255,PRJ_42738ECAC4F2,Manickam Tagore B,Tamil Nadu,Virudhunagar,Construction of bus-sheds or bus-stops,NA - Construction of bus-sheds or bus-stops,1.0,Virudhunagar,999628.0,700000.0,exact_normalized_l1,MEDIUM_CONFIDENCE
53262,PRJ_5A7A6BC5FBBA,S. Jagathrakshakan,Tamil Nadu,Arakkonam,Construction of bus-sheds or bus-stops,NA - Construction of bus-sheds or bus-stops,1.0,Thiruvallur,486945.0,1300000.0,exact_normalized_l1,MEDIUM_CONFIDENCE
53264,PRJ_D3E9B9BDEE86,S Venkatesan,Tamil Nadu,Madurai,Construction of community centers and community halls,NA - Construction of community centers and community halls,1.0,Madurai,1499401.0,2000000.0,exact_normalized_l1,MEDIUM_CONFIDENCE
53266,PRJ_9A48E266A07C,Ganesan Selvam,Tamil Nadu,Kancheepuram(Sc),Construction of bus-sheds or bus-stops,NA - Construction of bus-sheds or bus-stops,1.0,Kancheepuram,517852.0,500000.0,exact_normalized_l1,MEDIUM_CONFIDENCE
53270,PRJ_9F76AD20EF9B,S. Jagathrakshakan,Tamil Nadu,Arakkonam,Construction of community centers and community halls,NA - Construction of community centers and community halls,1.0,Ranipet,799000.0,1200000.0,exact_normalized_l1,MEDIUM_CONFIDENCE
53271,PRJ_CB2FF4286D5D,Ganesan Selvam,Tamil Nadu,Kancheepuram(Sc),Construction of rooms and halls in school and colleges,NA - Construction of rooms and halls in school and colleges,1.0,Kancheepuram,999104.0,1900000.0,exact_normalized_l1,MEDIUM_CONFIDENCE
53274,PRJ_740351C4753B,Manickam Tagore B,Tamil Nadu,Virudhunagar,Construction of public toilets and bathrooms,NA - Construction of public toilets and bathrooms,1.0,Virudhunagar,599264.0,1800000.0,exact_normalized_l1,MEDIUM_CONFIDENCE
53277,PRJ_8E0DF1F468D4,S. Jagathrakshakan,Tamil Nadu,Arakkonam,Construction of culverts and bridges,NA - Construction of culverts and bridges,1.0,Ranipet,1500000.0,1500000.0,exact_normalized_l1,MEDIUM_CONFIDENCE
53289,PRJ_4EF287DA77D1,Kani K Navas,Tamil Nadu,Ramanathapuram,Construction of community centers and community halls,NA - Construction of community centers and community halls,1.0,Virudhunagar,2998071.0,2000000.0,exact_normalized_l1,HIGH_CONFIDENCE
53297,PRJ_90E2AED0BA6A,Ganesan Selvam,Tamil Nadu,Kancheepuram(Sc),Construction of community centers and community halls,NA - Construction of community centers and community halls,1.0,Chengalpattu,998628.0,3000000.0,exact_normalized_l1,HIGH_CONFIDENCE
53298,PRJ_01F20F0443A4,Karti P Chidambaram,Tamil Nadu,Sivaganga,Construction of community centers and community halls,NA - Construction of community centers and community halls,1.0,Sivaganga,1346004.0,700000.0,exact_normalized_l1,MEDIUM_CONFIDENCE
53300,PRJ_493859410109,Thalikkottai Rajuthevar Baalu,Tamil Nadu,Sriperumbudur,Construction of rooms and halls in school and colleges,NA - Construction of rooms and halls in school and colleges,1.0,Chennai,1423044.0,2730000.0,exact_normalized_l1,MEDIUM_CONFIDENCE
53306,PRJ_890B8094E034,Thalikkottai Rajuthevar Baalu,Tamil Nadu,Sriperumbudur,Construction of community centers and community halls,NA - Construction of community centers and community halls,1.0,Kancheepuram,1906712.0,5000000.0,exact_normalized_l1,MEDIUM_CONFIDENCE
53313,PRJ_949BD17EBF9D,Kanimozhi Karunanidhi,Tamil Nadu,Thoothukkudi,Construction of community centers and community halls,NA - Construction of community centers and community halls,1.0,Thoothukkudi,1578297.0,4500000.0,exact_normalized_l1,MEDIUM_CONFIDENCE
53328,PRJ_99D846523FD1,K Subbarayan,Tamil Nadu,Tiruppur,"Construction of Government office buildings (Post office, Police station, Police chauki, etc.)","NA - Construction of Government office buildings (Post office, Police station, Police chauki, etc.)",1.0,Tiruppur,1489479.0,1150000.0,exact_normalized_l1,MEDIUM_CONFIDENCE
53329,PRJ_1B5C2F63B184,Kalanidhi Veeraswamy,Tamil Nadu,Chennai North,Construction of boundary walls of existing public and community buildings,NA - Construction of boundary walls of existing public and community buildings,1.0,Chennai,5199865.0,600000.0,exact_normalized_l1,HIGH_CONFIDENCE
53333,PRJ_8D65CE0C271B,Thirumaa Valavan Thol,Tamil Nadu,Chidambaram(Sc),Construction of community centers and community halls,NA - Construction of community centers and community halls,1.0,Cuddalore,1200000.0,3600000.0,exact_normalized_l1,HIGH_CONFIDENCE
53344,PRJ_C1F338CAA904,Andimuthu Raja,Tamil Nadu,Nilgiris(Sc),Construction of community centers and community halls,NA - Construction of community centers and community halls,1.0,The Nilgiris,1499757.0,3140000.0,exact_normalized_l1,MEDIUM_CONFIDENCE
53349,PRJ_EA6BB3140D33,Andimuthu Raja,Tamil Nadu,Nilgiris(Sc),Construction of bus-sheds or bus-stops,NA - Construction of bus-sheds or bus-stops,1.0,Erode,548392.0,550000.0,exact_normalized_l1,MEDIUM_CONFIDENCE
53354,PRJ_E6140A1473A7,K Subbarayan,Tamil Nadu,Tiruppur,"Construction of roads, link roads, pathways or any other road with or without drainage system","NA - Construction of roads, link roads, pathways or any other road with or without drainage system",1.0,Tiruppur,300000.0,2300000.0,exact_normalized_l1,MEDIUM_CONFIDENCE
53357,PRJ_B95DE6BBD89F,CN Annadurai,Tamil Nadu,Tiruvannamalai,Construction of bus-sheds or bus-stops,NA - Construction of bus-sheds or bus-stops,1.0,Tiruvannamalai,598974.0,500000.0,exact_normalized_l1,MEDIUM_CONFIDENCE
53363,PRJ_DDC982349FB1,K Subbarayan,Tamil Nadu,Tiruppur,Construction of community centers and community halls,NA - Construction of community centers and community halls,1.0,Erode,5998083.0,2450000.0,exact_normalized_l1,MEDIUM_CONFIDENCE
53383,PRJ_9607C03451E7,Vijayakumar Vasanth,Tamil Nadu,Kanniyakumari,Construction of common work sheds/ common covered sitting area,NA - Construction of common work sheds/ common covered sitting area,1.0,Kanniyakumari,149171.0,2000000.0,exact_normalized_l1,MEDIUM_CONFIDENCE
53393,PRJ_D61ADAF92610,Thalikkottai Rajuthevar Baalu,Tamil Nadu,Sriperumbudur,Construction of buildings for multi-gym,NA - Construction of buildings for multi-gym,1.0,Kancheepuram,344239.0,2950000.0,exact_normalized_l1,HIGH_CONFIDENCE
53398,PRJ_AD5D3B81B36E,Karti P Chidambaram,Tamil Nadu,Sivaganga,Construction of bus-sheds or bus-stops,NA - Construction of bus-sheds or bus-stops,1.0,Sivaganga,599644.0,500000.0,exact_normalized_l1,MEDIUM_CONFIDENCE
53420,PRJ_06635B7154A3,D Ravikumar,Tamil Nadu,Viluppuram(Sc),Construction of community centers and community halls,NA - Construction of community centers and community halls,1.0,Viluppuram,979584.0,980000.0,exact_normalized_l1,MEDIUM_CONFIDENCE
53423,PRJ_ECE0BADBF777,S Venkatesan,Tamil Nadu,Madurai,Construction of bus-sheds or bus-stops,NA - Construction of bus-sheds or bus-stops,1.0,Madurai,998783.0,500000.0,exact_normalized_l1,MEDIUM_CONFIDENCE
53434,PRJ_713575861708,Kalanidhi Veeraswamy,Tamil Nadu,Chennai North,Purchase of hospital equipment,NA - Purchase of hospital equipment,1.0,Chennai,9977320.0,6000000.0,exact_normalized_l1,HIGH_CONFIDENCE
53485,PRJ_4EE8CB543EA4,Manickam Tagore B,Tamil Nadu,Virudhunagar,Construction of buildings for community cultural activities,NA - Construction of buildings for community cultural activities,1.0,Virudhunagar,999085.0,1000000.0,exact_normalized_l1,MEDIUM_CONFIDENCE
53487,PRJ_CA21A7738451,S Venkatesan,Tamil Nadu,Madurai,Construction of additional rooms and halls in the existing public and community building,NA - Construction of additional rooms and halls in the existing public and community building,1.0,Madurai,999902.0,500000.0,exact_normalized_l1,MEDIUM_CONFIDENCE
53488,PRJ_22ACB660FC8A,Karti P Chidambaram,Tamil Nadu,Sivaganga,Street lights,NA - Street lights,1.0,Sivaganga,700000.0,500000.0,exact_normalized_l1,MEDIUM_CONFIDENCE
53495,PRJ_C6FD45E7AAF6,Vijayakumar Vasanth,Tamil Nadu,Kanniyakumari,Construction of community centers and community halls,NA - Construction of community centers and community halls,1.0,Kanniyakumari,958811.0,2000000.0,exact_normalized_l1,MEDIUM_CONFIDENCE
53497,PRJ_6DC4183F2D78,S Jothimani,Tamil Nadu,Karur,Construction of bus-sheds or bus-stops,NA - Construction of bus-sheds or bus-stops,1.0,Dindigul,799812.0,800000.0,exact_normalized_l1,MEDIUM_CONFIDENCE
53514,PRJ_32BE1696D19C,Kani K Navas,Tamil Nadu,Ramanathapuram,Lighting of public spaces,NA - Lighting of public spaces,1.0,Pudukkottai,499998.0,430000.0,exact_normalized_l1,MEDIUM_CONFIDENCE
53543,PRJ_16D041543468,K Subbarayan,Tamil Nadu,Tiruppur,Lighting of public spaces,NA - Lighting of public spaces,1.0,Erode,549928.0,720000.0,exact_normalized_l1,MEDIUM_CONFIDENCE
53599,PRJ_6A7820D07331,D Ravikumar,Tamil Nadu,Viluppuram(Sc),"Purchase of smart boards, visual display units and projectors","NA - Purchase of smart boards, visual display units and projectors",1.0,Viluppuram,200000.0,200000.0,exact_normalized_l1,MEDIUM_CONFIDENCE
53628,PRJ_EE5242370302,S. Jagathrakshakan,Tamil Nadu,Arakkonam,Construction of toilet blocks,NA - Construction of toilet blocks,1.0,Ranipet,599528.0,500000.0,exact_normalized_l1,HIGH_CONFIDENCE
53636,PRJ_6D62E885713A,Karti P Chidambaram,Tamil Nadu,Sivaganga,Installing tube-wells and borewells,NA - Installing tube-wells and borewells,1.0,Pudukkottai,448743.0,400000.0,exact_normalized_l1,MEDIUM_CONFIDENCE
53711,PRJ_4F29738F88C1,Vijayakumar Vasanth,Tamil Nadu,Kanniyakumari,Construction of bus-sheds or bus-stops,NA - Construction of bus-sheds or bus-stops,1.0,Kanniyakumari,369433.0,340000.0,exact_normalized_l1,MEDIUM_CONFIDENCE
53720,PRJ_C25C792D8710,S Jothimani,Tamil Nadu,Karur,Purchase of hospital equipment,NA - Purchase of hospital equipment,1.0,Karur,266000.0,389000.0,exact_normalized_l1,HIGH_CONFIDENCE
53730,PRJ_BBB278465C2E,S Venkatesan,Tamil Nadu,Madurai,Lighting of public spaces,NA - Lighting of public spaces,1.0,Madurai,392077.0,350000.0,exact_normalized_l1,MEDIUM_CONFIDENCE
53733,PRJ_56E8A997B099,CN Annadurai,Tamil Nadu,Tiruvannamalai,Construction of community centers and community halls,NA - Construction of community centers and community halls,1.0,Tirupathur,599276.0,5000000.0,exact_normalized_l1,HIGH_CONFIDENCE
53793,PRJ_DFEEBD3906E6,Kanimozhi Karunanidhi,Tamil Nadu,Thoothukkudi,Construction of buildings for community cultural activities,NA - Construction of buildings for community cultural activities,1.0,Thoothukkudi,909327.0,1000000.0,exact_normalized_l1,MEDIUM_CONFIDENCE
53806,PRJ_F1662338CE5F,Vijayakumar Vasanth,Tamil Nadu,Kanniyakumari,Construction of culverts and bridges,NA - Construction of culverts and bridges,1.0,Kanniyakumari,1000000.0,650000.0,exact_normalized_l1,MEDIUM_CONFIDENCE
53870,PRJ_A548456EC481,Andimuthu Raja,Tamil Nadu,Nilgiris(Sc),Construction of boundary walls of existing public and community buildings,NA - Construction of boundary walls of existing public and community buildings,1.0,The Nilgiris,299076.0,200000.0,exact_normalized_l1,MEDIUM_CONFIDENCE
53898,PRJ_739569224AC7,Manickam Tagore B,Tamil Nadu,Virudhunagar,Purchase of furniture and fixtures for educational purposes,NA - Purchase of furniture and fixtures for educational purposes,1.0,Virudhunagar,296140.0,408000.0,exact_normalized_l1,MEDIUM_CONFIDENCE
53935,PRJ_657D5E6690BF,S. Jagathrakshakan,Tamil Nadu,Arakkonam,Providing drains and gutters for public drainage,NA - Providing drains and gutters for public drainage,1.0,Thiruvallur,999738.0,1000000.0,exact_normalized_l1,MEDIUM_CONFIDENCE
53936,PRJ_8528290E05CD,Manickam Tagore B,Tamil Nadu,Virudhunagar,Installing tube-wells and borewells,NA - Installing tube-wells and borewells,1.0,Madurai,542342.0,350000.0,exact_normalized_l1,MEDIUM_CONFIDENCE
53948,PRJ_9C6CE07E7D0D,K Subbarayan,Tamil Nadu,Tiruppur,Construction of water tanks,NA - Construction of water tanks,1.0,Erode,1200000.0,1800000.0,exact_normalized_l1,MEDIUM_CONFIDENCE
53953,PRJ_9A9B4D203A95,Vijayakumar Vasanth,Tamil Nadu,Kanniyakumari,Construction of rooms and halls in school and colleges,NA - Construction of rooms and halls in school and colleges,1.0,Kanniyakumari,1398314.0,1800000.0,exact_normalized_l1,MEDIUM_CONFIDENCE
53996,PRJ_6A6607AE973C,Karti P Chidambaram,Tamil Nadu,Sivaganga,Construction of buildings for community cultural activities,NA - Construction of buildings for community cultural activities,1.0,Sivaganga,942706.0,1300000.0,exact_normalized_l1,MEDIUM_CONFIDENCE
54068,PRJ_41FD13F5A3E2,S Jothimani,Tamil Nadu,Karur,Construction of water tanks,NA - Construction of water tanks,1.0,Karur,1655731.0,200000.0,exact_normalized_l1,MEDIUM_CONFIDENCE
54075,PRJ_4F3219273454,K Subbarayan,Tamil Nadu,Tiruppur,Providing supply pipelines for drinking water,NA - Providing supply pipelines for drinking water,1.0,Erode,1064636.0,1800000.0,exact_normalized_l1,HIGH_CONFIDENCE
54089,PRJ_8B077D5C6B49,Kani K Navas,Tamil Nadu,Ramanathapuram,Construction of rooms and halls in school and colleges,NA - Construction of rooms and halls in school and colleges,1.0,Pudukkottai,1841471.0,2500000.0,exact_normalized_l1,HIGH_CONFIDENCE
54136,PRJ_3350C42E5AFE,S Jothimani,Tamil Nadu,Karur,Construction of rooms and halls in school and colleges,NA - Construction of rooms and halls in school and colleges,1.0,Karur,757480.0,1300000.0,exact_normalized_l1,MEDIUM_CONFIDENCE
54164,PRJ_6AD75B58DDA4,Thirumaa Valavan Thol,Tamil Nadu,Chidambaram(Sc),Construction of bus-sheds or bus-stops,NA - Construction of bus-sheds or bus-stops,1.0,Cuddalore,286419.0,1000000.0,exact_normalized_l1,MEDIUM_CONFIDENCE
54190,PRJ_35F2BC9BCFB7,S. Jagathrakshakan,Tamil Nadu,Arakkonam,Construction of rooms and halls in school and colleges,NA - Construction of rooms and halls in school and colleges,1.0,Ranipet,1297974.0,3600000.0,exact_normalized_l1,MEDIUM_CONFIDENCE
54197,PRJ_D42F0B01C57B,D Ravikumar,Tamil Nadu,Viluppuram(Sc),Construction of common work sheds/ common covered sitting area,NA - Construction of common work sheds/ common covered sitting area,1.0,Viluppuram,1099851.0,1050000.0,exact_normalized_l1,HIGH_CONFIDENCE
54211,PRJ_5E1E0CEDDC3C,S. Jagathrakshakan,Tamil Nadu,Arakkonam,Installing tube-wells and borewells,NA - Installing tube-wells and borewells,1.0,Ranipet,210000.0,210000.0,exact_normalized_l1,MEDIUM_CONFIDENCE
54237,PRJ_520CF3B659C2,D Ravikumar,Tamil Nadu,Viluppuram(Sc),Street lights,NA - Street lights,1.0,Viluppuram,250000.0,250000.0,exact_normalized_l1,MEDIUM_CONFIDENCE
54243,PRJ_8D494C7E70EB,Ganesan Selvam,Tamil Nadu,Kancheepuram(Sc),Construction of buildings for community cultural activities,NA - Construction of buildings for community cultural activities,1.0,Chengalpattu,899711.0,500000.0,exact_normalized_l1,MEDIUM_CONFIDENCE
54259,PRJ_E56071638558,Kanimozhi Karunanidhi,Tamil Nadu,Thoothukkudi,Construction of bus-sheds or bus-stops,NA - Construction of bus-sheds or bus-stops,1.0,Thoothukkudi,400000.0,750000.0,exact_normalized_l1,MEDIUM_CONFIDENCE
54328,PRJ_8060E4CC558D,Andimuthu Raja,Tamil Nadu,Nilgiris(Sc),Street lights,NA - Street lights,1.0,Erode,181957.0,600000.0,exact_normalized_l1,HIGH_CONFIDENCE
54582,PRJ_40404C858A32,Vijayakumar Vasanth,Tamil Nadu,Kanniyakumari,Installing tube-wells and borewells,NA - Installing tube-wells and borewells,1.0,Kanniyakumari,300000.0,592800.0,exact_normalized_l1,MEDIUM_CONFIDENCE
54588,PRJ_95C2F152AE0F,Ganesan Selvam,Tamil Nadu,Kancheepuram(Sc),Construction of water tanks,NA - Construction of water tanks,1.0,Chengalpattu,1499661.0,550000.0,exact_normalized_l1,MEDIUM_CONFIDENCE
55231,PRJ_AB73058A2798,K Subbarayan,Tamil Nadu,Tiruppur,"Purchase of prosthetics, wheel chairs, tricycles (manual or motorized), elect scooties, hearing aids","NA - Purchase of prosthetics, wheel chairs, tricycles (manual or motorized), elect scooties, hearing aids",1.0,Erode,730000.0,84000.0,exact_normalized_l1,MEDIUM_CONFIDENCE
55232,PRJ_23D7F72050FA,Vijayakumar Vasanth,Tamil Nadu,Kanniyakumari,Street lights,NA - Street lights,1.0,Kanniyakumari,749810.0,740200.0,exact_normalized_l1,MEDIUM_CONFIDENCE
55354,PRJ_C3318CB1D68D,S. Jagathrakshakan,Tamil Nadu,Arakkonam,Construction of buildings for community cultural activities,NA - Construction of buildings for community cultural activities,1.0,Thiruvallur,664853.0,1100000.0,exact_normalized_l1,MEDIUM_CONFIDENCE
55426,PRJ_E0287C211B5A,S Jothimani,Tamil Nadu,Karur,Construction of community centers and community halls,NA - Construction of community centers and community halls,1.0,Dindigul,1048762.0,3000000.0,exact_normalized_l1,HIGH_CONFIDENCE
55434,PRJ_691E31336A97,K Subbarayan,Tamil Nadu,Tiruppur,Construction of road under bridge,NA - Construction of road under bridge,1.0,Tiruppur,550000.0,4350000.0,exact_normalized_l1,HIGH_CONFIDENCE
55440,PRJ_1E3D05783BF3,Manickam Tagore B,Tamil Nadu,Virudhunagar,Construction of water tanks,NA - Construction of water tanks,1.0,Virudhunagar,429139.0,350000.0,exact_normalized_l1,MEDIUM_CONFIDENCE
55471,PRJ_A1A50CF6EFC7,S Jothimani,Tamil Nadu,Karur,Construction of public libraries and reading rooms,NA - Construction of public libraries and reading rooms,1.0,Karur,722585.0,1200000.0,exact_normalized_l1,HIGH_CONFIDENCE
55480,PRJ_BC4D87690D5E,Karti P Chidambaram,Tamil Nadu,Sivaganga,Construction of boundary walls of existing public and community buildings,NA - Construction of boundary walls of existing public and community buildings,1.0,Pudukkottai,500000.0,500000.0,exact_normalized_l1,MEDIUM_CONFIDENCE
55557,PRJ_73F06F42670F,Andimuthu Raja,Tamil Nadu,Nilgiris(Sc),"Purchase of smart boards, visual display units and projectors","NA - Purchase of smart boards, visual display units and projectors",1.0,Tiruppur,199951.0,200000.0,exact_normalized_l1,MEDIUM_CONFIDENCE
55566,PRJ_A432084C0702,Karti P Chidambaram,Tamil Nadu,Sivaganga,Construction of buildings for sports facilities,NA - Construction of buildings for sports facilities,1.0,Sivaganga,300000.0,500000.0,exact_normalized_l1,HIGH_CONFIDENCE
55705,PRJ_EAD73955D020,Karti P Chidambaram,Tamil Nadu,Sivaganga,Construction of public toilets and bathrooms,NA - Construction of public toilets and bathrooms,1.0,Sivaganga,149904.0,450000.0,exact_normalized_l1,MEDIUM_CONFIDENCE
55708,PRJ_33532AB735A1,S Venkatesan,Tamil Nadu,Madurai,Construction of public libraries and reading rooms,NA - Construction of public libraries and reading rooms,1.0,Madurai,2499460.0,525000.0,exact_normalized_l1,MEDIUM_CONFIDENCE
55750,PRJ_18FE246061FB,Andimuthu Raja,Tamil Nadu,Nilgiris(Sc),Installing tube-wells and borewells,NA - Installing tube-wells and borewells,1.0,The Nilgiris,500000.0,350000.0,exact_normalized_l1,MEDIUM_CONFIDENCE
55760,PRJ_821805F32DF1,Thirumaa Valavan Thol,Tamil Nadu,Chidambaram(Sc),Providing drains and gutters for public drainage,NA - Providing drains and gutters for public drainage,1.0,Ariyalur,999025.0,1100000.0,exact_normalized_l1,HIGH_CONFIDENCE
55948,PRJ_07CDF4CCD5D1,Manickam Tagore B,Tamil Nadu,Virudhunagar,Street lights,NA - Street lights,1.0,Virudhunagar,150000.0,170000.0,exact_normalized_l1,MEDIUM_CONFIDENCE
56009,PRJ_E7D01BFEB2C5,CN Annadurai,Tamil Nadu,Tiruvannamalai,Street lights,NA - Street lights,1.0,Tirupathur,434956.0,435000.0,exact_normalized_l1,MEDIUM_CONFIDENCE
56013,PRJ_0B06CC346689,Ganesan Selvam,Tamil Nadu,Kancheepuram(Sc),Lighting of public spaces,NA - Lighting of public spaces,1.0,Kancheepuram,730787.0,700000.0,exact_normalized_l1,MEDIUM_CONFIDENCE
56048,PRJ_227AE7E65DE3,Ganesan Selvam,Tamil Nadu,Kancheepuram(Sc),"Purchase of smart boards, visual display units and projectors","NA - Purchase of smart boards, visual display units and projectors",1.0,Chengalpattu,400000.0,400000.0,exact_normalized_l1,MEDIUM_CONFIDENCE
56069,PRJ_2F1A417D717D,Ganesan Selvam,Tamil Nadu,Kancheepuram(Sc),Purchase of furniture and fixtures for educational purposes,NA - Purchase of furniture and fixtures for educational purposes,1.0,Chengalpattu,250000.0,500000.0,exact_normalized_l1,MEDIUM_CONFIDENCE
56185,PRJ_8D3B38BC9430,S Venkatesan,Tamil Nadu,Madurai,"Construction of roads, link roads, pathways or any other road with or without drainage system","NA - Construction of roads, link roads, pathways or any other road with or without drainage system",1.0,Madurai,499419.0,950000.0,exact_normalized_l1,HIGH_CONFIDENCE
56202,PRJ_4F9F3CA3A094,S Venkatesan,Tamil Nadu,Madurai,Construction of rooms and halls in school and colleges,NA - Construction of rooms and halls in school and colleges,1.0,Madurai,1498968.0,1000000.0,exact_normalized_l1,HIGH_CONFIDENCE
56615,PRJ_F148E530351F,S. Jagathrakshakan,Tamil Nadu,Arakkonam,Construction of boundary walls of existing public and community buildings,NA - Construction of boundary walls of existing public and community buildings,1.0,Thiruvallur,649986.0,400000.0,exact_normalized_l1,MEDIUM_CONFIDENCE
56643,PRJ_6CDA138D94C6,Karti P Chidambaram,Tamil Nadu,Sivaganga,Purchase of furniture and fixtures for educational purposes,NA - Purchase of furniture and fixtures for educational purposes,1.0,Sivaganga,800000.0,700000.0,exact_normalized_l1,MEDIUM_CONFIDENCE
56663,PRJ_386026592305,Kani K Navas,Tamil Nadu,Ramanathapuram,Purchase of furniture and fixtures for educational purposes,NA - Purchase of furniture and fixtures for educational purposes,1.0,Virudhunagar,999345.0,99000.0,exact_normalized_l1,MEDIUM_CONFIDENCE
56834,PRJ_F1AA01BFD61B,Sanjay Kumar Bandi,Telangana,Karimnagar,Construction of community centers and community halls,NA - Construction of community centers and community halls,1.0,Karimnagar,299418.0,200000.0,exact_normalized_l1,MEDIUM_CONFIDENCE
56850,PRJ_967F16113092,Kishan Reddy Gangapuram,Telangana,Secunderabad,Construction of community centers and community halls,NA - Construction of community centers and community halls,1.0,Hyderabad,1027343.0,2370000.0,exact_normalized_l1,MEDIUM_CONFIDENCE
56924,PRJ_615A0D94E08E,Sanjay Kumar Bandi,Telangana,Karimnagar,Installing tube-wells and borewells,NA - Installing tube-wells and borewells,1.0,Rajanna Sircilla,185939.0,200000.0,exact_normalized_l1,HIGH_CONFIDENCE
56965,PRJ_A2B3D7DA3E26,Asaduddin Owaisi,Telangana,Hyderabad,"Purchase of prosthetics, wheel chairs, tricycles (manual or motorized), elect scooties, hearing aids","NA - Purchase of prosthetics, wheel chairs, tricycles (manual or motorized), elect scooties, hearing aids",1.0,Hyderabad,103387.0,576035.0,exact_normalized_l1,HIGH_CONFIDENCE
57008,PRJ_AE1BD34377FF,Sanjay Kumar Bandi,Telangana,Karimnagar,Lighting of public spaces,NA - Lighting of public spaces,1.0,Rajanna Sircilla,97272.0,100000.0,exact_normalized_l1,MEDIUM_CONFIDENCE
57032,PRJ_58C5FBD4DCBF,Sanjay Kumar Bandi,Telangana,Karimnagar,"Construction of roads, link roads, pathways or any other road with or without drainage system","NA - Construction of roads, link roads, pathways or any other road with or without drainage system",1.0,Karimnagar,216832.0,500000.0,exact_normalized_l1,MEDIUM_CONFIDENCE
57112,PRJ_5CE9DC67C4AF,Sanjay Kumar Bandi,Telangana,Karimnagar,Purchase of furniture and fixtures for educational purposes,NA - Purchase of furniture and fixtures for educational purposes,1.0,Rajanna Sircilla,99594.0,500000.0,exact_normalized_l1,HIGH_CONFIDENCE
57206,PRJ_BA29E0584478,Sanjay Kumar Bandi,Telangana,Karimnagar,Installing community drinking water plants,NA - Installing community drinking water plants,1.0,Rajanna Sircilla,299263.0,150000.0,exact_normalized_l1,MEDIUM_CONFIDENCE
57286,PRJ_BE82D31C4991,Sanjay Kumar Bandi,Telangana,Karimnagar,Providing drains and gutters for public drainage,NA - Providing drains and gutters for public drainage,1.0,Karimnagar,372296.0,500000.0,exact_normalized_l1,MEDIUM_CONFIDENCE
58249,PRJ_5075B3B55579,Sanjay Kumar Bandi,Telangana,Karimnagar,Installation of multi-gym equipment,NA - Installation of multi-gym equipment,1.0,Karimnagar,299986.0,300000.0,exact_normalized_l1,MEDIUM_CONFIDENCE
59733,PRJ_7AE1D954FF77,Jagdambika Pal,Uttar Pradesh,Domariyaganj,"Construction of roads, link roads, pathways or any other road with or without drainage system","NA - Construction of roads, link roads, pathways or any other road with or without drainage system",1.0,Siddharthnagar,577020.0,730000.0,exact_normalized_l1,HIGH_CONFIDENCE
59761,PRJ_35C0316413AE,Dimple Yadav,Uttar Pradesh,Mainpuri,Lighting of public spaces,NA - Lighting of public spaces,1.0,Mainpuri,15364.0,13000.0,exact_normalized_l1,HIGH_CONFIDENCE
59845,PRJ_D096DBB3F53C,Dimple Yadav,Uttar Pradesh,Mainpuri,"Construction of roads, link roads, pathways or any other road with or without drainage system","NA - Construction of roads, link roads, pathways or any other road with or without drainage system",1.0,Mainpuri,562257.0,1050000.0,exact_normalized_l1,HIGH_CONFIDENCE
60212,PRJ_478E1558AC3E,Ram Shiromani,Uttar Pradesh,Shrawasti,"Construction of roads, link roads, pathways or any other road with or without drainage system","NA - Construction of roads, link roads, pathways or any other road with or without drainage system",1.0,Shrawasti,1865906.0,833000.0,exact_normalized_l1,HIGH_CONFIDENCE
60216,PRJ_26EAC273B39D,Jagdambika Pal,Uttar Pradesh,Domariyaganj,Construction of rooms and halls in school and colleges,NA - Construction of rooms and halls in school and colleges,1.0,Siddharthnagar,75000.0,500000.0,exact_normalized_l1,MEDIUM_CONFIDENCE
60365,PRJ_9CB65D14BA97,Ram Shiromani,Uttar Pradesh,Shrawasti,Lighting of public spaces,NA - Lighting of public spaces,1.0,Shrawasti,673112.0,258000.0,exact_normalized_l1,MEDIUM_CONFIDENCE
60503,PRJ_290DF88DA158,Devendra Alias Bhole Singh,Uttar Pradesh,Akbarpur,Lighting of public spaces,NA - Lighting of public spaces,1.0,Kanpur Nagar,497887.0,574000.0,exact_normalized_l1,HIGH_CONFIDENCE
60609,PRJ_AACFCABAB4AC,Kirti Vardhan Singh,Uttar Pradesh,Gonda,"Construction of roads, link roads, pathways or any other road with or without drainage system","NA - Construction of roads, link roads, pathways or any other road with or without drainage system",1.0,Gonda,252857.0,236000.0,exact_normalized_l1,HIGH_CONFIDENCE
60639,PRJ_AD2D7942FB46,Jai Prakash,Uttar Pradesh,Hardoi (Sc),Construction of rooms and halls in school and colleges,NA - Construction of rooms and halls in school and colleges,1.0,Hardoi,124088.0,600000.0,exact_normalized_l1,MEDIUM_CONFIDENCE
60721,PRJ_8C68AE1E51B0,Ashok Kumar Rawat,Uttar Pradesh,Misrikh(Sc),Lighting of public spaces,NA - Lighting of public spaces,1.0,Kanpur Nagar,9415694.0,9795500.0,exact_normalized_l1,HIGH_CONFIDENCE
60727,PRJ_1A11830D7817,Pankaj Chowdhary,Uttar Pradesh,Maharajganj_Up,Construction of rooms and halls in school and colleges,NA - Construction of rooms and halls in school and colleges,1.0,Mahrajganj,749794.0,500000.0,exact_normalized_l1,HIGH_CONFIDENCE
60747,PRJ_949E674BC004,Vijay Kumar Dubey,Uttar Pradesh,Kushi Nagar,Construction of rooms and halls in school and colleges,NA - Construction of rooms and halls in school and colleges,1.0,Kushinagar,300000.0,250000.0,exact_normalized_l1,MEDIUM_CONFIDENCE
60914,PRJ_64EFE7ABC0F6,Vijay Kumar Dubey,Uttar Pradesh,Kushi Nagar,Construction of community centers and community halls,NA - Construction of community centers and community halls,1.0,Kushinagar,850130.0,500000.0,exact_normalized_l1,HIGH_CONFIDENCE
62895,PRJ_CD247A40F4B8,Vijay Kumar Dubey,Uttar Pradesh,Kushi Nagar,Construction of additional rooms and halls in the existing public and community building,NA - Construction of additional rooms and halls in the existing public and community building,1.0,Kushinagar,180000.0,1350000.0,exact_normalized_l1,HIGH_CONFIDENCE
63066,PRJ_D81C8602ABCE,Ram Shiromani,Uttar Pradesh,Shrawasti,Construction of rooms and halls in school and colleges,NA - Construction of rooms and halls in school and colleges,1.0,Azamgarh,608941.0,400000.0,exact_normalized_l1,MEDIUM_CONFIDENCE
69850,PRJ_04858FA75CFE,Swami Sachchidanandhari Sakshi Ji Maharaj,Uttar Pradesh,Unnao,"Construction of roads, link roads, pathways or any other road with or without drainage system","NA - Construction of roads, link roads, pathways or any other road with or without drainage system",1.0,Unnao,517653.0,296000.0,exact_normalized_l1,HIGH_CONFIDENCE
71582,PRJ_E7CAA1E51653,Ravindra Shyamnarayan Alias Ravi Kishan Shukla,Uttar Pradesh,Gorakhpur,"Construction of roads, link roads, pathways or any other road with or without drainage system","NA - Construction of roads, link roads, pathways or any other road with or without drainage system",1.0,Gorakhpur,863681.0,1960000.0,exact_normalized_l1,MEDIUM_CONFIDENCE
71586,PRJ_4D2ABBC4E209,Ravindra Shyamnarayan Alias Ravi Kishan Shukla,Uttar Pradesh,Gorakhpur,Construction of rooms and halls in school and colleges,NA - Construction of rooms and halls in school and colleges,1.0,Gorakhpur,435217.0,1000000.0,exact_normalized_l1,HIGH_CONFIDENCE
72215,PRJ_291432C5D49F,Anurag Sharma,Uttar Pradesh,Jhansi,Construction of rooms and halls in school and colleges,NA - Construction of rooms and halls in school and colleges,1.0,Jhansi,124294.0,500000.0,exact_normalized_l1,HIGH_CONFIDENCE
72327,PRJ_BEDADD4CA29C,Kamlesh Paswan,Uttar Pradesh,Bansgaon(Sc),Lighting of public spaces,NA - Lighting of public spaces,1.0,Gorakhpur,384763.0,268200.0,exact_normalized_l1,HIGH_CONFIDENCE
72329,PRJ_282E815CA70A,Ravindra Shyamnarayan Alias Ravi Kishan Shukla,Uttar Pradesh,Gorakhpur,Lighting of public spaces,NA - Lighting of public spaces,1.0,Gorakhpur,384763.0,460000.0,exact_normalized_l1,MEDIUM_CONFIDENCE
73236,PRJ_8F756DF1C102,Mukesh Rajput,Uttar Pradesh,Farrukhabad,Construction of rooms and halls in school and colleges,NA - Construction of rooms and halls in school and colleges,1.0,Etah,1086898.0,1100322.0,exact_normalized_l1,HIGH_CONFIDENCE
73360,PRJ_1AEDB7B0D0D0,Pankaj Chowdhary,Uttar Pradesh,Maharajganj_Up,Construction of culverts and bridges,NA - Construction of culverts and bridges,1.0,Mahrajganj,1453642.0,1211000.0,exact_normalized_l1,HIGH_CONFIDENCE
74155,PRJ_A18C6FAAD154,Vijay Kumar Dubey,Uttar Pradesh,Kushi Nagar,Lighting of public spaces,NA - Lighting of public spaces,1.0,Kushinagar,60495.0,237000.0,exact_normalized_l1,MEDIUM_CONFIDENCE
76038,PRJ_993A2937ADCE,Bhola Singh,Uttar Pradesh,Bulandshahr(Sc),Lighting of public spaces,NA - Lighting of public spaces,1.0,Bulandshahr,298955.0,608000.0,exact_normalized_l1,HIGH_CONFIDENCE
76254,PRJ_E22C8A91BFE6,Ajay Bhatt,Uttarakhand,Nainital Udham Singh Nag.,"Construction of roads, link roads, pathways or any other road with or without drainage system","NA - Construction of roads, link roads, pathways or any other road with or without drainage system",1.0,Udham Singh Nagar,69845.0,100000.0,exact_normalized_l1,MEDIUM_CONFIDENCE
76257,PRJ_DB3D00BDA863,Ajay Bhatt,Uttarakhand,Nainital Udham Singh Nag.,Construction of common work sheds/ common covered sitting area,NA - Construction of common work sheds/ common covered sitting area,1.0,Nainital,16112.0,100000.0,exact_normalized_l1,MEDIUM_CONFIDENCE
76259,PRJ_BD23F737E49C,Ajay Tamta,Uttarakhand,Almora(Sc),Construction of footpaths and pedestrian ways,NA - Construction of footpaths and pedestrian ways,1.0,Bageshwar,1000.0,200000.0,exact_normalized_l1,MEDIUM_CONFIDENCE
76268,PRJ_A3E2EEB542A8,Ajay Bhatt,Uttarakhand,Nainital Udham Singh Nag.,Construction of community centers and community halls,NA - Construction of community centers and community halls,1.0,Nainital,17170.0,250000.0,exact_normalized_l1,MEDIUM_CONFIDENCE
76285,PRJ_A4A45FE2FC51,Ajay Tamta,Uttarakhand,Almora(Sc),Purchase of furniture and fixtures for educational purposes,NA - Purchase of furniture and fixtures for educational purposes,1.0,Pithoragarh,199980.0,200000.0,exact_normalized_l1,MEDIUM_CONFIDENCE
76301,PRJ_1FFDC68E4300,Ajay Bhatt,Uttarakhand,Nainital Udham Singh Nag.,Purchase of furniture and fixtures for educational purposes,NA - Purchase of furniture and fixtures for educational purposes,1.0,Nainital,75000.0,200000.0,exact_normalized_l1,MEDIUM_CONFIDENCE
76349,PRJ_DB553DE74B3E,Ajay Bhatt,Uttarakhand,Nainital Udham Singh Nag.,Installing hand pumps,NA - Installing hand pumps,1.0,Nainital,8585.0,300000.0,exact_normalized_l1,MEDIUM_CONFIDENCE
76354,PRJ_65D5777A1CEC,Ajay Bhatt,Uttarakhand,Nainital Udham Singh Nag.,Construction of rooms and halls in school and colleges,NA - Construction of rooms and halls in school and colleges,1.0,Nainital,18375.0,100000.0,exact_normalized_l1,MEDIUM_CONFIDENCE
76367,PRJ_F12E94F06A44,Mala Rajya Laxmi Shah,Uttarakhand,Tehri Garhwal,Construction of footpaths and pedestrian ways,NA - Construction of footpaths and pedestrian ways,1.0,Dehradun,239085.0,60000.0,exact_normalized_l1,MEDIUM_CONFIDENCE
76376,PRJ_F679464FB4D6,Ajay Bhatt,Uttarakhand,Nainital Udham Singh Nag.,Construction of toilet blocks,NA - Construction of toilet blocks,1.0,Nainital,14645.0,300000.0,exact_normalized_l1,HIGH_CONFIDENCE
76394,PRJ_CD1814797D00,Ajay Tamta,Uttarakhand,Almora(Sc),Construction of common work sheds/ common covered sitting area,NA - Construction of common work sheds/ common covered sitting area,1.0,Almora,10374.0,600000.0,exact_normalized_l1,MEDIUM_CONFIDENCE
76402,PRJ_8AF94FE9DAC9,Ajay Bhatt,Uttarakhand,Nainital Udham Singh Nag.,"Purchase of IT systems, including hardware and software for educational purposes","NA - Purchase of IT systems, including hardware and software for educational purposes",1.0,Udham Singh Nagar,97500.0,200000.0,exact_normalized_l1,MEDIUM_CONFIDENCE
76428,PRJ_989550DAE328,Mala Rajya Laxmi Shah,Uttarakhand,Tehri Garhwal,Construction of bus-sheds or bus-stops,NA - Construction of bus-sheds or bus-stops,1.0,Uttarkashi,15420.0,1.0,exact_normalized_l1,HIGH_CONFIDENCE
76451,PRJ_D8B235D4AAC8,Mala Rajya Laxmi Shah,Uttarakhand,Tehri Garhwal,Construction of common work sheds/ common covered sitting area,NA - Construction of common work sheds/ common covered sitting area,1.0,Dehradun,2799.0,50000.0,exact_normalized_l1,MEDIUM_CONFIDENCE
76477,PRJ_050E4F63758A,Ajay Tamta,Uttarakhand,Almora(Sc),"Construction of roads, link roads, pathways or any other road with or without drainage system","NA - Construction of roads, link roads, pathways or any other road with or without drainage system",1.0,Pithoragarh,199737.0,500000.0,exact_normalized_l1,MEDIUM_CONFIDENCE
76498,PRJ_FD3E8DE45FEE,Mala Rajya Laxmi Shah,Uttarakhand,Tehri Garhwal,Construction of rooms and halls in school and colleges,NA - Construction of rooms and halls in school and colleges,1.0,Tehri Garhwal,250000.0,200000.0,exact_normalized_l1,MEDIUM_CONFIDENCE
76646,PRJ_4597786FFA6C,Ajay Bhatt,Uttarakhand,Nainital Udham Singh Nag.,Construction of public libraries and reading rooms,NA - Construction of public libraries and reading rooms,1.0,Nainital,13650.0,500000.0,exact_normalized_l1,MEDIUM_CONFIDENCE
76694,PRJ_9D63A35A8BFC,Ajay Tamta,Uttarakhand,Almora(Sc),Development of public parks,NA - Development of public parks,1.0,Pithoragarh,200000.0,250000.0,exact_normalized_l1,MEDIUM_CONFIDENCE
76844,PRJ_E8ACD087CA84,Ajay Tamta,Uttarakhand,Almora(Sc),Improvement of electricity distribution infrastructure,NA - Improvement of electricity distribution infrastructure,1.0,Pithoragarh,464802.0,25000.0,exact_normalized_l1,MEDIUM_CONFIDENCE
76902,PRJ_428A7698941A,Ajay Bhatt,Uttarakhand,Nainital Udham Singh Nag.,Lighting of public spaces,NA - Lighting of public spaces,1.0,Nainital,247490.0,55399.0,exact_normalized_l1,MEDIUM_CONFIDENCE
77047,PRJ_44BFBA420F9B,Ajay Bhatt,Uttarakhand,Nainital Udham Singh Nag.,Development of public parks,NA - Development of public parks,1.0,Udham Singh Nagar,248588.0,500000.0,exact_normalized_l1,MEDIUM_CONFIDENCE
77134,PRJ_75244B1C5F8C,Mala Rajya Laxmi Shah,Uttarakhand,Tehri Garhwal,Development of playfields and sports grounds,NA - Development of playfields and sports grounds,1.0,Dehradun,608000.0,500000.0,exact_normalized_l1,MEDIUM_CONFIDENCE
77428,PRJ_97DB66D5FE1C,Ajay Tamta,Uttarakhand,Almora(Sc),Construction of rooms and halls in school and colleges,NA - Construction of rooms and halls in school and colleges,1.0,Almora,27847.0,500000.0,exact_normalized_l1,MEDIUM_CONFIDENCE
77490,PRJ_2FB29137DB9F,Ajay Bhatt,Uttarakhand,Nainital Udham Singh Nag.,Improvement of electricity distribution infrastructure,NA - Improvement of electricity distribution infrastructure,1.0,Nainital,28515.0,39700.0,exact_normalized_l1,HIGH_CONFIDENCE
77524,PRJ_79FF44DB9285,Prasun Banerjee,West Bengal,Howrah,Lighting of public spaces,NA - Lighting of public spaces,1.0,Howrah,147378.0,1414820.0,exact_normalized_l1,MEDIUM_CONFIDENCE
77537,PRJ_C735A1FE7F05,Khalilur Rahaman,West Bengal,Jangipur,Purchase of non-conventional energy system and devices for community use,NA - Purchase of non-conventional energy system and devices for community use,1.0,Murshidabad,887155.0,650000.0,exact_normalized_l1,HIGH_CONFIDENCE
77547,PRJ_A468DBF0F07A,Jagannath Sarkar,West Bengal,Ranaghat(Sc),Street lights,NA - Street lights,1.0,Nadia,804563.0,300000.0,exact_normalized_l1,MEDIUM_CONFIDENCE
77559,PRJ_AD496A26E67F,Asit Kumar Mal,West Bengal,Bolpur(Sc),Street lights,NA - Street lights,1.0,Purba Bardhaman,559116.0,1398015.0,exact_normalized_l1,HIGH_CONFIDENCE
77564,PRJ_D99E74CD26BC,Abu Taher Khan,West Bengal,Murshidabad,"Construction of roads, link roads, pathways or any other road with or without drainage system","NA - Construction of roads, link roads, pathways or any other road with or without drainage system",1.0,Murshidabad,613779.0,6684201.0,exact_normalized_l1,HIGH_CONFIDENCE
77567,PRJ_42A3D323D603,Asit Kumar Mal,West Bengal,Bolpur(Sc),"Construction of roads, link roads, pathways or any other road with or without drainage system","NA - Construction of roads, link roads, pathways or any other road with or without drainage system",1.0,Purba Bardhaman,586967.0,1000000.0,exact_normalized_l1,HIGH_CONFIDENCE
77607,PRJ_4DAD4A176DBD,Sajda Ahmed,West Bengal,Uluberia,Construction of rooms and halls in school and colleges,NA - Construction of rooms and halls in school and colleges,1.0,Howrah,191289.0,700000.0,exact_normalized_l1,MEDIUM_CONFIDENCE
77619,PRJ_FE115284C573,Pratima Mondal,West Bengal,Joynagar(Sc),Installing community drinking water plants,NA - Installing community drinking water plants,1.0,South 24 Parganas,434369.0,250000.0,exact_normalized_l1,MEDIUM_CONFIDENCE
77627,PRJ_58E7E6D46919,Saumitra Khan,West Bengal,Bishnupur(Sc),Street lights,NA - Street lights,1.0,Bankura,1310705.0,228000.0,exact_normalized_l1,MEDIUM_CONFIDENCE
77646,PRJ_1B929B875794,Satabdi Roy (Banerjee),West Bengal,Birbhum,Lighting of public spaces,NA - Lighting of public spaces,1.0,Birbhum,324617.0,1637833.0,exact_normalized_l1,HIGH_CONFIDENCE
77647,PRJ_AD2014EDAAD6,Saumitra Khan,West Bengal,Bishnupur(Sc),Development of playground,NA - Development of playground,1.0,Bankura,2774787.0,2900000.0,exact_normalized_l1,HIGH_CONFIDENCE
77648,PRJ_22558EEB9AC6,Shatrughan Sinha,West Bengal,Asansol,Construction of community centers and community halls,NA - Construction of community centers and community halls,1.0,Paschim Bardhaman,3516250.0,4900000.0,exact_normalized_l1,MEDIUM_CONFIDENCE
77649,PRJ_18FD5604533D,Sajda Ahmed,West Bengal,Uluberia,Lighting of public spaces,NA - Lighting of public spaces,1.0,Howrah,149925.0,150000.0,exact_normalized_l1,MEDIUM_CONFIDENCE
77650,PRJ_86145949C31E,Abu Taher Khan,West Bengal,Murshidabad,Construction of boundary walls of existing public and community buildings,NA - Construction of boundary walls of existing public and community buildings,1.0,Murshidabad,488983.0,1772425.0,exact_normalized_l1,HIGH_CONFIDENCE
77657,PRJ_33CD3F0F61C7,Sukanta Majumdar,West Bengal,Balurghat,Installing community drinking water plants,NA - Installing community drinking water plants,1.0,Dakshin Dinajpur,299487.0,360000.0,exact_normalized_l1,MEDIUM_CONFIDENCE
77675,PRJ_8DE222C74899,Kalyan Banerjee,West Bengal,Sreerampur,"Purchase of ambulances (Four, three and two wheelers)","NA - Purchase of ambulances (Four, three and two wheelers)",1.0,Hooghly,786000.0,834367.0,exact_normalized_l1,HIGH_CONFIDENCE
77678,PRJ_46EB468F9086,Kakoli Ghosh Dastidar,West Bengal,Barasat,"Purchase of ambulances (Four, three and two wheelers)","NA - Purchase of ambulances (Four, three and two wheelers)",1.0,North 24 Parganas,785253.0,1478000.0,exact_normalized_l1,HIGH_CONFIDENCE
77679,PRJ_FC4EECD656C4,Abhishek Banerjee,West Bengal,Diamond Harbour,"Construction of roads, link roads, pathways or any other road with or without drainage system","NA - Construction of roads, link roads, pathways or any other road with or without drainage system",1.0,South 24 Parganas,254539.0,200113.0,exact_normalized_l1,MEDIUM_CONFIDENCE
77735,PRJ_CE7DFACC2378,Saumitra Khan,West Bengal,Bishnupur(Sc),Construction of community centers and community halls,NA - Construction of community centers and community halls,1.0,Bankura,1149539.0,550000.0,exact_normalized_l1,MEDIUM_CONFIDENCE
77765,PRJ_D9D9D469D4DF,Abu Taher Khan,West Bengal,Murshidabad,Construction of community centers and community halls,NA - Construction of community centers and community halls,1.0,Murshidabad,598111.0,1129846.0,exact_normalized_l1,HIGH_CONFIDENCE
77770,PRJ_C48730200C15,Kakoli Ghosh Dastidar,West Bengal,Barasat,Providing drains and gutters for public drainage,NA - Providing drains and gutters for public drainage,1.0,North 24 Parganas,499185.0,92000.0,exact_normalized_l1,MEDIUM_CONFIDENCE
77773,PRJ_379555806715,Satabdi Roy (Banerjee),West Bengal,Birbhum,Construction of buildings for community cultural activities,NA - Construction of buildings for community cultural activities,1.0,Birbhum,299989.0,1000000.0,exact_normalized_l1,HIGH_CONFIDENCE
77791,PRJ_BF8BA7903C1C,Mala Roy,West Bengal,Kolkata Dakshin,Construction of community centers and community halls,NA - Construction of community centers and community halls,1.0,Kolkata,199915.0,630000.0,exact_normalized_l1,HIGH_CONFIDENCE
77806,PRJ_79C30C354128,Kakoli Ghosh Dastidar,West Bengal,Barasat,Lighting of public spaces,NA - Lighting of public spaces,1.0,Murshidabad,533180.0,400000.0,exact_normalized_l1,MEDIUM_CONFIDENCE
77849,PRJ_1A613456272B,Mala Roy,West Bengal,Kolkata Dakshin,Construction of footpaths and pedestrian ways,NA - Construction of footpaths and pedestrian ways,1.0,Kolkata,2149375.0,1480000.0,exact_normalized_l1,HIGH_CONFIDENCE
77987,PRJ_5E0B2E1A4607,Sudip Bandyopadhyay,West Bengal,Kolkata Uttar,Construction of additional rooms and halls in the existing public and community building,NA - Construction of additional rooms and halls in the existing public and community building,1.0,Kolkata,5000000.0,993168.0,exact_normalized_l1,HIGH_CONFIDENCE
78002,PRJ_F5E05BEF58CA,Mala Roy,West Bengal,Kolkata Dakshin,Construction of rooms and halls in school and colleges,NA - Construction of rooms and halls in school and colleges,1.0,Kolkata,299671.0,1000000.0,exact_normalized_l1,HIGH_CONFIDENCE
78030,PRJ_432086FB66AF,Shatrughan Sinha,West Bengal,Asansol,Street lights,NA - Street lights,1.0,Paschim Bardhaman,5388159.0,900000.0,exact_normalized_l1,HIGH_CONFIDENCE
78031,PRJ_5D458512141F,Shatrughan Sinha,West Bengal,Asansol,Lighting of public spaces,NA - Lighting of public spaces,1.0,Paschim Bardhaman,1099067.0,400000.0,exact_normalized_l1,MEDIUM_CONFIDENCE
78115,PRJ_7DBADE350C52,Abhishek Banerjee,West Bengal,Diamond Harbour,Street lights,NA - Street lights,1.0,South 24 Parganas,275172.0,219273.0,exact_normalized_l1,HIGH_CONFIDENCE
78158,PRJ_DCF8E6F746AD,Kalyan Banerjee,West Bengal,Sreerampur,Purchase of hospital equipment,NA - Purchase of hospital equipment,1.0,Hooghly,829544.0,4272500.0,exact_normalized_l1,MEDIUM_CONFIDENCE
78164,PRJ_675A528CF84D,Mala Roy,West Bengal,Kolkata Dakshin,Street lights,NA - Street lights,1.0,Kolkata,878611.0,500000.0,exact_normalized_l1,MEDIUM_CONFIDENCE
78167,PRJ_7E6102B13EB6,Deepak (Dev) Adhikari,West Bengal,Ghatal,Lighting of public spaces,NA - Lighting of public spaces,1.0,Paschim Medinipur,319275.0,200000.0,exact_normalized_l1,MEDIUM_CONFIDENCE
78186,PRJ_A4761E404DC2,Kakoli Ghosh Dastidar,West Bengal,Barasat,Street lights,NA - Street lights,1.0,North 24 Parganas,499996.0,100000.0,exact_normalized_l1,HIGH_CONFIDENCE
78277,PRJ_BADA4A5FA061,Prasun Banerjee,West Bengal,Howrah,Street lights,NA - Street lights,1.0,Howrah,103625.0,1700000.0,exact_normalized_l1,MEDIUM_CONFIDENCE
78290,PRJ_7548243BC138,Mala Roy,West Bengal,Kolkata Dakshin,Improvement of electricity distribution infrastructure,NA - Improvement of electricity distribution infrastructure,1.0,Kolkata,298277.0,200000.0,exact_normalized_l1,HIGH_CONFIDENCE
78318,PRJ_D1B0A8D4FA6B,Kakoli Ghosh Dastidar,West Bengal,Barasat,Development of public parks,NA - Development of public parks,1.0,North 24 Parganas,988121.0,300000.0,exact_normalized_l1,HIGH_CONFIDENCE
78484,PRJ_0BC67F4D6C45,Saumitra Khan,West Bengal,Bishnupur(Sc),Installing community drinking water plants,NA - Installing community drinking water plants,1.0,Bankura,269835.0,135000.0,exact_normalized_l1,MEDIUM_CONFIDENCE
78560,PRJ_A4A8AE00095C,Mala Roy,West Bengal,Kolkata Dakshin,Providing drains and gutters for public drainage,NA - Providing drains and gutters for public drainage,1.0,Kolkata,559603.0,2670000.0,exact_normalized_l1,HIGH_CONFIDENCE
78579,PRJ_72347E07DA8A,Sudip Bandyopadhyay,West Bengal,Kolkata Uttar,Construction of rooms and halls in school and colleges,NA - Construction of rooms and halls in school and colleges,1.0,Kolkata,1199369.0,1000000.0,exact_normalized_l1,MEDIUM_CONFIDENCE
78715,PRJ_B6C9A60F80C1,Kalyan Banerjee,West Bengal,Sreerampur,Installing community drinking water plants,NA - Installing community drinking water plants,1.0,Hooghly,800912.0,388112.0,exact_normalized_l1,HIGH_CONFIDENCE
78885,PRJ_41286CD3ED27,Satabdi Roy (Banerjee),West Bengal,Birbhum,Providing drains and gutters for public drainage,NA - Providing drains and gutters for public drainage,1.0,Birbhum,496838.0,753500.0,exact_normalized_l1,MEDIUM_CONFIDENCE
79052,PRJ_6363FBC141B9,Kalyan Banerjee,West Bengal,Sreerampur,Street lights,NA - Street lights,1.0,Hooghly,589208.0,297893.0,exact_normalized_l1,MEDIUM_CONFIDENCE
79259,PRJ_78558F2F0E88,Satabdi Roy (Banerjee),West Bengal,Birbhum,Purchase of furniture and fixtures for educational purposes,NA - Purchase of furniture and fixtures for educational purposes,1.0,Birbhum,300000.0,1000000.0,exact_normalized_l1,HIGH_CONFIDENCE
79363,PRJ_45346906F050,Prasun Banerjee,West Bengal,Howrah,Construction of rooms and halls in school and colleges,NA - Construction of rooms and halls in school and colleges,1.0,Howrah,789641.0,2000000.0,exact_normalized_l1,MEDIUM_CONFIDENCE
79522,PRJ_9A7771544B12,Kakoli Ghosh Dastidar,West Bengal,Barasat,Construction of community centers and community halls,NA - Construction of community centers and community halls,1.0,North 24 Parganas,6000000.0,500000.0,exact_normalized_l1,MEDIUM_CONFIDENCE
79658,PRJ_D9FC59588D16,Abu Taher Khan,West Bengal,Murshidabad,"Purchase of prosthetics, wheel chairs, tricycles (manual or motorized), elect scooties, hearing aids","NA - Purchase of prosthetics, wheel chairs, tricycles (manual or motorized), elect scooties, hearing aids",1.0,Murshidabad,1521000.0,4830000.0,exact_normalized_l1,HIGH_CONFIDENCE
79812,PRJ_46CB47FC192C,Asit Kumar Mal,West Bengal,Bolpur(Sc),Improvement of electricity distribution infrastructure,NA - Improvement of electricity distribution infrastructure,1.0,Birbhum,899500.0,701959.0,exact_normalized_l1,HIGH_CONFIDENCE
79876,PRJ_F0A431C8DA55,Saumitra Khan,West Bengal,Bishnupur(Sc),Installing tube-wells and borewells,NA - Installing tube-wells and borewells,1.0,Bankura,1794129.0,210000.0,exact_normalized_l1,MEDIUM_CONFIDENCE
80183,PRJ_497469993A58,Mala Roy,West Bengal,Kolkata Dakshin,Providing supply pipelines for drinking water,NA - Providing supply pipelines for drinking water,1.0,Kolkata,498135.0,500000.0,exact_normalized_l1,HIGH_CONFIDENCE
80215,PRJ_106272D0840D,Asit Kumar Mal,West Bengal,Bolpur(Sc),Providing CCTV camera system for security of public areas,NA - Providing CCTV camera system for security of public areas,1.0,Birbhum,4290487.0,723459.0,exact_normalized_l1,HIGH_CONFIDENCE
80237,PRJ_0A5212895AC9,Kalyan Banerjee,West Bengal,Sreerampur,Installing tube-wells and borewells,NA - Installing tube-wells and borewells,1.0,Hooghly,498868.0,674746.0,exact_normalized_l1,HIGH_CONFIDENCE
80383,PRJ_92231547F0A3,Kalyan Banerjee,West Bengal,Sreerampur,Construction of rooms and halls in school and colleges,NA - Construction of rooms and halls in school and colleges,1.0,Hooghly,1200223.0,673858.0,exact_normalized_l1,HIGH_CONFIDENCE
80483,PRJ_92A9D08E977C,Khalilur Rahaman,West Bengal,Jangipur,"Purchase of ambulances (Four, three and two wheelers)","NA - Purchase of ambulances (Four, three and two wheelers)",1.0,Murshidabad,1294632.0,3200000.0,exact_normalized_l1,HIGH_CONFIDENCE
104973,PRJ_6992F098FCDA,Thalikkottai Rajuthevar Baalu,Tamil Nadu,Sriperumbudur,Construction of buildings for crèches and anganwadies,NA - Construction of buildings for crèches and anganwadies,1.0,Kanchipuram,1549631.0,1357000.0,exact_normalized_l1,MEDIUM_CONFIDENCE
105001,PRJ_47FFF9EB08DA,Ganesan Selvam,Tamil Nadu,Kancheepuram(SC),Construction of buildings for crèches and anganwadies,NA - Construction of buildings for crèches and anganwadies,1.0,Kanchipuram,827230.0,675000.0,exact_normalized_l1,MEDIUM_CONFIDENCE
105015,PRJ_76B16F50D3C7,S. Jagathrakshakan,Tamil Nadu,Arakkonam,Construction of buildings for crèches and anganwadies,NA - Construction of buildings for crèches and anganwadies,1.0,Ranipet,1749689.0,1300000.0,exact_normalized_l1,MEDIUM_CONFIDENCE
105044,PRJ_74E27C5DD5E9,Andimuthu Raja,Tamil Nadu,Nilgiris(SC),Construction of buildings for crèches and anganwadies,NA - Construction of buildings for crèches and anganwadies,1.0,Coimbatore,1400000.0,1400000.0,exact_normalized_l1,MEDIUM_CONFIDENCE
105135,PRJ_015574483E4F,Kanimozhi Karunanidhi,Tamil Nadu,Thoothukkudi,Construction of buildings for crèches and anganwadies,NA - Construction of buildings for crèches and anganwadies,1.0,Tuticorin,902764.0,1500000.0,exact_normalized_l1,MEDIUM_CONFIDENCE
105184,PRJ_EF5AC5BE7495,Vijayakumar Vasanth,Tamil Nadu,Kanniyakumari,Construction of buildings for crèches and anganwadies,NA - Construction of buildings for crèches and anganwadies,1.0,Kanniyakumari,1450000.0,1450000.0,exact_normalized_l1,MEDIUM_CONFIDENCE
115115,PRJ_E398ADB948BE,Tapir Gao,Arunachal Pradesh,Arunachal East,Construction of New Building,NA - Construction of New Building,1.0,Lohit,570979.0,400000.0,exact_normalized_l1,HIGH_CONFIDENCE
135023,PRJ_BFF5590B3AC5,Vijayakumar Vasanth,Tamil Nadu,Kanniyakumari,Construction of New Building,NA - Construction of New Building,1.0,Kanniyakumari,2000000.0,2500000.0,exact_normalized_l1,MEDIUM_CONFIDENCE
135083,PRJ_EC699F8256CA,Ganesan Selvam,Tamil Nadu,Kancheepuram(SC),Construction of New Building,NA - Construction of New Building,1.0,Chengalpattu,799676.0,600000.0,exact_normalized_l1,MEDIUM_CONFIDENCE
135104,PRJ_79D2D45DDABC,Andimuthu Raja,Tamil Nadu,Nilgiris(SC),Construction of New Building,NA - Construction of New Building,1.0,Erode,1183152.0,500000.0,exact_normalized_l1,MEDIUM_CONFIDENCE
135239,PRJ_C559463D0AC7,Thalikkottai Rajuthevar Baalu,Tamil Nadu,Sriperumbudur,Construction of New Building,NA - Construction of New Building,1.0,Kanchipuram,418363.0,1715000.0,exact_normalized_l1,MEDIUM_CONFIDENCE
135259,PRJ_59021B7E827E,Thirumaa Valavan Thol,Tamil Nadu,Chidambaram(SC),Construction of New Building,NA - Construction of New Building,1.0,Perambalur,1174038.0,1200000.0,exact_normalized_l1,MEDIUM_CONFIDENCE
16,PRJ_35602FC033ED,Y S Avinash Reddy,Andhra Pradesh,Kadapa,"Construction of roads, link roads, pathways or any other road with or without drainage system","WS/MP526/2023-2024/64850 - Construction of roads, link roads, pathways or any other road with or without drainage system",0.8792,Y.S.R. Kadapa,598584.0,500000.0,scoped_fuzzy_SequenceMatcher,HIGH_CONFIDENCE
77,PRJ_35602FC033ED,Y S Avinash Reddy,Andhra Pradesh,Kadapa,"Construction of roads, link roads, pathways or any other road with or without drainage system","WS/MP526/2023-2024/64850 - Construction of roads, link roads, pathways or any other road with or without drainage system",0.8792,Y.S.R. Kadapa,299169.0,500000.0,scoped_fuzzy_SequenceMatcher,HIGH_CONFIDENCE
21,PRJ_DF33F106953E,Y S Avinash Reddy,Andhra Pradesh,Kadapa,Construction of community centers and community halls,WS/MP526/2023-2024/23306 - Construction of community centers and community halls,0.8092,Y.S.R. Kadapa,497980.0,400000.0,scoped_fuzzy_SequenceMatcher,MEDIUM_CONFIDENCE
98,PRJ_DF33F106953E,Y S Avinash Reddy,Andhra Pradesh,Kadapa,Construction of community centers and community halls,WS/MP526/2023-2024/23306 - Construction of community centers and community halls,0.8092,Y.S.R. Kadapa,498197.0,400000.0,scoped_fuzzy_SequenceMatcher,MEDIUM_CONFIDENCE
35,PRJ_A8A40A0CEA8F,Maddila Gurumoorthy,Andhra Pradesh,Tirupati(Sc),Street lights,WS/MP529/2023-2024/52746 - Street lights,0.5098,Tirupati,87858.0,2298712.0,scoped_fuzzy_SequenceMatcher,LOW_CONFIDENCE
36,PRJ_A8A40A0CEA8F,Maddila Gurumoorthy,Andhra Pradesh,Tirupati(Sc),Street lights,WS/MP529/2023-2024/52746 - Street lights,0.5098,Tirupati,87493.0,2298712.0,scoped_fuzzy_SequenceMatcher,LOW_CONFIDENCE
67,PRJ_0F5167726944,Balashowry Vallabbhaneni,Andhra Pradesh,Machilipatnam,Providing supply pipelines for drinking water,NA - Installing community drinking water plants,0.5057,Krishna,587734.0,1000000.0,scoped_fuzzy_SequenceMatcher,LOW_CONFIDENCE
1231,PRJ_0F5167726944,Balashowry Vallabbhaneni,Andhra Pradesh,Machilipatnam,Providing supply pipelines for drinking water,NA - Installing community drinking water plants,0.5057,Krishna,299297.0,1000000.0,scoped_fuzzy_SequenceMatcher,LOW_CONFIDENCE
94,PRJ_105B90C16CE4,Maddila Gurumoorthy,Andhra Pradesh,Tirupati(Sc),Construction of buildings for cr�ches and anganwadies,NA - Construction of culverts and bridges,0.6292,Tirupati,499987.0,3900000.0,scoped_fuzzy_SequenceMatcher,LOW_CONFIDENCE
133,PRJ_EA880C49E69D,Midhun Reddy,Andhra Pradesh,Rajampet,Construction of additional rooms and halls in the existing public and community building,NA - Construction of boundary walls of existing public and community buildings,0.795,Annamayya,499961.0,250000.0,scoped_fuzzy_SequenceMatcher,MEDIUM_CONFIDENCE
134,PRJ_EA880C49E69D,Midhun Reddy,Andhra Pradesh,Rajampet,Construction of additional rooms and halls in the existing public and community building,NA - Construction of boundary walls of existing public and community buildings,0.795,Annamayya,499969.0,250000.0,scoped_fuzzy_SequenceMatcher,MEDIUM_CONFIDENCE
135,PRJ_2F24526A6D1D,Kinjarapu Ram Mohan Naidu,Andhra Pradesh,Srikakulam,Crematoriums/energy efficient crematoriums or structures on burial/cremation ground,NA - Crematoriums or structures on burial/ cremation ground for public convenience,0.6667,Srikakulam,515606.0,500000.0,scoped_fuzzy_SequenceMatcher,LOW_CONFIDENCE
136,PRJ_2F24526A6D1D,Kinjarapu Ram Mohan Naidu,Andhra Pradesh,Srikakulam,Crematoriums/energy efficient crematoriums or structures on burial/cremation ground,NA - Crematoriums or structures on burial/ cremation ground for public convenience,0.6667,Srikakulam,519185.0,500000.0,scoped_fuzzy_SequenceMatcher,LOW_CONFIDENCE
163,PRJ_929BF3CA7830,Y S Avinash Reddy,Andhra Pradesh,Kadapa,Construction of rainwater harvesting structures,NA - Construction of buildings for community cultural activities,0.5283,Y.S.R. Kadapa,495905.0,1000000.0,scoped_fuzzy_SequenceMatcher,LOW_CONFIDENCE
1438,PRJ_929BF3CA7830,Y S Avinash Reddy,Andhra Pradesh,Kadapa,Construction of rainwater harvesting structures,NA - Construction of buildings for community cultural activities,0.5283,Y.S.R. Kadapa,199317.0,1000000.0,scoped_fuzzy_SequenceMatcher,LOW_CONFIDENCE
206,PRJ_2F24526A6D1D,Kinjarapu Ram Mohan Naidu,Andhra Pradesh,Srikakulam,Construction of public staircase/ stair ghat for public convenience,NA - Crematoriums or structures on burial/ cremation ground for public convenience,0.5211,Srikakulam,399987.0,500000.0,scoped_fuzzy_SequenceMatcher,LOW_CONFIDENCE
275,PRJ_2F24526A6D1D,Kinjarapu Ram Mohan Naidu,Andhra Pradesh,Srikakulam,Construction of public staircase/ stair ghat for public convenience,NA - Crematoriums or structures on burial/ cremation ground for public convenience,0.5211,Srikakulam,837913.0,500000.0,scoped_fuzzy_SequenceMatcher,LOW_CONFIDENCE
273,PRJ_5339E4B209D3,Kinjarapu Ram Mohan Naidu,Andhra Pradesh,Srikakulam,Construction of additional rooms and halls in the existing public and community building,NA - Construction of community centers and community halls,0.5248,Srikakulam,2481139.0,500000.0,scoped_fuzzy_SequenceMatcher,LOW_CONFIDENCE
274,PRJ_5339E4B209D3,Kinjarapu Ram Mohan Naidu,Andhra Pradesh,Srikakulam,Construction of additional rooms and halls in the existing public and community building,NA - Construction of community centers and community halls,0.5248,Srikakulam,766593.0,500000.0,scoped_fuzzy_SequenceMatcher,LOW_CONFIDENCE
278,PRJ_D1AA7E79F569,Magunta Sreenivasulu Reddy,Andhra Pradesh,Ongole,Construction of rooms and halls in school and colleges,NA - Construction of culverts and bridges,0.6222,Prakasam,677749.0,500000.0,scoped_fuzzy_SequenceMatcher,LOW_CONFIDENCE
282,PRJ_5D2BE0551623,Lavu Sri Krishna Devarayalu,Andhra Pradesh,Narasaraopet,Setting up of community effluent treatment plants,NA - Installing community drinking water plants,0.6154,Palnadu,186429.0,1400000.0,scoped_fuzzy_SequenceMatcher,LOW_CONFIDENCE
318,PRJ_9CBC8D6A666A,Y S Avinash Reddy,Andhra Pradesh,Kadapa,Providing drains and gutters for public drainage,WS/MP526/2023-2024/11312 - Providing drains and gutters for public drainage,0.7934,Y.S.R. Kadapa,485433.0,4500000.0,scoped_fuzzy_SequenceMatcher,MEDIUM_CONFIDENCE
319,PRJ_9CBC8D6A666A,Y S Avinash Reddy,Andhra Pradesh,Kadapa,Providing drains and gutters for public drainage,WS/MP526/2023-2024/11312 - Providing drains and gutters for public drainage,0.7934,Y.S.R. Kadapa,489613.0,4500000.0,scoped_fuzzy_SequenceMatcher,MEDIUM_CONFIDENCE
342,PRJ_F7917FC5D232,Maddila Gurumoorthy,Andhra Pradesh,Tirupati(Sc),Providing drains and gutters for public drainage,WS/MP529/2023-2024/52655 - Providing drains and gutters for public drainage,0.7934,Tirupati,499158.0,4000000.0,scoped_fuzzy_SequenceMatcher,MEDIUM_CONFIDENCE
373,PRJ_F7917FC5D232,Maddila Gurumoorthy,Andhra Pradesh,Tirupati(Sc),Providing drains and gutters for public drainage,WS/MP529/2023-2024/52655 - Providing drains and gutters for public drainage,0.7934,Tirupati,496641.0,4000000.0,scoped_fuzzy_SequenceMatcher,MEDIUM_CONFIDENCE
433,PRJ_A9FC2EE5780F,Magunta Sreenivasulu Reddy,Andhra Pradesh,Ongole,Construction of additional rooms and halls in the existing public and community building,NA - Construction of boundary walls of existing public and community buildings,0.795,Prakasam,2500000.0,400000.0,scoped_fuzzy_SequenceMatcher,MEDIUM_CONFIDENCE
483,PRJ_C0673547FB6C,Midhun Reddy,Andhra Pradesh,Rajampet,"Construction of rooms and facilities for hospitals, FWC , PHC Centers and ANM centers",NA - Construction of community centers and community halls,0.5333,Chittoor,798541.0,500000.0,scoped_fuzzy_SequenceMatcher,LOW_CONFIDENCE
484,PRJ_C0673547FB6C,Midhun Reddy,Andhra Pradesh,Rajampet,"Construction of rooms and facilities for hospitals, FWC , PHC Centers and ANM centers",NA - Construction of community centers and community halls,0.5333,Chittoor,490328.0,500000.0,scoped_fuzzy_SequenceMatcher,LOW_CONFIDENCE
572,PRJ_89300CCCAC21,Balashowry Vallabbhaneni,Andhra Pradesh,Machilipatnam,"Construction of rooms and facilities for hospitals, FWC , PHC Centers and ANM centers",NA - Construction of community centers and community halls,0.5333,Krishna,499986.0,2000000.0,scoped_fuzzy_SequenceMatcher,LOW_CONFIDENCE
669,PRJ_2A659010A88D,Kinjarapu Ram Mohan Naidu,Andhra Pradesh,Srikakulam,Construction of footpaths and pedestrian ways,WS/MP522/2023-2024/51658 - Construction of footpaths and pedestrian ways,0.7826,Srikakulam,712798.0,310000.0,scoped_fuzzy_SequenceMatcher,MEDIUM_CONFIDENCE
80582,PRJ_2A659010A88D,Kinjarapu Ram Mohan Naidu,Andhra Pradesh,Srikakulam,Construction of footpaths and pedestrian ways,WS/MP522/2023-2024/51658 - Construction of footpaths and pedestrian ways,0.7826,Srikakulam,712798.0,310000.0,scoped_fuzzy_SequenceMatcher,MEDIUM_CONFIDENCE
710,PRJ_D3C35AA3677E,Maddila Gurumoorthy,Andhra Pradesh,Tirupati(Sc),Construction of toilet blocks,NA - Construction of water tanks,0.75,Tirupati,492768.0,2000000.0,scoped_fuzzy_SequenceMatcher,MEDIUM_CONFIDENCE
1233,PRJ_D3C35AA3677E,Maddila Gurumoorthy,Andhra Pradesh,Tirupati(Sc),Construction of toilet blocks,NA - Construction of water tanks,0.75,Tirupati,1211245.0,2000000.0,scoped_fuzzy_SequenceMatcher,MEDIUM_CONFIDENCE
908,PRJ_32FF840614FA,Y S Avinash Reddy,Andhra Pradesh,Kadapa,Establishing public lift irrigation projects,NA - Construction of public irrigation facilities,0.5682,Y.S.R. Kadapa,399023.0,490000.0,scoped_fuzzy_SequenceMatcher,LOW_CONFIDENCE
989,PRJ_B53C79CB8A16,Midhun Reddy,Andhra Pradesh,Rajampet,Installing hand pumps,NA - Installing tube-wells and borewells,0.5714,Chittoor,99320.0,150000.0,scoped_fuzzy_SequenceMatcher,LOW_CONFIDENCE
81108,PRJ_B53C79CB8A16,Midhun Reddy,Andhra Pradesh,Rajampet,Installing hand pumps,NA - Installing tube-wells and borewells,0.5714,Chittoor,99320.0,150000.0,scoped_fuzzy_SequenceMatcher,LOW_CONFIDENCE
1142,PRJ_D0995C98D537,Midhun Reddy,Andhra Pradesh,Rajampet,Purchase of mobile water tankers,NA - Construction of water tanks,0.5763,Annamayya,83205.0,50000.0,scoped_fuzzy_SequenceMatcher,LOW_CONFIDENCE
80695,PRJ_D0995C98D537,Midhun Reddy,Andhra Pradesh,Rajampet,Purchase of mobile water tankers,NA - Construction of water tanks,0.5763,Annamayya,83205.0,50000.0,scoped_fuzzy_SequenceMatcher,LOW_CONFIDENCE
1148,PRJ_5262B104A7F4,Y S Avinash Reddy,Andhra Pradesh,Kadapa,Construction of rooms and halls in school and colleges,WS/MP526/2023-2024/42090 - Construction of rooms and halls in school and colleges,0.812,Y.S.R. Kadapa,495178.0,750000.0,scoped_fuzzy_SequenceMatcher,MEDIUM_CONFIDENCE
1149,PRJ_5262B104A7F4,Y S Avinash Reddy,Andhra Pradesh,Kadapa,Construction of rooms and halls in school and colleges,WS/MP526/2023-2024/42090 - Construction of rooms and halls in school and colleges,0.812,Y.S.R. Kadapa,495394.0,750000.0,scoped_fuzzy_SequenceMatcher,MEDIUM_CONFIDENCE
1151,PRJ_7EDE6D6C5CD9,Y S Avinash Reddy,Andhra Pradesh,Kadapa,Construction of footpaths and pedestrian ways,"NA - Construction of roads, approach roads, link roads and pathways",0.6095,Y.S.R. Kadapa,409110.0,498000.0,scoped_fuzzy_SequenceMatcher,LOW_CONFIDENCE
1193,PRJ_449F48A3115E,Y S Avinash Reddy,Andhra Pradesh,Kadapa,Construction of culverts and bridges,WS/MP526/2023-2024/42089 - Construction of culverts and bridges,0.7423,Y.S.R. Kadapa,498947.0,3500000.0,scoped_fuzzy_SequenceMatcher,MEDIUM_CONFIDENCE
81098,PRJ_449F48A3115E,Y S Avinash Reddy,Andhra Pradesh,Kadapa,Construction of culverts and bridges,WS/MP526/2023-2024/42089 - Construction of culverts and bridges,0.7423,Y.S.R.,498947.0,3500000.0,scoped_fuzzy_SequenceMatcher,MEDIUM_CONFIDENCE
1194,PRJ_449F48A3115E,Y S Avinash Reddy,Andhra Pradesh,Kadapa,Construction of road under bridge,WS/MP526/2023-2024/42089 - Construction of culverts and bridges,0.5745,Y.S.R. Kadapa,498971.0,3500000.0,scoped_fuzzy_SequenceMatcher,LOW_CONFIDENCE
1195,PRJ_449F48A3115E,Y S Avinash Reddy,Andhra Pradesh,Kadapa,Construction of road under bridge,WS/MP526/2023-2024/42089 - Construction of culverts and bridges,0.5745,Y.S.R. Kadapa,498978.0,3500000.0,scoped_fuzzy_SequenceMatcher,LOW_CONFIDENCE
1196,PRJ_3EBA7216B9F8,Y S Avinash Reddy,Andhra Pradesh,Kadapa,Crematoriums/energy efficient crematoriums or structures on burial/cremation ground,NA - Crematoriums or structures on burial/ cremation ground for public convenience,0.6667,Y.S.R. Kadapa,498966.0,498000.0,scoped_fuzzy_SequenceMatcher,LOW_CONFIDENCE
80545,PRJ_3EBA7216B9F8,Y S Avinash Reddy,Andhra Pradesh,Kadapa,Crematoriums/energy efficient crematoriums or structures on burial/cremation ground,NA - Crematoriums or structures on burial/ cremation ground for public convenience,0.6667,Y.S.R.,498966.0,498000.0,scoped_fuzzy_SequenceMatcher,LOW_CONFIDENCE
1225,PRJ_D0995C98D537,Midhun Reddy,Andhra Pradesh,Rajampet,Construction of artificial reef,NA - Construction of water tanks,0.6897,Annamayya,75000.0,50000.0,scoped_fuzzy_SequenceMatcher,LOW_CONFIDENCE
81054,PRJ_D0995C98D537,Midhun Reddy,Andhra Pradesh,Rajampet,Construction of artificial reef,NA - Construction of water tanks,0.6897,Annamayya,75000.0,50000.0,scoped_fuzzy_SequenceMatcher,LOW_CONFIDENCE
1322,PRJ_6E8AF8D31E70,Midhun Reddy,Andhra Pradesh,Rajampet,Renovation of ponds and lakes,NA - Construction of culverts and bridges,0.5231,Annamayya,426695.0,100000.0,scoped_fuzzy_SequenceMatcher,LOW_CONFIDENCE
1323,PRJ_6E8AF8D31E70,Midhun Reddy,Andhra Pradesh,Rajampet,Renovation of ponds and lakes,NA - Construction of culverts and bridges,0.5231,Annamayya,424650.0,100000.0,scoped_fuzzy_SequenceMatcher,LOW_CONFIDENCE
1407,PRJ_EEFC682CFE16,Maddila Gurumoorthy,Andhra Pradesh,Tirupati(Sc),Construction of public irrigation facilities,NA - Construction of CC Open Drain with cover slab,0.6067,Tirupati,435985.0,300000.0,scoped_fuzzy_SequenceMatcher,LOW_CONFIDENCE
1543,PRJ_1DD2864958C9,Lavu Sri Krishna Devarayalu,Andhra Pradesh,Narasaraopet,"Construction of roads, link roads, pathways or any other road with or without drainage system","WS/MP528/2023-2024/28600 - Construction of roads, link roads, pathways or any other road with or without drainage system",0.8792,Palnadu,1599870.0,1500000.0,scoped_fuzzy_SequenceMatcher,HIGH_CONFIDENCE
1749,PRJ_228EC6CB9A5F,Kiren Rijiju,Arunachal Pradesh,Arunachal West,"Construction of flood control embankments/ protection walls along riverbanks, hilltops, roadsides",WS/MP533/2023-2024/67838 - Construction of flood control embankments,0.5125,Tawang,1478229.0,800000.0,scoped_fuzzy_SequenceMatcher,LOW_CONFIDENCE
1750,PRJ_228EC6CB9A5F,Kiren Rijiju,Arunachal Pradesh,Arunachal West,"Construction of flood control embankments/ protection walls along riverbanks, hilltops, roadsides",WS/MP533/2023-2024/67838 - Construction of flood control embankments,0.5125,Tawang,21771.0,800000.0,scoped_fuzzy_SequenceMatcher,LOW_CONFIDENCE
1769,PRJ_EFB89A925A8B,Tapir Gao,Arunachal Pradesh,Arunachal East,Construction of foot over bridge (FOB),NA - Construction of culverts and bridges,0.7222,Upper Siang,497121.0,200000.0,scoped_fuzzy_SequenceMatcher,MEDIUM_CONFIDENCE
1770,PRJ_EFB89A925A8B,Tapir Gao,Arunachal Pradesh,Arunachal East,Construction of foot over bridge (FOB),NA - Construction of culverts and bridges,0.7222,Upper Siang,488107.0,200000.0,scoped_fuzzy_SequenceMatcher,MEDIUM_CONFIDENCE
1787,PRJ_BC8F83B2D770,Kiren Rijiju,Arunachal Pradesh,Arunachal West,Setting up of kitchen and pantries,NA - Construction of culverts and bridges,0.5429,West Kameng,32394.0,400000.0,scoped_fuzzy_SequenceMatcher,LOW_CONFIDENCE
1790,PRJ_BC8F83B2D770,Kiren Rijiju,Arunachal Pradesh,Arunachal West,Setting up of kitchen and pantries,NA - Construction of culverts and bridges,0.5429,West Kameng,74439.0,400000.0,scoped_fuzzy_SequenceMatcher,LOW_CONFIDENCE
1789,PRJ_62986BFE977A,Kiren Rijiju,Arunachal Pradesh,Arunachal West,Establishing public lift irrigation projects,NA - Construction of public irrigation facilities,0.5682,Lower Siang,500000.0,500000.0,scoped_fuzzy_SequenceMatcher,LOW_CONFIDENCE
1822,PRJ_EFB89A925A8B,Tapir Gao,Arunachal Pradesh,Arunachal East,Construction of footpaths and pedestrian ways,NA - Construction of culverts and bridges,0.642,Siang,75356.0,200000.0,scoped_fuzzy_SequenceMatcher,LOW_CONFIDENCE
1832,PRJ_EFB89A925A8B,Tapir Gao,Arunachal Pradesh,Arunachal East,Construction of footpaths and pedestrian ways,NA - Construction of culverts and bridges,0.642,Siang,200373.0,200000.0,scoped_fuzzy_SequenceMatcher,LOW_CONFIDENCE
1840,PRJ_43B935DC1B85,Tapir Gao,Arunachal Pradesh,Arunachal East,"Construction of flood control embankments/ protection walls along riverbanks, hilltops, roadsides",NA - Construction of flood control embankments,0.6074,Siang,134750.0,300000.0,scoped_fuzzy_SequenceMatcher,LOW_CONFIDENCE
1841,PRJ_43B935DC1B85,Tapir Gao,Arunachal Pradesh,Arunachal East,"Construction of flood control embankments/ protection walls along riverbanks, hilltops, roadsides",NA - Construction of flood control embankments,0.6074,Siang,211339.0,300000.0,scoped_fuzzy_SequenceMatcher,LOW_CONFIDENCE
1855,PRJ_4AEC80C9695A,Kiren Rijiju,Arunachal Pradesh,Arunachal West,Development of playfields and sports grounds,NA - Development of playground,0.7246,Lower Subansiri,500000.0,300000.0,scoped_fuzzy_SequenceMatcher,MEDIUM_CONFIDENCE
1920,PRJ_4AEC80C9695A,Kiren Rijiju,Arunachal Pradesh,Arunachal West,Development of playfields and sports grounds,NA - Development of playground,0.7246,Lower Siang,250000.0,300000.0,scoped_fuzzy_SequenceMatcher,MEDIUM_CONFIDENCE
1879,PRJ_69A0C32B6869,Tapir Gao,Arunachal Pradesh,Arunachal East,Setting up crops conservation facilities,NA - Setting up of kitchen and pantries,0.5405,East Siang,1000000.0,500000.0,scoped_fuzzy_SequenceMatcher,LOW_CONFIDENCE
81467,PRJ_69A0C32B6869,Tapir Gao,Arunachal Pradesh,Arunachal East,Setting up crops conservation facilities,NA - Setting up of kitchen and pantries,0.5405,East Siang,1000000.0,500000.0,scoped_fuzzy_SequenceMatcher,LOW_CONFIDENCE
1899,PRJ_CECA7AE33047,Tapir Gao,Arunachal Pradesh,Arunachal East,Installing community drinking water plants,NA - Construction of community centers and community halls,0.5263,Lower Dibang Valley,500000.0,400000.0,scoped_fuzzy_SequenceMatcher,LOW_CONFIDENCE
1900,PRJ_CECA7AE33047,Tapir Gao,Arunachal Pradesh,Arunachal East,Installing community drinking water plants,NA - Construction of community centers and community halls,0.5263,Lower Dibang Valley,800000.0,400000.0,scoped_fuzzy_SequenceMatcher,LOW_CONFIDENCE
1926,PRJ_1095EA9307E5,Tapir Gao,Arunachal Pradesh,Arunachal East,Construction of rainwater harvesting structures,NA - Construction of water tanks,0.6486,Longding,500000.0,800000.0,scoped_fuzzy_SequenceMatcher,LOW_CONFIDENCE
1927,PRJ_1095EA9307E5,Tapir Gao,Arunachal Pradesh,Arunachal East,Construction of rainwater harvesting structures,NA - Construction of water tanks,0.6486,Longding,335000.0,800000.0,scoped_fuzzy_SequenceMatcher,LOW_CONFIDENCE
1965,PRJ_AEA6B72C07C1,Tapir Gao,Arunachal Pradesh,Arunachal East,Construction of buildings for training institutions,NA - Construction of buildings for community cultural activities,0.7091,Lohit,570979.0,1000000.0,scoped_fuzzy_SequenceMatcher,MEDIUM_CONFIDENCE
81403,PRJ_AEA6B72C07C1,Tapir Gao,Arunachal Pradesh,Arunachal East,Construction of buildings for training institutions,NA - Construction of buildings for community cultural activities,0.7091,Lohit,570979.0,1000000.0,scoped_fuzzy_SequenceMatcher,MEDIUM_CONFIDENCE
2017,PRJ_ADBD536649A9,Tapir Gao,Arunachal Pradesh,Arunachal East,Construction of night shelters for homeless,NA - Construction of bus-sheds or bus-stops,0.6667,Siang,1000000.0,500000.0,scoped_fuzzy_SequenceMatcher,LOW_CONFIDENCE
2018,PRJ_ADBD536649A9,Tapir Gao,Arunachal Pradesh,Arunachal East,Construction of night shelters for homeless,NA - Construction of bus-sheds or bus-stops,0.6667,Siang,1000000.0,500000.0,scoped_fuzzy_SequenceMatcher,LOW_CONFIDENCE
2085,PRJ_B416C01A0BB0,Tapir Gao,Arunachal Pradesh,Arunachal East,Purchase of books and periodicals for libraries/digitization of library books,NA - Purchase of furniture and fixtures for educational purposes,0.5,Longding,1000000.0,800000.0,scoped_fuzzy_SequenceMatcher,LOW_CONFIDENCE
81444,PRJ_B416C01A0BB0,Tapir Gao,Arunachal Pradesh,Arunachal East,Purchase of books and periodicals for libraries/digitization of library books,NA - Purchase of furniture and fixtures for educational purposes,0.5,Longding,1000000.0,800000.0,scoped_fuzzy_SequenceMatcher,LOW_CONFIDENCE
2154,PRJ_1E9579AB7E7C,Kripanath Mallah,Assam,Karimganj (Sc),"Construction of roads, link roads, pathways or any other road with or without drainage system","NA - Construction of roads, approach roads, link roads and pathways",0.543,Sribhumi,168340.0,1000000.0,scoped_fuzzy_SequenceMatcher,LOW_CONFIDENCE
2441,PRJ_1E9579AB7E7C,Kripanath Mallah,Assam,Karimganj (Sc),"Construction of roads, link roads, pathways or any other road with or without drainage system","NA - Construction of roads, approach roads, link roads and pathways",0.543,Sribhumi,170112.0,1000000.0,scoped_fuzzy_SequenceMatcher,LOW_CONFIDENCE
2238,PRJ_DACC87B1EF2B,Kripanath Mallah,Assam,Karimganj (Sc),Construction of rooms and halls in school and colleges,"NA - Construction of rooms and facilities for hospitals, FWC , PHC Centers and ANM centers",0.6176,Sribhumi,1122000.0,1000000.0,scoped_fuzzy_SequenceMatcher,LOW_CONFIDENCE
2242,PRJ_DACC87B1EF2B,Kripanath Mallah,Assam,Karimganj (Sc),Construction of rooms and halls in school and colleges,"NA - Construction of rooms and facilities for hospitals, FWC , PHC Centers and ANM centers",0.6176,Sribhumi,1000000.0,1000000.0,scoped_fuzzy_SequenceMatcher,LOW_CONFIDENCE
2262,PRJ_FE6D53AED52E,Pradyut Bordoloi,Assam,Nowgong,Construction of bus-sheds or bus-stops,NA - Construction of water tanks,0.6154,Marigaon,61250.0,250000.0,scoped_fuzzy_SequenceMatcher,LOW_CONFIDENCE
2318,PRJ_FE6D53AED52E,Pradyut Bordoloi,Assam,Nowgong,Construction of bus-sheds or bus-stops,NA - Construction of water tanks,0.6154,Marigaon,61250.0,250000.0,scoped_fuzzy_SequenceMatcher,LOW_CONFIDENCE
2430,PRJ_03FE061FDFC8,Pradyut Bordoloi,Assam,Nowgong,Crematoriums/energy efficient crematoriums or structures on burial/cremation ground,NA - Crematoriums or structures on burial/ cremation ground for public convenience,0.6667,Nagaon,200000.0,250000.0,scoped_fuzzy_SequenceMatcher,LOW_CONFIDENCE
2431,PRJ_03FE061FDFC8,Pradyut Bordoloi,Assam,Nowgong,Crematoriums/energy efficient crematoriums or structures on burial/cremation ground,NA - Crematoriums or structures on burial/ cremation ground for public convenience,0.6667,Nagaon,100000.0,250000.0,scoped_fuzzy_SequenceMatcher,LOW_CONFIDENCE
2807,PRJ_D8A7D1F70169,Kripanath Mallah,Assam,Karimganj (Sc),Installing community drinking water plants,NA - Construction of community centers and community halls,0.5263,Sribhumi,450000.0,500000.0,scoped_fuzzy_SequenceMatcher,LOW_CONFIDENCE
2808,PRJ_D8A7D1F70169,Kripanath Mallah,Assam,Karimganj (Sc),Installing community drinking water plants,NA - Construction of community centers and community halls,0.5263,Sribhumi,450000.0,500000.0,scoped_fuzzy_SequenceMatcher,LOW_CONFIDENCE
3610,PRJ_16E99B546A0C,Pradyut Bordoloi,Assam,Nowgong,Construction of foot over bridge (FOB),NA - Construction of New Building,0.6875,Nagaon,157500.0,300000.0,scoped_fuzzy_SequenceMatcher,LOW_CONFIDENCE
3612,PRJ_16E99B546A0C,Pradyut Bordoloi,Assam,Nowgong,Construction of foot over bridge (FOB),NA - Construction of New Building,0.6875,Nagaon,592400.0,300000.0,scoped_fuzzy_SequenceMatcher,LOW_CONFIDENCE
3611,PRJ_71BAB946E9EB,Pradyut Bordoloi,Assam,Nowgong,Construction of culverts and bridges,NA - Construction of public toilets and bathrooms,0.725,Nagaon,124850.0,250000.0,scoped_fuzzy_SequenceMatcher,MEDIUM_CONFIDENCE
3617,PRJ_71BAB946E9EB,Pradyut Bordoloi,Assam,Nowgong,Construction of culverts and bridges,NA - Construction of public toilets and bathrooms,0.725,Nagaon,125009.0,250000.0,scoped_fuzzy_SequenceMatcher,MEDIUM_CONFIDENCE
3719,PRJ_2D9A2ACC6CCD,Pradyut Bordoloi,Assam,Nowgong,Construction of common work sheds/ common covered sitting area,NA - Construction of community centers and community halls,0.614,Marigaon,149766.0,500000.0,scoped_fuzzy_SequenceMatcher,LOW_CONFIDENCE
3730,PRJ_2D9A2ACC6CCD,Pradyut Bordoloi,Assam,Nowgong,Construction of common work sheds/ common covered sitting area,NA - Construction of community centers and community halls,0.614,Marigaon,89835.0,500000.0,scoped_fuzzy_SequenceMatcher,LOW_CONFIDENCE
4114,PRJ_B77315C374CB,Pradan Baruah,Assam,Lakhimpur,Establishing public ground water recharging facilities,NA - Construction of public irrigation facilities,0.5714,Tinsukia,1163679.0,1000000.0,scoped_fuzzy_SequenceMatcher,LOW_CONFIDENCE
4115,PRJ_B77315C374CB,Pradan Baruah,Assam,Lakhimpur,Establishing public ground water recharging facilities,NA - Construction of public irrigation facilities,0.5714,Tinsukia,836321.0,1000000.0,scoped_fuzzy_SequenceMatcher,LOW_CONFIDENCE
4308,PRJ_FE6D53AED52E,Pradyut Bordoloi,Assam,Nowgong,Construction of footpaths and pedestrian ways,NA - Construction of water tanks,0.6111,Nagaon,125000.0,250000.0,scoped_fuzzy_SequenceMatcher,LOW_CONFIDENCE
4310,PRJ_FE6D53AED52E,Pradyut Bordoloi,Assam,Nowgong,Construction of footpaths and pedestrian ways,NA - Construction of water tanks,0.6111,Nagaon,250000.0,250000.0,scoped_fuzzy_SequenceMatcher,LOW_CONFIDENCE
4394,PRJ_B345BBB0190E,Pradan Baruah,Assam,Lakhimpur,Construction of buildings for sports facilities,NA - Construction of buildings for community cultural activities,0.7736,Dhemaji,500000.0,1000000.0,scoped_fuzzy_SequenceMatcher,MEDIUM_CONFIDENCE
4511,PRJ_0C6798CE423A,Ajay Kumar Mandal,Bihar,Bhagalpur,Construction of water tanks,NA - Construction of community centers and community halls,0.575,Bhagalpur,680912.0,1450000.0,scoped_fuzzy_SequenceMatcher,LOW_CONFIDENCE
4546,PRJ_29837C53B359,Janardan Singh Sigriwal,Bihar,Maharajganj_Br,Construction of buildings for community cultural activities,WS/MP316/2023-2024/22392 - Construction of buildings for community cultural activities,0.8252,Saran,1227383.0,925700.0,scoped_fuzzy_SequenceMatcher,MEDIUM_CONFIDENCE
6893,PRJ_29837C53B359,Janardan Singh Sigriwal,Bihar,Maharajganj_Br,Construction of buildings for community cultural activities,WS/MP316/2023-2024/22392 - Construction of buildings for community cultural activities,0.8252,Saran,839774.0,925700.0,scoped_fuzzy_SequenceMatcher,MEDIUM_CONFIDENCE
4549,PRJ_AF90D5C03384,Janardan Singh Sigriwal,Bihar,Maharajganj_Br,Construction of public staircase/ stair ghat for public convenience,NA - Construction of public libraries and reading rooms,0.5,Saran,1276416.0,1497000.0,scoped_fuzzy_SequenceMatcher,LOW_CONFIDENCE
4617,PRJ_AF90D5C03384,Janardan Singh Sigriwal,Bihar,Maharajganj_Br,Construction of public staircase/ stair ghat for public convenience,NA - Construction of public libraries and reading rooms,0.5,Saran,955822.0,1497000.0,scoped_fuzzy_SequenceMatcher,LOW_CONFIDENCE
4580,PRJ_1CBAAAA5F321,Alok Kumar Suman,Bihar,Gopalganj (Sc),Development of public parks,NA - Lighting of public spaces,0.6154,Gopalganj,396124.0,1114286.0,scoped_fuzzy_SequenceMatcher,LOW_CONFIDENCE
4635,PRJ_DF8DF068839E,Dileshwar Kamait,Bihar,Supaul,Construction of rooms and halls in school and colleges,WS/MP422/2023-2024/8990 - Construction of boundary walls of existing public and community buildings,0.5166,Supaul,1487721.0,1499000.0,scoped_fuzzy_SequenceMatcher,LOW_CONFIDENCE
4833,PRJ_DF59772F780B,Kaushalendra Kumar,Bihar,Nalanda,Purchase of immovable sports equipment,NA - Purchase of mobile water tankers,0.5429,Nalanda,300000.0,4900000.0,scoped_fuzzy_SequenceMatcher,LOW_CONFIDENCE
83045,PRJ_DF59772F780B,Kaushalendra Kumar,Bihar,Nalanda,Purchase of immovable sports equipment,NA - Purchase of mobile water tankers,0.5429,Nalanda,300000.0,4900000.0,scoped_fuzzy_SequenceMatcher,LOW_CONFIDENCE
4860,PRJ_96926CC10450,Janardan Singh Sigriwal,Bihar,Maharajganj_Br,Construction of boundary walls of existing public and community buildings,WS/MP316/2023-2024/22678 - Construction of boundary walls of existing public and community buildings,0.8538,Siwan,533778.0,1227100.0,scoped_fuzzy_SequenceMatcher,HIGH_CONFIDENCE
4891,PRJ_F73BB227227D,Alok Kumar Suman,Bihar,Gopalganj (Sc),"Providing sports equipment, except consumable items",NA - Purchase of sports equipment,0.5128,Gopalganj,548000.0,400000.0,scoped_fuzzy_SequenceMatcher,LOW_CONFIDENCE
83061,PRJ_F73BB227227D,Alok Kumar Suman,Bihar,Gopalganj (SC)," Providing sports equipment, except consumable items",NA - Purchase of sports equipment,0.5128,Gopalganj,548000.0,400000.0,scoped_fuzzy_SequenceMatcher,LOW_CONFIDENCE
4895,PRJ_46AA12F024DC,Ajay Kumar Mandal,Bihar,Bhagalpur,Lighting of public spaces,WS/MP499/2023-2024/3055 - Lighting of public spaces,0.6757,Bhagalpur,998990.0,921499.0,scoped_fuzzy_SequenceMatcher,LOW_CONFIDENCE
4896,PRJ_46AA12F024DC,Ajay Kumar Mandal,Bihar,Bhagalpur,Lighting of public spaces,WS/MP499/2023-2024/3055 - Lighting of public spaces,0.6757,Bhagalpur,998990.0,921499.0,scoped_fuzzy_SequenceMatcher,LOW_CONFIDENCE
4954,PRJ_FE3B819AF6A9,Ramprit Mandal,Bihar,Jhanjharpur,Setting up of laboratories,WS/MP508/2023-2024/67152 - Setting up of laboratories,0.6753,Madhubani,1205000.0,548000.0,scoped_fuzzy_SequenceMatcher,LOW_CONFIDENCE
4955,PRJ_FE3B819AF6A9,Ramprit Mandal,Bihar,Jhanjharpur,Setting up of laboratories,WS/MP508/2023-2024/67152 - Setting up of laboratories,0.6753,Madhubani,1205000.0,548000.0,scoped_fuzzy_SequenceMatcher,LOW_CONFIDENCE
5179,PRJ_D4893F60C510,Radha Mohan Singh,Bihar,Purvi Champaran,Construction of water tanks,NA - Construction of toilet blocks,0.75,Purbi Champaran,448900.0,1500000.0,scoped_fuzzy_SequenceMatcher,MEDIUM_CONFIDENCE
5180,PRJ_D4893F60C510,Radha Mohan Singh,Bihar,Purvi Champaran,Construction of water tanks,NA - Construction of toilet blocks,0.75,Purbi Champaran,448047.0,1500000.0,scoped_fuzzy_SequenceMatcher,MEDIUM_CONFIDENCE
5442,PRJ_AA020C683F86,Dileshwar Kamait,Bihar,Supaul,Construction of common work sheds/ common covered sitting area,WS/MP422/2023-2024/8991 - Construction of community centers and community halls,0.5072,Supaul,1350436.0,798000.0,scoped_fuzzy_SequenceMatcher,LOW_CONFIDENCE
83148,PRJ_AA020C683F86,Dileshwar Kamait,Bihar,Supaul,Construction of common work sheds/ common covered sitting area,WS/MP422/2023-2024/8991 - Construction of community centers and community halls,0.5072,Supaul,1350436.0,798000.0,scoped_fuzzy_SequenceMatcher,LOW_CONFIDENCE
5563,PRJ_D3847E65DD1E,Janardan Singh Sigriwal,Bihar,Maharajganj_Br,Purchase of books and periodicals for libraries/digitization of library books,NA - Purchase of books for public libraries,0.5391,Saran,2000000.0,2200000.0,scoped_fuzzy_SequenceMatcher,LOW_CONFIDENCE
5564,PRJ_D3847E65DD1E,Janardan Singh Sigriwal,Bihar,Maharajganj_Br,Purchase of books and periodicals for libraries/digitization of library books,NA - Purchase of books for public libraries,0.5391,Saran,2000000.0,2200000.0,scoped_fuzzy_SequenceMatcher,LOW_CONFIDENCE
5576,PRJ_F486A89A4058,Radha Mohan Singh,Bihar,Purvi Champaran,Construction of footpaths and pedestrian ways,"NA - Construction of roads, approach roads, link roads and pathways",0.6095,Purbi Champaran,241420.0,900000.0,scoped_fuzzy_SequenceMatcher,LOW_CONFIDENCE
5577,PRJ_F486A89A4058,Radha Mohan Singh,Bihar,Purvi Champaran,Construction of footpaths and pedestrian ways,"NA - Construction of roads, approach roads, link roads and pathways",0.6095,Purbi Champaran,1250000.0,900000.0,scoped_fuzzy_SequenceMatcher,LOW_CONFIDENCE
5633,PRJ_BC005D9635E1,Ramprit Mandal,Bihar,Jhanjharpur,Purchase of books and periodicals for libraries/digitization of library books,NA - Purchase of books for public libraries,0.5391,Madhubani,2500000.0,2484000.0,scoped_fuzzy_SequenceMatcher,LOW_CONFIDENCE
83422,PRJ_BC005D9635E1,Ramprit Mandal,Bihar,Jhanjharpur,Purchase of books and periodicals for libraries/digitization of library books,NA - Purchase of books for public libraries,0.5391,Madhubani,2500000.0,2484000.0,scoped_fuzzy_SequenceMatcher,LOW_CONFIDENCE
5896,PRJ_D4893F60C510,Radha Mohan Singh,Bihar,Purvi Champaran,Construction of bus-sheds or bus-stops,NA - Construction of toilet blocks,0.597,Purbi Champaran,1491517.0,1500000.0,scoped_fuzzy_SequenceMatcher,LOW_CONFIDENCE
6220,PRJ_D4893F60C510,Radha Mohan Singh,Bihar,Purvi Champaran,Construction of bus-sheds or bus-stops,NA - Construction of toilet blocks,0.597,Purbi Champaran,1491517.0,1500000.0,scoped_fuzzy_SequenceMatcher,LOW_CONFIDENCE
6185,PRJ_C5326C0BEEF6,Radha Mohan Singh,Bihar,Purvi Champaran,Construction of common work sheds/ common covered sitting area,NA - Construction of community centers and community halls,0.614,Purbi Champaran,960617.0,1500000.0,scoped_fuzzy_SequenceMatcher,LOW_CONFIDENCE
6207,PRJ_C5326C0BEEF6,Radha Mohan Singh,Bihar,Purvi Champaran,Construction of common work sheds/ common covered sitting area,NA - Construction of community centers and community halls,0.614,Purbi Champaran,1363504.0,1500000.0,scoped_fuzzy_SequenceMatcher,LOW_CONFIDENCE
6232,PRJ_C9A7F27A7EF7,Giriraj Singh,Bihar,Begusarai,"Construction of roads, link roads, pathways or any other road with or without drainage system","WS/MP550/2023-2024/40035 - Construction of roads, link roads, pathways or any other road with or without drainage system",0.8792,Begusarai,1378096.0,1200000.0,scoped_fuzzy_SequenceMatcher,HIGH_CONFIDENCE
6236,PRJ_C9A7F27A7EF7,Giriraj Singh,Bihar,Begusarai,"Construction of roads, link roads, pathways or any other road with or without drainage system","WS/MP550/2023-2024/40035 - Construction of roads, link roads, pathways or any other road with or without drainage system",0.8792,Begusarai,1292672.0,1200000.0,scoped_fuzzy_SequenceMatcher,HIGH_CONFIDENCE
6233,PRJ_C352302FD280,Giriraj Singh,Bihar,Begusarai,Construction of buildings for community cultural activities,NA - Construction of community centers and community halls,0.625,Begusarai,997670.0,1200000.0,scoped_fuzzy_SequenceMatcher,LOW_CONFIDENCE
6251,PRJ_C352302FD280,Giriraj Singh,Bihar,Begusarai,Construction of buildings for community cultural activities,NA - Construction of community centers and community halls,0.625,Begusarai,468918.0,1200000.0,scoped_fuzzy_SequenceMatcher,LOW_CONFIDENCE
6237,PRJ_F6A170B0E33A,Giriraj Singh,Bihar,Begusarai,Construction of footpaths and pedestrian ways,NA - Construction of Footpaths/Pedestrian ways,0.9535,Begusarai,997358.0,800000.0,scoped_fuzzy_SequenceMatcher,HIGH_CONFIDENCE
83247,PRJ_F6A170B0E33A,Giriraj Singh,Bihar,Begusarai,Construction of footpaths and pedestrian ways,NA - Construction of Footpaths/Pedestrian ways,0.9535,Begusarai,997358.0,800000.0,scoped_fuzzy_SequenceMatcher,HIGH_CONFIDENCE
6435,PRJ_8FF1651516E5,Kaushalendra Kumar,Bihar,Nalanda,Construction of public staircase/ stair ghat for public convenience,NA - Construction of boundary walls of existing public and community buildings,0.518,Nalanda,249617.0,500000.0,scoped_fuzzy_SequenceMatcher,LOW_CONFIDENCE
6493,PRJ_8FF1651516E5,Kaushalendra Kumar,Bihar,Nalanda,Construction of public staircase/ stair ghat for public convenience,NA - Construction of boundary walls of existing public and community buildings,0.518,Nalanda,399241.0,500000.0,scoped_fuzzy_SequenceMatcher,LOW_CONFIDENCE
6490,PRJ_0E33194F6594,Kaushalendra Kumar,Bihar,Nalanda,Construction of footpaths and pedestrian ways,"NA - Construction of roads, approach roads, link roads and pathways",0.6095,Nalanda,85844.0,490000.0,scoped_fuzzy_SequenceMatcher,LOW_CONFIDENCE
6498,PRJ_0E33194F6594,Kaushalendra Kumar,Bihar,Nalanda,Construction of footpaths and pedestrian ways,"NA - Construction of roads, approach roads, link roads and pathways",0.6095,Nalanda,399259.0,490000.0,scoped_fuzzy_SequenceMatcher,LOW_CONFIDENCE
6516,PRJ_A22A6F1F761E,Kaushalendra Kumar,Bihar,Nalanda,Construction of culverts and bridges,NA - Construction of community centers and community halls,0.6292,Nalanda,298850.0,600000.0,scoped_fuzzy_SequenceMatcher,LOW_CONFIDENCE
6522,PRJ_2F09409D8B06,Kaushalendra Kumar,Bihar,Nalanda,Construction of bus-sheds or bus-stops,NA - Construction of common work sheds/ common covered sitting area,0.5657,Nalanda,398273.0,300000.0,scoped_fuzzy_SequenceMatcher,LOW_CONFIDENCE
6665,PRJ_1CBAAAA5F321,Alok Kumar Suman,Bihar,Gopalganj (Sc),Fitting of Sitting RCC Benches in Public Places,NA - Lighting of public spaces,0.5833,Gopalganj,1053096.0,1114286.0,scoped_fuzzy_SequenceMatcher,LOW_CONFIDENCE
6669,PRJ_1CBAAAA5F321,Alok Kumar Suman,Bihar,Gopalganj (Sc),Fitting of Sitting RCC Benches in Public Places,NA - Lighting of public spaces,0.5833,Gopalganj,428956.0,1114286.0,scoped_fuzzy_SequenceMatcher,LOW_CONFIDENCE
6874,PRJ_CE338F8A94AD,Gopal Jee Thakur,Bihar,Darbhanga,Installing hand pumps,WS/MP544/2023-2024/48344 - Installing hand pumps,0.6269,Darbhanga,87224.0,36510.0,scoped_fuzzy_SequenceMatcher,LOW_CONFIDENCE
6875,PRJ_CE338F8A94AD,Gopal Jee Thakur,Bihar,Darbhanga,Installing hand pumps,WS/MP544/2023-2024/48344 - Installing hand pumps,0.6269,Darbhanga,87224.0,36510.0,scoped_fuzzy_SequenceMatcher,LOW_CONFIDENCE
6877,PRJ_4D6A1D936E0F,Pradeep Kumar Singh,Bihar,Araria,"Construction of roads, link roads, pathways or any other road with or without drainage system","NA - Construction of roads, approach roads, link roads and pathways",0.543,Araria,448127.0,1500000.0,scoped_fuzzy_SequenceMatcher,LOW_CONFIDENCE
83777,PRJ_4D6A1D936E0F,Pradeep Kumar Singh,Bihar,Araria,"Construction of roads, link roads, pathways or any other road with or without drainage system","NA - Construction of roads, approach roads, link roads and pathways",0.543,Araria,448127.0,1500000.0,scoped_fuzzy_SequenceMatcher,LOW_CONFIDENCE
6907,PRJ_1C5CC98EFC20,Ramprit Mandal,Bihar,Jhanjharpur,Construction of rainwater harvesting structures,NA - Construction of bus-sheds or bus-stops,0.5647,Madhubani,1096000.0,500000.0,scoped_fuzzy_SequenceMatcher,LOW_CONFIDENCE
6908,PRJ_1C5CC98EFC20,Ramprit Mandal,Bihar,Jhanjharpur,Construction of rainwater harvesting structures,NA - Construction of bus-sheds or bus-stops,0.5647,Madhubani,1096000.0,500000.0,scoped_fuzzy_SequenceMatcher,LOW_CONFIDENCE
6954,PRJ_80AFA17F1C3C,Ramprit Mandal,Bihar,Jhanjharpur,Installing community drinking water plants,NA - Construction of community centers and community halls,0.5263,Madhubani,198918.0,500000.0,scoped_fuzzy_SequenceMatcher,LOW_CONFIDENCE
7147,PRJ_80AFA17F1C3C,Ramprit Mandal,Bihar,Jhanjharpur,Installing community drinking water plants,NA - Construction of community centers and community halls,0.5263,Madhubani,198664.0,500000.0,scoped_fuzzy_SequenceMatcher,LOW_CONFIDENCE
6966,PRJ_A22A6F1F761E,Kaushalendra Kumar,Bihar,Nalanda,Construction of public toilets and bathrooms,NA - Construction of community centers and community halls,0.6186,Nalanda,198000.0,600000.0,scoped_fuzzy_SequenceMatcher,LOW_CONFIDENCE
6986,PRJ_8EDD91323E47,Dinesh Chandra Yadav,Bihar,Madhepura,Setting up of laboratories,WS/MP558/2023-2024/38781 - Setting up of laboratories,0.6753,Saharsa,1249000.0,1940000.0,scoped_fuzzy_SequenceMatcher,LOW_CONFIDENCE
6987,PRJ_8EDD91323E47,Dinesh Chandra Yadav,Bihar,Madhepura,Setting up of laboratories,WS/MP558/2023-2024/38781 - Setting up of laboratories,0.6753,Saharsa,1249000.0,1940000.0,scoped_fuzzy_SequenceMatcher,LOW_CONFIDENCE
7064,PRJ_B086D1B31BB6,Alok Kumar Suman,Bihar,Gopalganj (Sc),Purchase of vans and buses for educational institutions,"NA - Purchase of IT systems, including hardware and software for educational purposes",0.5821,Gopalganj,798000.0,250000.0,scoped_fuzzy_SequenceMatcher,LOW_CONFIDENCE
7092,PRJ_F5664CDC9EF5,Ravi Shankar Prasad,Bihar,Patna Sahib,Construction of public toilets and bathrooms,WS/MP561/2023-2024/41993 - Construction of public toilets and bathrooms,0.7788,Patna,1483300.0,150000.0,scoped_fuzzy_SequenceMatcher,MEDIUM_CONFIDENCE
83203,PRJ_F5664CDC9EF5,Ravi Shankar Prasad,Bihar,Patna Sahib,Construction of public toilets and bathrooms,WS/MP561/2023-2024/41993 - Construction of public toilets and bathrooms,0.7788,Patna,1483300.0,150000.0,scoped_fuzzy_SequenceMatcher,MEDIUM_CONFIDENCE
7116,PRJ_6AA04E55A16A,Sunil Kumar,Bihar,Valmiki Nagar,Construction of platforms and passenger sheds at railway stations,NA - Construction of public toilets and bathrooms,0.5505,Pashchim Champaran,396631.0,1000000.0,scoped_fuzzy_SequenceMatcher,LOW_CONFIDENCE
7117,PRJ_6AA04E55A16A,Sunil Kumar,Bihar,Valmiki Nagar,Construction of platforms and passenger sheds at railway stations,NA - Construction of public toilets and bathrooms,0.5505,Pashchim Champaran,36000.0,1000000.0,scoped_fuzzy_SequenceMatcher,LOW_CONFIDENCE
7119,PRJ_701ED0A62962,Sunil Kumar,Bihar,Valmiki Nagar,Construction of public staircase/ stair ghat for public convenience,NA - Construction of public staircase to access road over bridge,0.624,Pashchim Champaran,996591.0,800000.0,scoped_fuzzy_SequenceMatcher,LOW_CONFIDENCE
7123,PRJ_701ED0A62962,Sunil Kumar,Bihar,Valmiki Nagar,Construction of public staircase/ stair ghat for public convenience,NA - Construction of public staircase to access road over bridge,0.624,Pashchim Champaran,795872.0,800000.0,scoped_fuzzy_SequenceMatcher,LOW_CONFIDENCE
7134,PRJ_6AA04E55A16A,Sunil Kumar,Bihar,Valmiki Nagar,Construction of toilet blocks,NA - Construction of public toilets and bathrooms,0.7123,Pashchim Champaran,536414.0,1000000.0,scoped_fuzzy_SequenceMatcher,MEDIUM_CONFIDENCE
7135,PRJ_6AA04E55A16A,Sunil Kumar,Bihar,Valmiki Nagar,Construction of toilet blocks,NA - Construction of public toilets and bathrooms,0.7123,Pashchim Champaran,648993.0,1000000.0,scoped_fuzzy_SequenceMatcher,MEDIUM_CONFIDENCE
7149,PRJ_1C5CC98EFC20,Ramprit Mandal,Bihar,Jhanjharpur,Construction of platforms and passenger sheds at railway stations,NA - Construction of bus-sheds or bus-stops,0.5825,Madhubani,452198.0,500000.0,scoped_fuzzy_SequenceMatcher,LOW_CONFIDENCE
7192,PRJ_0BCF5F919715,Sunil Kumar,Bihar,Valmiki Nagar,Construction of boundary walls of existing public and community buildings,NA - Construction of community centers and community halls,0.619,Pashchim Champaran,1193743.0,1200000.0,scoped_fuzzy_SequenceMatcher,LOW_CONFIDENCE
7200,PRJ_3C148180FE43,Sunil Kumar,Bihar,Valmiki Nagar,Construction of rooms and halls in school and colleges,WS/MP555/2023-2024/17971 - Construction of rooms and halls in school and colleges,0.812,Pashchim Champaran,1368113.0,1167400.0,scoped_fuzzy_SequenceMatcher,MEDIUM_CONFIDENCE
7238,PRJ_EB473E2D3126,Ajay Kumar Mandal,Bihar,Bhagalpur,Construction of buildings for community cultural activities,WS/MP499/2023-2024/6486 - Construction of buildings for community cultural activities,0.831,Bhagalpur,536867.0,1400000.0,scoped_fuzzy_SequenceMatcher,MEDIUM_CONFIDENCE
7240,PRJ_EB473E2D3126,Ajay Kumar Mandal,Bihar,Bhagalpur,Construction of buildings for community cultural activities,WS/MP499/2023-2024/6486 - Construction of buildings for community cultural activities,0.831,Bhagalpur,845839.0,1400000.0,scoped_fuzzy_SequenceMatcher,MEDIUM_CONFIDENCE
7292,PRJ_0482FAB392EA,Pradeep Kumar Singh,Bihar,Araria,Setting up of laboratories,WS/MP418/2023-2024/69772 - Setting up of laboratories,0.6753,Araria,2475000.0,4930184.0,scoped_fuzzy_SequenceMatcher,LOW_CONFIDENCE
7293,PRJ_0482FAB392EA,Pradeep Kumar Singh,Bihar,Araria,Setting up of laboratories,WS/MP418/2023-2024/69772 - Setting up of laboratories,0.6753,Araria,2475000.0,4930184.0,scoped_fuzzy_SequenceMatcher,LOW_CONFIDENCE
7331,PRJ_D61E99571DE0,Veena Devi,Bihar,Vaishali,Purchase Books for Library,WS/MP317/2023-2024/1401 - Purchase of books and periodicals for libraries,0.5155,Muzaffarpur,5000000.0,2200000.0,scoped_fuzzy_SequenceMatcher,LOW_CONFIDENCE
7332,PRJ_D61E99571DE0,Veena Devi,Bihar,Vaishali,Purchase Books for Library,WS/MP317/2023-2024/1401 - Purchase of books and periodicals for libraries,0.5155,Muzaffarpur,5000000.0,2200000.0,scoped_fuzzy_SequenceMatcher,LOW_CONFIDENCE
7342,PRJ_D61E99571DE0,Veena Devi,Bihar,Vaishali,Purchase of books and periodicals for libraries/digitization of library books,WS/MP317/2023-2024/1401 - Purchase of books and periodicals for libraries,0.6351,Muzaffarpur,3750000.0,2200000.0,scoped_fuzzy_SequenceMatcher,LOW_CONFIDENCE
7343,PRJ_D61E99571DE0,Veena Devi,Bihar,Vaishali,Purchase of books and periodicals for libraries/digitization of library books,WS/MP317/2023-2024/1401 - Purchase of books and periodicals for libraries,0.6351,Muzaffarpur,3750000.0,2200000.0,scoped_fuzzy_SequenceMatcher,LOW_CONFIDENCE
7877,PRJ_1C5CC98EFC20,Ramprit Mandal,Bihar,Jhanjharpur,Construction of water tanks,NA - Construction of bus-sheds or bus-stops,0.6462,Madhubani,147959.0,500000.0,scoped_fuzzy_SequenceMatcher,LOW_CONFIDENCE
83139,PRJ_1C5CC98EFC20,Ramprit Mandal,Bihar,Jhanjharpur,Construction of water tanks,NA - Construction of bus-sheds or bus-stops,0.6462,Madhubani,147959.0,500000.0,scoped_fuzzy_SequenceMatcher,LOW_CONFIDENCE
7880,PRJ_1C5CC98EFC20,Ramprit Mandal,Bihar,Jhanjharpur,Construction of road under bridge,NA - Construction of bus-sheds or bus-stops,0.5634,Madhubani,789685.0,500000.0,scoped_fuzzy_SequenceMatcher,LOW_CONFIDENCE
83224,PRJ_1C5CC98EFC20,Ramprit Mandal,Bihar,Jhanjharpur,Construction of road under bridge,NA - Construction of bus-sheds or bus-stops,0.5634,Madhubani,789685.0,500000.0,scoped_fuzzy_SequenceMatcher,LOW_CONFIDENCE
7881,PRJ_1C5CC98EFC20,Ramprit Mandal,Bihar,Jhanjharpur,Construction of rooms and halls in school and colleges,NA - Construction of bus-sheds or bus-stops,0.5435,Madhubani,199887.0,500000.0,scoped_fuzzy_SequenceMatcher,LOW_CONFIDENCE
8186,PRJ_20B82F06AE2A,Vijay Baghel,Chhattisgarh,Durg,"Construction of roads, link roads, pathways or any other road with or without drainage system","WS/MP568/2023-2024/15037 - Construction of roads, link roads, pathways or any other road with or without drainage system",0.8792,Durg,350000.0,500000.0,scoped_fuzzy_SequenceMatcher,HIGH_CONFIDENCE
8187,PRJ_20B82F06AE2A,Vijay Baghel,Chhattisgarh,Durg,"Construction of roads, link roads, pathways or any other road with or without drainage system","WS/MP568/2023-2024/15037 - Construction of roads, link roads, pathways or any other road with or without drainage system",0.8792,Durg,350000.0,500000.0,scoped_fuzzy_SequenceMatcher,HIGH_CONFIDENCE
8190,PRJ_DFA9116AC969,Santosh Pandey,Chhattisgarh,Rajnandgaon,Development of playfields and sports grounds,WS/MP513/2023-2024/2128 - Development of playground,0.5376,Rajnandgaon,347959.0,500000.0,scoped_fuzzy_SequenceMatcher,LOW_CONFIDENCE
8532,PRJ_DFA9116AC969,Santosh Pandey,Chhattisgarh,Rajnandgaon,Development of playfields and sports grounds,WS/MP513/2023-2024/2128 - Development of playground,0.5376,Khairagarh-Chhuikhadan-Gandai,250000.0,500000.0,scoped_fuzzy_SequenceMatcher,LOW_CONFIDENCE
8205,PRJ_FD1283284C34,Vijay Baghel,Chhattisgarh,Durg,Construction of common work sheds/ common covered sitting area,WS/MP568/2023-2024/14504 - Construction of common work sheds/ common covered sitting area,0.8299,Bemetara,400000.0,500000.0,scoped_fuzzy_SequenceMatcher,MEDIUM_CONFIDENCE
8240,PRJ_FD1283284C34,Vijay Baghel,Chhattisgarh,Durg,Construction of common work sheds/ common covered sitting area,WS/MP568/2023-2024/14504 - Construction of common work sheds/ common covered sitting area,0.8299,Durg,350000.0,500000.0,scoped_fuzzy_SequenceMatcher,MEDIUM_CONFIDENCE
8213,PRJ_E5B5A314E3BC,Santosh Pandey,Chhattisgarh,Rajnandgaon,Construction of bus-sheds or bus-stops,WS/MP513/2023-2024/26581 - Construction of bus-sheds or bus-stops,0.7525,Mohla-Manpur-Ambagarh Chouki,420000.0,610000.0,scoped_fuzzy_SequenceMatcher,MEDIUM_CONFIDENCE
8564,PRJ_E5B5A314E3BC,Santosh Pandey,Chhattisgarh,Rajnandgaon,Construction of bus-sheds or bus-stops,WS/MP513/2023-2024/26581 - Construction of bus-sheds or bus-stops,0.7525,Mohla-Manpur-Ambagarh Chouki,280000.0,610000.0,scoped_fuzzy_SequenceMatcher,MEDIUM_CONFIDENCE
8219,PRJ_6991103A7AF7,Santosh Pandey,Chhattisgarh,Rajnandgaon,Construction of buildings for community cultural activities,NA - Construction of community centers and community halls,0.625,Kabeerdham,104150.0,300000.0,scoped_fuzzy_SequenceMatcher,LOW_CONFIDENCE
8245,PRJ_6991103A7AF7,Santosh Pandey,Chhattisgarh,Rajnandgaon,Construction of buildings for community cultural activities,NA - Construction of community centers and community halls,0.625,Kabeerdham,150000.0,300000.0,scoped_fuzzy_SequenceMatcher,LOW_CONFIDENCE
8227,PRJ_5AD6CB534066,Santosh Pandey,Chhattisgarh,Rajnandgaon,"Construction of roads, link roads, pathways or any other road with or without drainage system","WS/MP513/2023-2024/19460 - Construction of roads, link roads, pathways or any other road with or without drainage system",0.8792,Kabeerdham,246500.0,300000.0,scoped_fuzzy_SequenceMatcher,HIGH_CONFIDENCE
8230,PRJ_5AD6CB534066,Santosh Pandey,Chhattisgarh,Rajnandgaon,"Construction of roads, link roads, pathways or any other road with or without drainage system","WS/MP513/2023-2024/19460 - Construction of roads, link roads, pathways or any other road with or without drainage system",0.8792,Kabeerdham,399900.0,300000.0,scoped_fuzzy_SequenceMatcher,HIGH_CONFIDENCE
8294,PRJ_93E773583FEA,Jyotsna Charandas Mahant,Chhattisgarh,Korba,"Construction of roads, link roads, pathways or any other road with or without drainage system","WS/MP514/2023-2024/77172 - Construction of roads, link roads, pathways or any other road with or without drainage system",0.8792,Korba,250000.0,200000.0,scoped_fuzzy_SequenceMatcher,HIGH_CONFIDENCE
8301,PRJ_93E773583FEA,Jyotsna Charandas Mahant,Chhattisgarh,Korba,"Construction of roads, link roads, pathways or any other road with or without drainage system","WS/MP514/2023-2024/77172 - Construction of roads, link roads, pathways or any other road with or without drainage system",0.8792,Korba,485000.0,200000.0,scoped_fuzzy_SequenceMatcher,HIGH_CONFIDENCE
8442,PRJ_AAAC46368E65,Jyotsna Charandas Mahant,Chhattisgarh,Korba,Crematoriums/energy efficient crematoriums or structures on burial/cremation ground,NA - Crematoriums or structures on burial/ cremation ground for public convenience,0.6667,Korba,149735.0,300000.0,scoped_fuzzy_SequenceMatcher,LOW_CONFIDENCE
8594,PRJ_AAAC46368E65,Jyotsna Charandas Mahant,Chhattisgarh,Korba,Crematoriums/energy efficient crematoriums or structures on burial/cremation ground,NA - Crematoriums or structures on burial/ cremation ground for public convenience,0.6667,Korba,150000.0,300000.0,scoped_fuzzy_SequenceMatcher,LOW_CONFIDENCE
8448,PRJ_1EA4674882CC,Jyotsna Charandas Mahant,Chhattisgarh,Korba,Construction of footpaths and pedestrian ways,NA - Construction of Footpaths/Pedestrian ways,0.9535,Korba,99861.0,500000.0,scoped_fuzzy_SequenceMatcher,HIGH_CONFIDENCE
8455,PRJ_1EA4674882CC,Jyotsna Charandas Mahant,Chhattisgarh,Korba,Construction of footpaths and pedestrian ways,NA - Construction of Footpaths/Pedestrian ways,0.9535,Korba,300000.0,500000.0,scoped_fuzzy_SequenceMatcher,HIGH_CONFIDENCE
8493,PRJ_1D117031B104,Jyotsna Charandas Mahant,Chhattisgarh,Korba,Construction of public toilets and bathrooms,NA - Construction of culverts and bridges,0.725,Korba,50000.0,200000.0,scoped_fuzzy_SequenceMatcher,MEDIUM_CONFIDENCE
8499,PRJ_1D117031B104,Jyotsna Charandas Mahant,Chhattisgarh,Korba,Construction of public toilets and bathrooms,NA - Construction of culverts and bridges,0.725,Korba,150000.0,200000.0,scoped_fuzzy_SequenceMatcher,MEDIUM_CONFIDENCE
8495,PRJ_74D9E3D10262,Jyotsna Charandas Mahant,Chhattisgarh,Korba,"Construction of rooms and facilities for hospitals, FWC , PHC Centers and ANM centers",NA - Construction of rooms and halls in school and colleges,0.6176,Korba,375000.0,200000.0,scoped_fuzzy_SequenceMatcher,LOW_CONFIDENCE
8497,PRJ_1D117031B104,Jyotsna Charandas Mahant,Chhattisgarh,Korba,Construction of public libraries and reading rooms,NA - Construction of culverts and bridges,0.6512,Korba,250000.0,200000.0,scoped_fuzzy_SequenceMatcher,LOW_CONFIDENCE
8504,PRJ_06B30C794D6B,Vijay Baghel,Chhattisgarh,Durg,Construction of buildings for community cultural activities,WS/MP568/2023-2024/14634 - Construction of buildings for community cultural activities,0.8252,Durg,600000.0,300000.0,scoped_fuzzy_SequenceMatcher,MEDIUM_CONFIDENCE
8527,PRJ_6991103A7AF7,Santosh Pandey,Chhattisgarh,Rajnandgaon,Installing community drinking water plants,NA - Construction of community centers and community halls,0.5263,Rajnandgaon,200000.0,300000.0,scoped_fuzzy_SequenceMatcher,LOW_CONFIDENCE
8528,PRJ_6991103A7AF7,Santosh Pandey,Chhattisgarh,Rajnandgaon,Installing community drinking water plants,NA - Construction of community centers and community halls,0.5263,Rajnandgaon,199950.0,300000.0,scoped_fuzzy_SequenceMatcher,LOW_CONFIDENCE
8570,PRJ_674FF4069016,Santosh Pandey,Chhattisgarh,Rajnandgaon,Purchase of mobile water tankers,NA - Construction of water tanks,0.5763,Mohla-Manpur-Ambagarh Chouki,150000.0,300000.0,scoped_fuzzy_SequenceMatcher,LOW_CONFIDENCE
8571,PRJ_674FF4069016,Santosh Pandey,Chhattisgarh,Rajnandgaon,Purchase of mobile water tankers,NA - Construction of water tanks,0.5763,Mohla-Manpur-Ambagarh Chouki,150000.0,300000.0,scoped_fuzzy_SequenceMatcher,LOW_CONFIDENCE
8767,PRJ_5D3BF0A6A566,Vijay Baghel,Chhattisgarh,Durg,Installing community drinking water plants,NA - Construction of community centers and community halls,0.5263,Durg,750000.0,500000.0,scoped_fuzzy_SequenceMatcher,LOW_CONFIDENCE
8768,PRJ_5D3BF0A6A566,Vijay Baghel,Chhattisgarh,Durg,Installing community drinking water plants,NA - Construction of community centers and community halls,0.5263,Durg,730000.0,500000.0,scoped_fuzzy_SequenceMatcher,LOW_CONFIDENCE
8830,PRJ_52FFE24F2E5D,Santosh Pandey,Chhattisgarh,Rajnandgaon,Lighting of public spaces,WS/MP513/2023-2024/20260 - Lighting of public spaces,0.6667,Rajnandgaon,100000.0,320000.0,scoped_fuzzy_SequenceMatcher,LOW_CONFIDENCE
8831,PRJ_52FFE24F2E5D,Santosh Pandey,Chhattisgarh,Rajnandgaon,Lighting of public spaces,WS/MP513/2023-2024/20260 - Lighting of public spaces,0.6667,Rajnandgaon,400000.0,320000.0,scoped_fuzzy_SequenceMatcher,LOW_CONFIDENCE
10276,PRJ_DDA5CE1C9DA2,Jyotsna Charandas Mahant,Chhattisgarh,Korba,Creation of new ponds,NA - Renovation of ponds and lakes,0.64,Korba,150000.0,300000.0,scoped_fuzzy_SequenceMatcher,LOW_CONFIDENCE
84297,PRJ_DDA5CE1C9DA2,Jyotsna Charandas Mahant,Chhattisgarh,Korba,Creation of new ponds,NA - Renovation of ponds and lakes,0.64,Korba,150000.0,300000.0,scoped_fuzzy_SequenceMatcher,LOW_CONFIDENCE
10570,PRJ_E270109FE4BB,Vijay Baghel,Chhattisgarh,Durg,Purchase of books and periodicals for libraries/digitization of library books,NA - Purchase of books and periodicals for libraries,0.7581,Durg,50000.0,500000.0,scoped_fuzzy_SequenceMatcher,MEDIUM_CONFIDENCE
10571,PRJ_E270109FE4BB,Vijay Baghel,Chhattisgarh,Durg,Purchase of books and periodicals for libraries/digitization of library books,NA - Purchase of books and periodicals for libraries,0.7581,Durg,50000.0,500000.0,scoped_fuzzy_SequenceMatcher,MEDIUM_CONFIDENCE
11099,PRJ_B6823384704C,Santosh Pandey,Chhattisgarh,Rajnandgaon,Installation of fixed garden gym equipment,WS/MP513/2023-2024/26815 - Installation of fixed garden gym equipment,0.7706,Rajnandgaon,150000.0,500000.0,scoped_fuzzy_SequenceMatcher,MEDIUM_CONFIDENCE
11488,PRJ_76B77D2D571E,Mitesh Rameshbhai Bakabhai Patel,Gujarat,Anand,"Construction of roads, link roads, pathways or any other road with or without drainage system","NA - Construction of roads, approach roads, link roads and pathways",0.543,Anand,200000.0,200000.0,scoped_fuzzy_SequenceMatcher,LOW_CONFIDENCE
11492,PRJ_76B77D2D571E,Mitesh Rameshbhai Bakabhai Patel,Gujarat,Anand,"Construction of roads, link roads, pathways or any other road with or without drainage system","NA - Construction of roads, approach roads, link roads and pathways",0.543,Anand,200000.0,200000.0,scoped_fuzzy_SequenceMatcher,LOW_CONFIDENCE
11506,PRJ_FA71C54BE799,Poonamben Hematbhai Maadam,Gujarat,Jamnagar,Construction of boundary walls of existing public and community buildings,NA - Construction of community centers and community halls,0.619,Jamnagar,189460.0,400000.0,scoped_fuzzy_SequenceMatcher,LOW_CONFIDENCE
13053,PRJ_FA71C54BE799,Poonamben Hematbhai Maadam,Gujarat,Jamnagar,Construction of boundary walls of existing public and community buildings,NA - Construction of community centers and community halls,0.619,Jamnagar,297363.0,400000.0,scoped_fuzzy_SequenceMatcher,LOW_CONFIDENCE
11510,PRJ_AC5A26F9F8CE,C R Patil,Gujarat,Navsari,Construction of boundary walls of existing public and community buildings,WS/MP575/2023-2024/23772 - Construction of community centers and community halls,0.5166,Navsari,500000.0,985000.0,scoped_fuzzy_SequenceMatcher,LOW_CONFIDENCE
13640,PRJ_AC5A26F9F8CE,C R Patil,Gujarat,Navsari,Construction of boundary walls of existing public and community buildings,WS/MP575/2023-2024/23772 - Construction of community centers and community halls,0.5166,Navsari,500000.0,985000.0,scoped_fuzzy_SequenceMatcher,LOW_CONFIDENCE
11519,PRJ_BBD65D6FD4F7,Mansukhbhai Dhanjibhai Vasava,Gujarat,Bharuch,Construction of common work sheds/ common covered sitting area,NA - Construction of boundary walls of existing public and community buildings,0.5224,Bharuch,500000.0,150000.0,scoped_fuzzy_SequenceMatcher,LOW_CONFIDENCE
11570,PRJ_BBD65D6FD4F7,Mansukhbhai Dhanjibhai Vasava,Gujarat,Bharuch,Construction of common work sheds/ common covered sitting area,NA - Construction of boundary walls of existing public and community buildings,0.5224,Bharuch,348538.0,150000.0,scoped_fuzzy_SequenceMatcher,LOW_CONFIDENCE
11540,PRJ_96A3B8EB8EAD,Mansukhbhai Dhanjibhai Vasava,Gujarat,Bharuch,"Construction of roads, link roads, pathways or any other road with or without drainage system","NA - Construction of roads, approach roads, link roads and pathways",0.543,Bharuch,96000.0,700000.0,scoped_fuzzy_SequenceMatcher,LOW_CONFIDENCE
11632,PRJ_96A3B8EB8EAD,Mansukhbhai Dhanjibhai Vasava,Gujarat,Bharuch,"Construction of roads, link roads, pathways or any other road with or without drainage system","NA - Construction of roads, approach roads, link roads and pathways",0.543,Vadodara,100000.0,700000.0,scoped_fuzzy_SequenceMatcher,LOW_CONFIDENCE
11588,PRJ_BC2773A58686,Mitesh Rameshbhai Bakabhai Patel,Gujarat,Anand,Construction of common work sheds/ common covered sitting area,NA - Common work sheds for artisans,0.5275,Anand,274825.0,400000.0,scoped_fuzzy_SequenceMatcher,LOW_CONFIDENCE
11683,PRJ_BC2773A58686,Mitesh Rameshbhai Bakabhai Patel,Gujarat,Anand,Construction of common work sheds/ common covered sitting area,NA - Common work sheds for artisans,0.5275,Anand,249459.0,400000.0,scoped_fuzzy_SequenceMatcher,LOW_CONFIDENCE
11635,PRJ_FA71C54BE799,Poonamben Hematbhai Maadam,Gujarat,Jamnagar,Construction of building for veterinary aid centers,NA - Construction of community centers and community halls,0.5385,Jamnagar,418982.0,400000.0,scoped_fuzzy_SequenceMatcher,LOW_CONFIDENCE
11643,PRJ_33CC7E7D1717,Hasmukh Bhai Soma Bhai Patel,Gujarat,Ahmedabad East,Construction of common work sheds/ common covered sitting area,NA - Construction of bus-sheds or bus-stops,0.5657,Gandhinagar,350000.0,200000.0,scoped_fuzzy_SequenceMatcher,LOW_CONFIDENCE
13157,PRJ_33CC7E7D1717,Hasmukh Bhai Soma Bhai Patel,Gujarat,Ahmedabad East,Construction of common work sheds/ common covered sitting area,NA - Construction of bus-sheds or bus-stops,0.5657,Mahesana,490000.0,200000.0,scoped_fuzzy_SequenceMatcher,LOW_CONFIDENCE
11661,PRJ_A7D9C5AB330C,Hasmukh Bhai Soma Bhai Patel,Gujarat,Ahmedabad East,"Purchase of hearse van (Four, three and two wheelers)","NA - Purchase of smart boards, visual display units and projectors",0.5273,Gandhinagar,337854.0,17500000.0,scoped_fuzzy_SequenceMatcher,LOW_CONFIDENCE
11674,PRJ_BBD65D6FD4F7,Mansukhbhai Dhanjibhai Vasava,Gujarat,Bharuch,Construction of rooms and halls in school and colleges,NA - Construction of boundary walls of existing public and community buildings,0.6142,Bharuch,3130066.0,150000.0,scoped_fuzzy_SequenceMatcher,LOW_CONFIDENCE
11690,PRJ_96A3B8EB8EAD,Mansukhbhai Dhanjibhai Vasava,Gujarat,Bharuch,Construction of footpaths and pedestrian ways,"NA - Construction of roads, approach roads, link roads and pathways",0.6095,Vadodara,100000.0,700000.0,scoped_fuzzy_SequenceMatcher,LOW_CONFIDENCE
11701,PRJ_96A3B8EB8EAD,Mansukhbhai Dhanjibhai Vasava,Gujarat,Bharuch,Construction of footpaths and pedestrian ways,"NA - Construction of roads, approach roads, link roads and pathways",0.6095,Vadodara,100000.0,700000.0,scoped_fuzzy_SequenceMatcher,LOW_CONFIDENCE
11780,PRJ_FA71C54BE799,Poonamben Hematbhai Maadam,Gujarat,Jamnagar,Construction of culverts and bridges,NA - Construction of community centers and community halls,0.6292,Jamnagar,399975.0,400000.0,scoped_fuzzy_SequenceMatcher,LOW_CONFIDENCE
11915,PRJ_FA71C54BE799,Poonamben Hematbhai Maadam,Gujarat,Jamnagar,Construction of culverts and bridges,NA - Construction of community centers and community halls,0.6292,Jamnagar,457714.0,400000.0,scoped_fuzzy_SequenceMatcher,LOW_CONFIDENCE
11925,PRJ_76B77D2D571E,Mitesh Rameshbhai Bakabhai Patel,Gujarat,Anand,Construction of platforms and passenger sheds at railway stations,"NA - Construction of roads, approach roads, link roads and pathways",0.512,Anand,100000.0,200000.0,scoped_fuzzy_SequenceMatcher,LOW_CONFIDENCE
12161,PRJ_76B77D2D571E,Mitesh Rameshbhai Bakabhai Patel,Gujarat,Anand,Construction of platforms and passenger sheds at railway stations,"NA - Construction of roads, approach roads, link roads and pathways",0.512,Anand,158047.0,200000.0,scoped_fuzzy_SequenceMatcher,LOW_CONFIDENCE
11937,PRJ_2C5E8D39BF35,Prabhubhai Nagarbhai Vasava,Gujarat,Bardoli(St),Construction of common work sheds/ common covered sitting area,NA - Construction of rooms and halls in school and colleges,0.5043,Surat,499999.0,1500000.0,scoped_fuzzy_SequenceMatcher,LOW_CONFIDENCE
12129,PRJ_2C5E8D39BF35,Prabhubhai Nagarbhai Vasava,Gujarat,Bardoli(St),Construction of common work sheds/ common covered sitting area,NA - Construction of rooms and halls in school and colleges,0.5043,Surat,300000.0,1500000.0,scoped_fuzzy_SequenceMatcher,LOW_CONFIDENCE
11972,PRJ_707A6F6EE8B7,Prabhubhai Nagarbhai Vasava,Gujarat,Bardoli(St),Purchase of furniture and fixtures for educational purposes,NA - Purchase of books and periodicals for libraries,0.5283,Surat,500000.0,200000.0,scoped_fuzzy_SequenceMatcher,LOW_CONFIDENCE
12044,PRJ_34547E5805A1,Prabhubhai Nagarbhai Vasava,Gujarat,Bardoli(St),Purchase of mobile water tankers,NA - Purchase of hearse van,0.5926,Surat,499350.0,2000000.0,scoped_fuzzy_SequenceMatcher,LOW_CONFIDENCE
13473,PRJ_34547E5805A1,Prabhubhai Nagarbhai Vasava,Gujarat,Bardoli(St),Purchase of mobile water tankers,NA - Purchase of hearse van,0.5926,Surat,259900.0,2000000.0,scoped_fuzzy_SequenceMatcher,LOW_CONFIDENCE
12049,PRJ_78E308F7FBFF,Devusinh Jesingbhai Chauhan,Gujarat,Kheda,Construction of additional rooms and halls in the existing public and community building,NA - Construction of boundary walls of existing public and community buildings,0.795,Ahmedabad,494922.0,500000.0,scoped_fuzzy_SequenceMatcher,MEDIUM_CONFIDENCE
12061,PRJ_AC5A26F9F8CE,C R Patil,Gujarat,Navsari,Construction of community centers and community halls,WS/MP575/2023-2024/23772 - Construction of community centers and community halls,0.8092,Navsari,500000.0,985000.0,scoped_fuzzy_SequenceMatcher,MEDIUM_CONFIDENCE
13792,PRJ_AC5A26F9F8CE,C R Patil,Gujarat,Navsari,Construction of community centers and community halls,WS/MP575/2023-2024/23772 - Construction of community centers and community halls,0.8092,Navsari,500000.0,985000.0,scoped_fuzzy_SequenceMatcher,MEDIUM_CONFIDENCE
12221,PRJ_EF73B8D2B865,Mansukhbhai Dhanjibhai Vasava,Gujarat,Bharuch,Installing tube-wells and borewells,WS/MP578/2023-2024/51163 - Installing tube-wells and borewells,0.7368,Bharuch,100000.0,50000.0,scoped_fuzzy_SequenceMatcher,MEDIUM_CONFIDENCE
12222,PRJ_EF73B8D2B865,Mansukhbhai Dhanjibhai Vasava,Gujarat,Bharuch,Installing tube-wells and borewells,WS/MP578/2023-2024/51163 - Installing tube-wells and borewells,0.7368,Bharuch,100000.0,50000.0,scoped_fuzzy_SequenceMatcher,MEDIUM_CONFIDENCE
12360,PRJ_AC5A26F9F8CE,C R Patil,Gujarat,Navsari,Construction of buildings for community cultural activities,WS/MP575/2023-2024/23772 - Construction of community centers and community halls,0.5109,Navsari,929038.0,985000.0,scoped_fuzzy_SequenceMatcher,LOW_CONFIDENCE
12511,PRJ_D03A837C7232,Devusinh Jesingbhai Chauhan,Gujarat,Kheda,Construction of building for veterinary aid centers,"NA - Construction of roads, approach roads, link roads and pathways",0.5045,Kheda,400000.0,400000.0,scoped_fuzzy_SequenceMatcher,LOW_CONFIDENCE
85764,PRJ_D03A837C7232,Devusinh Jesingbhai Chauhan,Gujarat,Kheda,Construction of building for veterinary aid centers,"NA - Construction of roads, approach roads, link roads and pathways",0.5045,Kheda,400000.0,400000.0,scoped_fuzzy_SequenceMatcher,LOW_CONFIDENCE
12531,PRJ_2C5E8D39BF35,Prabhubhai Nagarbhai Vasava,Gujarat,Bardoli(St),Construction of community centers and community halls,NA - Construction of rooms and halls in school and colleges,0.5981,Surat,882933.0,1500000.0,scoped_fuzzy_SequenceMatcher,LOW_CONFIDENCE
86386,PRJ_2C5E8D39BF35,Prabhubhai Nagarbhai Vasava,Gujarat,Bardoli(ST),Construction of community centers and community halls,NA - Construction of rooms and halls in school and colleges,0.5981,Surat,882933.0,1500000.0,scoped_fuzzy_SequenceMatcher,LOW_CONFIDENCE
12572,PRJ_BBD65D6FD4F7,Mansukhbhai Dhanjibhai Vasava,Gujarat,Bharuch,Construction of community centers and community halls,NA - Construction of boundary walls of existing public and community buildings,0.619,Bharuch,198354.0,150000.0,scoped_fuzzy_SequenceMatcher,LOW_CONFIDENCE
13616,PRJ_BBD65D6FD4F7,Mansukhbhai Dhanjibhai Vasava,Gujarat,Bharuch,Construction of community centers and community halls,NA - Construction of boundary walls of existing public and community buildings,0.619,Bharuch,299539.0,150000.0,scoped_fuzzy_SequenceMatcher,LOW_CONFIDENCE
12856,PRJ_96A3B8EB8EAD,Mansukhbhai Dhanjibhai Vasava,Gujarat,Bharuch,Construction of bus-sheds or bus-stops,"NA - Construction of roads, approach roads, link roads and pathways",0.5306,Vadodara,95700.0,700000.0,scoped_fuzzy_SequenceMatcher,LOW_CONFIDENCE
12925,PRJ_96A3B8EB8EAD,Mansukhbhai Dhanjibhai Vasava,Gujarat,Bharuch,Construction of bus-sheds or bus-stops,"NA - Construction of roads, approach roads, link roads and pathways",0.5306,Bharuch,500000.0,700000.0,scoped_fuzzy_SequenceMatcher,LOW_CONFIDENCE
12918,PRJ_707A6F6EE8B7,Prabhubhai Nagarbhai Vasava,Gujarat,Bardoli(St),Providing drains and gutters for public drainage,NA - Purchase of books and periodicals for libraries,0.5053,Surat,298185.0,200000.0,scoped_fuzzy_SequenceMatcher,LOW_CONFIDENCE
13021,PRJ_707A6F6EE8B7,Prabhubhai Nagarbhai Vasava,Gujarat,Bardoli(St),Providing drains and gutters for public drainage,NA - Purchase of books and periodicals for libraries,0.5053,Surat,297174.0,200000.0,scoped_fuzzy_SequenceMatcher,LOW_CONFIDENCE
13070,PRJ_A4F6E456C570,Hasmukh Bhai Soma Bhai Patel,Gujarat,Ahmedabad East,"Providing sports equipment, except consumable items",NA - Purchase of sports equipment,0.5128,Gandhinagar,193220.0,500000.0,scoped_fuzzy_SequenceMatcher,LOW_CONFIDENCE
13159,PRJ_BF32358EF9CD,Hasmukh Bhai Soma Bhai Patel,Gujarat,Ahmedabad East,Construction of boundary walls of existing public and community buildings,NA - Construction of rooms and halls in school and colleges,0.6142,Mahesana,350336.0,500000.0,scoped_fuzzy_SequenceMatcher,LOW_CONFIDENCE
14295,PRJ_BF32358EF9CD,Hasmukh Bhai Soma Bhai Patel,Gujarat,Ahmedabad East,Construction of boundary walls of existing public and community buildings,NA - Construction of rooms and halls in school and colleges,0.6142,Gandhinagar,399907.0,500000.0,scoped_fuzzy_SequenceMatcher,LOW_CONFIDENCE
13211,PRJ_266F2617B5B8,Prabhubhai Nagarbhai Vasava,Gujarat,Bardoli(St),Construction of culverts and bridges,NA - Construction of toilet blocks,0.6769,Surat,495000.0,500000.0,scoped_fuzzy_SequenceMatcher,LOW_CONFIDENCE
86716,PRJ_266F2617B5B8,Prabhubhai Nagarbhai Vasava,Gujarat,Bardoli(ST),Construction of culverts and bridges,NA - Construction of toilet blocks,0.6769,Surat,495000.0,500000.0,scoped_fuzzy_SequenceMatcher,LOW_CONFIDENCE
13276,PRJ_2C5E8D39BF35,Prabhubhai Nagarbhai Vasava,Gujarat,Bardoli(St),Construction of boundary walls of existing public and community buildings,NA - Construction of rooms and halls in school and colleges,0.6142,Surat,300000.0,1500000.0,scoped_fuzzy_SequenceMatcher,LOW_CONFIDENCE
85775,PRJ_2C5E8D39BF35,Prabhubhai Nagarbhai Vasava,Gujarat,Bardoli(ST),Construction of boundary walls of existing public and community buildings,NA - Construction of rooms and halls in school and colleges,0.6142,Surat,300000.0,1500000.0,scoped_fuzzy_SequenceMatcher,LOW_CONFIDENCE
13288,PRJ_FA71C54BE799,Poonamben Hematbhai Maadam,Gujarat,Jamnagar,Construction of common work sheds/ common covered sitting area,NA - Construction of community centers and community halls,0.614,Devbhumi Dwarka,298400.0,400000.0,scoped_fuzzy_SequenceMatcher,LOW_CONFIDENCE
86176,PRJ_FA71C54BE799,Poonamben Hematbhai Maadam,Gujarat,Jamnagar,Construction of common work sheds/ common covered sitting area,NA - Construction of community centers and community halls,0.614,Devbhumi Dwarka,298400.0,400000.0,scoped_fuzzy_SequenceMatcher,LOW_CONFIDENCE
13326,PRJ_8672394CF89B,Mitesh Rameshbhai Bakabhai Patel,Gujarat,Anand,Providing drains and gutters for public drainage,WS/MP579/2023-2024/15011 - Providing drains and gutters for public drainage,0.7934,Anand,100000.0,495000.0,scoped_fuzzy_SequenceMatcher,MEDIUM_CONFIDENCE
14573,PRJ_8672394CF89B,Mitesh Rameshbhai Bakabhai Patel,Gujarat,Anand,Providing drains and gutters for public drainage,WS/MP579/2023-2024/15011 - Providing drains and gutters for public drainage,0.7934,Anand,500000.0,495000.0,scoped_fuzzy_SequenceMatcher,MEDIUM_CONFIDENCE
13531,PRJ_2E898705BBF7,Mansukhbhai Dhanjibhai Vasava,Gujarat,Bharuch,Crematoriums/energy efficient crematoriums or structures on burial/cremation ground,NA - Crematoriums or structures on burial/ cremation ground for public convenience,0.6667,Bharuch,400000.0,600000.0,scoped_fuzzy_SequenceMatcher,LOW_CONFIDENCE
85829,PRJ_2E898705BBF7,Mansukhbhai Dhanjibhai Vasava,Gujarat,Bharuch,Crematoriums/energy efficient crematoriums or structures on burial/cremation ground,NA - Crematoriums or structures on burial/ cremation ground for public convenience,0.6667,Bharuch,400000.0,600000.0,scoped_fuzzy_SequenceMatcher,LOW_CONFIDENCE
13639,PRJ_FA71C54BE799,Poonamben Hematbhai Maadam,Gujarat,Jamnagar,Construction of water tanks,NA - Construction of community centers and community halls,0.575,Jamnagar,48781.0,400000.0,scoped_fuzzy_SequenceMatcher,LOW_CONFIDENCE
86095,PRJ_FA71C54BE799,Poonamben Hematbhai Maadam,Gujarat,Jamnagar,Construction of water tanks,NA - Construction of community centers and community halls,0.575,Jamnagar,48781.0,400000.0,scoped_fuzzy_SequenceMatcher,LOW_CONFIDENCE
14027,PRJ_76B77D2D571E,Mitesh Rameshbhai Bakabhai Patel,Gujarat,Anand,Construction of bus-sheds or bus-stops,"NA - Construction of roads, approach roads, link roads and pathways",0.5306,Anand,200000.0,200000.0,scoped_fuzzy_SequenceMatcher,LOW_CONFIDENCE
14294,PRJ_42539DA0574A,Hasmukh Bhai Soma Bhai Patel,Gujarat,Ahmedabad East,"Construction of roads, link roads, pathways or any other road with or without drainage system","NA - Construction of roads, approach roads, link roads and pathways",0.543,Gandhinagar,400000.0,150000.0,scoped_fuzzy_SequenceMatcher,LOW_CONFIDENCE
14297,PRJ_42539DA0574A,Hasmukh Bhai Soma Bhai Patel,Gujarat,Ahmedabad East,"Construction of roads, link roads, pathways or any other road with or without drainage system","NA - Construction of roads, approach roads, link roads and pathways",0.543,Gandhinagar,399705.0,150000.0,scoped_fuzzy_SequenceMatcher,LOW_CONFIDENCE
14302,PRJ_E776079F8656,Hasmukh Bhai Soma Bhai Patel,Gujarat,Ahmedabad East,Development of playground,NA - Development of public parks,0.7308,Gandhinagar,300000.0,1000000.0,scoped_fuzzy_SequenceMatcher,MEDIUM_CONFIDENCE
14305,PRJ_E776079F8656,Hasmukh Bhai Soma Bhai Patel,Gujarat,Ahmedabad East,Development of playground,NA - Development of public parks,0.7308,Gandhinagar,400000.0,1000000.0,scoped_fuzzy_SequenceMatcher,MEDIUM_CONFIDENCE
14553,PRJ_0930798A62CB,Mansukhbhai Dhanjibhai Vasava,Gujarat,Bharuch,Construction of water tanks,NA - Creation of new ponds,0.5833,Narmada,200000.0,150000.0,scoped_fuzzy_SequenceMatcher,LOW_CONFIDENCE
14686,PRJ_D03A837C7232,Devusinh Jesingbhai Chauhan,Gujarat,Kheda,Construction of footpaths and pedestrian ways,"NA - Construction of roads, approach roads, link roads and pathways",0.6095,Kheda,196099.0,400000.0,scoped_fuzzy_SequenceMatcher,LOW_CONFIDENCE
14917,PRJ_D03A837C7232,Devusinh Jesingbhai Chauhan,Gujarat,Kheda,Construction of footpaths and pedestrian ways,"NA - Construction of roads, approach roads, link roads and pathways",0.6095,Kheda,196099.0,400000.0,scoped_fuzzy_SequenceMatcher,LOW_CONFIDENCE
14738,PRJ_FA41DC3ED473,Devusinh Jesingbhai Chauhan,Gujarat,Kheda,Crematoriums/energy efficient crematoriums or structures on burial/cremation ground,NA - Crematoriums or structures on burial/ cremation ground for public convenience,0.6667,Kheda,450000.0,500000.0,scoped_fuzzy_SequenceMatcher,LOW_CONFIDENCE
14877,PRJ_76B77D2D571E,Mitesh Rameshbhai Bakabhai Patel,Gujarat,Anand,Construction of boundary walls of existing public and community buildings,"NA - Construction of roads, approach roads, link roads and pathways",0.5113,Anand,173410.0,200000.0,scoped_fuzzy_SequenceMatcher,LOW_CONFIDENCE
14889,PRJ_76B77D2D571E,Mitesh Rameshbhai Bakabhai Patel,Gujarat,Anand,Construction of boundary walls of existing public and community buildings,"NA - Construction of roads, approach roads, link roads and pathways",0.5113,Anand,77161.0,200000.0,scoped_fuzzy_SequenceMatcher,LOW_CONFIDENCE
14996,PRJ_CA51D438555C,Dharambir Singh,Haryana,Bhiwani Mahendragarh,Construction of public toilets and bathrooms,NA - Construction of public libraries and reading rooms,0.7872,Bhiwani,202988.0,1100000.0,scoped_fuzzy_SequenceMatcher,MEDIUM_CONFIDENCE
14997,PRJ_CA51D438555C,Dharambir Singh,Haryana,Bhiwani Mahendragarh,Construction of public toilets and bathrooms,NA - Construction of public libraries and reading rooms,0.7872,Bhiwani,96941.0,1100000.0,scoped_fuzzy_SequenceMatcher,MEDIUM_CONFIDENCE
15068,PRJ_42E312918F17,Dharambir Singh,Haryana,Bhiwani Mahendragarh,Installing community drinking water plants,NA - Construction of community centers and community halls,0.5263,Bhiwani,134500.0,500000.0,scoped_fuzzy_SequenceMatcher,LOW_CONFIDENCE
15069,PRJ_42E312918F17,Dharambir Singh,Haryana,Bhiwani Mahendragarh,Installing community drinking water plants,NA - Construction of community centers and community halls,0.5263,Bhiwani,70000.0,500000.0,scoped_fuzzy_SequenceMatcher,LOW_CONFIDENCE
15171,PRJ_3BEABB8E6308,Dharambir Singh,Haryana,Bhiwani Mahendragarh,Installation of multi-gym equipment,NA - Purchase of sports equipment,0.5079,Mahendragarh,70525.0,250000.0,scoped_fuzzy_SequenceMatcher,LOW_CONFIDENCE
15205,PRJ_3BEABB8E6308,Dharambir Singh,Haryana,Bhiwani Mahendragarh,Installation of multi-gym equipment,NA - Purchase of sports equipment,0.5079,Bhiwani,500000.0,250000.0,scoped_fuzzy_SequenceMatcher,LOW_CONFIDENCE
15173,PRJ_AFBD188C896E,Dharambir Singh,Haryana,Bhiwani Mahendragarh,Purchase of ambulance to transport sick and injured animals,NA - Purchase of furniture and fixtures for educational purposes,0.5085,Mahendragarh,923300.0,200000.0,scoped_fuzzy_SequenceMatcher,LOW_CONFIDENCE
15221,PRJ_AFBD188C896E,Dharambir Singh,Haryana,Bhiwani Mahendragarh,Purchase of ambulance to transport sick and injured animals,NA - Purchase of furniture and fixtures for educational purposes,0.5085,Bhiwani,1100000.0,200000.0,scoped_fuzzy_SequenceMatcher,LOW_CONFIDENCE
15249,PRJ_2D07B5B940C0,Dharambir Singh,Haryana,Bhiwani Mahendragarh,Construction of additional rooms and halls in the existing public and community building,WS/MP329/2023-2024/16470 - Construction of additional rooms and halls in the existing public and community building,0.8756,Mahendragarh,351080.0,2100000.0,scoped_fuzzy_SequenceMatcher,HIGH_CONFIDENCE
15250,PRJ_2D07B5B940C0,Dharambir Singh,Haryana,Bhiwani Mahendragarh,Construction of additional rooms and halls in the existing public and community building,WS/MP329/2023-2024/16470 - Construction of additional rooms and halls in the existing public and community building,0.8756,Mahendragarh,144882.0,2100000.0,scoped_fuzzy_SequenceMatcher,HIGH_CONFIDENCE
15307,PRJ_051D10736A09,Rao Inderjit Singh,Haryana,Gurgaon,Retrofitting in essential lifeline buildings,NA - Setting up public non-conventional energy plants,0.5217,Hisar,1019947.0,2100000.0,scoped_fuzzy_SequenceMatcher,LOW_CONFIDENCE
15350,PRJ_D17028C7EF20,Dharambir Singh,Haryana,Bhiwani Mahendragarh,Purchase of books and periodicals for libraries/digitization of library books,NA - Purchase of books and periodicals for libraries,0.7581,Bhiwani,200000.0,200000.0,scoped_fuzzy_SequenceMatcher,MEDIUM_CONFIDENCE
15572,PRJ_D17028C7EF20,Dharambir Singh,Haryana,Bhiwani Mahendragarh,Purchase of books and periodicals for libraries/digitization of library books,NA - Purchase of books and periodicals for libraries,0.7581,Charkhi Dadri,160525.0,200000.0,scoped_fuzzy_SequenceMatcher,MEDIUM_CONFIDENCE
15384,PRJ_0F167E320210,Dharambir Singh,Haryana,Bhiwani Mahendragarh,Providing drains and gutters for public drainage,NA - Providing supply pipelines for drinking water,0.5376,Varanasi,729948.0,525000.0,scoped_fuzzy_SequenceMatcher,LOW_CONFIDENCE
87927,PRJ_0F167E320210,Dharambir Singh,Haryana,Bhiwani Mahendragarh,Providing drains and gutters for public drainage,NA - Providing supply pipelines for drinking water,0.5376,Varanasi,729948.0,525000.0,scoped_fuzzy_SequenceMatcher,LOW_CONFIDENCE
15561,PRJ_7BE34C570939,Dharambir Singh,Haryana,Bhiwani Mahendragarh,Construction of public irrigation facilities,WS/MP329/2023-2024/13693 - Construction of public irrigation facilities,0.7788,Bhiwani,100000.0,110000.0,scoped_fuzzy_SequenceMatcher,MEDIUM_CONFIDENCE
87663,PRJ_7BE34C570939,Dharambir Singh,Haryana,Bhiwani Mahendragarh,Construction of public irrigation facilities,WS/MP329/2023-2024/13693 - Construction of public irrigation facilities,0.7788,Bhiwani,100000.0,110000.0,scoped_fuzzy_SequenceMatcher,MEDIUM_CONFIDENCE
15652,PRJ_C85C30FA16CA,Dharambir Singh,Haryana,Bhiwani Mahendragarh,Construction of water tanks,NA - Construction of culverts and bridges,0.6984,Charkhi Dadri,80000.0,150000.0,scoped_fuzzy_SequenceMatcher,LOW_CONFIDENCE
15747,PRJ_2D07B5B940C0,Dharambir Singh,Haryana,Bhiwani Mahendragarh,Construction of boundary walls of existing public and community buildings,WS/MP329/2023-2024/16470 - Construction of additional rooms and halls in the existing public and community building,0.6882,Bhiwani,1000000.0,2100000.0,scoped_fuzzy_SequenceMatcher,LOW_CONFIDENCE
15884,PRJ_3BEABB8E6308,Dharambir Singh,Haryana,Bhiwani Mahendragarh,Purchase of immovable sports equipment,NA - Purchase of sports equipment,0.8485,Charkhi Dadri,298200.0,250000.0,scoped_fuzzy_SequenceMatcher,MEDIUM_CONFIDENCE
15887,PRJ_3BEABB8E6308,Dharambir Singh,Haryana,Bhiwani Mahendragarh,"Providing sports equipment, except consumable items",NA - Purchase of sports equipment,0.5128,Charkhi Dadri,498786.0,250000.0,scoped_fuzzy_SequenceMatcher,LOW_CONFIDENCE
16332,PRJ_3BEABB8E6308,Dharambir Singh,Haryana,Bhiwani Mahendragarh,"Providing sports equipment, except consumable items",NA - Purchase of sports equipment,0.5128,Bhiwani,499999.0,250000.0,scoped_fuzzy_SequenceMatcher,LOW_CONFIDENCE
15960,PRJ_9765E58816BC,Rao Inderjit Singh,Haryana,Gurgaon,Development of playfields and sports grounds,NA - Development of public parks,0.5352,Rewari,800000.0,1000000.0,scoped_fuzzy_SequenceMatcher,LOW_CONFIDENCE
16083,PRJ_9765E58816BC,Rao Inderjit Singh,Haryana,Gurgaon,Development of playfields and sports grounds,NA - Development of public parks,0.5352,Rewari,800000.0,1000000.0,scoped_fuzzy_SequenceMatcher,LOW_CONFIDENCE
16508,PRJ_C4B0A7760014,Suresh Kumar Kashyap,Himachal Pradesh,Shimla (Sc),Providing supply pipelines for drinking water,NA - Providing drains and gutters for public drainage,0.5376,Sirmaur,50000.0,50000.0,scoped_fuzzy_SequenceMatcher,LOW_CONFIDENCE
16553,PRJ_C4B0A7760014,Suresh Kumar Kashyap,Himachal Pradesh,Shimla (Sc),Providing supply pipelines for drinking water,NA - Providing drains and gutters for public drainage,0.5376,Sirmaur,100000.0,50000.0,scoped_fuzzy_SequenceMatcher,LOW_CONFIDENCE
16565,PRJ_51E8425A8363,Suresh Kumar Kashyap,Himachal Pradesh,Shimla (Sc),Development of public parks,NA - Development of playground,0.6538,Sirmaur,150000.0,200000.0,scoped_fuzzy_SequenceMatcher,LOW_CONFIDENCE
16682,PRJ_51E8425A8363,Suresh Kumar Kashyap,Himachal Pradesh,Shimla (Sc),Development of public parks,NA - Development of playground,0.6538,Sirmaur,50000.0,200000.0,scoped_fuzzy_SequenceMatcher,LOW_CONFIDENCE
16578,PRJ_8C3C533EFEE9,Suresh Kumar Kashyap,Himachal Pradesh,Shimla (Sc),Construction of toilet blocks,NA - Construction of water tanks,0.75,Sirmaur,100000.0,100000.0,scoped_fuzzy_SequenceMatcher,MEDIUM_CONFIDENCE
88377,PRJ_8C3C533EFEE9,Suresh Kumar Kashyap,Himachal Pradesh,Shimla (SC),Construction of toilet blocks,NA - Construction of water tanks,0.75,Sirmaur,100000.0,100000.0,scoped_fuzzy_SequenceMatcher,MEDIUM_CONFIDENCE
16613,PRJ_939266BB0956,Suresh Kumar Kashyap,Himachal Pradesh,Shimla (Sc),Lighting of public spaces,NA - Setting up of kitchen and pantries,0.5085,Sirmaur,150000.0,100000.0,scoped_fuzzy_SequenceMatcher,LOW_CONFIDENCE
16834,PRJ_939266BB0956,Suresh Kumar Kashyap,Himachal Pradesh,Shimla (Sc),Lighting of public spaces,NA - Setting up of kitchen and pantries,0.5085,Shimla,300000.0,100000.0,scoped_fuzzy_SequenceMatcher,LOW_CONFIDENCE
16643,PRJ_7DF6A1E0C4F7,Anurag Singh Thakur,Himachal Pradesh,Hamirpur_Hp,Construction of stadiums,NA - Construction of culverts and bridges,0.7,Hamirpur,100000.0,150000.0,scoped_fuzzy_SequenceMatcher,MEDIUM_CONFIDENCE
16644,PRJ_7DF6A1E0C4F7,Anurag Singh Thakur,Himachal Pradesh,Hamirpur_Hp,Construction of stadiums,NA - Construction of culverts and bridges,0.7,Hamirpur,100000.0,150000.0,scoped_fuzzy_SequenceMatcher,MEDIUM_CONFIDENCE
16688,PRJ_555BDF37241A,Anurag Singh Thakur,Himachal Pradesh,Hamirpur_Hp,Crematoriums/energy efficient crematoriums or structures on burial/cremation ground,NA - Crematoriums or structures on burial/ cremation ground for public convenience,0.6667,Mandi,98710.0,150000.0,scoped_fuzzy_SequenceMatcher,LOW_CONFIDENCE
16690,PRJ_555BDF37241A,Anurag Singh Thakur,Himachal Pradesh,Hamirpur_Hp,Crematoriums/energy efficient crematoriums or structures on burial/cremation ground,NA - Crematoriums or structures on burial/ cremation ground for public convenience,0.6667,Mandi,100000.0,150000.0,scoped_fuzzy_SequenceMatcher,LOW_CONFIDENCE
16754,PRJ_69C0E76F9DF0,Suresh Kumar Kashyap,Himachal Pradesh,Shimla (Sc),Construction of common work sheds/ common covered sitting area,WS/MP598/2023-2024/39936 - Construction of common work sheds/ common covered sitting area,0.8299,Sirmaur,200000.0,200000.0,scoped_fuzzy_SequenceMatcher,MEDIUM_CONFIDENCE
16883,PRJ_69C0E76F9DF0,Suresh Kumar Kashyap,Himachal Pradesh,Shimla (Sc),Construction of common work sheds/ common covered sitting area,WS/MP598/2023-2024/39936 - Construction of common work sheds/ common covered sitting area,0.8299,Shimla,50000.0,200000.0,scoped_fuzzy_SequenceMatcher,MEDIUM_CONFIDENCE
16884,PRJ_8C3C533EFEE9,Suresh Kumar Kashyap,Himachal Pradesh,Shimla (Sc),Construction of stadiums,NA - Construction of water tanks,0.7451,Shimla,150000.0,100000.0,scoped_fuzzy_SequenceMatcher,MEDIUM_CONFIDENCE
16885,PRJ_8C3C533EFEE9,Suresh Kumar Kashyap,Himachal Pradesh,Shimla (Sc),Construction of stadiums,NA - Construction of water tanks,0.7451,Shimla,100000.0,100000.0,scoped_fuzzy_SequenceMatcher,MEDIUM_CONFIDENCE
16928,PRJ_92E87334CD09,Suresh Kumar Kashyap,Himachal Pradesh,Shimla (Sc),Crematoriums/energy efficient crematoriums or structures on burial/cremation ground,NA - Crematoriums or structures on burial/ cremation ground for public convenience,0.6667,Solan,200000.0,100000.0,scoped_fuzzy_SequenceMatcher,LOW_CONFIDENCE
16939,PRJ_92E87334CD09,Suresh Kumar Kashyap,Himachal Pradesh,Shimla (Sc),Crematoriums/energy efficient crematoriums or structures on burial/cremation ground,NA - Crematoriums or structures on burial/ cremation ground for public convenience,0.6667,Solan,400000.0,100000.0,scoped_fuzzy_SequenceMatcher,LOW_CONFIDENCE
17103,PRJ_7DF6A1E0C4F7,Anurag Singh Thakur,Himachal Pradesh,Hamirpur_Hp,Construction of buildings for sports facilities,NA - Construction of culverts and bridges,0.6265,Hamirpur,150000.0,150000.0,scoped_fuzzy_SequenceMatcher,LOW_CONFIDENCE
17216,PRJ_7DF6A1E0C4F7,Anurag Singh Thakur,Himachal Pradesh,Hamirpur_Hp,Construction of buildings for sports facilities,NA - Construction of culverts and bridges,0.6265,Hamirpur,100000.0,150000.0,scoped_fuzzy_SequenceMatcher,LOW_CONFIDENCE
17109,PRJ_7DF6A1E0C4F7,Anurag Singh Thakur,Himachal Pradesh,Hamirpur_Hp,Construction of water tanks,NA - Construction of culverts and bridges,0.6984,Hamirpur,80000.0,150000.0,scoped_fuzzy_SequenceMatcher,LOW_CONFIDENCE
17307,PRJ_C4B0A7760014,Suresh Kumar Kashyap,Himachal Pradesh,Shimla (Sc),Providing CCTV camera system for security of public areas,NA - Providing drains and gutters for public drainage,0.5333,Shimla,200000.0,50000.0,scoped_fuzzy_SequenceMatcher,LOW_CONFIDENCE
88108,PRJ_C4B0A7760014,Suresh Kumar Kashyap,Himachal Pradesh,Shimla (SC),Providing CCTV camera system for security of public areas,NA - Providing drains and gutters for public drainage,0.5333,Shimla,200000.0,50000.0,scoped_fuzzy_SequenceMatcher,LOW_CONFIDENCE
17518,PRJ_8E93FAA0951B,Suresh Kumar Kashyap,Himachal Pradesh,Shimla (Sc),"Purchase of ambulances (Four, three and two wheelers)",NA - C/O AMBULANCE ROAD SARSOO,0.5333,Solan,400000.0,100000.0,scoped_fuzzy_SequenceMatcher,LOW_CONFIDENCE
88590,PRJ_8E93FAA0951B,Suresh Kumar Kashyap,Himachal Pradesh,Shimla (SC),"Purchase of ambulances (Four, three and two wheelers)",NA - C/O AMBULANCE ROAD SARSOO,0.5333,Solan,400000.0,100000.0,scoped_fuzzy_SequenceMatcher,LOW_CONFIDENCE
17846,PRJ_B0C155B47144,Suresh Kumar Kashyap,Himachal Pradesh,Shimla (Sc),Installation of multi-gym equipment,WS/MP598/2023-2024/60188 - Installation of multi-gym equipment,0.7368,Solan,200000.0,200000.0,scoped_fuzzy_SequenceMatcher,MEDIUM_CONFIDENCE
88744,PRJ_B0C155B47144,Suresh Kumar Kashyap,Himachal Pradesh,Shimla (SC),Installation of multi-gym equipment,WS/MP598/2023-2024/60188 - Installation of multi-gym equipment,0.7368,Solan,200000.0,200000.0,scoped_fuzzy_SequenceMatcher,MEDIUM_CONFIDENCE
17889,PRJ_3F7F4FCDC61C,Suresh Kumar Kashyap,Himachal Pradesh,Shimla (Sc),Construction of public toilets and bathrooms,NA - Construction of public libraries and reading rooms,0.7872,Shimla,200000.0,200000.0,scoped_fuzzy_SequenceMatcher,MEDIUM_CONFIDENCE
17932,PRJ_3F7F4FCDC61C,Suresh Kumar Kashyap,Himachal Pradesh,Shimla (Sc),Construction of public toilets and bathrooms,NA - Construction of public libraries and reading rooms,0.7872,Shimla,100000.0,200000.0,scoped_fuzzy_SequenceMatcher,MEDIUM_CONFIDENCE
18050,PRJ_6ADDDC5D5EA6,Jitendra Singh,Jammu and Kashmir,Udhampur,Construction of boundary walls of existing public and community buildings,NA - Construction of community centers and community halls,0.619,Ramban,182000.0,2500000.0,scoped_fuzzy_SequenceMatcher,LOW_CONFIDENCE
18051,PRJ_6ADDDC5D5EA6,Jitendra Singh,Jammu and Kashmir,Udhampur,Construction of boundary walls of existing public and community buildings,NA - Construction of community centers and community halls,0.619,Ramban,189000.0,2500000.0,scoped_fuzzy_SequenceMatcher,LOW_CONFIDENCE
18073,PRJ_F69355BDA758,Jitendra Singh,Jammu and Kashmir,Udhampur,Construction of public toilets and bathrooms,NA - Construction of toilet blocks,0.7123,Kathua,190000.0,1000000.0,scoped_fuzzy_SequenceMatcher,MEDIUM_CONFIDENCE
18141,PRJ_F69355BDA758,Jitendra Singh,Jammu and Kashmir,Udhampur,Construction of public toilets and bathrooms,NA - Construction of toilet blocks,0.7123,Ramban,198700.0,1000000.0,scoped_fuzzy_SequenceMatcher,MEDIUM_CONFIDENCE
18074,PRJ_F69355BDA758,Jitendra Singh,Jammu and Kashmir,Udhampur,Construction of water tanks,NA - Construction of toilet blocks,0.75,Kathua,191000.0,1000000.0,scoped_fuzzy_SequenceMatcher,MEDIUM_CONFIDENCE
18192,PRJ_F69355BDA758,Jitendra Singh,Jammu and Kashmir,Udhampur,Construction of water tanks,NA - Construction of toilet blocks,0.75,Kathua,167000.0,1000000.0,scoped_fuzzy_SequenceMatcher,MEDIUM_CONFIDENCE
18075,PRJ_026EF140BCDC,Jugal Kishore Sharma,Jammu and Kashmir,Jammu,"Construction of flood control embankments/ protection walls along riverbanks, hilltops, roadsides",NA - Construction of flood control embankments,0.6074,Jammu,100700.0,280000.0,scoped_fuzzy_SequenceMatcher,LOW_CONFIDENCE
18076,PRJ_026EF140BCDC,Jugal Kishore Sharma,Jammu and Kashmir,Jammu,"Construction of flood control embankments/ protection walls along riverbanks, hilltops, roadsides",NA - Construction of flood control embankments,0.6074,Jammu,130000.0,280000.0,scoped_fuzzy_SequenceMatcher,LOW_CONFIDENCE
18080,PRJ_2A1FC4A8BBEB,Jitendra Singh,Jammu and Kashmir,Udhampur,Construction of footpaths and pedestrian ways,NA - Construction of Footpaths/Pedestrian ways,0.9535,Ramban,131300.0,200000.0,scoped_fuzzy_SequenceMatcher,HIGH_CONFIDENCE
18094,PRJ_2A1FC4A8BBEB,Jitendra Singh,Jammu and Kashmir,Udhampur,Construction of footpaths and pedestrian ways,NA - Construction of Footpaths/Pedestrian ways,0.9535,Udhampur,187000.0,200000.0,scoped_fuzzy_SequenceMatcher,HIGH_CONFIDENCE
18082,PRJ_CD6C78813F48,Jugal Kishore Sharma,Jammu and Kashmir,Jammu,Crematoriums/energy efficient crematoriums or structures on burial/cremation ground,NA - Crematoriums or structures on burial/ cremation ground for public convenience,0.6667,Jammu,294000.0,500000.0,scoped_fuzzy_SequenceMatcher,LOW_CONFIDENCE
18133,PRJ_CD6C78813F48,Jugal Kishore Sharma,Jammu and Kashmir,Jammu,Crematoriums/energy efficient crematoriums or structures on burial/cremation ground,NA - Crematoriums or structures on burial/ cremation ground for public convenience,0.6667,Jammu,278000.0,500000.0,scoped_fuzzy_SequenceMatcher,LOW_CONFIDENCE
18103,PRJ_59A22EE40907,Jugal Kishore Sharma,Jammu and Kashmir,Jammu,Construction of additional rooms and halls in the existing public and community building,WS/MP331/2023-2024/7691 - Construction of additional rooms and halls in the existing public and community building,0.88,Jammu,1147860.0,2500000.0,scoped_fuzzy_SequenceMatcher,HIGH_CONFIDENCE
18218,PRJ_59A22EE40907,Jugal Kishore Sharma,Jammu and Kashmir,Jammu,Construction of additional rooms and halls in the existing public and community building,WS/MP331/2023-2024/7691 - Construction of additional rooms and halls in the existing public and community building,0.88,Jammu,810401.0,2500000.0,scoped_fuzzy_SequenceMatcher,HIGH_CONFIDENCE
18127,PRJ_AE5165BA0D02,Jugal Kishore Sharma,Jammu and Kashmir,Jammu,"Construction of cycle tracks, cycle stand and segregated non-motorized vehicle (NMV) lanes",NA - Construction of culverts and bridges,0.5041,Jammu,317000.0,250000.0,scoped_fuzzy_SequenceMatcher,LOW_CONFIDENCE
18157,PRJ_6ADDDC5D5EA6,Jitendra Singh,Jammu and Kashmir,Udhampur,Construction of common work sheds/ common covered sitting area,NA - Construction of community centers and community halls,0.614,Udhampur,182000.0,2500000.0,scoped_fuzzy_SequenceMatcher,LOW_CONFIDENCE
18253,PRJ_6ADDDC5D5EA6,Jitendra Singh,Jammu and Kashmir,Udhampur,Construction of common work sheds/ common covered sitting area,NA - Construction of community centers and community halls,0.614,Kathua,168000.0,2500000.0,scoped_fuzzy_SequenceMatcher,LOW_CONFIDENCE
18230,PRJ_AA8A7D0B9F29,Jugal Kishore Sharma,Jammu and Kashmir,Jammu,Construction of water tanks,NA - Construction of shelters for animals,0.7302,Jammu,90000.0,1500000.0,scoped_fuzzy_SequenceMatcher,MEDIUM_CONFIDENCE
18318,PRJ_AA8A7D0B9F29,Jugal Kishore Sharma,Jammu and Kashmir,Jammu,Construction of water tanks,NA - Construction of shelters for animals,0.7302,Jammu,167000.0,1500000.0,scoped_fuzzy_SequenceMatcher,MEDIUM_CONFIDENCE
18265,PRJ_F69355BDA758,Jitendra Singh,Jammu and Kashmir,Udhampur,Construction of culverts and bridges,NA - Construction of toilet blocks,0.6769,Udhampur,166000.0,1000000.0,scoped_fuzzy_SequenceMatcher,LOW_CONFIDENCE
18266,PRJ_F69355BDA758,Jitendra Singh,Jammu and Kashmir,Udhampur,Construction of culverts and bridges,NA - Construction of toilet blocks,0.6769,Udhampur,166000.0,1000000.0,scoped_fuzzy_SequenceMatcher,LOW_CONFIDENCE
18476,PRJ_FFB2856BC21A,Jugal Kishore Sharma,Jammu and Kashmir,Jammu,Purchase of sports equipment,WS/MP331/2023-2024/70419 - Purchase of sports equipment,0.6914,Jammu,496000.0,500000.0,scoped_fuzzy_SequenceMatcher,LOW_CONFIDENCE
89296,PRJ_FFB2856BC21A,Jugal Kishore Sharma,Jammu and Kashmir,Jammu,Purchase of sports equipment,WS/MP331/2023-2024/70419 - Purchase of sports equipment,0.6914,Jammu,496000.0,500000.0,scoped_fuzzy_SequenceMatcher,LOW_CONFIDENCE
18488,PRJ_F69355BDA758,Jitendra Singh,Jammu and Kashmir,Udhampur,Creation of new ponds,NA - Construction of toilet blocks,0.56,Kathua,144000.0,1000000.0,scoped_fuzzy_SequenceMatcher,LOW_CONFIDENCE
89262,PRJ_F69355BDA758,Jitendra Singh,Jammu and Kashmir,Udhampur,Creation of new ponds,NA - Construction of toilet blocks,0.56,Kathua,144000.0,1000000.0,scoped_fuzzy_SequenceMatcher,LOW_CONFIDENCE
18543,PRJ_FB00A66D836B,Annpurna Devi,Jharkhand,Kodarma,Crematoriums/energy efficient crematoriums or structures on burial/cremation ground,NA - Crematoriums or structures on burial/ cremation ground for public convenience,0.6667,Giridih,300000.0,250000.0,scoped_fuzzy_SequenceMatcher,LOW_CONFIDENCE
18548,PRJ_FB00A66D836B,Annpurna Devi,Jharkhand,Kodarma,Crematoriums/energy efficient crematoriums or structures on burial/cremation ground,NA - Crematoriums or structures on burial/ cremation ground for public convenience,0.6667,Giridih,300000.0,250000.0,scoped_fuzzy_SequenceMatcher,LOW_CONFIDENCE
18576,PRJ_E5C4C478C1BC,Chandra Prakash Choudhary,Jharkhand,Giridih,Construction of public staircase/ stair ghat for public convenience,NA - Construction of public toilets and bathrooms,0.5455,Giridih,349924.0,350000.0,scoped_fuzzy_SequenceMatcher,LOW_CONFIDENCE
19103,PRJ_E5C4C478C1BC,Chandra Prakash Choudhary,Jharkhand,Giridih,Construction of public staircase/ stair ghat for public convenience,NA - Construction of public toilets and bathrooms,0.5455,Dhanbad,150000.0,350000.0,scoped_fuzzy_SequenceMatcher,LOW_CONFIDENCE
18579,PRJ_63438D821D08,Vijay Kumar Hansdak,Jharkhand,Rajmahal(St),Construction of public staircase/ stair ghat for public convenience,NA - construction of staircase/ stair ghat for public convenience,0.944,Pakur,200214.0,201000.0,scoped_fuzzy_SequenceMatcher,HIGH_CONFIDENCE
18580,PRJ_63438D821D08,Vijay Kumar Hansdak,Jharkhand,Rajmahal(St),Construction of public staircase/ stair ghat for public convenience,NA - construction of staircase/ stair ghat for public convenience,0.944,Pakur,200940.0,201000.0,scoped_fuzzy_SequenceMatcher,HIGH_CONFIDENCE
18620,PRJ_C7D841881170,Vishnu Dayal Ram,Jharkhand,Palamu(Sc),Installing tube-wells and borewells,NA - Installing hand pumps,0.5714,Garhwa,270000.0,150000.0,scoped_fuzzy_SequenceMatcher,LOW_CONFIDENCE
19298,PRJ_C7D841881170,Vishnu Dayal Ram,Jharkhand,Palamu(Sc),Installing tube-wells and borewells,NA - Installing hand pumps,0.5714,Garhwa,180000.0,150000.0,scoped_fuzzy_SequenceMatcher,LOW_CONFIDENCE
18768,PRJ_A7B960B5B013,Annpurna Devi,Jharkhand,Kodarma,Construction of footpaths and pedestrian ways,NA - Construction of culverts and bridges,0.642,Koderma,399995.0,300000.0,scoped_fuzzy_SequenceMatcher,LOW_CONFIDENCE
20162,PRJ_A7B960B5B013,Annpurna Devi,Jharkhand,Kodarma,Construction of footpaths and pedestrian ways,NA - Construction of culverts and bridges,0.642,Hazaribagh,399902.0,300000.0,scoped_fuzzy_SequenceMatcher,LOW_CONFIDENCE
18881,PRJ_192399E38B84,Vishnu Dayal Ram,Jharkhand,Palamu(Sc),"Purchase of ambulances (Four, three and two wheelers)",NA - Purchase of furniture and fixtures for educational purposes,0.5321,Garhwa,5960000.0,100000.0,scoped_fuzzy_SequenceMatcher,LOW_CONFIDENCE
89713,PRJ_192399E38B84,Vishnu Dayal Ram,Jharkhand,Palamu(SC),"Purchase of ambulances (Four, three and two wheelers)",NA - Purchase of furniture and fixtures for educational purposes,0.5321,Garhwa,5960000.0,100000.0,scoped_fuzzy_SequenceMatcher,LOW_CONFIDENCE
19002,PRJ_7A64B960ABEA,Vijay Kumar Hansdak,Jharkhand,Rajmahal(St),Construction of water tanks,WS/MP607/2023-2024/82767 - Construction of water tanks,0.6835,Sahebganj,45000.0,150000.0,scoped_fuzzy_SequenceMatcher,LOW_CONFIDENCE
19003,PRJ_7A64B960ABEA,Vijay Kumar Hansdak,Jharkhand,Rajmahal(St),Construction of water tanks,WS/MP607/2023-2024/82767 - Construction of water tanks,0.6835,Sahebganj,45000.0,150000.0,scoped_fuzzy_SequenceMatcher,LOW_CONFIDENCE
19105,PRJ_1C3A53784B22,Chandra Prakash Choudhary,Jharkhand,Giridih,Crematoriums/energy efficient crematoriums or structures on burial/cremation ground,NA - Crematoriums or structures on burial/ cremation ground for public convenience,0.6667,Dhanbad,150000.0,295300.0,scoped_fuzzy_SequenceMatcher,LOW_CONFIDENCE
19130,PRJ_1C3A53784B22,Chandra Prakash Choudhary,Jharkhand,Giridih,Crematoriums/energy efficient crematoriums or structures on burial/cremation ground,NA - Crematoriums or structures on burial/ cremation ground for public convenience,0.6667,Dhanbad,125000.0,295300.0,scoped_fuzzy_SequenceMatcher,LOW_CONFIDENCE
19372,PRJ_A700A8DC61D4,Vishnu Dayal Ram,Jharkhand,Palamu(Sc),Installing community drinking water plants,NA - Construction of community centers and community halls,0.5263,Garhwa,299970.0,400000.0,scoped_fuzzy_SequenceMatcher,LOW_CONFIDENCE
19380,PRJ_A700A8DC61D4,Vishnu Dayal Ram,Jharkhand,Palamu(Sc),Installing community drinking water plants,NA - Construction of community centers and community halls,0.5263,Garhwa,200000.0,400000.0,scoped_fuzzy_SequenceMatcher,LOW_CONFIDENCE
19665,PRJ_C603AF548645,Sanjay Seth,Jharkhand,Ranchi,Development of public parks,NA - Development of playground,0.6538,Ranchi,146475.0,158100.0,scoped_fuzzy_SequenceMatcher,LOW_CONFIDENCE
19689,PRJ_C603AF548645,Sanjay Seth,Jharkhand,Ranchi,Development of public parks,NA - Development of playground,0.6538,Ranchi,439425.0,158100.0,scoped_fuzzy_SequenceMatcher,LOW_CONFIDENCE
19684,PRJ_113E3CE221F3,Sanjay Seth,Jharkhand,Ranchi,Construction of public staircase/ stair ghat for public convenience,NA - construction of Public Safety Gate (See serial no.-18 on M.P.'s Letterhead),0.5693,Ranchi,197800.0,1147800.0,scoped_fuzzy_SequenceMatcher,LOW_CONFIDENCE
19763,PRJ_113E3CE221F3,Sanjay Seth,Jharkhand,Ranchi,Construction of public staircase/ stair ghat for public convenience,NA - construction of Public Safety Gate (See serial no.-18 on M.P.'s Letterhead),0.5693,Ranchi,262550.0,1147800.0,scoped_fuzzy_SequenceMatcher,LOW_CONFIDENCE
19736,PRJ_96219AEFF184,Sanjay Seth,Jharkhand,Ranchi,Construction of additional rooms and halls in the existing public and community building,NA - Construction of boundary walls of existing public and community buildings,0.795,Ranchi,935550.0,811500.0,scoped_fuzzy_SequenceMatcher,MEDIUM_CONFIDENCE
19741,PRJ_96219AEFF184,Sanjay Seth,Jharkhand,Ranchi,Construction of additional rooms and halls in the existing public and community building,NA - Construction of boundary walls of existing public and community buildings,0.795,Ranchi,689775.0,811500.0,scoped_fuzzy_SequenceMatcher,MEDIUM_CONFIDENCE
19749,PRJ_BF2F64C67D03,Sanjay Seth,Jharkhand,Ranchi,Construction of culverts and bridges,NA - Construction of community centers and community halls,0.6292,Ranchi,247800.0,1135800.0,scoped_fuzzy_SequenceMatcher,LOW_CONFIDENCE
19797,PRJ_BF2F64C67D03,Sanjay Seth,Jharkhand,Ranchi,Construction of culverts and bridges,NA - Construction of community centers and community halls,0.6292,Ranchi,974175.0,1135800.0,scoped_fuzzy_SequenceMatcher,LOW_CONFIDENCE
19991,PRJ_222F69AD9206,Vijay Kumar Hansdak,Jharkhand,Rajmahal(St),Construction of platforms and passenger sheds at railway stations,WS/MP607/2023-2024/82019 - Construction of platforms and passenger sheds at railway stations,0.8387,Godda,75000.0,105000.0,scoped_fuzzy_SequenceMatcher,MEDIUM_CONFIDENCE
19992,PRJ_222F69AD9206,Vijay Kumar Hansdak,Jharkhand,Rajmahal(St),Construction of platforms and passenger sheds at railway stations,WS/MP607/2023-2024/82019 - Construction of platforms and passenger sheds at railway stations,0.8387,Godda,75000.0,105000.0,scoped_fuzzy_SequenceMatcher,MEDIUM_CONFIDENCE
20166,PRJ_FB00A66D836B,Annpurna Devi,Jharkhand,Kodarma,Construction of public staircase/ stair ghat for public convenience,NA - Crematoriums or structures on burial/ cremation ground for public convenience,0.5211,Hazaribagh,299243.0,250000.0,scoped_fuzzy_SequenceMatcher,LOW_CONFIDENCE
20316,PRJ_FB00A66D836B,Annpurna Devi,Jharkhand,Kodarma,Construction of public staircase/ stair ghat for public convenience,NA - Crematoriums or structures on burial/ cremation ground for public convenience,0.5211,Giridih,299046.0,250000.0,scoped_fuzzy_SequenceMatcher,LOW_CONFIDENCE
20365,PRJ_6A31D09470C8,Sanjay Seth,Jharkhand,Ranchi,Renovation of ponds and lakes,WS/MP435/2023-2024/45341 - Renovation of ponds and lakes,0.6988,Ranchi,393750.0,479400.0,scoped_fuzzy_SequenceMatcher,LOW_CONFIDENCE
90413,PRJ_6A31D09470C8,Sanjay Seth,Jharkhand,Ranchi,Renovation of ponds and lakes,WS/MP435/2023-2024/45341 - Renovation of ponds and lakes,0.6988,Ranchi,393750.0,479400.0,scoped_fuzzy_SequenceMatcher,LOW_CONFIDENCE
20634,PRJ_373687DEE7E4,Vijay Kumar Hansdak,Jharkhand,Rajmahal(St),Construction of common work sheds/ common covered sitting area,NA - Construction of community centers and community halls,0.614,Sahebganj,30000.0,200000.0,scoped_fuzzy_SequenceMatcher,LOW_CONFIDENCE
20657,PRJ_373687DEE7E4,Vijay Kumar Hansdak,Jharkhand,Rajmahal(St),Construction of common work sheds/ common covered sitting area,NA - Construction of community centers and community halls,0.614,Sahebganj,60000.0,200000.0,scoped_fuzzy_SequenceMatcher,LOW_CONFIDENCE
20673,PRJ_92A50EAA72A1,Vijay Kumar Hansdak,Jharkhand,Rajmahal(St),"Construction of Government office buildings (Post office, Police station, Police chauki, etc.)","WS/MP607/2023-2024/81991 - Construction of Government office buildings (Post office, Police station, Police chauki, etc.)",0.8756,Sahebganj,75000.0,225000.0,scoped_fuzzy_SequenceMatcher,HIGH_CONFIDENCE
20766,PRJ_92A50EAA72A1,Vijay Kumar Hansdak,Jharkhand,Rajmahal(St),"Construction of Government office buildings (Post office, Police station, Police chauki, etc.)","WS/MP607/2023-2024/81991 - Construction of Government office buildings (Post office, Police station, Police chauki, etc.)",0.8756,Sahebganj,175000.0,225000.0,scoped_fuzzy_SequenceMatcher,HIGH_CONFIDENCE
21049,PRJ_7EB720016880,Vishnu Dayal Ram,Jharkhand,Palamu(Sc),Construction of rainwater harvesting structures,NA - Construction of bus-sheds or bus-stops,0.5647,Palamu,449760.0,300000.0,scoped_fuzzy_SequenceMatcher,LOW_CONFIDENCE
21149,PRJ_7EB720016880,Vishnu Dayal Ram,Jharkhand,Palamu(Sc),Construction of rainwater harvesting structures,NA - Construction of bus-sheds or bus-stops,0.5647,Palamu,299840.0,300000.0,scoped_fuzzy_SequenceMatcher,LOW_CONFIDENCE
21060,PRJ_F1DF59D6FCA5,Vishnu Dayal Ram,Jharkhand,Palamu(Sc),Crematoriums/energy efficient crematoriums or structures on burial/cremation ground,NA - Crematoriums or structures on burial/ cremation ground for public convenience,0.6667,Palamu,239580.0,300000.0,scoped_fuzzy_SequenceMatcher,LOW_CONFIDENCE
21061,PRJ_F1DF59D6FCA5,Vishnu Dayal Ram,Jharkhand,Palamu(Sc),Crematoriums/energy efficient crematoriums or structures on burial/cremation ground,NA - Crematoriums or structures on burial/ cremation ground for public convenience,0.6667,Palamu,120000.0,300000.0,scoped_fuzzy_SequenceMatcher,LOW_CONFIDENCE
21085,PRJ_7A57DBD2D8E1,Vishnu Dayal Ram,Jharkhand,Palamu(Sc),Lighting of public spaces,NA - Construction of public irrigation facilities,0.5217,Palamu,310000.0,200000.0,scoped_fuzzy_SequenceMatcher,LOW_CONFIDENCE
21090,PRJ_7A57DBD2D8E1,Vishnu Dayal Ram,Jharkhand,Palamu(Sc),Lighting of public spaces,NA - Construction of public irrigation facilities,0.5217,Palamu,168000.0,200000.0,scoped_fuzzy_SequenceMatcher,LOW_CONFIDENCE
21269,PRJ_31CE5CA07581,Chandra Prakash Choudhary,Jharkhand,Giridih,Construction of footpaths and pedestrian ways,"NA - Construction of roads, approach roads, link roads and pathways",0.6095,Bokaro,20000.0,350000.0,scoped_fuzzy_SequenceMatcher,LOW_CONFIDENCE
21277,PRJ_31CE5CA07581,Chandra Prakash Choudhary,Jharkhand,Giridih,Construction of footpaths and pedestrian ways,"NA - Construction of roads, approach roads, link roads and pathways",0.6095,Bokaro,180000.0,350000.0,scoped_fuzzy_SequenceMatcher,LOW_CONFIDENCE
21289,PRJ_EDA5366337BF,Chandra Prakash Choudhary,Jharkhand,Giridih,Construction of public irrigation facilities,WS/MP334/2023-2024/24378 - Construction of public irrigation facilities,0.7788,Bokaro,300000.0,315600.0,scoped_fuzzy_SequenceMatcher,MEDIUM_CONFIDENCE
89680,PRJ_EDA5366337BF,Chandra Prakash Choudhary,Jharkhand,Giridih,Construction of public irrigation facilities,WS/MP334/2023-2024/24378 - Construction of public irrigation facilities,0.7788,Bokaro,300000.0,315600.0,scoped_fuzzy_SequenceMatcher,MEDIUM_CONFIDENCE
21676,PRJ_46C9BDDFED5F,Pralhad Venkatesh Joshi,Karnataka,Dharwad,Installing community drinking water plants,NA - Construction of community centers and community halls,0.5263,Dharwad,417642.0,500000.0,scoped_fuzzy_SequenceMatcher,LOW_CONFIDENCE
21892,PRJ_214E462F7BB9,Parvatagouda Chandanagouda Gaddigoudar,Karnataka,Bagalkot,Construction of rooms and halls in school and colleges,NA - ConstConstruction of Community Hall in CHINAGUNDI Village,0.6847,Bagalkote,375000.0,400000.0,scoped_fuzzy_SequenceMatcher,LOW_CONFIDENCE
21893,PRJ_214E462F7BB9,Parvatagouda Chandanagouda Gaddigoudar,Karnataka,Bagalkot,Construction of rooms and halls in school and colleges,NA - ConstConstruction of Community Hall in CHINAGUNDI Village,0.6847,Bagalkote,124888.0,400000.0,scoped_fuzzy_SequenceMatcher,LOW_CONFIDENCE
22024,PRJ_582069EA7D6F,Parvatagouda Chandanagouda Gaddigoudar,Karnataka,Bagalkot,Construction of bus-sheds or bus-stops,NA - Construction of Community Hall at ANAWAL,0.5385,Bagalkote,74979.0,500000.0,scoped_fuzzy_SequenceMatcher,LOW_CONFIDENCE
22025,PRJ_582069EA7D6F,Parvatagouda Chandanagouda Gaddigoudar,Karnataka,Bagalkot,Construction of bus-sheds or bus-stops,NA - Construction of Community Hall at ANAWAL,0.5385,Bagalkote,225000.0,500000.0,scoped_fuzzy_SequenceMatcher,LOW_CONFIDENCE
22716,PRJ_3DC94D21E29A,LS Tejasvi Surya,Karnataka,Bangalore South,Fitting of Sitting RCC Benches in Public Places,NA - Lighting of public spaces,0.5833,Bengaluru Urban,499434.0,3000000.0,scoped_fuzzy_SequenceMatcher,LOW_CONFIDENCE
91739,PRJ_3DC94D21E29A,LS Tejasvi Surya,Karnataka,Bangalore South,Fitting of Sitting RCC Benches in Public Places,NA - Lighting of public spaces,0.5833,Bengaluru Urban,499434.0,3000000.0,scoped_fuzzy_SequenceMatcher,LOW_CONFIDENCE
22868,PRJ_0002B2B36B7D,LS Tejasvi Surya,Karnataka,Bangalore South,Construction of common work sheds/ common covered sitting area,NA - Construction of community centers and community halls,0.614,Bengaluru Urban,499357.0,1000000.0,scoped_fuzzy_SequenceMatcher,LOW_CONFIDENCE
22873,PRJ_0002B2B36B7D,LS Tejasvi Surya,Karnataka,Bangalore South,Construction of common work sheds/ common covered sitting area,NA - Construction of community centers and community halls,0.614,Bengaluru Urban,1500000.0,1000000.0,scoped_fuzzy_SequenceMatcher,LOW_CONFIDENCE
23315,PRJ_96376022E100,B Y Raghavendra,Karnataka,Shimoga,Lighting of public spaces,NA - Development of public parks,0.6154,Shivamogga,61124.0,300000.0,scoped_fuzzy_SequenceMatcher,LOW_CONFIDENCE
23316,PRJ_96376022E100,B Y Raghavendra,Karnataka,Shimoga,Lighting of public spaces,NA - Development of public parks,0.6154,Shivamogga,48568.0,300000.0,scoped_fuzzy_SequenceMatcher,LOW_CONFIDENCE
23768,PRJ_31EF25FDDB4E,Parvatagouda Chandanagouda Gaddigoudar,Karnataka,Bagalkot,Construction of public toilets and bathrooms,NA - Construction of community centers and community halls,0.6186,Bagalkote,750000.0,500000.0,scoped_fuzzy_SequenceMatcher,LOW_CONFIDENCE
24159,PRJ_40FED5A20CA8,B Y Raghavendra,Karnataka,Shimoga,Construction of public toilets and bathrooms,NA - Construction of community centers and community halls,0.6186,Shivamogga,360000.0,500000.0,scoped_fuzzy_SequenceMatcher,LOW_CONFIDENCE
24234,PRJ_40FED5A20CA8,B Y Raghavendra,Karnataka,Shimoga,Construction of public toilets and bathrooms,NA - Construction of community centers and community halls,0.6186,Shivamogga,125000.0,500000.0,scoped_fuzzy_SequenceMatcher,LOW_CONFIDENCE
24167,PRJ_C570CC0654F5,B Y Raghavendra,Karnataka,Shimoga,"Construction of rooms and facilities for hospitals, FWC , PHC Centers and ANM centers",NA - Construction of rooms and halls in school and colleges,0.6176,Shivamogga,360000.0,850000.0,scoped_fuzzy_SequenceMatcher,LOW_CONFIDENCE
24180,PRJ_C570CC0654F5,B Y Raghavendra,Karnataka,Shimoga,"Construction of rooms and facilities for hospitals, FWC , PHC Centers and ANM centers",NA - Construction of rooms and halls in school and colleges,0.6176,Shivamogga,15000.0,850000.0,scoped_fuzzy_SequenceMatcher,LOW_CONFIDENCE
24175,PRJ_260FA152B518,B Y Raghavendra,Karnataka,Shimoga,Construction of water tanks,NA - Construction of stadiums,0.7451,Shivamogga,750000.0,3500000.0,scoped_fuzzy_SequenceMatcher,MEDIUM_CONFIDENCE
24184,PRJ_503ACAB5BBAA,B Y Raghavendra,Karnataka,Shimoga,"Construction of Government office buildings (Post office, Police station, Police chauki, etc.)",NA - Construction of buildings for training institutions,0.5036,Shivamogga,750000.0,500000.0,scoped_fuzzy_SequenceMatcher,LOW_CONFIDENCE
24190,PRJ_15D23767DDD2,B Y Raghavendra,Karnataka,Shimoga,Crematoriums/energy efficient crematoriums or structures on burial/cremation ground,NA - Crematoriums or structures on burial/ cremation ground for public convenience,0.6667,Shivamogga,15000.0,500000.0,scoped_fuzzy_SequenceMatcher,LOW_CONFIDENCE
24191,PRJ_15D23767DDD2,B Y Raghavendra,Karnataka,Shimoga,Crematoriums/energy efficient crematoriums or structures on burial/cremation ground,NA - Crematoriums or structures on burial/ cremation ground for public convenience,0.6667,Shivamogga,125000.0,500000.0,scoped_fuzzy_SequenceMatcher,LOW_CONFIDENCE
24204,PRJ_260FA152B518,B Y Raghavendra,Karnataka,Shimoga,Construction of public libraries and reading rooms,NA - Construction of stadiums,0.5946,Shivamogga,15000.0,3500000.0,scoped_fuzzy_SequenceMatcher,LOW_CONFIDENCE
24207,PRJ_260FA152B518,B Y Raghavendra,Karnataka,Shimoga,Construction of public libraries and reading rooms,NA - Construction of stadiums,0.5946,Shivamogga,125000.0,3500000.0,scoped_fuzzy_SequenceMatcher,LOW_CONFIDENCE
24211,PRJ_503ACAB5BBAA,B Y Raghavendra,Karnataka,Shimoga,Construction of buildings for cr�ches and anganwadies,NA - Construction of buildings for training institutions,0.7308,Shivamogga,4500.0,500000.0,scoped_fuzzy_SequenceMatcher,MEDIUM_CONFIDENCE
24218,PRJ_503ACAB5BBAA,B Y Raghavendra,Karnataka,Shimoga,Construction of buildings for cr�ches and anganwadies,NA - Construction of buildings for training institutions,0.7308,Shivamogga,37500.0,500000.0,scoped_fuzzy_SequenceMatcher,MEDIUM_CONFIDENCE
24237,PRJ_260FA152B518,B Y Raghavendra,Karnataka,Shimoga,Construction of toilet blocks,NA - Construction of stadiums,0.717,Shivamogga,225000.0,3500000.0,scoped_fuzzy_SequenceMatcher,MEDIUM_CONFIDENCE
24567,PRJ_E762A1574134,Shashi Tharoor,Kerala,Thiruvananthapuram,Construction of public irrigation facilities,NA - Construction of Kitchen,0.5672,Thiruvananthapuram,811809.0,500000.0,scoped_fuzzy_SequenceMatcher,LOW_CONFIDENCE
24568,PRJ_286CB5E79580,Shashi Tharoor,Kerala,Thiruvananthapuram,Construction of culverts and bridges,WS/MP343/2023-2024/44105 - Construction of culverts and bridges,0.7423,Thiruvananthapuram,698247.0,450000.0,scoped_fuzzy_SequenceMatcher,MEDIUM_CONFIDENCE
24634,PRJ_286CB5E79580,Shashi Tharoor,Kerala,Thiruvananthapuram,Construction of culverts and bridges,WS/MP343/2023-2024/44105 - Construction of culverts and bridges,0.7423,Thiruvananthapuram,594367.0,450000.0,scoped_fuzzy_SequenceMatcher,MEDIUM_CONFIDENCE
24576,PRJ_2EBA5FA9D244,Shashi Tharoor,Kerala,Thiruvananthapuram,Construction of footpaths and pedestrian ways,WS/MP343/2023-2024/44975 - Construction of footpaths and pedestrian ways,0.7826,Thiruvananthapuram,551251.0,550000.0,scoped_fuzzy_SequenceMatcher,MEDIUM_CONFIDENCE
24603,PRJ_2EBA5FA9D244,Shashi Tharoor,Kerala,Thiruvananthapuram,Construction of footpaths and pedestrian ways,WS/MP343/2023-2024/44975 - Construction of footpaths and pedestrian ways,0.7826,Thiruvananthapuram,233917.0,550000.0,scoped_fuzzy_SequenceMatcher,MEDIUM_CONFIDENCE
24673,PRJ_8A273B5B9830,Rajmohan Unnithan,Kerala,Kasaragod,"Construction of roads, link roads, pathways or any other road with or without drainage system","NA - Construction of roads, approach roads, link roads and pathways",0.543,Kannur,526192.0,1500000.0,scoped_fuzzy_SequenceMatcher,LOW_CONFIDENCE
24973,PRJ_54D1D42F9D43,Anto Antony,Kerala,Pathanamthitta,Construction of bus-sheds or bus-stops,WS/MP632/2023-2024/93883 - Construction of bus-sheds or bus-stops,0.7525,Kottayam,483960.0,985166.0,scoped_fuzzy_SequenceMatcher,MEDIUM_CONFIDENCE
24975,PRJ_54D1D42F9D43,Anto Antony,Kerala,Pathanamthitta,Construction of bus-sheds or bus-stops,WS/MP632/2023-2024/93883 - Construction of bus-sheds or bus-stops,0.7525,Pathanamthitta,489568.0,985166.0,scoped_fuzzy_SequenceMatcher,MEDIUM_CONFIDENCE
25078,PRJ_8A273B5B9830,Rajmohan Unnithan,Kerala,Kasaragod,Construction of footpaths and pedestrian ways,"NA - Construction of roads, approach roads, link roads and pathways",0.6095,Kasaragod,1159895.0,1500000.0,scoped_fuzzy_SequenceMatcher,LOW_CONFIDENCE
91895,PRJ_8A273B5B9830,Rajmohan Unnithan,Kerala,Kasaragod,Construction of footpaths and pedestrian ways,"NA - Construction of roads, approach roads, link roads and pathways",0.6095,Kasaragod,1159895.0,1500000.0,scoped_fuzzy_SequenceMatcher,LOW_CONFIDENCE
25323,PRJ_927ADC05941A,Shashi Tharoor,Kerala,Thiruvananthapuram,Lighting of public spaces,WS/MP343/2023-2024/44977 - Lighting of public spaces,0.6667,Thiruvananthapuram,230657.0,300000.0,scoped_fuzzy_SequenceMatcher,LOW_CONFIDENCE
25324,PRJ_927ADC05941A,Shashi Tharoor,Kerala,Thiruvananthapuram,Lighting of public spaces,WS/MP343/2023-2024/44977 - Lighting of public spaces,0.6667,Thiruvananthapuram,230657.0,300000.0,scoped_fuzzy_SequenceMatcher,LOW_CONFIDENCE
25628,PRJ_D85E28F615F1,Rajmohan Unnithan,Kerala,Kasaragod,Purchase of vans and buses for educational institutions,NA - Purchase of school vans and buses (Four and three wheelers),0.6071,Kasaragod,2128599.0,2585000.0,scoped_fuzzy_SequenceMatcher,LOW_CONFIDENCE
25639,PRJ_D85E28F615F1,Rajmohan Unnithan,Kerala,Kasaragod,Purchase of vans and buses for educational institutions,NA - Purchase of school vans and buses (Four and three wheelers),0.6071,Kannur,2012490.0,2585000.0,scoped_fuzzy_SequenceMatcher,LOW_CONFIDENCE
25668,PRJ_2BA0C8FF8E3B,Shashi Tharoor,Kerala,Thiruvananthapuram,Setting up of kitchen and pantries,WS/MP343/2023-2024/44967 - Setting up of kitchen and pantries,0.7312,Thiruvananthapuram,757909.0,800000.0,scoped_fuzzy_SequenceMatcher,MEDIUM_CONFIDENCE
91985,PRJ_2BA0C8FF8E3B,Shashi Tharoor,Kerala,Thiruvananthapuram,Setting up of kitchen and pantries,WS/MP343/2023-2024/44967 - Setting up of kitchen and pantries,0.7312,Thiruvananthapuram,757909.0,800000.0,scoped_fuzzy_SequenceMatcher,MEDIUM_CONFIDENCE
25884,PRJ_8E992137037F,Shashi Tharoor,Kerala,Thiruvananthapuram,"Purchase of ambulances (Four, three and two wheelers)",WS/MP343/2023-2024/44974 - Purchase of school vans and buses (Four and three wheelers),0.5606,Thiruvananthapuram,1404132.0,1500000.0,scoped_fuzzy_SequenceMatcher,LOW_CONFIDENCE
91885,PRJ_8E992137037F,Shashi Tharoor,Kerala,Thiruvananthapuram,"Purchase of ambulances (Four, three and two wheelers)",WS/MP343/2023-2024/44974 - Purchase of school vans and buses (Four and three wheelers),0.5606,Thiruvananthapuram,1404132.0,1500000.0,scoped_fuzzy_SequenceMatcher,LOW_CONFIDENCE
25919,PRJ_25B08C38AAB2,Mahendra Singh Solanky,Madhya Pradesh,Dewas(Sc),Construction of water tanks,NA - Construction of bus-sheds or bus-stops,0.6462,Dewas,140000.0,300000.0,scoped_fuzzy_SequenceMatcher,LOW_CONFIDENCE
32199,PRJ_25B08C38AAB2,Mahendra Singh Solanky,Madhya Pradesh,Dewas(Sc),Construction of water tanks,NA - Construction of bus-sheds or bus-stops,0.6462,Dewas,210000.0,300000.0,scoped_fuzzy_SequenceMatcher,LOW_CONFIDENCE
25922,PRJ_91A52D1AFA58,Durga Das Uikey,Madhya Pradesh,Betul(St),Purchase of books and periodicals for libraries/digitization of library books,NA - Purchase Books for Library,0.5049,Betul,1999844.0,1000000.0,scoped_fuzzy_SequenceMatcher,LOW_CONFIDENCE
25936,PRJ_8D251040B7F5,Faggan Singh Kulaste,Madhya Pradesh,Mandla(St),Construction of buildings for community cultural activities,NA - Construction of community centers and community halls,0.625,Mandla,250000.0,500000.0,scoped_fuzzy_SequenceMatcher,LOW_CONFIDENCE
25970,PRJ_8D251040B7F5,Faggan Singh Kulaste,Madhya Pradesh,Mandla(St),Construction of buildings for community cultural activities,NA - Construction of community centers and community halls,0.625,Mandla,100000.0,500000.0,scoped_fuzzy_SequenceMatcher,LOW_CONFIDENCE
25979,PRJ_D279995A2571,Anil Firojiya,Madhya Pradesh,Ujjain(Sc),"Construction of roads, link roads, pathways or any other road with or without drainage system","WS/MP360/2023-2024/21636 - Construction of roads, link roads, pathways or any other road with or without drainage system",0.8792,Ratlam,250000.0,200000.0,scoped_fuzzy_SequenceMatcher,HIGH_CONFIDENCE
25983,PRJ_D279995A2571,Anil Firojiya,Madhya Pradesh,Ujjain(Sc),"Construction of roads, link roads, pathways or any other road with or without drainage system","WS/MP360/2023-2024/21636 - Construction of roads, link roads, pathways or any other road with or without drainage system",0.8792,Ratlam,250000.0,200000.0,scoped_fuzzy_SequenceMatcher,HIGH_CONFIDENCE
25980,PRJ_E06A1670F58B,Anil Firojiya,Madhya Pradesh,Ujjain(Sc),Construction of common work sheds/ common covered sitting area,NA - Construction of community centers and community halls,0.614,Ujjain,400000.0,500000.0,scoped_fuzzy_SequenceMatcher,LOW_CONFIDENCE
26210,PRJ_E06A1670F58B,Anil Firojiya,Madhya Pradesh,Ujjain(Sc),Construction of common work sheds/ common covered sitting area,NA - Construction of community centers and community halls,0.614,Ujjain,500000.0,500000.0,scoped_fuzzy_SequenceMatcher,LOW_CONFIDENCE
25981,PRJ_A3385B833D00,Gyaneshwar Patil,Madhya Pradesh,Khandwa,Development of public parks,NA - Lighting of public spaces,0.6154,Burhanpur,60000.0,485000.0,scoped_fuzzy_SequenceMatcher,LOW_CONFIDENCE
26011,PRJ_A3385B833D00,Gyaneshwar Patil,Madhya Pradesh,Khandwa,Development of public parks,NA - Lighting of public spaces,0.6154,Burhanpur,500000.0,485000.0,scoped_fuzzy_SequenceMatcher,LOW_CONFIDENCE
26045,PRJ_8D251040B7F5,Faggan Singh Kulaste,Madhya Pradesh,Mandla(St),Construction of common work sheds/ common covered sitting area,NA - Construction of community centers and community halls,0.614,Narsimhapur,100000.0,500000.0,scoped_fuzzy_SequenceMatcher,LOW_CONFIDENCE
26046,PRJ_8D251040B7F5,Faggan Singh Kulaste,Madhya Pradesh,Mandla(St),Construction of common work sheds/ common covered sitting area,NA - Construction of community centers and community halls,0.614,Narsimhapur,100000.0,500000.0,scoped_fuzzy_SequenceMatcher,LOW_CONFIDENCE
26047,PRJ_993DAE748BAE,Faggan Singh Kulaste,Madhya Pradesh,Mandla(St),"Construction of roads, link roads, pathways or any other road with or without drainage system","NA - Construction of roads, approach roads, link roads and pathways",0.543,Narsimhapur,100000.0,200000.0,scoped_fuzzy_SequenceMatcher,LOW_CONFIDENCE
26108,PRJ_993DAE748BAE,Faggan Singh Kulaste,Madhya Pradesh,Mandla(St),"Construction of roads, link roads, pathways or any other road with or without drainage system","NA - Construction of roads, approach roads, link roads and pathways",0.543,Mandla,300000.0,200000.0,scoped_fuzzy_SequenceMatcher,LOW_CONFIDENCE
26051,PRJ_9ABDA1A7E2A9,Sudheer Gupta,Madhya Pradesh,Mandsour,Providing drains and gutters for public drainage,NA - Purchase of books and periodicals for libraries,0.5053,Ratlam,100000.0,50000.0,scoped_fuzzy_SequenceMatcher,LOW_CONFIDENCE
27676,PRJ_9ABDA1A7E2A9,Sudheer Gupta,Madhya Pradesh,Mandsour,Providing drains and gutters for public drainage,NA - Purchase of books and periodicals for libraries,0.5053,Mandsaur,400000.0,50000.0,scoped_fuzzy_SequenceMatcher,LOW_CONFIDENCE
26101,PRJ_8171A637576B,Faggan Singh Kulaste,Madhya Pradesh,Mandla(St),Renovation of ponds and lakes,NA - Construction of culverts and bridges,0.5231,Seoni,375000.0,500000.0,scoped_fuzzy_SequenceMatcher,LOW_CONFIDENCE
26160,PRJ_56B81957D8A6,Ganesh Singh,Madhya Pradesh,Satna,Construction of rooms and halls in school and colleges,NA - Construction of culverts and bridges,0.6222,Satna,403000.0,211000.0,scoped_fuzzy_SequenceMatcher,LOW_CONFIDENCE
26164,PRJ_EFF36D177A09,Himadri Singh,Madhya Pradesh,Shahdol (St),Construction of culverts and bridges,WS/MP654/2023-2024/70569 - Construction of culverts and bridges,0.7423,Anuppur,700000.0,500000.0,scoped_fuzzy_SequenceMatcher,MEDIUM_CONFIDENCE
26170,PRJ_EFF36D177A09,Himadri Singh,Madhya Pradesh,Shahdol (St),Construction of culverts and bridges,WS/MP654/2023-2024/70569 - Construction of culverts and bridges,0.7423,Anuppur,1250000.0,500000.0,scoped_fuzzy_SequenceMatcher,MEDIUM_CONFIDENCE
26169,PRJ_E06A1670F58B,Anil Firojiya,Madhya Pradesh,Ujjain(Sc),Installing community drinking water plants,NA - Construction of community centers and community halls,0.5263,Ujjain,400000.0,500000.0,scoped_fuzzy_SequenceMatcher,LOW_CONFIDENCE
26173,PRJ_8171A637576B,Faggan Singh Kulaste,Madhya Pradesh,Mandla(St),Construction of bus-sheds or bus-stops,NA - Construction of culverts and bridges,0.6216,Dindori,240064.0,500000.0,scoped_fuzzy_SequenceMatcher,LOW_CONFIDENCE
26174,PRJ_8171A637576B,Faggan Singh Kulaste,Madhya Pradesh,Mandla(St),Construction of bus-sheds or bus-stops,NA - Construction of culverts and bridges,0.6216,Dindori,240064.0,500000.0,scoped_fuzzy_SequenceMatcher,LOW_CONFIDENCE
26194,PRJ_6B8CB73E716D,Sudheer Gupta,Madhya Pradesh,Mandsour,Construction of boundary walls of existing public and community buildings,NA - Construction of community centers and community halls,0.619,Neemuch,60000.0,200000.0,scoped_fuzzy_SequenceMatcher,LOW_CONFIDENCE
26235,PRJ_4287EA2E20A2,Virendra Kumar,Madhya Pradesh,Tikamgarh(Sc),Construction of boundary walls of existing public and community buildings,NA - Construction of buildings for community cultural activities,0.5758,Chhatarpur,120000.0,192000.0,scoped_fuzzy_SequenceMatcher,LOW_CONFIDENCE
26253,PRJ_4287EA2E20A2,Virendra Kumar,Madhya Pradesh,Tikamgarh(Sc),Construction of boundary walls of existing public and community buildings,NA - Construction of buildings for community cultural activities,0.5758,Chhatarpur,180000.0,192000.0,scoped_fuzzy_SequenceMatcher,LOW_CONFIDENCE
26276,PRJ_67AB9FEB96E6,Sudheer Gupta,Madhya Pradesh,Mandsour,Construction of public libraries and reading rooms,NA - Construction of footpaths and pedestrian ways,0.6105,Mandsaur,500000.0,100000.0,scoped_fuzzy_SequenceMatcher,LOW_CONFIDENCE
31026,PRJ_67AB9FEB96E6,Sudheer Gupta,Madhya Pradesh,Mandsour,Construction of public libraries and reading rooms,NA - Construction of footpaths and pedestrian ways,0.6105,Mandsaur,75000.0,100000.0,scoped_fuzzy_SequenceMatcher,LOW_CONFIDENCE
26294,PRJ_8898F7A56D84,Faggan Singh Kulaste,Madhya Pradesh,Mandla(St),Construction of additional rooms and halls in the existing public and community building,WS/MP640/2023-2024/34206 - Construction of additional rooms and halls in the existing public and community building,0.8756,Dindori,400000.0,2000000.0,scoped_fuzzy_SequenceMatcher,HIGH_CONFIDENCE
26295,PRJ_8898F7A56D84,Faggan Singh Kulaste,Madhya Pradesh,Mandla(St),Construction of additional rooms and halls in the existing public and community building,WS/MP640/2023-2024/34206 - Construction of additional rooms and halls in the existing public and community building,0.8756,Dindori,600000.0,2000000.0,scoped_fuzzy_SequenceMatcher,HIGH_CONFIDENCE
26306,PRJ_D14DAC28D1CC,Mahendra Singh Solanky,Madhya Pradesh,Dewas(Sc),Construction of boundary walls of existing public and community buildings,NA - Construction of additional rooms and halls in the existing public and community building,0.795,Dewas,600000.0,500000.0,scoped_fuzzy_SequenceMatcher,MEDIUM_CONFIDENCE
31479,PRJ_D14DAC28D1CC,Mahendra Singh Solanky,Madhya Pradesh,Dewas(Sc),Construction of boundary walls of existing public and community buildings,NA - Construction of additional rooms and halls in the existing public and community building,0.795,Sehore,400000.0,500000.0,scoped_fuzzy_SequenceMatcher,MEDIUM_CONFIDENCE
26341,PRJ_A3F8C93A20CC,Janardan Mishra,Madhya Pradesh,Rewa,Construction of community centers and community halls,"NA - Construction of rooms and facilities for hospitals, FWC , PHC Centers and ANM centers",0.563,Rewa,2350000.0,271000.0,scoped_fuzzy_SequenceMatcher,LOW_CONFIDENCE
26548,PRJ_A3F8C93A20CC,Janardan Mishra,Madhya Pradesh,Rewa,Construction of community centers and community halls,"NA - Construction of rooms and facilities for hospitals, FWC , PHC Centers and ANM centers",0.563,Mauganj,300000.0,271000.0,scoped_fuzzy_SequenceMatcher,LOW_CONFIDENCE
26372,PRJ_9DE89504B127,Durga Das Uikey,Madhya Pradesh,Betul(St),Construction of community centers and community halls,NA - Construction of bus-sheds or bus-stops,0.5495,Betul,54000.0,265023.0,scoped_fuzzy_SequenceMatcher,LOW_CONFIDENCE
26373,PRJ_9DE89504B127,Durga Das Uikey,Madhya Pradesh,Betul(St),Construction of community centers and community halls,NA - Construction of bus-sheds or bus-stops,0.5495,Betul,97058.0,265023.0,scoped_fuzzy_SequenceMatcher,LOW_CONFIDENCE
26396,PRJ_4287EA2E20A2,Virendra Kumar,Madhya Pradesh,Tikamgarh(Sc),Construction of community centers and community halls,NA - Construction of buildings for community cultural activities,0.625,Chhatarpur,240000.0,192000.0,scoped_fuzzy_SequenceMatcher,LOW_CONFIDENCE
26651,PRJ_4287EA2E20A2,Virendra Kumar,Madhya Pradesh,Tikamgarh(Sc),Construction of community centers and community halls,NA - Construction of buildings for community cultural activities,0.625,Chhatarpur,180000.0,192000.0,scoped_fuzzy_SequenceMatcher,LOW_CONFIDENCE
26423,PRJ_BCDC70899163,Ganesh Singh,Madhya Pradesh,Satna,"Construction of roads, link roads, pathways or any other road with or without drainage system","WS/MP642/2023-2024/94457 - Construction of roads, link roads, pathways or any other road with or without drainage system",0.8792,Satna,400000.0,500000.0,scoped_fuzzy_SequenceMatcher,HIGH_CONFIDENCE
26424,PRJ_BCDC70899163,Ganesh Singh,Madhya Pradesh,Satna,"Construction of roads, link roads, pathways or any other road with or without drainage system","WS/MP642/2023-2024/94457 - Construction of roads, link roads, pathways or any other road with or without drainage system",0.8792,Satna,100000.0,500000.0,scoped_fuzzy_SequenceMatcher,HIGH_CONFIDENCE
26506,PRJ_39198870F975,Durga Das Uikey,Madhya Pradesh,Betul(St),Construction of buildings for community cultural activities,WS/MP444/2023-2024/32815 - Construction of buildings for community cultural activities,0.8252,Betul,17010.0,250000.0,scoped_fuzzy_SequenceMatcher,MEDIUM_CONFIDENCE
26615,PRJ_39198870F975,Durga Das Uikey,Madhya Pradesh,Betul(St),Construction of buildings for community cultural activities,WS/MP444/2023-2024/32815 - Construction of buildings for community cultural activities,0.8252,Harda,225000.0,250000.0,scoped_fuzzy_SequenceMatcher,MEDIUM_CONFIDENCE
26563,PRJ_8898F7A56D84,Faggan Singh Kulaste,Madhya Pradesh,Mandla(St),Construction of boundary walls of existing public and community buildings,WS/MP640/2023-2024/34206 - Construction of additional rooms and halls in the existing public and community building,0.6882,Dindori,199566.0,2000000.0,scoped_fuzzy_SequenceMatcher,LOW_CONFIDENCE
29134,PRJ_8898F7A56D84,Faggan Singh Kulaste,Madhya Pradesh,Mandla(St),Construction of boundary walls of existing public and community buildings,WS/MP640/2023-2024/34206 - Construction of additional rooms and halls in the existing public and community building,0.6882,Narsimhapur,75000.0,2000000.0,scoped_fuzzy_SequenceMatcher,LOW_CONFIDENCE
26587,PRJ_6B8CB73E716D,Sudheer Gupta,Madhya Pradesh,Mandsour,Construction of buildings for community cultural activities,NA - Construction of community centers and community halls,0.625,Mandsaur,500000.0,200000.0,scoped_fuzzy_SequenceMatcher,LOW_CONFIDENCE
30618,PRJ_6B8CB73E716D,Sudheer Gupta,Madhya Pradesh,Mandsour,Construction of buildings for community cultural activities,NA - Construction of community centers and community halls,0.625,Neemuch,100000.0,200000.0,scoped_fuzzy_SequenceMatcher,LOW_CONFIDENCE
26784,PRJ_6B8CB73E716D,Sudheer Gupta,Madhya Pradesh,Mandsour,Construction of additional rooms and halls in the existing public and community building,NA - Construction of community centers and community halls,0.5248,Mandsaur,350000.0,200000.0,scoped_fuzzy_SequenceMatcher,LOW_CONFIDENCE
30063,PRJ_6B8CB73E716D,Sudheer Gupta,Madhya Pradesh,Mandsour,Construction of additional rooms and halls in the existing public and community building,NA - Construction of community centers and community halls,0.5248,Mandsaur,125000.0,200000.0,scoped_fuzzy_SequenceMatcher,LOW_CONFIDENCE
26936,PRJ_E06A1670F58B,Anil Firojiya,Madhya Pradesh,Ujjain(Sc),Construction of culverts and bridges,NA - Construction of community centers and community halls,0.6292,Ujjain,300000.0,500000.0,scoped_fuzzy_SequenceMatcher,LOW_CONFIDENCE
26937,PRJ_E06A1670F58B,Anil Firojiya,Madhya Pradesh,Ujjain(Sc),Construction of culverts and bridges,NA - Construction of community centers and community halls,0.6292,Ujjain,200000.0,500000.0,scoped_fuzzy_SequenceMatcher,LOW_CONFIDENCE
26943,PRJ_B615992221C2,Janardan Mishra,Madhya Pradesh,Rewa,Construction of public irrigation facilities,NA - Construction of toilet blocks,0.5479,Rewa,500000.0,1200000.0,scoped_fuzzy_SequenceMatcher,LOW_CONFIDENCE
93213,PRJ_B615992221C2,Janardan Mishra,Madhya Pradesh,Rewa,Construction of public irrigation facilities,NA - Construction of toilet blocks,0.5479,Rewa,500000.0,1200000.0,scoped_fuzzy_SequenceMatcher,LOW_CONFIDENCE
27078,PRJ_56B81957D8A6,Ganesh Singh,Madhya Pradesh,Satna,Construction of community centers and community halls,NA - Construction of culverts and bridges,0.6292,Satna,400000.0,211000.0,scoped_fuzzy_SequenceMatcher,LOW_CONFIDENCE
93859,PRJ_56B81957D8A6,Ganesh Singh,Madhya Pradesh,Satna,Construction of community centers and community halls,NA - Construction of culverts and bridges,0.6292,Satna,400000.0,211000.0,scoped_fuzzy_SequenceMatcher,LOW_CONFIDENCE
27303,PRJ_B886151F469E,Gyaneshwar Patil,Madhya Pradesh,Khandwa,Construction of boundary walls of existing public and community buildings,NA - Construction of community centers and community halls,0.619,Khandwa,48000.0,250000.0,scoped_fuzzy_SequenceMatcher,LOW_CONFIDENCE
27304,PRJ_B886151F469E,Gyaneshwar Patil,Madhya Pradesh,Khandwa,Construction of boundary walls of existing public and community buildings,NA - Construction of community centers and community halls,0.619,Khandwa,48000.0,250000.0,scoped_fuzzy_SequenceMatcher,LOW_CONFIDENCE
27679,PRJ_CD6390A52B25,Virendra Kumar,Madhya Pradesh,Tikamgarh(Sc),Construction of public toilets and bathrooms,NA - Construction of common work sheds/ common covered sitting area,0.5143,Tikamgarh,124039.0,200000.0,scoped_fuzzy_SequenceMatcher,LOW_CONFIDENCE
27680,PRJ_CD6390A52B25,Virendra Kumar,Madhya Pradesh,Tikamgarh(Sc),Construction of public toilets and bathrooms,NA - Construction of common work sheds/ common covered sitting area,0.5143,Tikamgarh,125000.0,200000.0,scoped_fuzzy_SequenceMatcher,LOW_CONFIDENCE
27907,PRJ_4287EA2E20A2,Virendra Kumar,Madhya Pradesh,Tikamgarh(Sc),Construction of shelters for animals,NA - Construction of buildings for community cultural activities,0.5895,Niwari,625000.0,192000.0,scoped_fuzzy_SequenceMatcher,LOW_CONFIDENCE
93902,PRJ_4287EA2E20A2,Virendra Kumar,Madhya Pradesh,Tikamgarh(SC),Construction of shelters for animals,NA - Construction of buildings for community cultural activities,0.5895,Niwari,625000.0,192000.0,scoped_fuzzy_SequenceMatcher,LOW_CONFIDENCE
27939,PRJ_9DE89504B127,Durga Das Uikey,Madhya Pradesh,Betul(St),Construction of rooms and halls in school and colleges,NA - Construction of bus-sheds or bus-stops,0.5435,Harda,750000.0,265023.0,scoped_fuzzy_SequenceMatcher,LOW_CONFIDENCE
27940,PRJ_9DE89504B127,Durga Das Uikey,Madhya Pradesh,Betul(St),Construction of rooms and halls in school and colleges,NA - Construction of bus-sheds or bus-stops,0.5435,Harda,250000.0,265023.0,scoped_fuzzy_SequenceMatcher,LOW_CONFIDENCE
27960,PRJ_6837C78C57C9,Himadri Singh,Madhya Pradesh,Shahdol (St),Street lights,WS/MP654/2023-2024/10213 - Street lights,0.5098,Umaria,244246.0,279150.0,scoped_fuzzy_SequenceMatcher,LOW_CONFIDENCE
27961,PRJ_6837C78C57C9,Himadri Singh,Madhya Pradesh,Shahdol (St),Street lights,WS/MP654/2023-2024/10213 - Street lights,0.5098,Umaria,244246.0,279150.0,scoped_fuzzy_SequenceMatcher,LOW_CONFIDENCE
28041,PRJ_E06A1670F58B,Anil Firojiya,Madhya Pradesh,Ujjain(Sc),Construction of shelters for animals,NA - Construction of community centers and community halls,0.6292,Ujjain,600000.0,500000.0,scoped_fuzzy_SequenceMatcher,LOW_CONFIDENCE
28080,PRJ_DA3A113C5B07,Rodmal Nagar,Madhya Pradesh,Rajgarh,Construction of common work sheds/ common covered sitting area,NA - Construction of community centers and community halls,0.614,Rajgarh,150000.0,400000.0,scoped_fuzzy_SequenceMatcher,LOW_CONFIDENCE
32569,PRJ_DA3A113C5B07,Rodmal Nagar,Madhya Pradesh,Rajgarh,Construction of common work sheds/ common covered sitting area,NA - Construction of community centers and community halls,0.614,Rajgarh,8100000.0,400000.0,scoped_fuzzy_SequenceMatcher,LOW_CONFIDENCE
28257,PRJ_8171A637576B,Faggan Singh Kulaste,Madhya Pradesh,Mandla(St),Construction of water tanks,NA - Construction of culverts and bridges,0.6984,Narsimhapur,150000.0,500000.0,scoped_fuzzy_SequenceMatcher,LOW_CONFIDENCE
92784,PRJ_8171A637576B,Faggan Singh Kulaste,Madhya Pradesh,Mandla(ST),Construction of water tanks,NA - Construction of culverts and bridges,0.6984,Narsimhapur,150000.0,500000.0,scoped_fuzzy_SequenceMatcher,LOW_CONFIDENCE
28321,PRJ_9DE89504B127,Durga Das Uikey,Madhya Pradesh,Betul(St),Construction of common work sheds/ common covered sitting area,NA - Construction of bus-sheds or bus-stops,0.5657,Harda,14200.0,265023.0,scoped_fuzzy_SequenceMatcher,LOW_CONFIDENCE
28322,PRJ_9DE89504B127,Durga Das Uikey,Madhya Pradesh,Betul(St),Construction of common work sheds/ common covered sitting area,NA - Construction of bus-sheds or bus-stops,0.5657,Harda,431220.0,265023.0,scoped_fuzzy_SequenceMatcher,LOW_CONFIDENCE
28659,PRJ_76FBCC3059CD,Anil Firojiya,Madhya Pradesh,Ujjain(Sc),Construction of footpaths and pedestrian ways,NA - Construction of rooms and halls in school and colleges,0.5455,Ujjain,420000.0,1000000.0,scoped_fuzzy_SequenceMatcher,LOW_CONFIDENCE
30169,PRJ_76FBCC3059CD,Anil Firojiya,Madhya Pradesh,Ujjain(Sc),Construction of footpaths and pedestrian ways,NA - Construction of rooms and halls in school and colleges,0.5455,Ujjain,240000.0,1000000.0,scoped_fuzzy_SequenceMatcher,LOW_CONFIDENCE
28961,PRJ_F080094EAC7E,Janardan Mishra,Madhya Pradesh,Rewa,Providing drains and gutters for public drainage,NA - Providing CCTV camera system for security of public areas,0.5524,Rewa,500000.0,1000000.0,scoped_fuzzy_SequenceMatcher,LOW_CONFIDENCE
29244,PRJ_F080094EAC7E,Janardan Mishra,Madhya Pradesh,Rewa,Providing drains and gutters for public drainage,NA - Providing CCTV camera system for security of public areas,0.5524,Mauganj,500000.0,1000000.0,scoped_fuzzy_SequenceMatcher,LOW_CONFIDENCE
29081,PRJ_B886151F469E,Gyaneshwar Patil,Madhya Pradesh,Khandwa,Construction of water tanks,NA - Construction of community centers and community halls,0.575,Dewas,114930.0,250000.0,scoped_fuzzy_SequenceMatcher,LOW_CONFIDENCE
29082,PRJ_B886151F469E,Gyaneshwar Patil,Madhya Pradesh,Khandwa,Construction of water tanks,NA - Construction of community centers and community halls,0.575,Dewas,114930.0,250000.0,scoped_fuzzy_SequenceMatcher,LOW_CONFIDENCE
29510,PRJ_91A52D1AFA58,Durga Das Uikey,Madhya Pradesh,Betul(St),Purchase of mobile water tankers,NA - Purchase Books for Library,0.5517,Harda,190930.0,1000000.0,scoped_fuzzy_SequenceMatcher,LOW_CONFIDENCE
29511,PRJ_91A52D1AFA58,Durga Das Uikey,Madhya Pradesh,Betul(St),Purchase of mobile water tankers,NA - Purchase Books for Library,0.5517,Harda,190930.0,1000000.0,scoped_fuzzy_SequenceMatcher,LOW_CONFIDENCE
29632,PRJ_54BD50AF647F,Anil Firojiya,Madhya Pradesh,Ujjain(Sc),"Purchase of hearse van (Four, three and two wheelers)",NA - Purchase of mobile water tankers,0.561,Ujjain,600000.0,306932.0,scoped_fuzzy_SequenceMatcher,LOW_CONFIDENCE
29633,PRJ_54BD50AF647F,Anil Firojiya,Madhya Pradesh,Ujjain(Sc),"Purchase of hearse van (Four, three and two wheelers)",NA - Purchase of mobile water tankers,0.561,Ujjain,600000.0,306932.0,scoped_fuzzy_SequenceMatcher,LOW_CONFIDENCE
29682,PRJ_6B8CB73E716D,Sudheer Gupta,Madhya Pradesh,Mandsour,Construction of common work sheds/ common covered sitting area,NA - Construction of community centers and community halls,0.614,Mandsaur,100000.0,200000.0,scoped_fuzzy_SequenceMatcher,LOW_CONFIDENCE
29684,PRJ_6B8CB73E716D,Sudheer Gupta,Madhya Pradesh,Mandsour,Construction of common work sheds/ common covered sitting area,NA - Construction of community centers and community halls,0.614,Mandsaur,150000.0,200000.0,scoped_fuzzy_SequenceMatcher,LOW_CONFIDENCE
29687,PRJ_99BE696D1E4D,Sudheer Gupta,Madhya Pradesh,Mandsour,Development of public parks,WS/MP356/2023-2024/19108 - Development of public parks,0.6835,Mandsaur,268000.0,125000.0,scoped_fuzzy_SequenceMatcher,LOW_CONFIDENCE
29986,PRJ_586121E05C36,Sandhya Ray,Madhya Pradesh,Bhind(Sc),Purchase of mobile water tankers,WS/MP655/2023-2024/28678 - Purchase of mobile water tankers,0.7191,Datia,99802.0,196500.0,scoped_fuzzy_SequenceMatcher,MEDIUM_CONFIDENCE
30003,PRJ_586121E05C36,Sandhya Ray,Madhya Pradesh,Bhind(Sc),Purchase of mobile water tankers,WS/MP655/2023-2024/28678 - Purchase of mobile water tankers,0.7191,Datia,99802.0,196500.0,scoped_fuzzy_SequenceMatcher,MEDIUM_CONFIDENCE
30180,PRJ_6B8CB73E716D,Sudheer Gupta,Madhya Pradesh,Mandsour,Construction of shelters for animals,NA - Construction of community centers and community halls,0.6292,Mandsaur,100000.0,200000.0,scoped_fuzzy_SequenceMatcher,LOW_CONFIDENCE
31045,PRJ_6B8CB73E716D,Sudheer Gupta,Madhya Pradesh,Mandsour,Construction of shelters for animals,NA - Construction of community centers and community halls,0.6292,Mandsaur,200000.0,200000.0,scoped_fuzzy_SequenceMatcher,LOW_CONFIDENCE
30568,PRJ_ADC15786DFA6,Gyaneshwar Patil,Madhya Pradesh,Khandwa,Construction of footpaths and pedestrian ways,NA - Construction of rooms and halls in school and colleges,0.5455,Khargone,500000.0,500000.0,scoped_fuzzy_SequenceMatcher,LOW_CONFIDENCE
30569,PRJ_ADC15786DFA6,Gyaneshwar Patil,Madhya Pradesh,Khandwa,Construction of footpaths and pedestrian ways,NA - Construction of rooms and halls in school and colleges,0.5455,Khargone,125000.0,500000.0,scoped_fuzzy_SequenceMatcher,LOW_CONFIDENCE
30586,PRJ_8171A637576B,Faggan Singh Kulaste,Madhya Pradesh,Mandla(St),Construction of buildings for sports facilities,NA - Construction of culverts and bridges,0.6265,Narsimhapur,100000.0,500000.0,scoped_fuzzy_SequenceMatcher,LOW_CONFIDENCE
30747,PRJ_EFF36D177A09,Himadri Singh,Madhya Pradesh,Shahdol (St),Construction of public toilets and bathrooms,WS/MP654/2023-2024/70569 - Construction of culverts and bridges,0.5524,Anuppur,500000.0,500000.0,scoped_fuzzy_SequenceMatcher,LOW_CONFIDENCE
92940,PRJ_EFF36D177A09,Himadri Singh,Madhya Pradesh,Shahdol (ST),Construction of public toilets and bathrooms,WS/MP654/2023-2024/70569 - Construction of culverts and bridges,0.5524,Anuppur,500000.0,500000.0,scoped_fuzzy_SequenceMatcher,LOW_CONFIDENCE
30774,PRJ_ECBCD79366FD,Sudheer Gupta,Madhya Pradesh,Mandsour,Crematoriums/energy efficient crematoriums or structures on burial/cremation ground,WS/MP356/2023-2024/78759 - Crematoriums or structures on burial/ cremation ground for public convenience,0.6196,Neemuch,150000.0,200000.0,scoped_fuzzy_SequenceMatcher,LOW_CONFIDENCE
30973,PRJ_9ABDA1A7E2A9,Sudheer Gupta,Madhya Pradesh,Mandsour,Purchase Books for Library,NA - Purchase of books and periodicals for libraries,0.6849,Neemuch,44846.0,50000.0,scoped_fuzzy_SequenceMatcher,LOW_CONFIDENCE
30974,PRJ_9ABDA1A7E2A9,Sudheer Gupta,Madhya Pradesh,Mandsour,Purchase Books for Library,NA - Purchase of books and periodicals for libraries,0.6849,Neemuch,50000.0,50000.0,scoped_fuzzy_SequenceMatcher,LOW_CONFIDENCE
30979,PRJ_3F8A17B8B0A5,Sudheer Gupta,Madhya Pradesh,Mandsour,Purchase of books for public libraries/ digitization of library books,WS/MP356/2023-2024/65290 - Purchase of books for public libraries,0.5802,Neemuch,50000.0,10000.0,scoped_fuzzy_SequenceMatcher,LOW_CONFIDENCE
30992,PRJ_3F8A17B8B0A5,Sudheer Gupta,Madhya Pradesh,Mandsour,Purchase of books for public libraries/ digitization of library books,WS/MP356/2023-2024/65290 - Purchase of books for public libraries,0.5802,Neemuch,50000.0,10000.0,scoped_fuzzy_SequenceMatcher,LOW_CONFIDENCE
31377,PRJ_4FBD90944FF6,Janardan Mishra,Madhya Pradesh,Rewa,Purchase of mobile water tankers,WS/MP644/2023-2024/26980 - Purchase of mobile water tankers,0.7191,Rewa,803805.0,144000.0,scoped_fuzzy_SequenceMatcher,MEDIUM_CONFIDENCE
31380,PRJ_4FBD90944FF6,Janardan Mishra,Madhya Pradesh,Rewa,Purchase of mobile water tankers,WS/MP644/2023-2024/26980 - Purchase of mobile water tankers,0.7191,Rewa,321522.0,144000.0,scoped_fuzzy_SequenceMatcher,MEDIUM_CONFIDENCE
31819,PRJ_57105D4C9E8C,Mahendra Singh Solanky,Madhya Pradesh,Dewas(Sc),Construction of culverts and bridges,WS/MP653/2023-2024/69367 - Construction of culverts and bridges,0.7423,Shajapur,750000.0,1500000.0,scoped_fuzzy_SequenceMatcher,MEDIUM_CONFIDENCE
32015,PRJ_57105D4C9E8C,Mahendra Singh Solanky,Madhya Pradesh,Dewas(Sc),Construction of culverts and bridges,WS/MP653/2023-2024/69367 - Construction of culverts and bridges,0.7423,Agar-Malwa,600000.0,1500000.0,scoped_fuzzy_SequenceMatcher,MEDIUM_CONFIDENCE
31824,PRJ_56B81957D8A6,Ganesh Singh,Madhya Pradesh,Satna,Construction of boundary walls of existing public and community buildings,NA - Construction of culverts and bridges,0.5138,Satna,400000.0,211000.0,scoped_fuzzy_SequenceMatcher,LOW_CONFIDENCE
92619,PRJ_56B81957D8A6,Ganesh Singh,Madhya Pradesh,Satna,Construction of boundary walls of existing public and community buildings,NA - Construction of culverts and bridges,0.5138,Satna,400000.0,211000.0,scoped_fuzzy_SequenceMatcher,LOW_CONFIDENCE
31848,PRJ_FCEACB02F56D,Rodmal Nagar,Madhya Pradesh,Rajgarh,Purchase of books and periodicals for libraries/digitization of library books,NA - Purchase of books for public libraries,0.5391,Rajgarh,100000.0,50000.0,scoped_fuzzy_SequenceMatcher,LOW_CONFIDENCE
31849,PRJ_FCEACB02F56D,Rodmal Nagar,Madhya Pradesh,Rajgarh,Purchase of books and periodicals for libraries/digitization of library books,NA - Purchase of books for public libraries,0.5391,Rajgarh,100000.0,50000.0,scoped_fuzzy_SequenceMatcher,LOW_CONFIDENCE
31898,PRJ_FCEACB02F56D,Rodmal Nagar,Madhya Pradesh,Rajgarh,Purchase Books for Library,NA - Purchase of books for public libraries,0.7812,Rajgarh,100000.0,50000.0,scoped_fuzzy_SequenceMatcher,MEDIUM_CONFIDENCE
31899,PRJ_FCEACB02F56D,Rodmal Nagar,Madhya Pradesh,Rajgarh,Purchase Books for Library,NA - Purchase of books for public libraries,0.7812,Rajgarh,100000.0,50000.0,scoped_fuzzy_SequenceMatcher,MEDIUM_CONFIDENCE
31959,PRJ_7ABC69E09817,Gajendra Singh Patel,Madhya Pradesh,Khargone(St),Construction of toilet blocks,NA - Construction of bus-sheds or bus-stops,0.5672,Khargone,184000.0,300000.0,scoped_fuzzy_SequenceMatcher,LOW_CONFIDENCE
31960,PRJ_7ABC69E09817,Gajendra Singh Patel,Madhya Pradesh,Khargone(St),Construction of toilet blocks,NA - Construction of bus-sheds or bus-stops,0.5672,Khargone,187000.0,300000.0,scoped_fuzzy_SequenceMatcher,LOW_CONFIDENCE
32195,PRJ_BB8EB00E62DA,Mahendra Singh Solanky,Madhya Pradesh,Dewas(Sc),Setting up of community effluent treatment plants,NA - Construction of community centers and community halls,0.5294,Dewas,198300.0,500000.0,scoped_fuzzy_SequenceMatcher,LOW_CONFIDENCE
32206,PRJ_BB8EB00E62DA,Mahendra Singh Solanky,Madhya Pradesh,Dewas(Sc),Setting up of community effluent treatment plants,NA - Construction of community centers and community halls,0.5294,Dewas,300000.0,500000.0,scoped_fuzzy_SequenceMatcher,LOW_CONFIDENCE
32513,PRJ_367C410C0B6B,Gajendra Singh Patel,Madhya Pradesh,Khargone(St),Construction of boundary walls of existing public and community buildings,NA - Construction of additional rooms and halls in the existing public and community building,0.795,Barwani,300000.0,1000000.0,scoped_fuzzy_SequenceMatcher,MEDIUM_CONFIDENCE
32519,PRJ_367C410C0B6B,Gajendra Singh Patel,Madhya Pradesh,Khargone(St),Construction of boundary walls of existing public and community buildings,NA - Construction of additional rooms and halls in the existing public and community building,0.795,Barwani,100000.0,1000000.0,scoped_fuzzy_SequenceMatcher,MEDIUM_CONFIDENCE
32518,PRJ_3F2E20BA1AE5,Gajendra Singh Patel,Madhya Pradesh,Khargone(St),Construction of culverts and bridges,WS/MP641/2023-2024/8185 - Construction of culverts and bridges,0.75,Barwani,600000.0,500000.0,scoped_fuzzy_SequenceMatcher,MEDIUM_CONFIDENCE
94257,PRJ_3F2E20BA1AE5,Gajendra Singh Patel,Madhya Pradesh,Khargone(ST),Construction of culverts and bridges,WS/MP641/2023-2024/8185 - Construction of culverts and bridges,0.75,Barwani,600000.0,500000.0,scoped_fuzzy_SequenceMatcher,MEDIUM_CONFIDENCE
32532,PRJ_25B08C38AAB2,Mahendra Singh Solanky,Madhya Pradesh,Dewas(Sc),Construction of threshing floor for farm produce,NA - Construction of bus-sheds or bus-stops,0.5581,Dewas,478000.0,300000.0,scoped_fuzzy_SequenceMatcher,LOW_CONFIDENCE
32657,PRJ_6C04BE481712,Janardan Mishra,Madhya Pradesh,Rewa,"Purchase of prosthetics, wheel chairs, tricycles (manual or motorized), elect scooties, hearing aids","WS/MP644/2023-2024/26116 - Purchase of prosthetics, wheel chairs, tricycles (manual or motorized), elect scooties, hearing aids",0.8826,Rewa,720000.0,42000.0,scoped_fuzzy_SequenceMatcher,HIGH_CONFIDENCE
32658,PRJ_6C04BE481712,Janardan Mishra,Madhya Pradesh,Rewa,"Purchase of prosthetics, wheel chairs, tricycles (manual or motorized), elect scooties, hearing aids","WS/MP644/2023-2024/26116 - Purchase of prosthetics, wheel chairs, tricycles (manual or motorized), elect scooties, hearing aids",0.8826,Mauganj,90000.0,42000.0,scoped_fuzzy_SequenceMatcher,HIGH_CONFIDENCE
32659,PRJ_8CB4C94917E7,Janardan Mishra,Madhya Pradesh,Rewa,Street lights,WS/MP644/2023-2024/21142 - Street lights,0.5098,Mauganj,1036320.0,697800.0,scoped_fuzzy_SequenceMatcher,LOW_CONFIDENCE
32660,PRJ_8CB4C94917E7,Janardan Mishra,Madhya Pradesh,Rewa,Street lights,WS/MP644/2023-2024/21142 - Street lights,0.5098,Mauganj,1381760.0,697800.0,scoped_fuzzy_SequenceMatcher,LOW_CONFIDENCE
32888,PRJ_A3F8C93A20CC,Janardan Mishra,Madhya Pradesh,Rewa,Construction of rooms and halls in school and colleges,"NA - Construction of rooms and facilities for hospitals, FWC , PHC Centers and ANM centers",0.6176,Rewa,500000.0,271000.0,scoped_fuzzy_SequenceMatcher,LOW_CONFIDENCE
93575,PRJ_A3F8C93A20CC,Janardan Mishra,Madhya Pradesh,Rewa,Construction of rooms and halls in school and colleges,"NA - Construction of rooms and facilities for hospitals, FWC , PHC Centers and ANM centers",0.6176,Rewa,500000.0,271000.0,scoped_fuzzy_SequenceMatcher,LOW_CONFIDENCE
33051,PRJ_D5F6EDA8866B,Amol Ramsing Kolhe,Maharashtra,Shirur,Crematoriums/energy efficient crematoriums or structures on burial/cremation ground,NA - Crematoriums or structures on burial/ cremation ground for public convenience,0.6667,Pune,993920.0,1000000.0,scoped_fuzzy_SequenceMatcher,LOW_CONFIDENCE
33653,PRJ_1FBB2DD9C456,Supriya Sadanand Sule,Maharashtra,Baramati,Construction of footpaths and pedestrian ways,NA - Construction of rooms and halls in school and colleges,0.5455,Pune,497364.0,1500000.0,scoped_fuzzy_SequenceMatcher,LOW_CONFIDENCE
33745,PRJ_1FBB2DD9C456,Supriya Sadanand Sule,Maharashtra,Baramati,Construction of footpaths and pedestrian ways,NA - Construction of rooms and halls in school and colleges,0.5455,Pune,993957.0,1500000.0,scoped_fuzzy_SequenceMatcher,LOW_CONFIDENCE
33746,PRJ_1E9361A2EDAE,Sunil Dattatray Tatkare,Maharashtra,Raigad,Construction of common work sheds/ common covered sitting area,NA - Construction of community centers and community halls,0.614,Raigad,350000.0,800000.0,scoped_fuzzy_SequenceMatcher,LOW_CONFIDENCE
94931,PRJ_1E9361A2EDAE,Sunil Dattatray Tatkare,Maharashtra,Raigad,Construction of common work sheds/ common covered sitting area,NA - Construction of community centers and community halls,0.614,Raigad,350000.0,800000.0,scoped_fuzzy_SequenceMatcher,LOW_CONFIDENCE
33865,PRJ_86283B7D09BA,Supriya Sadanand Sule,Maharashtra,Baramati,Construction of common work sheds/ common covered sitting area,NA - Construction of community centers and community halls,0.614,Pune,498330.0,1000000.0,scoped_fuzzy_SequenceMatcher,LOW_CONFIDENCE
34459,PRJ_86283B7D09BA,Supriya Sadanand Sule,Maharashtra,Baramati,Construction of common work sheds/ common covered sitting area,NA - Construction of community centers and community halls,0.614,Pune,500000.0,1000000.0,scoped_fuzzy_SequenceMatcher,LOW_CONFIDENCE
34184,PRJ_555BB9BEB896,Nitin Jairam Gadkari,Maharashtra,Nagpur,Construction of additional rooms and halls in the existing public and community building,NA - Construction of community centers and community halls,0.5248,Nagpur,959212.0,5000000.0,scoped_fuzzy_SequenceMatcher,LOW_CONFIDENCE
95015,PRJ_555BB9BEB896,Nitin Jairam Gadkari,Maharashtra,Nagpur,Construction of additional rooms and halls in the existing public and community building,NA - Construction of community centers and community halls,0.5248,Nagpur,959212.0,5000000.0,scoped_fuzzy_SequenceMatcher,LOW_CONFIDENCE
34190,PRJ_BD9B8CCA6457,Amol Ramsing Kolhe,Maharashtra,Shirur,Construction of footpaths and pedestrian ways,NA - Construction of public libraries and reading rooms,0.5684,Pune,990415.0,6000000.0,scoped_fuzzy_SequenceMatcher,LOW_CONFIDENCE
94888,PRJ_BD9B8CCA6457,Amol Ramsing Kolhe,Maharashtra,Shirur,Construction of footpaths and pedestrian ways,NA - Construction of public libraries and reading rooms,0.5684,Pune,990415.0,6000000.0,scoped_fuzzy_SequenceMatcher,LOW_CONFIDENCE
34433,PRJ_3C7BB0F58174,Arvind Ganpat Sawant,Maharashtra,Mumbai South,Development of playground,NA - Development of public parks,0.7308,Mumbai,1497667.0,2000000.0,scoped_fuzzy_SequenceMatcher,MEDIUM_CONFIDENCE
34471,PRJ_232FCD9B078C,Nitin Jairam Gadkari,Maharashtra,Nagpur,Construction of footpaths and pedestrian ways,NA - Construction of Boundary Wall,0.6216,Nagpur,955761.0,2500000.0,scoped_fuzzy_SequenceMatcher,LOW_CONFIDENCE
95014,PRJ_232FCD9B078C,Nitin Jairam Gadkari,Maharashtra,Nagpur,Construction of footpaths and pedestrian ways,NA - Construction of Boundary Wall,0.6216,Nagpur,955761.0,2500000.0,scoped_fuzzy_SequenceMatcher,LOW_CONFIDENCE
34486,PRJ_68E8190F7F78,Prataprao Jadhav,Maharashtra,Buldhana,Construction of community centers and community halls,"NA - Construction of roads, approach roads, link roads and pathways",0.531,Buldhana,747028.0,700000.0,scoped_fuzzy_SequenceMatcher,LOW_CONFIDENCE
34487,PRJ_68E8190F7F78,Prataprao Jadhav,Maharashtra,Buldhana,Construction of footpaths and pedestrian ways,"NA - Construction of roads, approach roads, link roads and pathways",0.6095,Buldhana,461000.0,700000.0,scoped_fuzzy_SequenceMatcher,LOW_CONFIDENCE
34623,PRJ_5DF808F0FADF,Sanjay Haribhau Jadhav,Maharashtra,Parbhani,Construction of common work sheds/ common covered sitting area,NA - Construction of community centers and community halls,0.614,Parbhani,599968.0,2500000.0,scoped_fuzzy_SequenceMatcher,LOW_CONFIDENCE
94984,PRJ_5DF808F0FADF,Sanjay Haribhau Jadhav,Maharashtra,Parbhani,Construction of common work sheds/ common covered sitting area,NA - Construction of community centers and community halls,0.614,Parbhani,599968.0,2500000.0,scoped_fuzzy_SequenceMatcher,LOW_CONFIDENCE
34649,PRJ_B809DAB1D93C,Sanjay Haribhau Jadhav,Maharashtra,Parbhani,Crematoriums/energy efficient crematoriums or structures on burial/cremation ground,NA - Crematoriums or structures on burial/ cremation ground for public convenience,0.6667,Parbhani,888729.0,600000.0,scoped_fuzzy_SequenceMatcher,LOW_CONFIDENCE
36016,PRJ_DA6AE7BE909D,Bhartruhari Mahtab,Odisha,Cuttack,Construction of community centers and community halls,NA - Construction of buildings for community cultural activities,0.625,Kataka,300000.0,500000.0,scoped_fuzzy_SequenceMatcher,LOW_CONFIDENCE
36022,PRJ_DA6AE7BE909D,Bhartruhari Mahtab,Odisha,Cuttack,Construction of community centers and community halls,NA - Construction of buildings for community cultural activities,0.625,Nayagada,187121.0,500000.0,scoped_fuzzy_SequenceMatcher,LOW_CONFIDENCE
36054,PRJ_D7A099D70A4E,Saptagiri Sankar Ulaka,Odisha,Koraput(St),Providing drains and gutters for public drainage,WS/MP453/2023-2024/596 - Providing drains and gutters for public drainage,0.8067,Koraput,300000.0,250000.0,scoped_fuzzy_SequenceMatcher,MEDIUM_CONFIDENCE
36085,PRJ_D7A099D70A4E,Saptagiri Sankar Ulaka,Odisha,Koraput(St),Providing drains and gutters for public drainage,WS/MP453/2023-2024/596 - Providing drains and gutters for public drainage,0.8067,Rayagada,500000.0,250000.0,scoped_fuzzy_SequenceMatcher,MEDIUM_CONFIDENCE
36193,PRJ_4F6CA55F025A,Aparajita Sarangi,Odisha,Bhubaneswar,"Construction of roads, link roads, pathways or any other road with or without drainage system","NA - Construction of roads, approach roads, link roads and pathways",0.543,Khordha,197324.0,200000.0,scoped_fuzzy_SequenceMatcher,LOW_CONFIDENCE
36987,PRJ_4F6CA55F025A,Aparajita Sarangi,Odisha,Bhubaneswar,"Construction of roads, link roads, pathways or any other road with or without drainage system","NA - Construction of roads, approach roads, link roads and pathways",0.543,Khordha,200000.0,200000.0,scoped_fuzzy_SequenceMatcher,LOW_CONFIDENCE
36213,PRJ_B9FEA4F9550C,Jual Oram,Odisha,Sundargarh (St),"Construction of roads, link roads, pathways or any other road with or without drainage system","NA - Construction of roads, approach roads, link roads and pathways",0.543,Sundaragada,600000.0,500000.0,scoped_fuzzy_SequenceMatcher,LOW_CONFIDENCE
38141,PRJ_B9FEA4F9550C,Jual Oram,Odisha,Sundargarh (St),"Construction of roads, link roads, pathways or any other road with or without drainage system","NA - Construction of roads, approach roads, link roads and pathways",0.543,Sundaragada,600000.0,500000.0,scoped_fuzzy_SequenceMatcher,LOW_CONFIDENCE
36305,PRJ_F6565BA02D85,Saptagiri Sankar Ulaka,Odisha,Koraput(St),Setting up of laboratories,NA - Construction of culverts and bridges,0.5161,Koraput,975000.0,250000.0,scoped_fuzzy_SequenceMatcher,LOW_CONFIDENCE
36449,PRJ_F6565BA02D85,Saptagiri Sankar Ulaka,Odisha,Koraput(St),Setting up of laboratories,NA - Construction of culverts and bridges,0.5161,Koraput,975000.0,250000.0,scoped_fuzzy_SequenceMatcher,LOW_CONFIDENCE
36417,PRJ_857C510F1D63,Pratap Chandra Sarangi,Odisha,Balasore,Construction of rooms and halls in school and colleges,NA - Construction of community centers and community halls,0.5421,Baleshwar,500000.0,400000.0,scoped_fuzzy_SequenceMatcher,LOW_CONFIDENCE
37047,PRJ_857C510F1D63,Pratap Chandra Sarangi,Odisha,Balasore,Construction of rooms and halls in school and colleges,NA - Construction of community centers and community halls,0.5421,Baleshwar,1000000.0,400000.0,scoped_fuzzy_SequenceMatcher,LOW_CONFIDENCE
36426,PRJ_C5F1BAC461C4,Jual Oram,Odisha,Sundargarh (St),Construction of bus-sheds or bus-stops,NA - Construction of buildings for training institutions,0.6292,Sundaragada,700000.0,1000000.0,scoped_fuzzy_SequenceMatcher,LOW_CONFIDENCE
96717,PRJ_C5F1BAC461C4,Jual Oram,Odisha,Sundargarh (ST),Construction of bus-sheds or bus-stops,NA - Construction of buildings for training institutions,0.6292,Sundargarh,700000.0,1000000.0,scoped_fuzzy_SequenceMatcher,LOW_CONFIDENCE
37433,PRJ_DD2F15D3450D,Bhartruhari Mahtab,Odisha,Cuttack,Construction of toilet blocks,NA - Construction of rooms and halls in school and colleges,0.506,Kataka,385700.0,200000.0,scoped_fuzzy_SequenceMatcher,LOW_CONFIDENCE
38269,PRJ_DD2F15D3450D,Bhartruhari Mahtab,Odisha,Cuttack,Construction of toilet blocks,NA - Construction of rooms and halls in school and colleges,0.506,Kataka,14300.0,200000.0,scoped_fuzzy_SequenceMatcher,LOW_CONFIDENCE
37434,PRJ_DD2F15D3450D,Bhartruhari Mahtab,Odisha,Cuttack,Construction of boundary walls of existing public and community buildings,NA - Construction of rooms and halls in school and colleges,0.6142,Kataka,380136.0,200000.0,scoped_fuzzy_SequenceMatcher,LOW_CONFIDENCE
38270,PRJ_DD2F15D3450D,Bhartruhari Mahtab,Odisha,Cuttack,Construction of boundary walls of existing public and community buildings,NA - Construction of rooms and halls in school and colleges,0.6142,Kataka,19864.0,200000.0,scoped_fuzzy_SequenceMatcher,LOW_CONFIDENCE
37501,PRJ_6C41FE0634F3,Aparajita Sarangi,Odisha,Bhubaneswar,Construction of rooms and halls in school and colleges,NA - Construction of additional rooms and halls in the existing public and community building,0.6479,Khordha,1000000.0,200000.0,scoped_fuzzy_SequenceMatcher,LOW_CONFIDENCE
96604,PRJ_6C41FE0634F3,Aparajita Sarangi,Odisha,Bhubaneswar,Construction of rooms and halls in school and colleges,NA - Construction of additional rooms and halls in the existing public and community building,0.6479,Khordha,1000000.0,200000.0,scoped_fuzzy_SequenceMatcher,LOW_CONFIDENCE
37502,PRJ_A980473D6B6E,Aparajita Sarangi,Odisha,Bhubaneswar,Construction of toilet blocks,NA - Construction of community centers and community halls,0.5366,Khordha,300000.0,200000.0,scoped_fuzzy_SequenceMatcher,LOW_CONFIDENCE
96508,PRJ_A980473D6B6E,Aparajita Sarangi,Odisha,Bhubaneswar,Construction of toilet blocks,NA - Construction of community centers and community halls,0.5366,Khordha,300000.0,200000.0,scoped_fuzzy_SequenceMatcher,LOW_CONFIDENCE
37592,PRJ_54559C5E96F0,Jual Oram,Odisha,Sundargarh (St),Purchase of equipment for cr�ches and anganwadies,"NA - Purchase of ambulances (Four, three and two wheelers)",0.5657,Sundaragada,9600.0,1620000.0,scoped_fuzzy_SequenceMatcher,LOW_CONFIDENCE
38137,PRJ_54559C5E96F0,Jual Oram,Odisha,Sundargarh (St),Purchase of equipment for cr�ches and anganwadies,"NA - Purchase of ambulances (Four, three and two wheelers)",0.5657,Sundaragada,465600.0,1620000.0,scoped_fuzzy_SequenceMatcher,LOW_CONFIDENCE
37717,PRJ_6265A0E7E8B0,Saptagiri Sankar Ulaka,Odisha,Koraput(St),Construction of additional rooms and halls in the existing public and community building,NA - Construction of rooms and halls in school and colleges,0.6479,Koraput,257126.0,1000000.0,scoped_fuzzy_SequenceMatcher,LOW_CONFIDENCE
37718,PRJ_2917156B68E2,Saptagiri Sankar Ulaka,Odisha,Koraput(St),Construction of boundary walls of existing public and community buildings,NA - Construction of community centers and community halls,0.619,Koraput,500000.0,500000.0,scoped_fuzzy_SequenceMatcher,LOW_CONFIDENCE
38827,PRJ_2917156B68E2,Saptagiri Sankar Ulaka,Odisha,Koraput(St),Construction of boundary walls of existing public and community buildings,NA - Construction of community centers and community halls,0.619,Koraput,300000.0,500000.0,scoped_fuzzy_SequenceMatcher,LOW_CONFIDENCE
38425,PRJ_B3017C62BCF2,Saptagiri Sankar Ulaka,Odisha,Koraput(St),Development of playfields and sports grounds,NA - Development of public parks,0.5352,Koraput,500000.0,1000000.0,scoped_fuzzy_SequenceMatcher,LOW_CONFIDENCE
96359,PRJ_B3017C62BCF2,Saptagiri Sankar Ulaka,Odisha,Koraput(ST),Development of playfields and sports grounds,NA - Development of public parks,0.5352,Koraput,500000.0,1000000.0,scoped_fuzzy_SequenceMatcher,LOW_CONFIDENCE
38849,PRJ_3DCEDFCA3A38,Saptagiri Sankar Ulaka,Odisha,Koraput(St),Construction of passage at unmanned railway crossings,NA - Construction of water tanks,0.55,Koraput,300000.0,500000.0,scoped_fuzzy_SequenceMatcher,LOW_CONFIDENCE
39218,PRJ_D7EDCADB0D59,Vaithilingam Ve,Puducherry,Puducherry,Development of public parks,NA - Development of playground,0.6538,Puducherry,1519842.0,1500000.0,scoped_fuzzy_SequenceMatcher,LOW_CONFIDENCE
39219,PRJ_FBB3F46B11EE,Vaithilingam Ve,Puducherry,Puducherry,"Construction of roads, link roads, pathways or any other road with or without drainage system","WS/MP710/2023-2024/52658 - Construction of roads, link roads, pathways or any other road with or without drainage system",0.8792,Puducherry,665666.0,2000000.0,scoped_fuzzy_SequenceMatcher,HIGH_CONFIDENCE
39220,PRJ_FBB3F46B11EE,Vaithilingam Ve,Puducherry,Puducherry,"Construction of roads, link roads, pathways or any other road with or without drainage system","WS/MP710/2023-2024/52658 - Construction of roads, link roads, pathways or any other road with or without drainage system",0.8792,Puducherry,2214985.0,2000000.0,scoped_fuzzy_SequenceMatcher,HIGH_CONFIDENCE
39229,PRJ_DD1F6BFEB779,Vaithilingam Ve,Puducherry,Puducherry,Construction of boundary walls of existing public and community buildings,NA - Construction of additional rooms and halls in the existing public and community building,0.795,Puducherry,350000.0,3000000.0,scoped_fuzzy_SequenceMatcher,MEDIUM_CONFIDENCE
97259,PRJ_DD1F6BFEB779,Vaithilingam Ve,Puducherry,Puducherry,Construction of boundary walls of existing public and community buildings,NA - Construction of additional rooms and halls in the existing public and community building,0.795,Pondicherry,350000.0,3000000.0,scoped_fuzzy_SequenceMatcher,MEDIUM_CONFIDENCE
39230,PRJ_7A9918BC44AC,Vaithilingam Ve,Puducherry,Puducherry,Construction of rooms and halls in school and colleges,WS/MP710/2023-2024/98186 - Construction of rooms and halls in school and colleges,0.812,Puducherry,624835.0,1500000.0,scoped_fuzzy_SequenceMatcher,MEDIUM_CONFIDENCE
39233,PRJ_7A9918BC44AC,Vaithilingam Ve,Puducherry,Puducherry,Construction of rooms and halls in school and colleges,WS/MP710/2023-2024/98186 - Construction of rooms and halls in school and colleges,0.812,Puducherry,1528659.0,1500000.0,scoped_fuzzy_SequenceMatcher,MEDIUM_CONFIDENCE
39241,PRJ_5C24CFC26DE6,Vaithilingam Ve,Puducherry,Puducherry,Purchase of hospital equipment,WS/MP710/2023-2024/51025 - Purchase of hospital equipment,0.7059,Puducherry,1614000.0,4000000.0,scoped_fuzzy_SequenceMatcher,MEDIUM_CONFIDENCE
97260,PRJ_5C24CFC26DE6,Vaithilingam Ve,Puducherry,Puducherry,Purchase of hospital equipment,WS/MP710/2023-2024/51025 - Purchase of hospital equipment,0.7059,Pondicherry,1614000.0,4000000.0,scoped_fuzzy_SequenceMatcher,MEDIUM_CONFIDENCE
39292,PRJ_3ADB97295D38,Harsimrat Kaur Badal,Punjab,Bhatinda,"Purchase of prosthetics, wheel chairs, tricycles (manual or motorized), elect scooties, hearing aids","WS/MP716/2023-2024/13829 - Purchase of prosthetics, wheel chairs, tricycles (manual or motorized), elect scooties, hearing aids",0.8826,Mansa,45000.0,15000.0,scoped_fuzzy_SequenceMatcher,HIGH_CONFIDENCE
40334,PRJ_3ADB97295D38,Harsimrat Kaur Badal,Punjab,Bhatinda,"Purchase of prosthetics, wheel chairs, tricycles (manual or motorized), elect scooties, hearing aids","WS/MP716/2023-2024/13829 - Purchase of prosthetics, wheel chairs, tricycles (manual or motorized), elect scooties, hearing aids",0.8826,Mansa,45000.0,15000.0,scoped_fuzzy_SequenceMatcher,HIGH_CONFIDENCE
39322,PRJ_D61A91609CD5,Gurjeet Singh Aujla,Punjab,Amritsar,Crematoriums/energy efficient crematoriums or structures on burial/cremation ground,NA - Crematoriums or structures on burial/ cremation ground for public convenience,0.6667,Amritsar,137640.0,300000.0,scoped_fuzzy_SequenceMatcher,LOW_CONFIDENCE
39332,PRJ_D61A91609CD5,Gurjeet Singh Aujla,Punjab,Amritsar,Crematoriums/energy efficient crematoriums or structures on burial/cremation ground,NA - Crematoriums or structures on burial/ cremation ground for public convenience,0.6667,Amritsar,100500.0,300000.0,scoped_fuzzy_SequenceMatcher,LOW_CONFIDENCE
39440,PRJ_7E903E674E08,Harsimrat Kaur Badal,Punjab,Bhatinda,Crematoriums/energy efficient crematoriums or structures on burial/cremation ground,NA - Crematoriums or structures on burial/ cremation ground for public convenience,0.6667,Sri Muktsar Sahib,28000.0,200000.0,scoped_fuzzy_SequenceMatcher,LOW_CONFIDENCE
39466,PRJ_7E903E674E08,Harsimrat Kaur Badal,Punjab,Bhatinda,Crematoriums/energy efficient crematoriums or structures on burial/cremation ground,NA - Crematoriums or structures on burial/ cremation ground for public convenience,0.6667,Bathinda,185441.0,200000.0,scoped_fuzzy_SequenceMatcher,LOW_CONFIDENCE
39517,PRJ_81C0075AB4A3,Gurjeet Singh Aujla,Punjab,Amritsar,Installation of fixed garden gym equipment,NA - Installation of multi-gym equipment,0.8052,Amritsar,200000.0,300000.0,scoped_fuzzy_SequenceMatcher,MEDIUM_CONFIDENCE
43184,PRJ_81C0075AB4A3,Gurjeet Singh Aujla,Punjab,Amritsar,Installation of fixed garden gym equipment,NA - Installation of multi-gym equipment,0.8052,Amritsar,35880.0,300000.0,scoped_fuzzy_SequenceMatcher,MEDIUM_CONFIDENCE
39570,PRJ_F6FA220FBF20,Amar Singh,Punjab,Fatehgarh Sahib(Sc),Development of playground,NA - Development of public parks,0.7308,Ludhiana,34640.0,150000.0,scoped_fuzzy_SequenceMatcher,MEDIUM_CONFIDENCE
39571,PRJ_F6FA220FBF20,Amar Singh,Punjab,Fatehgarh Sahib(Sc),Development of playground,NA - Development of public parks,0.7308,Ludhiana,37500.0,150000.0,scoped_fuzzy_SequenceMatcher,MEDIUM_CONFIDENCE
39614,PRJ_4DEC5493968E,Amar Singh,Punjab,Fatehgarh Sahib(Sc),Construction of rooms and halls in school and colleges,WS/MP380/2023-2024/6540 - Construction of rooms and halls in school and colleges,0.8182,Ludhiana,22200.0,200000.0,scoped_fuzzy_SequenceMatcher,MEDIUM_CONFIDENCE
39615,PRJ_4DEC5493968E,Amar Singh,Punjab,Fatehgarh Sahib(Sc),Construction of rooms and halls in school and colleges,WS/MP380/2023-2024/6540 - Construction of rooms and halls in school and colleges,0.8182,Ludhiana,24570.0,200000.0,scoped_fuzzy_SequenceMatcher,MEDIUM_CONFIDENCE
39650,PRJ_3E6C67780DA7,Gurjeet Singh Aujla,Punjab,Amritsar,Providing CCTV camera system for security of public areas,WS/MP381/2023-2024/33960 - Providing CCTV camera system for security of public areas,0.8201,Amritsar,582111.0,3500000.0,scoped_fuzzy_SequenceMatcher,MEDIUM_CONFIDENCE
39651,PRJ_3E6C67780DA7,Gurjeet Singh Aujla,Punjab,Amritsar,Providing CCTV camera system for security of public areas,WS/MP381/2023-2024/33960 - Providing CCTV camera system for security of public areas,0.8201,Amritsar,614569.0,3500000.0,scoped_fuzzy_SequenceMatcher,MEDIUM_CONFIDENCE
39668,PRJ_4625ABACEA54,Harsimrat Kaur Badal,Punjab,Bhatinda,Construction of buildings for cr�ches and anganwadies,NA - Construction of buildings for sports facilities,0.74,Mansa,11045.0,250000.0,scoped_fuzzy_SequenceMatcher,MEDIUM_CONFIDENCE
39669,PRJ_4625ABACEA54,Harsimrat Kaur Badal,Punjab,Bhatinda,Construction of buildings for cr�ches and anganwadies,NA - Construction of buildings for sports facilities,0.74,Mansa,48952.0,250000.0,scoped_fuzzy_SequenceMatcher,MEDIUM_CONFIDENCE
39693,PRJ_4702ADFE213C,Harsimrat Kaur Badal,Punjab,Bhatinda,Purchase of hospital equipment,NA - Purchase of immovable sports equipment,0.7647,Bathinda,837830.0,50000.0,scoped_fuzzy_SequenceMatcher,MEDIUM_CONFIDENCE
39716,PRJ_A3EC47620776,Harsimrat Kaur Badal,Punjab,Bhatinda,Development of public parks,WS/MP716/2023-2024/20986 - Development of public parks,0.6835,Mansa,14528.0,300000.0,scoped_fuzzy_SequenceMatcher,LOW_CONFIDENCE
39717,PRJ_A3EC47620776,Harsimrat Kaur Badal,Punjab,Bhatinda,Development of public parks,WS/MP716/2023-2024/20986 - Development of public parks,0.6835,Mansa,7000.0,300000.0,scoped_fuzzy_SequenceMatcher,LOW_CONFIDENCE
39742,PRJ_ACFEB2F1434B,Amar Singh,Punjab,Fatehgarh Sahib(Sc),Development of playfields and sports grounds,WS/MP380/2023-2024/3206 - Development of playfields and sports grounds,0.7857,Fatehgarh Sahib,30376.0,500000.0,scoped_fuzzy_SequenceMatcher,MEDIUM_CONFIDENCE
39903,PRJ_ACFEB2F1434B,Amar Singh,Punjab,Fatehgarh Sahib(Sc),Development of playfields and sports grounds,WS/MP380/2023-2024/3206 - Development of playfields and sports grounds,0.7857,Ludhiana,26724.0,500000.0,scoped_fuzzy_SequenceMatcher,MEDIUM_CONFIDENCE
39751,PRJ_A800802433BC,Gurjeet Singh Aujla,Punjab,Amritsar,Construction of boundary walls of existing public and community buildings,WS/MP381/2023-2024/35279 - Construction of boundary walls of existing public and community buildings,0.8538,Amritsar,68000.0,500000.0,scoped_fuzzy_SequenceMatcher,HIGH_CONFIDENCE
39752,PRJ_A800802433BC,Gurjeet Singh Aujla,Punjab,Amritsar,Construction of boundary walls of existing public and community buildings,WS/MP381/2023-2024/35279 - Construction of boundary walls of existing public and community buildings,0.8538,Amritsar,68000.0,500000.0,scoped_fuzzy_SequenceMatcher,HIGH_CONFIDENCE
39781,PRJ_831469DF660A,Gurjeet Singh Aujla,Punjab,Amritsar,Construction of common work sheds/ common covered sitting area,NA - Construction of community centers and community halls,0.614,Amritsar,42929.0,150000.0,scoped_fuzzy_SequenceMatcher,LOW_CONFIDENCE
39782,PRJ_831469DF660A,Gurjeet Singh Aujla,Punjab,Amritsar,Construction of common work sheds/ common covered sitting area,NA - Construction of community centers and community halls,0.614,Amritsar,154071.0,150000.0,scoped_fuzzy_SequenceMatcher,LOW_CONFIDENCE
40120,PRJ_1FEB9390248B,Gurjeet Singh Aujla,Punjab,Amritsar,Street lights,WS/MP381/2023-2024/50524 - Street lights,0.5098,Amritsar,100000.0,490000.0,scoped_fuzzy_SequenceMatcher,LOW_CONFIDENCE
41119,PRJ_1FEB9390248B,Gurjeet Singh Aujla,Punjab,Amritsar,Street lights,WS/MP381/2023-2024/50524 - Street lights,0.5098,Amritsar,200000.0,490000.0,scoped_fuzzy_SequenceMatcher,LOW_CONFIDENCE
40142,PRJ_8E31E5A0FD8B,Gurjeet Singh Aujla,Punjab,Amritsar,Development of playground,WS/MP381/2023-2024/35280 - Development of playfields and sports grounds,0.5319,Amritsar,95900.0,2000000.0,scoped_fuzzy_SequenceMatcher,LOW_CONFIDENCE
40143,PRJ_8E31E5A0FD8B,Gurjeet Singh Aujla,Punjab,Amritsar,Development of playground,WS/MP381/2023-2024/35280 - Development of playfields and sports grounds,0.5319,Amritsar,22850.0,2000000.0,scoped_fuzzy_SequenceMatcher,LOW_CONFIDENCE
40155,PRJ_749F49F6BBF2,Gurjeet Singh Aujla,Punjab,Amritsar,Construction of toilet blocks,NA - Construction of public toilets and bathrooms,0.7123,Amritsar,120000.0,400000.0,scoped_fuzzy_SequenceMatcher,MEDIUM_CONFIDENCE
42689,PRJ_749F49F6BBF2,Gurjeet Singh Aujla,Punjab,Amritsar,Construction of toilet blocks,NA - Construction of public toilets and bathrooms,0.7123,Amritsar,481956.0,400000.0,scoped_fuzzy_SequenceMatcher,MEDIUM_CONFIDENCE
40190,PRJ_A99B51535737,Amar Singh,Punjab,Fatehgarh Sahib(Sc),Crematoriums/energy efficient crematoriums or structures on burial/cremation ground,NA - Crematoriums or structures on burial/ cremation ground for public convenience,0.6667,Ludhiana,87168.0,300000.0,scoped_fuzzy_SequenceMatcher,LOW_CONFIDENCE
40191,PRJ_A99B51535737,Amar Singh,Punjab,Fatehgarh Sahib(Sc),Crematoriums/energy efficient crematoriums or structures on burial/cremation ground,NA - Crematoriums or structures on burial/ cremation ground for public convenience,0.6667,Ludhiana,7500.0,300000.0,scoped_fuzzy_SequenceMatcher,LOW_CONFIDENCE
40306,PRJ_BE3B25E70CBE,Harsimrat Kaur Badal,Punjab,Bhatinda,Providing garbage collection and disposal systems,WS/MP716/2023-2024/20841 - Providing garbage collection and disposal systems,0.7967,Mansa,21754.0,200000.0,scoped_fuzzy_SequenceMatcher,MEDIUM_CONFIDENCE
40309,PRJ_BE3B25E70CBE,Harsimrat Kaur Badal,Punjab,Bhatinda,Providing garbage collection and disposal systems,WS/MP716/2023-2024/20841 - Providing garbage collection and disposal systems,0.7967,Mansa,21240.0,200000.0,scoped_fuzzy_SequenceMatcher,MEDIUM_CONFIDENCE
40382,PRJ_20528AE97522,Amar Singh,Punjab,Fatehgarh Sahib(Sc),Installing community drinking water plants,WS/MP380/2023-2024/22304 - Installing community drinking water plants,0.7706,Fatehgarh Sahib,51160.0,150000.0,scoped_fuzzy_SequenceMatcher,MEDIUM_CONFIDENCE
40383,PRJ_20528AE97522,Amar Singh,Punjab,Fatehgarh Sahib(Sc),Installing community drinking water plants,WS/MP380/2023-2024/22304 - Installing community drinking water plants,0.7706,Fatehgarh Sahib,51160.0,150000.0,scoped_fuzzy_SequenceMatcher,MEDIUM_CONFIDENCE
40597,PRJ_87541FE8C983,Gurjeet Singh Aujla,Punjab,Amritsar,Construction of additional rooms and halls in the existing public and community building,WS/MP381/2023-2024/35286 - Construction of additional rooms and halls in the existing public and community building,0.8756,Amritsar,119000.0,500000.0,scoped_fuzzy_SequenceMatcher,HIGH_CONFIDENCE
40598,PRJ_87541FE8C983,Gurjeet Singh Aujla,Punjab,Amritsar,Construction of additional rooms and halls in the existing public and community building,WS/MP381/2023-2024/35286 - Construction of additional rooms and halls in the existing public and community building,0.8756,Amritsar,180550.0,500000.0,scoped_fuzzy_SequenceMatcher,HIGH_CONFIDENCE
40963,PRJ_EAD9F934AEF2,Harsimrat Kaur Badal,Punjab,Bhatinda,Establishing public lift irrigation projects,WS/MP716/2023-2024/8689 - Establishing public lift irrigation projects,0.7857,Mansa,55000.0,48748.0,scoped_fuzzy_SequenceMatcher,MEDIUM_CONFIDENCE
40964,PRJ_EAD9F934AEF2,Harsimrat Kaur Badal,Punjab,Bhatinda,Establishing public lift irrigation projects,WS/MP716/2023-2024/8689 - Establishing public lift irrigation projects,0.7857,Mansa,100000.0,48748.0,scoped_fuzzy_SequenceMatcher,MEDIUM_CONFIDENCE
41006,PRJ_A9DAEABA2E26,Amar Singh,Punjab,Fatehgarh Sahib(Sc),Purchase of furniture and fixtures for educational purposes,"NA - Purchase of IT systems, including hardware and software for educational purposes",0.7391,Ludhiana,26400.0,100000.0,scoped_fuzzy_SequenceMatcher,MEDIUM_CONFIDENCE
41007,PRJ_A9DAEABA2E26,Amar Singh,Punjab,Fatehgarh Sahib(Sc),Purchase of furniture and fixtures for educational purposes,"NA - Purchase of IT systems, including hardware and software for educational purposes",0.7391,Ludhiana,383600.0,100000.0,scoped_fuzzy_SequenceMatcher,MEDIUM_CONFIDENCE
41216,PRJ_4C5724954175,Harsimrat Kaur Badal,Punjab,Bhatinda,Construction of bus-sheds or bus-stops,WS/MP716/2023-2024/37372 - Construction of bus-sheds or bus-stops,0.7525,Mansa,12000.0,100000.0,scoped_fuzzy_SequenceMatcher,MEDIUM_CONFIDENCE
41250,PRJ_4C5724954175,Harsimrat Kaur Badal,Punjab,Bhatinda,Construction of bus-sheds or bus-stops,WS/MP716/2023-2024/37372 - Construction of bus-sheds or bus-stops,0.7525,Mansa,6474.0,100000.0,scoped_fuzzy_SequenceMatcher,MEDIUM_CONFIDENCE
41378,PRJ_68129430F93A,Amar Singh,Punjab,Fatehgarh Sahib(Sc),Construction of footpaths and pedestrian ways,WS/MP380/2023-2024/3197 - Construction of footpaths and pedestrian ways,0.7895,Ludhiana,54480.0,200000.0,scoped_fuzzy_SequenceMatcher,MEDIUM_CONFIDENCE
41379,PRJ_68129430F93A,Amar Singh,Punjab,Fatehgarh Sahib(Sc),Construction of footpaths and pedestrian ways,WS/MP380/2023-2024/3197 - Construction of footpaths and pedestrian ways,0.7895,Ludhiana,118040.0,200000.0,scoped_fuzzy_SequenceMatcher,MEDIUM_CONFIDENCE
41389,PRJ_132ADBE4711E,Harsimrat Kaur Badal,Punjab,Bhatinda,Providing drains and gutters for public drainage,WS/MP716/2023-2024/5030 - Providing drains and gutters for public drainage,0.8,Bathinda,58706.0,1000000.0,scoped_fuzzy_SequenceMatcher,MEDIUM_CONFIDENCE
41390,PRJ_132ADBE4711E,Harsimrat Kaur Badal,Punjab,Bhatinda,Providing drains and gutters for public drainage,WS/MP716/2023-2024/5030 - Providing drains and gutters for public drainage,0.8,Bathinda,97840.0,1000000.0,scoped_fuzzy_SequenceMatcher,MEDIUM_CONFIDENCE
41582,PRJ_10CDF7A9CCE8,Amar Singh,Punjab,Fatehgarh Sahib(Sc),Providing supply pipelines for drinking water,WS/MP380/2023-2024/28407 - Providing supply pipelines for drinking water,0.7826,Ludhiana,272640.0,300000.0,scoped_fuzzy_SequenceMatcher,MEDIUM_CONFIDENCE
41583,PRJ_10CDF7A9CCE8,Amar Singh,Punjab,Fatehgarh Sahib(Sc),Providing supply pipelines for drinking water,WS/MP380/2023-2024/28407 - Providing supply pipelines for drinking water,0.7826,Ludhiana,78000.0,300000.0,scoped_fuzzy_SequenceMatcher,MEDIUM_CONFIDENCE
41801,PRJ_311544AFC0E3,Amar Singh,Punjab,Fatehgarh Sahib(Sc),Construction of buildings for sports facilities,NA - Construction of buildings for community cultural activities,0.7736,Ludhiana,10200.0,300000.0,scoped_fuzzy_SequenceMatcher,MEDIUM_CONFIDENCE
41802,PRJ_311544AFC0E3,Amar Singh,Punjab,Fatehgarh Sahib(Sc),Construction of buildings for sports facilities,NA - Construction of buildings for community cultural activities,0.7736,Ludhiana,53000.0,300000.0,scoped_fuzzy_SequenceMatcher,MEDIUM_CONFIDENCE
41941,PRJ_51290922585C,Harsimrat Kaur Badal,Punjab,Bhatinda,Construction of rooms and halls in school and colleges,WS/MP716/2023-2024/77985 - Construction of rooms and halls in school and colleges,0.812,Bathinda,8800.0,400000.0,scoped_fuzzy_SequenceMatcher,MEDIUM_CONFIDENCE
41947,PRJ_51290922585C,Harsimrat Kaur Badal,Punjab,Bhatinda,Construction of rooms and halls in school and colleges,WS/MP716/2023-2024/77985 - Construction of rooms and halls in school and colleges,0.812,Bathinda,2100.0,400000.0,scoped_fuzzy_SequenceMatcher,MEDIUM_CONFIDENCE
42063,PRJ_AC7D025DFDFB,Harsimrat Kaur Badal,Punjab,Bhatinda,Renovation of ponds and lakes,NA - Construction of public toilets and bathrooms,0.5205,Bathinda,30316.0,1000000.0,scoped_fuzzy_SequenceMatcher,LOW_CONFIDENCE
42064,PRJ_AC7D025DFDFB,Harsimrat Kaur Badal,Punjab,Bhatinda,Renovation of ponds and lakes,NA - Construction of public toilets and bathrooms,0.5205,Bathinda,29440.0,1000000.0,scoped_fuzzy_SequenceMatcher,LOW_CONFIDENCE
42394,PRJ_82AA68EB7119,Amar Singh,Punjab,Fatehgarh Sahib(Sc),Providing CCTV camera system for security of public areas,NA - Providing drains and gutters for public drainage,0.5333,Fatehgarh Sahib,328009.0,500000.0,scoped_fuzzy_SequenceMatcher,LOW_CONFIDENCE
42395,PRJ_82AA68EB7119,Amar Singh,Punjab,Fatehgarh Sahib(Sc),Providing CCTV camera system for security of public areas,NA - Providing drains and gutters for public drainage,0.5333,Fatehgarh Sahib,597464.0,500000.0,scoped_fuzzy_SequenceMatcher,LOW_CONFIDENCE
42720,PRJ_CD4A24F0DD0A,Amar Singh,Punjab,Fatehgarh Sahib(Sc),"Construction of rooms and facilities for hospitals, FWC , PHC Centers and ANM centers",NA - Construction of community centers and community halls,0.5333,Ludhiana,61355.0,800000.0,scoped_fuzzy_SequenceMatcher,LOW_CONFIDENCE
42721,PRJ_CD4A24F0DD0A,Amar Singh,Punjab,Fatehgarh Sahib(Sc),"Construction of rooms and facilities for hospitals, FWC , PHC Centers and ANM centers",NA - Construction of community centers and community halls,0.5333,Ludhiana,45578.0,800000.0,scoped_fuzzy_SequenceMatcher,LOW_CONFIDENCE
42809,PRJ_831469DF660A,Gurjeet Singh Aujla,Punjab,Amritsar,Construction of water tanks,NA - Construction of community centers and community halls,0.575,Amritsar,150000.0,150000.0,scoped_fuzzy_SequenceMatcher,LOW_CONFIDENCE
43160,PRJ_A8279BF6DA6F,Harsimrat Kaur Badal,Punjab,Bhatinda,Setting up of kitchen and pantries,WS/MP716/2023-2024/52033 - Setting up of kitchen and pantries,0.7312,Sri Muktsar Sahib,35000.0,300000.0,scoped_fuzzy_SequenceMatcher,MEDIUM_CONFIDENCE
100459,PRJ_A8279BF6DA6F,Harsimrat Kaur Badal,Punjab,Bhatinda,Setting up of kitchen and pantries,WS/MP716/2023-2024/52033 - Setting up of kitchen and pantries,0.7312,Sri Muktsar Sahib,35000.0,300000.0,scoped_fuzzy_SequenceMatcher,MEDIUM_CONFIDENCE
43172,PRJ_F8259BA28D2F,Gurjeet Singh Aujla,Punjab,Amritsar,"Purchase of smart boards, visual display units and projectors","WS/MP381/2023-2024/33992 - Purchase of smart boards, visual display units and projectors",0.8276,Amritsar,200000.0,500000.0,scoped_fuzzy_SequenceMatcher,MEDIUM_CONFIDENCE
97836,PRJ_F8259BA28D2F,Gurjeet Singh Aujla,Punjab,Amritsar,"Purchase of smart boards, visual display units and projectors","WS/MP381/2023-2024/33992 - Purchase of smart boards, visual display units and projectors",0.8276,Amritsar,200000.0,500000.0,scoped_fuzzy_SequenceMatcher,MEDIUM_CONFIDENCE
43279,PRJ_A8D014EDCD16,Gurjeet Singh Aujla,Punjab,Amritsar,Construction of buildings for community cultural activities,WS/MP381/2023-2024/26431 - Construction of buildings for community cultural activities,0.8252,Amritsar,1000000.0,500000.0,scoped_fuzzy_SequenceMatcher,MEDIUM_CONFIDENCE
45300,PRJ_A8D014EDCD16,Gurjeet Singh Aujla,Punjab,Amritsar,Construction of buildings for community cultural activities,WS/MP381/2023-2024/26431 - Construction of buildings for community cultural activities,0.8252,Amritsar,23006.0,500000.0,scoped_fuzzy_SequenceMatcher,MEDIUM_CONFIDENCE
43426,PRJ_086B5D89197C,Amar Singh,Punjab,Fatehgarh Sahib(Sc),Installation of fixed garden gym equipment,NA - Installation of multi-gym equipment,0.8052,Ludhiana,296774.0,100000.0,scoped_fuzzy_SequenceMatcher,MEDIUM_CONFIDENCE
43427,PRJ_086B5D89197C,Amar Singh,Punjab,Fatehgarh Sahib(Sc),Installation of fixed garden gym equipment,NA - Installation of multi-gym equipment,0.8052,Ludhiana,296774.0,100000.0,scoped_fuzzy_SequenceMatcher,MEDIUM_CONFIDENCE
44176,PRJ_1F123A40211C,Harsimrat Kaur Badal,Punjab,Bhatinda,Construction of toilet blocks,NA - Construction of water tanks,0.75,Mansa,2215.0,1000000.0,scoped_fuzzy_SequenceMatcher,MEDIUM_CONFIDENCE
44177,PRJ_1F123A40211C,Harsimrat Kaur Badal,Punjab,Bhatinda,Construction of toilet blocks,NA - Construction of water tanks,0.75,Mansa,16120.0,1000000.0,scoped_fuzzy_SequenceMatcher,MEDIUM_CONFIDENCE
45295,PRJ_D9ABEFB0C664,Gurjeet Singh Aujla,Punjab,Amritsar,Construction of road under bridge,NA - Construction of footpaths and pedestrian ways,0.6154,Amritsar,13037.0,500000.0,scoped_fuzzy_SequenceMatcher,LOW_CONFIDENCE
45296,PRJ_D9ABEFB0C664,Gurjeet Singh Aujla,Punjab,Amritsar,Construction of road under bridge,NA - Construction of footpaths and pedestrian ways,0.6154,Amritsar,14185.0,500000.0,scoped_fuzzy_SequenceMatcher,LOW_CONFIDENCE
45301,PRJ_B8F7785EB541,Gurjeet Singh Aujla,Punjab,Amritsar,Development of public parks,WS/MP381/2023-2024/56161 - Development of public parks,0.6835,Amritsar,18961.0,400000.0,scoped_fuzzy_SequenceMatcher,LOW_CONFIDENCE
45302,PRJ_B8F7785EB541,Gurjeet Singh Aujla,Punjab,Amritsar,Development of public parks,WS/MP381/2023-2024/56161 - Development of public parks,0.6835,Amritsar,18400.0,400000.0,scoped_fuzzy_SequenceMatcher,LOW_CONFIDENCE
45316,PRJ_831469DF660A,Gurjeet Singh Aujla,Punjab,Amritsar,Construction of New Building,NA - Construction of community centers and community halls,0.5432,Amritsar,17546.0,150000.0,scoped_fuzzy_SequenceMatcher,LOW_CONFIDENCE
46825,PRJ_831469DF660A,Gurjeet Singh Aujla,Punjab,Amritsar,Construction of New Building,NA - Construction of community centers and community halls,0.5432,Amritsar,460954.0,150000.0,scoped_fuzzy_SequenceMatcher,LOW_CONFIDENCE
45667,PRJ_FC65F541B7C9,Gurjeet Singh Aujla,Punjab,Amritsar,"Construction of rooms and facilities for hospitals, FWC , PHC Centers and ANM centers","WS/MP381/2023-2024/26432 - Construction of rooms and facilities for hospitals, FWC , PHC Centers and ANM centers",0.8677,Amritsar,500000.0,400000.0,scoped_fuzzy_SequenceMatcher,HIGH_CONFIDENCE
98730,PRJ_FC65F541B7C9,Gurjeet Singh Aujla,Punjab,Amritsar,"Construction of rooms and facilities for hospitals, FWC , PHC Centers and ANM centers","WS/MP381/2023-2024/26432 - Construction of rooms and facilities for hospitals, FWC , PHC Centers and ANM centers",0.8677,Amritsar,500000.0,400000.0,scoped_fuzzy_SequenceMatcher,HIGH_CONFIDENCE
45816,PRJ_18739091570E,Harsimrat Kaur Badal,Punjab,Bhatinda,Construction of platforms and passenger sheds at railway stations,NA - Construction of footpaths and pedestrian ways,0.6182,Mansa,118873.0,300000.0,scoped_fuzzy_SequenceMatcher,LOW_CONFIDENCE
46850,PRJ_831469DF660A,Gurjeet Singh Aujla,Punjab,Amritsar,Construction of shelters for animals,NA - Construction of community centers and community halls,0.6292,Amritsar,479710.0,150000.0,scoped_fuzzy_SequenceMatcher,LOW_CONFIDENCE
46851,PRJ_749F49F6BBF2,Gurjeet Singh Aujla,Punjab,Amritsar,Construction of public libraries and reading rooms,NA - Construction of public toilets and bathrooms,0.7872,Amritsar,479480.0,400000.0,scoped_fuzzy_SequenceMatcher,MEDIUM_CONFIDENCE
46860,PRJ_284102CF1352,Gurjeet Singh Aujla,Punjab,Amritsar,Construction of stadiums,WS/MP381/2023-2024/40424 - Construction of stadiums,0.6575,Amritsar,488000.0,350000.0,scoped_fuzzy_SequenceMatcher,LOW_CONFIDENCE
100717,PRJ_284102CF1352,Gurjeet Singh Aujla,Punjab,Amritsar,Construction of stadiums,WS/MP381/2023-2024/40424 - Construction of stadiums,0.6575,Amritsar,488000.0,350000.0,scoped_fuzzy_SequenceMatcher,LOW_CONFIDENCE
47336,PRJ_D687B3CE5ABD,Amar Singh,Punjab,Fatehgarh Sahib(Sc),Purchase of immovable sports equipment,WS/MP380/2023-2024/3198 - Purchase of mobile sanitation equipment,0.5941,Ludhiana,300000.0,450000.0,scoped_fuzzy_SequenceMatcher,LOW_CONFIDENCE
97647,PRJ_D687B3CE5ABD,Amar Singh,Punjab,Fatehgarh Sahib(SC),Purchase of immovable sports equipment,WS/MP380/2023-2024/3198 - Purchase of mobile sanitation equipment,0.5941,Ludhiana,300000.0,450000.0,scoped_fuzzy_SequenceMatcher,LOW_CONFIDENCE
47344,PRJ_CAB8C8EE132B,Bhagirath Chaudhary,Rajasthan,Ajmer,"Construction of roads, link roads, pathways or any other road with or without drainage system","NA - Construction of roads, approach roads, link roads and pathways",0.543,Ajmer,294063.0,500000.0,scoped_fuzzy_SequenceMatcher,LOW_CONFIDENCE
47712,PRJ_CAB8C8EE132B,Bhagirath Chaudhary,Rajasthan,Ajmer,"Construction of roads, link roads, pathways or any other road with or without drainage system","NA - Construction of roads, approach roads, link roads and pathways",0.543,Ajmer,7800.0,500000.0,scoped_fuzzy_SequenceMatcher,LOW_CONFIDENCE
47362,PRJ_7D39FFAD2904,Bhagirath Chaudhary,Rajasthan,Ajmer,Crematoriums/energy efficient crematoriums or structures on burial/cremation ground,NA - Crematoriums or structures on burial/ cremation ground for public convenience,0.6667,Ajmer,3705.0,500000.0,scoped_fuzzy_SequenceMatcher,LOW_CONFIDENCE
47365,PRJ_7D39FFAD2904,Bhagirath Chaudhary,Rajasthan,Ajmer,Crematoriums/energy efficient crematoriums or structures on burial/cremation ground,NA - Crematoriums or structures on burial/ cremation ground for public convenience,0.6667,Ajmer,255.0,500000.0,scoped_fuzzy_SequenceMatcher,LOW_CONFIDENCE
47384,PRJ_C311493B2479,Rahul Kaswan,Rajasthan,Churu,"Construction of roads, link roads, pathways or any other road with or without drainage system","NA - Construction of roads, approach roads, link roads and pathways",0.543,Hanumangarh,124167.0,200000.0,scoped_fuzzy_SequenceMatcher,LOW_CONFIDENCE
48098,PRJ_C311493B2479,Rahul Kaswan,Rajasthan,Churu,"Construction of roads, link roads, pathways or any other road with or without drainage system","NA - Construction of roads, approach roads, link roads and pathways",0.543,Hanumangarh,2660.0,200000.0,scoped_fuzzy_SequenceMatcher,LOW_CONFIDENCE
47410,PRJ_6E57173CF316,Om Birla,Rajasthan,Kota,Installing community drinking water plants,NA - Construction of community centers and community halls,0.5263,Kota,187705.0,500000.0,scoped_fuzzy_SequenceMatcher,LOW_CONFIDENCE
47611,PRJ_58DEEBFA1BC5,Dushyant Singh,Rajasthan,Jhalawar-Baran,Construction of buildings for community cultural activities,NA - Construction of community centers and community halls,0.625,Jhalawar,27300.0,1000000.0,scoped_fuzzy_SequenceMatcher,LOW_CONFIDENCE
47612,PRJ_58DEEBFA1BC5,Dushyant Singh,Rajasthan,Jhalawar-Baran,Construction of buildings for community cultural activities,NA - Construction of community centers and community halls,0.625,Jhalawar,11700.0,1000000.0,scoped_fuzzy_SequenceMatcher,LOW_CONFIDENCE
47874,PRJ_124676791F8E,PP Chaudhary,Rajasthan,Pali,Crematoriums/energy efficient crematoriums or structures on burial/cremation ground,NA - Crematoriums or structures on burial/ cremation ground for public convenience,0.6667,Pali,11400.0,500000.0,scoped_fuzzy_SequenceMatcher,LOW_CONFIDENCE
47875,PRJ_124676791F8E,PP Chaudhary,Rajasthan,Pali,Crematoriums/energy efficient crematoriums or structures on burial/cremation ground,NA - Crematoriums or structures on burial/ cremation ground for public convenience,0.6667,Pali,11400.0,500000.0,scoped_fuzzy_SequenceMatcher,LOW_CONFIDENCE
47911,PRJ_B273FE715A96,Gajendra Singh Shekhawat,Rajasthan,Jodhpur,Crematoriums/energy efficient crematoriums or structures on burial/cremation ground,NA - Crematoriums or structures on burial/ cremation ground for public convenience,0.6667,Jodhpur,491827.0,800000.0,scoped_fuzzy_SequenceMatcher,LOW_CONFIDENCE
47972,PRJ_88CBF382025E,Rahul Kaswan,Rajasthan,Churu,Development of playground,NA - Development of public parks,0.7308,Churu,7410.0,500000.0,scoped_fuzzy_SequenceMatcher,MEDIUM_CONFIDENCE
47986,PRJ_88CBF382025E,Rahul Kaswan,Rajasthan,Churu,Development of playground,NA - Development of public parks,0.7308,Churu,948137.0,500000.0,scoped_fuzzy_SequenceMatcher,MEDIUM_CONFIDENCE
48285,PRJ_5C64D113C954,Hanuman Beniwal,Rajasthan,Nagaur,"Purchase of IT systems, including hardware and software for educational purposes",NA - Purchase of furniture and fixtures for educational purposes,0.7391,Nagaur,450000.0,150000.0,scoped_fuzzy_SequenceMatcher,MEDIUM_CONFIDENCE
51757,PRJ_5C64D113C954,Hanuman Beniwal,Rajasthan,Nagaur,"Purchase of IT systems, including hardware and software for educational purposes",NA - Purchase of furniture and fixtures for educational purposes,0.7391,Nagaur,91940.0,150000.0,scoped_fuzzy_SequenceMatcher,MEDIUM_CONFIDENCE
48309,PRJ_204CC7D4CE48,Rahul Kaswan,Rajasthan,Churu,Crematoriums/energy efficient crematoriums or structures on burial/cremation ground,NA - Crematoriums or structures on burial/ cremation ground for public convenience,0.6667,Churu,35100.0,900000.0,scoped_fuzzy_SequenceMatcher,LOW_CONFIDENCE
48310,PRJ_204CC7D4CE48,Rahul Kaswan,Rajasthan,Churu,Crematoriums/energy efficient crematoriums or structures on burial/cremation ground,NA - Crematoriums or structures on burial/ cremation ground for public convenience,0.6667,Churu,23400.0,900000.0,scoped_fuzzy_SequenceMatcher,LOW_CONFIDENCE
48651,PRJ_282182A71A51,Hanuman Beniwal,Rajasthan,Nagaur,Construction of footpaths and pedestrian ways,"NA - Construction of roads, approach roads, link roads and pathways",0.6095,Didwana-Kuchaman,749784.0,700000.0,scoped_fuzzy_SequenceMatcher,LOW_CONFIDENCE
48695,PRJ_3DA45719FA06,Om Birla,Rajasthan,Kota,"Construction of roads, link roads, pathways or any other road with or without drainage system","WS/MP727/2023-2024/18531 - Construction of roads, link roads, pathways or any other road with or without drainage system",0.8792,Kota,386380.0,500000.0,scoped_fuzzy_SequenceMatcher,HIGH_CONFIDENCE
48696,PRJ_3DA45719FA06,Om Birla,Rajasthan,Kota,"Construction of roads, link roads, pathways or any other road with or without drainage system","WS/MP727/2023-2024/18531 - Construction of roads, link roads, pathways or any other road with or without drainage system",0.8792,Kota,112462.0,500000.0,scoped_fuzzy_SequenceMatcher,HIGH_CONFIDENCE
48867,PRJ_C2A46D6C8BC4,PP Chaudhary,Rajasthan,Pali,Construction of common work sheds/ common covered sitting area,NA - Construction of community centers and community halls,0.614,Pali,600182.0,500000.0,scoped_fuzzy_SequenceMatcher,LOW_CONFIDENCE
49082,PRJ_86BBE58F115B,Rahul Kaswan,Rajasthan,Churu,Forest conservation infrastructure,NA - Improvement of electricity distribution infrastructure,0.5455,Churu,1424235.0,185000.0,scoped_fuzzy_SequenceMatcher,LOW_CONFIDENCE
49339,PRJ_9418E1080AC0,Hanuman Beniwal,Rajasthan,Nagaur,Construction of common work sheds/ common covered sitting area,NA - Construction of community centers and community halls,0.614,Didwana-Kuchaman,97610.0,1000000.0,scoped_fuzzy_SequenceMatcher,LOW_CONFIDENCE
49340,PRJ_9418E1080AC0,Hanuman Beniwal,Rajasthan,Nagaur,Construction of common work sheds/ common covered sitting area,NA - Construction of community centers and community halls,0.614,Didwana-Kuchaman,80365.0,1000000.0,scoped_fuzzy_SequenceMatcher,LOW_CONFIDENCE
49348,PRJ_D327722AB298,Rahul Kaswan,Rajasthan,Churu,Purchase of furniture and fixtures for educational purposes,NA - Purchase of non-conventional energy system and devices for community use,0.5191,Churu,499839.0,150000.0,scoped_fuzzy_SequenceMatcher,LOW_CONFIDENCE
51868,PRJ_D327722AB298,Rahul Kaswan,Rajasthan,Churu,Purchase of furniture and fixtures for educational purposes,NA - Purchase of non-conventional energy system and devices for community use,0.5191,Hanumangarh,593392.0,150000.0,scoped_fuzzy_SequenceMatcher,LOW_CONFIDENCE
49421,PRJ_FDD5D0C09ABC,Rahul Kaswan,Rajasthan,Churu,"Construction of rooms and facilities for hospitals, FWC , PHC Centers and ANM centers",NA - Construction of rooms and halls in school and colleges,0.6176,Churu,1320917.0,850000.0,scoped_fuzzy_SequenceMatcher,LOW_CONFIDENCE
49466,PRJ_40B0B4A0D73C,Bhagirath Chaudhary,Rajasthan,Ajmer,Forest conservation infrastructure,NA - Improvement of electricity distribution infrastructure,0.5455,Ajmer,1275.0,274388.0,scoped_fuzzy_SequenceMatcher,LOW_CONFIDENCE
49467,PRJ_40B0B4A0D73C,Bhagirath Chaudhary,Rajasthan,Ajmer,Forest conservation infrastructure,NA - Improvement of electricity distribution infrastructure,0.5455,Ajmer,2826.0,274388.0,scoped_fuzzy_SequenceMatcher,LOW_CONFIDENCE
49803,PRJ_313E022B377F,Om Birla,Rajasthan,Kota,Crematoriums/energy efficient crematoriums or structures on burial/cremation ground,NA - Crematoriums or structures on burial/ cremation ground for public convenience,0.6667,Kota,755068.0,200000.0,scoped_fuzzy_SequenceMatcher,LOW_CONFIDENCE
49804,PRJ_313E022B377F,Om Birla,Rajasthan,Kota,Crematoriums/energy efficient crematoriums or structures on burial/cremation ground,NA - Crematoriums or structures on burial/ cremation ground for public convenience,0.6667,Kota,341215.0,200000.0,scoped_fuzzy_SequenceMatcher,LOW_CONFIDENCE
50191,PRJ_248F6C970525,Hanuman Beniwal,Rajasthan,Nagaur,Construction of water tanks,NA - Construction of toilet blocks,0.75,Nagaur,42080.0,400000.0,scoped_fuzzy_SequenceMatcher,MEDIUM_CONFIDENCE
50192,PRJ_248F6C970525,Hanuman Beniwal,Rajasthan,Nagaur,Construction of water tanks,NA - Construction of toilet blocks,0.75,Nagaur,36115.0,400000.0,scoped_fuzzy_SequenceMatcher,MEDIUM_CONFIDENCE
51021,PRJ_31FE4D980881,Chandra Prakash Joshi,Rajasthan,Chittorgarh,Construction of public irrigation facilities,NA - Construction of road under bridge,0.5714,Chittorgarh,1699.0,500000.0,scoped_fuzzy_SequenceMatcher,LOW_CONFIDENCE
51022,PRJ_31FE4D980881,Chandra Prakash Joshi,Rajasthan,Chittorgarh,Construction of public irrigation facilities,NA - Construction of road under bridge,0.5714,Chittorgarh,2000.0,500000.0,scoped_fuzzy_SequenceMatcher,LOW_CONFIDENCE
51620,PRJ_B8F5484ADD9A,Rahul Kaswan,Rajasthan,Churu,Construction of public irrigation facilities,NA - Construction of shelters for animals,0.6,Churu,728275.0,500000.0,scoped_fuzzy_SequenceMatcher,LOW_CONFIDENCE
51698,PRJ_8C5470D57D22,Hanuman Beniwal,Rajasthan,Nagaur,Providing CCTV camera system for security of public areas,NA - Providing drains and gutters for public drainage,0.5333,Nagaur,16700.0,200000.0,scoped_fuzzy_SequenceMatcher,LOW_CONFIDENCE
51702,PRJ_8C5470D57D22,Hanuman Beniwal,Rajasthan,Nagaur,Providing CCTV camera system for security of public areas,NA - Providing drains and gutters for public drainage,0.5333,Nagaur,49800.0,200000.0,scoped_fuzzy_SequenceMatcher,LOW_CONFIDENCE
52778,PRJ_8C5470D57D22,Hanuman Beniwal,Rajasthan,Nagaur,Providing supply pipelines for drinking water,NA - Providing drains and gutters for public drainage,0.5376,Nagaur,224807.0,200000.0,scoped_fuzzy_SequenceMatcher,LOW_CONFIDENCE
103541,PRJ_8C5470D57D22,Hanuman Beniwal,Rajasthan,Nagaur,Providing supply pipelines for drinking water,NA - Providing drains and gutters for public drainage,0.5376,Nagaur,224807.0,200000.0,scoped_fuzzy_SequenceMatcher,LOW_CONFIDENCE
52907,PRJ_275E5757A63A,Bhagirath Chaudhary,Rajasthan,Ajmer,Construction of common work sheds/ common covered sitting area,NA - Construction of community centers and community halls,0.614,Ajmer,481185.0,500000.0,scoped_fuzzy_SequenceMatcher,LOW_CONFIDENCE
52908,PRJ_275E5757A63A,Bhagirath Chaudhary,Rajasthan,Ajmer,Construction of common work sheds/ common covered sitting area,NA - Construction of community centers and community halls,0.614,Ajmer,3000.0,500000.0,scoped_fuzzy_SequenceMatcher,LOW_CONFIDENCE
53074,PRJ_ED9B24C73879,Indra Hang Subba,Sikkim,Sikkim,Construction of community centers and community halls,WS/MP013/2023-2024/14845 - Construction of community centers and community halls,0.8092,Gyalshing,107965.0,6000000.0,scoped_fuzzy_SequenceMatcher,MEDIUM_CONFIDENCE
53075,PRJ_ED9B24C73879,Indra Hang Subba,Sikkim,Sikkim,Construction of community centers and community halls,WS/MP013/2023-2024/14845 - Construction of community centers and community halls,0.8092,Gyalshing,390451.0,6000000.0,scoped_fuzzy_SequenceMatcher,MEDIUM_CONFIDENCE
53076,PRJ_4B27180A56C1,Indra Hang Subba,Sikkim,Sikkim,Development of playfields and sports grounds,NA - Development of playground,0.7246,Soreng,1498966.0,2500000.0,scoped_fuzzy_SequenceMatcher,MEDIUM_CONFIDENCE
53077,PRJ_77C9A57A6BC0,Indra Hang Subba,Sikkim,Sikkim,"Purchase of IT systems, including hardware and software for educational purposes",NA - Purchase of furniture and fixtures for educational purposes,0.7391,Gyalshing,514900.0,2500000.0,scoped_fuzzy_SequenceMatcher,MEDIUM_CONFIDENCE
53092,PRJ_77C9A57A6BC0,Indra Hang Subba,Sikkim,Sikkim,"Purchase of IT systems, including hardware and software for educational purposes",NA - Purchase of furniture and fixtures for educational purposes,0.7391,Soreng,3492900.0,2500000.0,scoped_fuzzy_SequenceMatcher,MEDIUM_CONFIDENCE
53089,PRJ_0F314E700181,Indra Hang Subba,Sikkim,Sikkim,Construction of public irrigation facilities,NA - Construction of Footpaths/Pedestrian ways,0.5882,Gyalshing,597506.0,800000.0,scoped_fuzzy_SequenceMatcher,LOW_CONFIDENCE
104854,PRJ_0F314E700181,Indra Hang Subba,Sikkim,Sikkim,Construction of public irrigation facilities,NA - Construction of Footpaths/Pedestrian ways,0.5882,Gyalshing,597506.0,800000.0,scoped_fuzzy_SequenceMatcher,LOW_CONFIDENCE
53099,PRJ_6474C8AB883B,Indra Hang Subba,Sikkim,Sikkim,Construction of additional rooms and halls in the existing public and community building,NA - Construction of boundary walls of existing public and community buildings,0.795,Gangtok,629624.0,2000000.0,scoped_fuzzy_SequenceMatcher,MEDIUM_CONFIDENCE
53146,PRJ_6474C8AB883B,Indra Hang Subba,Sikkim,Sikkim,Construction of additional rooms and halls in the existing public and community building,NA - Construction of boundary walls of existing public and community buildings,0.795,Gangtok,369915.0,2000000.0,scoped_fuzzy_SequenceMatcher,MEDIUM_CONFIDENCE
53154,PRJ_260CF6DC003D,Vijayakumar Vasanth,Tamil Nadu,Kanniyakumari,Purchase of books and periodicals for libraries/digitization of library books,NA - Purchase of books for public libraries,0.5391,Kanniyakumari,1000000.0,1000000.0,scoped_fuzzy_SequenceMatcher,LOW_CONFIDENCE
53155,PRJ_386026592305,Kani K Navas,Tamil Nadu,Ramanathapuram,Purchase of books and periodicals for libraries/digitization of library books,NA - Purchase of furniture and fixtures for educational purposes,0.5,Ramanathapuram,500000.0,99000.0,scoped_fuzzy_SequenceMatcher,LOW_CONFIDENCE
53160,PRJ_F2095C6CEE88,T Sumathy (A) Thamizhachi Thangapandian,Tamil Nadu,Chennai South,Construction of bus-sheds or bus-stops,NA - CONSTRUCTION OF BUS SHELTER,0.7385,Chennai,1553324.0,6000000.0,scoped_fuzzy_SequenceMatcher,MEDIUM_CONFIDENCE
55650,PRJ_F2095C6CEE88,T Sumathy (A) Thamizhachi Thangapandian,Tamil Nadu,Chennai South,Construction of bus-sheds or bus-stops,NA - CONSTRUCTION OF BUS SHELTER,0.7385,Chennai,1112899.0,6000000.0,scoped_fuzzy_SequenceMatcher,MEDIUM_CONFIDENCE
53188,PRJ_D3E9B9BDEE86,S Venkatesan,Tamil Nadu,Madurai,Construction of common work sheds/ common covered sitting area,NA - Construction of community centers and community halls,0.614,Madurai,2566137.0,2000000.0,scoped_fuzzy_SequenceMatcher,LOW_CONFIDENCE
53192,PRJ_04550BDBC50D,CN Annadurai,Tamil Nadu,Tiruvannamalai,"Construction of roads, link roads, pathways or any other road with or without drainage system","WS/MP508/2023-2024/68011 - Construction of roads, link roads, pathways or any other road with or without drainage system",0.8792,Tiruvannamalai,994902.0,150000.0,scoped_fuzzy_SequenceMatcher,HIGH_CONFIDENCE
53209,PRJ_04550BDBC50D,CN Annadurai,Tamil Nadu,Tiruvannamalai,"Construction of roads, link roads, pathways or any other road with or without drainage system","WS/MP508/2023-2024/68011 - Construction of roads, link roads, pathways or any other road with or without drainage system",0.8792,Tirupathur,445468.0,150000.0,scoped_fuzzy_SequenceMatcher,HIGH_CONFIDENCE
53214,PRJ_B95DE6BBD89F,CN Annadurai,Tamil Nadu,Tiruvannamalai,Construction of rooms and halls in school and colleges,NA - Construction of bus-sheds or bus-stops,0.5435,Tiruvannamalai,687693.0,500000.0,scoped_fuzzy_SequenceMatcher,LOW_CONFIDENCE
55055,PRJ_B95DE6BBD89F,CN Annadurai,Tamil Nadu,Tiruvannamalai,Construction of rooms and halls in school and colleges,NA - Construction of bus-sheds or bus-stops,0.5435,Tiruvannamalai,699384.0,500000.0,scoped_fuzzy_SequenceMatcher,LOW_CONFIDENCE
53217,PRJ_EF5AC5BE7495,Vijayakumar Vasanth,Tamil Nadu,Kanniyakumari,Construction of buildings for community cultural activities,NA - Construction of buildings for crèches and anganwadies,0.6607,Kanniyakumari,1485403.0,1450000.0,scoped_fuzzy_SequenceMatcher,LOW_CONFIDENCE
53245,PRJ_A25A4B748C35,Andimuthu Raja,Tamil Nadu,Nilgiris(Sc),"Construction of roads, link roads, pathways or any other road with or without drainage system","NA - Construction of roads, approach roads, link roads and pathways",0.543,Coimbatore,1482790.0,500000.0,scoped_fuzzy_SequenceMatcher,LOW_CONFIDENCE
53734,PRJ_A25A4B748C35,Andimuthu Raja,Tamil Nadu,Nilgiris(Sc),"Construction of roads, link roads, pathways or any other road with or without drainage system","NA - Construction of roads, approach roads, link roads and pathways",0.543,The Nilgiris,1928872.0,500000.0,scoped_fuzzy_SequenceMatcher,LOW_CONFIDENCE
53249,PRJ_A432084C0702,Karti P Chidambaram,Tamil Nadu,Sivaganga,Construction of buildings for cr�ches and anganwadies,NA - Construction of buildings for sports facilities,0.74,Sivaganga,1200000.0,500000.0,scoped_fuzzy_SequenceMatcher,MEDIUM_CONFIDENCE
53760,PRJ_A432084C0702,Karti P Chidambaram,Tamil Nadu,Sivaganga,Construction of buildings for cr�ches and anganwadies,NA - Construction of buildings for sports facilities,0.74,Sivaganga,1100000.0,500000.0,scoped_fuzzy_SequenceMatcher,MEDIUM_CONFIDENCE
53256,PRJ_EF5AC5BE7495,Vijayakumar Vasanth,Tamil Nadu,Kanniyakumari,Construction of buildings for cr�ches and anganwadies,NA - Construction of buildings for crèches and anganwadies,0.9811,Kanniyakumari,845299.0,1450000.0,scoped_fuzzy_SequenceMatcher,HIGH_CONFIDENCE
53257,PRJ_EF5AC5BE7495,Vijayakumar Vasanth,Tamil Nadu,Kanniyakumari,Construction of buildings for cr�ches and anganwadies,NA - Construction of buildings for crèches and anganwadies,0.9811,Kanniyakumari,2000000.0,1450000.0,scoped_fuzzy_SequenceMatcher,HIGH_CONFIDENCE
53258,PRJ_F1662338CE5F,Vijayakumar Vasanth,Tamil Nadu,Kanniyakumari,Construction of public libraries and reading rooms,NA - Construction of culverts and bridges,0.6512,Kanniyakumari,989098.0,650000.0,scoped_fuzzy_SequenceMatcher,LOW_CONFIDENCE
53272,PRJ_4EF287DA77D1,Kani K Navas,Tamil Nadu,Ramanathapuram,Construction of buildings for community cultural activities,NA - Construction of community centers and community halls,0.625,Ramanathapuram,330780.0,2000000.0,scoped_fuzzy_SequenceMatcher,LOW_CONFIDENCE
53334,PRJ_4EF287DA77D1,Kani K Navas,Tamil Nadu,Ramanathapuram,Construction of buildings for community cultural activities,NA - Construction of community centers and community halls,0.625,Ramanathapuram,899406.0,2000000.0,scoped_fuzzy_SequenceMatcher,LOW_CONFIDENCE
53275,PRJ_8E0DF1F468D4,S. Jagathrakshakan,Tamil Nadu,Arakkonam,Construction of footpaths and pedestrian ways,NA - Construction of culverts and bridges,0.642,Ranipet,700000.0,1500000.0,scoped_fuzzy_SequenceMatcher,LOW_CONFIDENCE
53280,PRJ_691E31336A97,K Subbarayan,Tamil Nadu,Tiruppur,Construction of footpaths and pedestrian ways,NA - Construction of road under bridge,0.6154,Tiruppur,600000.0,4350000.0,scoped_fuzzy_SequenceMatcher,LOW_CONFIDENCE
55684,PRJ_691E31336A97,K Subbarayan,Tamil Nadu,Tiruppur,Construction of footpaths and pedestrian ways,NA - Construction of road under bridge,0.6154,Erode,1000000.0,4350000.0,scoped_fuzzy_SequenceMatcher,LOW_CONFIDENCE
53282,PRJ_C1F338CAA904,Andimuthu Raja,Tamil Nadu,Nilgiris(Sc),Construction of common work sheds/ common covered sitting area,NA - Construction of community centers and community halls,0.614,The Nilgiris,699519.0,3140000.0,scoped_fuzzy_SequenceMatcher,LOW_CONFIDENCE
53507,PRJ_C1F338CAA904,Andimuthu Raja,Tamil Nadu,Nilgiris(Sc),Construction of common work sheds/ common covered sitting area,NA - Construction of community centers and community halls,0.614,The Nilgiris,599966.0,3140000.0,scoped_fuzzy_SequenceMatcher,LOW_CONFIDENCE
53284,PRJ_76B16F50D3C7,S. Jagathrakshakan,Tamil Nadu,Arakkonam,Construction of buildings for cr�ches and anganwadies,NA - Construction of buildings for crèches and anganwadies,0.9811,Ranipet,1799989.0,1300000.0,scoped_fuzzy_SequenceMatcher,HIGH_CONFIDENCE
54343,PRJ_76B16F50D3C7,S. Jagathrakshakan,Tamil Nadu,Arakkonam,Construction of buildings for cr�ches and anganwadies,NA - Construction of buildings for crèches and anganwadies,0.9811,Ranipet,1749689.0,1300000.0,scoped_fuzzy_SequenceMatcher,HIGH_CONFIDENCE
53308,PRJ_FB8E3A486AD5,Ganesan Selvam,Tamil Nadu,Kancheepuram(Sc),Installing community drinking water plants,WS/MP743/2023-2024/60618 - Installing community drinking water plants,0.7706,Chengalpattu,1500000.0,550000.0,scoped_fuzzy_SequenceMatcher,MEDIUM_CONFIDENCE
53637,PRJ_FB8E3A486AD5,Ganesan Selvam,Tamil Nadu,Kancheepuram(Sc),Installing community drinking water plants,WS/MP743/2023-2024/60618 - Installing community drinking water plants,0.7706,Chengalpattu,749986.0,550000.0,scoped_fuzzy_SequenceMatcher,MEDIUM_CONFIDENCE
53309,PRJ_925EFAAFEB72,D M Kathir Anand,Tamil Nadu,Vellore,Construction of public toilets and bathrooms,NA - Construction of buildings for crèches and anganwadies,0.5773,Vellore,957905.0,1500000.0,scoped_fuzzy_SequenceMatcher,LOW_CONFIDENCE
53310,PRJ_925EFAAFEB72,D M Kathir Anand,Tamil Nadu,Vellore,Construction of public toilets and bathrooms,NA - Construction of buildings for crèches and anganwadies,0.5773,Vellore,884466.0,1500000.0,scoped_fuzzy_SequenceMatcher,LOW_CONFIDENCE
53322,PRJ_4F3219273454,K Subbarayan,Tamil Nadu,Tiruppur,Providing drains and gutters for public drainage,NA - Providing supply pipelines for drinking water,0.5376,Erode,1500000.0,1800000.0,scoped_fuzzy_SequenceMatcher,LOW_CONFIDENCE
53545,PRJ_4F3219273454,K Subbarayan,Tamil Nadu,Tiruppur,Providing drains and gutters for public drainage,NA - Providing supply pipelines for drinking water,0.5376,Erode,900000.0,1800000.0,scoped_fuzzy_SequenceMatcher,LOW_CONFIDENCE
53326,PRJ_6992F098FCDA,Thalikkottai Rajuthevar Baalu,Tamil Nadu,Sriperumbudur,Construction of buildings for cr�ches and anganwadies,NA - Construction of buildings for crèches and anganwadies,0.9811,Kancheepuram,1008088.0,1357000.0,scoped_fuzzy_SequenceMatcher,HIGH_CONFIDENCE
53539,PRJ_6992F098FCDA,Thalikkottai Rajuthevar Baalu,Tamil Nadu,Sriperumbudur,Construction of buildings for cr�ches and anganwadies,NA - Construction of buildings for crèches and anganwadies,0.9811,Chennai,3084454.0,1357000.0,scoped_fuzzy_SequenceMatcher,HIGH_CONFIDENCE
53336,PRJ_1BE1F8B763C4,Ganesan Selvam,Tamil Nadu,Kancheepuram(Sc),"Construction of Government office buildings (Post office, Police station, Police chauki, etc.)",NA - Construction of buildings for multi-gym,0.5039,Chengalpattu,999869.0,1000000.0,scoped_fuzzy_SequenceMatcher,LOW_CONFIDENCE
53343,PRJ_8D65CE0C271B,Thirumaa Valavan Thol,Tamil Nadu,Chidambaram(Sc),Construction of common work sheds/ common covered sitting area,NA - Construction of community centers and community halls,0.614,Cuddalore,597851.0,3600000.0,scoped_fuzzy_SequenceMatcher,LOW_CONFIDENCE
53360,PRJ_465E33144E3C,Andimuthu Raja,Tamil Nadu,Nilgiris(Sc),Purchase of hospital equipment,NA - Purchase Books for Library,0.5,The Nilgiris,490000.0,800000.0,scoped_fuzzy_SequenceMatcher,LOW_CONFIDENCE
53361,PRJ_465E33144E3C,Andimuthu Raja,Tamil Nadu,Nilgiris(Sc),Purchase of hospital equipment,NA - Purchase Books for Library,0.5,The Nilgiris,335000.0,800000.0,scoped_fuzzy_SequenceMatcher,LOW_CONFIDENCE
53365,PRJ_BAF29BDB9E98,S Venkatesan,Tamil Nadu,Madurai,Construction of buildings for community cultural activities,NA - Construction of Building as Study Centre and Toilet,0.6727,Madurai,1196125.0,2250000.0,scoped_fuzzy_SequenceMatcher,LOW_CONFIDENCE
53374,PRJ_657D5E6690BF,S. Jagathrakshakan,Tamil Nadu,Arakkonam,Providing CCTV camera system for security of public areas,NA - Providing drains and gutters for public drainage,0.5333,Ranipet,375000.0,1000000.0,scoped_fuzzy_SequenceMatcher,LOW_CONFIDENCE
53379,PRJ_D61ADAF92610,Thalikkottai Rajuthevar Baalu,Tamil Nadu,Sriperumbudur,Construction of bus-sheds or bus-stops,NA - Construction of buildings for multi-gym,0.6494,Kancheepuram,861325.0,2950000.0,scoped_fuzzy_SequenceMatcher,LOW_CONFIDENCE
53380,PRJ_D61ADAF92610,Thalikkottai Rajuthevar Baalu,Tamil Nadu,Sriperumbudur,Construction of bus-sheds or bus-stops,NA - Construction of buildings for multi-gym,0.6494,Kancheepuram,3972031.0,2950000.0,scoped_fuzzy_SequenceMatcher,LOW_CONFIDENCE
53382,PRJ_C2F840A13D3F,Kani K Navas,Tamil Nadu,Ramanathapuram,Construction of rainwater harvesting structures,NA - Construction of bus-sheds or bus-stops,0.5647,Ramanathapuram,1109072.0,500000.0,scoped_fuzzy_SequenceMatcher,LOW_CONFIDENCE
53384,PRJ_B1C72F9739D9,D Ravikumar,Tamil Nadu,Viluppuram(Sc),Construction of buildings for community cultural activities,NA - Construction of buildings for crèches and anganwadies,0.6607,Viluppuram,794188.0,1400000.0,scoped_fuzzy_SequenceMatcher,LOW_CONFIDENCE
53524,PRJ_B1C72F9739D9,D Ravikumar,Tamil Nadu,Viluppuram(Sc),Construction of buildings for community cultural activities,NA - Construction of buildings for crèches and anganwadies,0.6607,Viluppuram,798521.0,1400000.0,scoped_fuzzy_SequenceMatcher,LOW_CONFIDENCE
53401,PRJ_D61ADAF92610,Thalikkottai Rajuthevar Baalu,Tamil Nadu,Sriperumbudur,"Construction of Government office buildings (Post office, Police station, Police chauki, etc.)",NA - Construction of buildings for multi-gym,0.5039,Kancheepuram,1399020.0,2950000.0,scoped_fuzzy_SequenceMatcher,LOW_CONFIDENCE
53402,PRJ_D61ADAF92610,Thalikkottai Rajuthevar Baalu,Tamil Nadu,Sriperumbudur,"Construction of Government office buildings (Post office, Police station, Police chauki, etc.)",NA - Construction of buildings for multi-gym,0.5039,Kancheepuram,1398880.0,2950000.0,scoped_fuzzy_SequenceMatcher,LOW_CONFIDENCE
53426,PRJ_D3E9B9BDEE86,S Venkatesan,Tamil Nadu,Madurai,Installing community drinking water plants,NA - Construction of community centers and community halls,0.5263,Madurai,261754.0,2000000.0,scoped_fuzzy_SequenceMatcher,LOW_CONFIDENCE
53448,PRJ_8525CB574631,Kalanidhi Veeraswamy,Tamil Nadu,Chennai North,Development of public parks,NA - Development of playfields and sports grounds,0.507,Chennai,1646598.0,22000000.0,scoped_fuzzy_SequenceMatcher,LOW_CONFIDENCE
54021,PRJ_8525CB574631,Kalanidhi Veeraswamy,Tamil Nadu,Chennai North,Development of public parks,NA - Development of playfields and sports grounds,0.507,Chennai,592713.0,22000000.0,scoped_fuzzy_SequenceMatcher,LOW_CONFIDENCE
53452,PRJ_3CEF5A9EB3B0,S Venkatesan,Tamil Nadu,Madurai,Setting up of kitchen and pantries,NA - Construction of public toilets and bathrooms,0.5385,Madurai,1464476.0,300000.0,scoped_fuzzy_SequenceMatcher,LOW_CONFIDENCE
53731,PRJ_3CEF5A9EB3B0,S Venkatesan,Tamil Nadu,Madurai,Setting up of kitchen and pantries,NA - Construction of public toilets and bathrooms,0.5385,Madurai,799780.0,300000.0,scoped_fuzzy_SequenceMatcher,LOW_CONFIDENCE
53473,PRJ_96FBCD2E4187,Manickam Tagore B,Tamil Nadu,Virudhunagar,Installing community drinking water plants,NA - Construction of community centers and community halls,0.5263,Madurai,754628.0,3000000.0,scoped_fuzzy_SequenceMatcher,LOW_CONFIDENCE
55533,PRJ_96FBCD2E4187,Manickam Tagore B,Tamil Nadu,Virudhunagar,Installing community drinking water plants,NA - Construction of community centers and community halls,0.5263,Virudhunagar,600000.0,3000000.0,scoped_fuzzy_SequenceMatcher,LOW_CONFIDENCE
53475,PRJ_ACDE6C721958,Thirumaa Valavan Thol,Tamil Nadu,Chidambaram(Sc),Construction of water tanks,NA - Construction of toilet blocks,0.75,Ariyalur,1281161.0,2400000.0,scoped_fuzzy_SequenceMatcher,MEDIUM_CONFIDENCE
53477,PRJ_ACDE6C721958,Thirumaa Valavan Thol,Tamil Nadu,Chidambaram(Sc),Construction of water tanks,NA - Construction of toilet blocks,0.75,Ariyalur,688387.0,2400000.0,scoped_fuzzy_SequenceMatcher,MEDIUM_CONFIDENCE
53480,PRJ_C6FD45E7AAF6,Vijayakumar Vasanth,Tamil Nadu,Kanniyakumari,Construction of boundary walls of existing public and community buildings,NA - Construction of community centers and community halls,0.619,Kanniyakumari,500000.0,2000000.0,scoped_fuzzy_SequenceMatcher,LOW_CONFIDENCE
55594,PRJ_C6FD45E7AAF6,Vijayakumar Vasanth,Tamil Nadu,Kanniyakumari,Construction of boundary walls of existing public and community buildings,NA - Construction of community centers and community halls,0.619,Kanniyakumari,12980.0,2000000.0,scoped_fuzzy_SequenceMatcher,LOW_CONFIDENCE
53517,PRJ_3C5EF48C2CC6,S Jothimani,Tamil Nadu,Karur,Purchase of books and periodicals for libraries/digitization of library books,NA - Purchase Books for Library,0.5049,Dindigul,100000.0,25000.0,scoped_fuzzy_SequenceMatcher,LOW_CONFIDENCE
56430,PRJ_3C5EF48C2CC6,S Jothimani,Tamil Nadu,Karur,Purchase of books and periodicals for libraries/digitization of library books,NA - Purchase Books for Library,0.5049,Karur,269325.0,25000.0,scoped_fuzzy_SequenceMatcher,LOW_CONFIDENCE
53534,PRJ_F67532258B3F,CN Annadurai,Tamil Nadu,Tiruvannamalai,Lighting of public spaces,WS/MP508/2023-2024/51307 - Lighting of public spaces,0.6667,Tirupathur,600000.0,1000000.0,scoped_fuzzy_SequenceMatcher,LOW_CONFIDENCE
54432,PRJ_F67532258B3F,CN Annadurai,Tamil Nadu,Tiruvannamalai,Lighting of public spaces,WS/MP508/2023-2024/51307 - Lighting of public spaces,0.6667,Tiruvannamalai,969644.0,1000000.0,scoped_fuzzy_SequenceMatcher,LOW_CONFIDENCE
53547,PRJ_C559463D0AC7,Thalikkottai Rajuthevar Baalu,Tamil Nadu,Sriperumbudur,Construction of water tanks,NA - Construction of New Building,0.6909,Kancheepuram,901735.0,1715000.0,scoped_fuzzy_SequenceMatcher,LOW_CONFIDENCE
55508,PRJ_C559463D0AC7,Thalikkottai Rajuthevar Baalu,Tamil Nadu,Sriperumbudur,Construction of water tanks,NA - Construction of New Building,0.6909,Kancheepuram,1556689.0,1715000.0,scoped_fuzzy_SequenceMatcher,LOW_CONFIDENCE
53577,PRJ_740351C4753B,Manickam Tagore B,Tamil Nadu,Virudhunagar,Construction of rooms and halls in school and colleges,NA - Construction of public toilets and bathrooms,0.551,Virudhunagar,1680546.0,1800000.0,scoped_fuzzy_SequenceMatcher,LOW_CONFIDENCE
53578,PRJ_740351C4753B,Manickam Tagore B,Tamil Nadu,Virudhunagar,Construction of rooms and halls in school and colleges,NA - Construction of public toilets and bathrooms,0.551,Virudhunagar,3161122.0,1800000.0,scoped_fuzzy_SequenceMatcher,LOW_CONFIDENCE
53609,PRJ_465E33144E3C,Andimuthu Raja,Tamil Nadu,Nilgiris(Sc),Purchase of books and periodicals for libraries/digitization of library books,NA - Purchase Books for Library,0.5049,The Nilgiris,470000.0,800000.0,scoped_fuzzy_SequenceMatcher,LOW_CONFIDENCE
105731,PRJ_465E33144E3C,Andimuthu Raja,Tamil Nadu,Nilgiris(SC),Purchase of books and periodicals for libraries/digitization of library books,NA - Purchase Books for Library,0.5049,The Nilgiris,470000.0,800000.0,scoped_fuzzy_SequenceMatcher,LOW_CONFIDENCE
53624,PRJ_25EDF98901B1,D Ravikumar,Tamil Nadu,Viluppuram(Sc),"Construction of roads, link roads, pathways or any other road with or without drainage system","NA - Construction of roads, approach roads, link roads and pathways",0.543,Viluppuram,499668.0,800000.0,scoped_fuzzy_SequenceMatcher,LOW_CONFIDENCE
55777,PRJ_25EDF98901B1,D Ravikumar,Tamil Nadu,Viluppuram(Sc),"Construction of roads, link roads, pathways or any other road with or without drainage system","NA - Construction of roads, approach roads, link roads and pathways",0.543,Viluppuram,1249980.0,800000.0,scoped_fuzzy_SequenceMatcher,LOW_CONFIDENCE
53653,PRJ_9CF57A7F4245,Karti P Chidambaram,Tamil Nadu,Sivaganga,Construction of stadiums,NA - Construction of water tanks,0.7451,Sivaganga,799537.0,600000.0,scoped_fuzzy_SequenceMatcher,MEDIUM_CONFIDENCE
105878,PRJ_9CF57A7F4245,Karti P Chidambaram,Tamil Nadu,Sivaganga,Construction of stadiums,NA - Construction of water tanks,0.7451,Sivaganga,799537.0,600000.0,scoped_fuzzy_SequenceMatcher,MEDIUM_CONFIDENCE
53669,PRJ_691E31336A97,K Subbarayan,Tamil Nadu,Tiruppur,Construction of public irrigation facilities,NA - Construction of road under bridge,0.5714,Erode,709850.0,4350000.0,scoped_fuzzy_SequenceMatcher,LOW_CONFIDENCE
53689,PRJ_F1662338CE5F,Vijayakumar Vasanth,Tamil Nadu,Kanniyakumari,Construction of footpaths and pedestrian ways,NA - Construction of culverts and bridges,0.642,Kanniyakumari,927899.0,650000.0,scoped_fuzzy_SequenceMatcher,LOW_CONFIDENCE
105347,PRJ_F1662338CE5F,Vijayakumar Vasanth,Tamil Nadu,Kanniyakumari,Construction of footpaths and pedestrian ways,NA - Construction of culverts and bridges,0.642,Kanniyakumari,927899.0,650000.0,scoped_fuzzy_SequenceMatcher,LOW_CONFIDENCE
53708,PRJ_9A9B4D203A95,Vijayakumar Vasanth,Tamil Nadu,Kanniyakumari,"Construction of rooms and facilities for hospitals, FWC , PHC Centers and ANM centers",NA - Construction of rooms and halls in school and colleges,0.6176,Kanniyakumari,149761.0,1800000.0,scoped_fuzzy_SequenceMatcher,LOW_CONFIDENCE
53725,PRJ_9A9B4D203A95,Vijayakumar Vasanth,Tamil Nadu,Kanniyakumari,"Construction of rooms and facilities for hospitals, FWC , PHC Centers and ANM centers",NA - Construction of rooms and halls in school and colleges,0.6176,Kanniyakumari,997784.0,1800000.0,scoped_fuzzy_SequenceMatcher,LOW_CONFIDENCE
53727,PRJ_182F0583DE20,D Ravikumar,Tamil Nadu,Viluppuram(Sc),Crematoriums/energy efficient crematoriums or structures on burial/cremation ground,NA - Crematoriums or structures on burial/ cremation ground for public convenience,0.6667,Viluppuram,1199449.0,590000.0,scoped_fuzzy_SequenceMatcher,LOW_CONFIDENCE
53986,PRJ_182F0583DE20,D Ravikumar,Tamil Nadu,Viluppuram(Sc),Crematoriums/energy efficient crematoriums or structures on burial/cremation ground,NA - Crematoriums or structures on burial/ cremation ground for public convenience,0.6667,Viluppuram,599764.0,590000.0,scoped_fuzzy_SequenceMatcher,LOW_CONFIDENCE
53757,PRJ_92BA5B2EA191,Karti P Chidambaram,Tamil Nadu,Sivaganga,Providing supply pipelines for drinking water,NA - Providing drains and gutters for public drainage,0.5376,Pudukkottai,450000.0,500000.0,scoped_fuzzy_SequenceMatcher,LOW_CONFIDENCE
105757,PRJ_92BA5B2EA191,Karti P Chidambaram,Tamil Nadu,Sivaganga,Providing supply pipelines for drinking water,NA - Providing drains and gutters for public drainage,0.5376,Pudukkottai,450000.0,500000.0,scoped_fuzzy_SequenceMatcher,LOW_CONFIDENCE
53761,PRJ_9C8DF083481C,Ganesan Selvam,Tamil Nadu,Kancheepuram(Sc),Purchase of books and periodicals for libraries/digitization of library books,NA - Purchase of books for public libraries,0.5391,Chengalpattu,25000.0,25000.0,scoped_fuzzy_SequenceMatcher,LOW_CONFIDENCE
53762,PRJ_9C8DF083481C,Ganesan Selvam,Tamil Nadu,Kancheepuram(Sc),Purchase of books and periodicals for libraries/digitization of library books,NA - Purchase of books for public libraries,0.5391,Chengalpattu,25000.0,25000.0,scoped_fuzzy_SequenceMatcher,LOW_CONFIDENCE
53869,PRJ_8E0DF1F468D4,S. Jagathrakshakan,Tamil Nadu,Arakkonam,Construction of public toilets and bathrooms,NA - Construction of culverts and bridges,0.725,Ranipet,500000.0,1500000.0,scoped_fuzzy_SequenceMatcher,MEDIUM_CONFIDENCE
54719,PRJ_8E0DF1F468D4,S. Jagathrakshakan,Tamil Nadu,Arakkonam,Construction of public toilets and bathrooms,NA - Construction of culverts and bridges,0.725,Ranipet,500000.0,1500000.0,scoped_fuzzy_SequenceMatcher,MEDIUM_CONFIDENCE
53881,PRJ_41FD13F5A3E2,S Jothimani,Tamil Nadu,Karur,Construction of footpaths and pedestrian ways,NA - Construction of water tanks,0.6111,Dindigul,550000.0,200000.0,scoped_fuzzy_SequenceMatcher,LOW_CONFIDENCE
105598,PRJ_41FD13F5A3E2,S Jothimani,Tamil Nadu,Karur,Construction of footpaths and pedestrian ways,NA - Construction of water tanks,0.6111,Dindigul,550000.0,200000.0,scoped_fuzzy_SequenceMatcher,LOW_CONFIDENCE
53883,PRJ_9C5777E8929F,S Jothimani,Tamil Nadu,Karur,Construction of buildings for cr�ches and anganwadies,NA - Construction of buildings for crèches and anganwadies,0.9811,Dindigul,1699370.0,537000.0,scoped_fuzzy_SequenceMatcher,HIGH_CONFIDENCE
53895,PRJ_A62ADD5895A0,Andimuthu Raja,Tamil Nadu,Nilgiris(Sc),Construction of public irrigation facilities,NA - Construction of Footpaths/Pedestrian ways,0.5882,The Nilgiris,500000.0,500000.0,scoped_fuzzy_SequenceMatcher,LOW_CONFIDENCE
105538,PRJ_A62ADD5895A0,Andimuthu Raja,Tamil Nadu,Nilgiris(SC),Construction of public irrigation facilities,NA - Construction of Footpaths/Pedestrian ways,0.5882,The Nilgiris,500000.0,500000.0,scoped_fuzzy_SequenceMatcher,LOW_CONFIDENCE
53944,PRJ_74E27C5DD5E9,Andimuthu Raja,Tamil Nadu,Nilgiris(Sc),Construction of buildings for cr�ches and anganwadies,NA - Construction of buildings for crèches and anganwadies,0.9811,Tiruppur,1200000.0,1400000.0,scoped_fuzzy_SequenceMatcher,HIGH_CONFIDENCE
54856,PRJ_74E27C5DD5E9,Andimuthu Raja,Tamil Nadu,Nilgiris(Sc),Construction of buildings for cr�ches and anganwadies,NA - Construction of buildings for crèches and anganwadies,0.9811,Coimbatore,1400000.0,1400000.0,scoped_fuzzy_SequenceMatcher,HIGH_CONFIDENCE
53987,PRJ_56E8A997B099,CN Annadurai,Tamil Nadu,Tiruvannamalai,Construction of common work sheds/ common covered sitting area,NA - Construction of community centers and community halls,0.614,Tiruvannamalai,2439349.0,5000000.0,scoped_fuzzy_SequenceMatcher,LOW_CONFIDENCE
54839,PRJ_56E8A997B099,CN Annadurai,Tamil Nadu,Tiruvannamalai,Construction of common work sheds/ common covered sitting area,NA - Construction of community centers and community halls,0.614,Tirupathur,1200000.0,5000000.0,scoped_fuzzy_SequenceMatcher,LOW_CONFIDENCE
54000,PRJ_3C60E8FD2502,Ganesan Selvam,Tamil Nadu,Kancheepuram(Sc),Purchase of training equipment,WS/MP743/2023-2024/64428 - Purchase of sports equipment,0.5542,Kancheepuram,625000.0,250000.0,scoped_fuzzy_SequenceMatcher,LOW_CONFIDENCE
54001,PRJ_3C60E8FD2502,Ganesan Selvam,Tamil Nadu,Kancheepuram(Sc),Purchase of training equipment,WS/MP743/2023-2024/64428 - Purchase of sports equipment,0.5542,Kancheepuram,625000.0,250000.0,scoped_fuzzy_SequenceMatcher,LOW_CONFIDENCE
54003,PRJ_3C60E8FD2502,Ganesan Selvam,Tamil Nadu,Kancheepuram(Sc),Purchase of sports equipment,WS/MP743/2023-2024/64428 - Purchase of sports equipment,0.6914,Kancheepuram,625000.0,250000.0,scoped_fuzzy_SequenceMatcher,LOW_CONFIDENCE
54525,PRJ_3C60E8FD2502,Ganesan Selvam,Tamil Nadu,Kancheepuram(Sc),Purchase of sports equipment,WS/MP743/2023-2024/64428 - Purchase of sports equipment,0.6914,Kancheepuram,250000.0,250000.0,scoped_fuzzy_SequenceMatcher,LOW_CONFIDENCE
54010,PRJ_A548456EC481,Andimuthu Raja,Tamil Nadu,Nilgiris(Sc),Construction of additional rooms and halls in the existing public and community building,NA - Construction of boundary walls of existing public and community buildings,0.795,The Nilgiris,684523.0,200000.0,scoped_fuzzy_SequenceMatcher,MEDIUM_CONFIDENCE
105617,PRJ_A548456EC481,Andimuthu Raja,Tamil Nadu,Nilgiris(SC),Construction of additional rooms and halls in the existing public and community building,NA - Construction of boundary walls of existing public and community buildings,0.795,The Nilgiris,684523.0,200000.0,scoped_fuzzy_SequenceMatcher,MEDIUM_CONFIDENCE
54072,PRJ_9F76AD20EF9B,S. Jagathrakshakan,Tamil Nadu,Arakkonam,Construction of common work sheds/ common covered sitting area,NA - Construction of community centers and community halls,0.614,Ranipet,799382.0,1200000.0,scoped_fuzzy_SequenceMatcher,LOW_CONFIDENCE
105231,PRJ_9F76AD20EF9B,S. Jagathrakshakan,Tamil Nadu,Arakkonam,Construction of common work sheds/ common covered sitting area,NA - Construction of community centers and community halls,0.614,Ranipet,799382.0,1200000.0,scoped_fuzzy_SequenceMatcher,LOW_CONFIDENCE
54074,PRJ_9C6CE07E7D0D,K Subbarayan,Tamil Nadu,Tiruppur,Construction of bus-sheds or bus-stops,NA - Construction of water tanks,0.6154,Erode,500000.0,1800000.0,scoped_fuzzy_SequenceMatcher,LOW_CONFIDENCE
54182,PRJ_8F46C4B1CCDF,Karti P Chidambaram,Tamil Nadu,Sivaganga,"Construction of roads, link roads, pathways or any other road with or without drainage system","NA - Construction of roads, approach roads, link roads and pathways",0.543,Sivaganga,349348.0,400000.0,scoped_fuzzy_SequenceMatcher,LOW_CONFIDENCE
55384,PRJ_8F46C4B1CCDF,Karti P Chidambaram,Tamil Nadu,Sivaganga,"Construction of roads, link roads, pathways or any other road with or without drainage system","NA - Construction of roads, approach roads, link roads and pathways",0.543,Sivaganga,699853.0,400000.0,scoped_fuzzy_SequenceMatcher,LOW_CONFIDENCE
54194,PRJ_84F95C133F1E,Vijayakumar Vasanth,Tamil Nadu,Kanniyakumari,"Construction of roads, link roads, pathways or any other road with or without drainage system","NA - Construction of roads, approach roads, link roads and pathways",0.543,Kanniyakumari,499652.0,950000.0,scoped_fuzzy_SequenceMatcher,LOW_CONFIDENCE
54595,PRJ_84F95C133F1E,Vijayakumar Vasanth,Tamil Nadu,Kanniyakumari,"Construction of roads, link roads, pathways or any other road with or without drainage system","NA - Construction of roads, approach roads, link roads and pathways",0.543,Kanniyakumari,999809.0,950000.0,scoped_fuzzy_SequenceMatcher,LOW_CONFIDENCE
54220,PRJ_925EFAAFEB72,D M Kathir Anand,Tamil Nadu,Vellore,Construction of public irrigation facilities,NA - Construction of buildings for crèches and anganwadies,0.5773,Vellore,1598108.0,1500000.0,scoped_fuzzy_SequenceMatcher,LOW_CONFIDENCE
105504,PRJ_925EFAAFEB72,D M Kathir Anand,Tamil Nadu,Vellore,Construction of public irrigation facilities,NA - Construction of buildings for crèches and anganwadies,0.5773,Vellore,1598108.0,1500000.0,scoped_fuzzy_SequenceMatcher,LOW_CONFIDENCE
54230,PRJ_6992F098FCDA,Thalikkottai Rajuthevar Baalu,Tamil Nadu,Sriperumbudur,Setting up of kitchen and pantries,NA - Construction of buildings for crèches and anganwadies,0.5287,Thiruvallur,1476908.0,1357000.0,scoped_fuzzy_SequenceMatcher,LOW_CONFIDENCE
54231,PRJ_6992F098FCDA,Thalikkottai Rajuthevar Baalu,Tamil Nadu,Sriperumbudur,Setting up of kitchen and pantries,NA - Construction of buildings for crèches and anganwadies,0.5287,Thiruvallur,1014756.0,1357000.0,scoped_fuzzy_SequenceMatcher,LOW_CONFIDENCE
54240,PRJ_B1C72F9739D9,D Ravikumar,Tamil Nadu,Viluppuram(Sc),Construction of public libraries and reading rooms,NA - Construction of buildings for crèches and anganwadies,0.6214,Viluppuram,2180366.0,1400000.0,scoped_fuzzy_SequenceMatcher,LOW_CONFIDENCE
54241,PRJ_B1C72F9739D9,D Ravikumar,Tamil Nadu,Viluppuram(Sc),Construction of public libraries and reading rooms,NA - Construction of buildings for crèches and anganwadies,0.6214,Viluppuram,2806338.0,1400000.0,scoped_fuzzy_SequenceMatcher,LOW_CONFIDENCE
54257,PRJ_1A3700BE4BDD,Ganesan Selvam,Tamil Nadu,Kancheepuram(Sc),"Construction of roads, link roads, pathways or any other road with or without drainage system","NA - Construction of roads, approach roads, link roads and pathways",0.543,Chengalpattu,999474.0,1000000.0,scoped_fuzzy_SequenceMatcher,LOW_CONFIDENCE
105509,PRJ_1A3700BE4BDD,Ganesan Selvam,Tamil Nadu,Kancheepuram(SC),"Construction of roads, link roads, pathways or any other road with or without drainage system","NA - Construction of roads, approach roads, link roads and pathways",0.543,Chengalpattu,999474.0,1000000.0,scoped_fuzzy_SequenceMatcher,LOW_CONFIDENCE
54296,PRJ_C7DF34E7AC90,Kalanidhi Veeraswamy,Tamil Nadu,Chennai North,Construction of water tanks,NA - Construction of bus-sheds or bus-stops,0.6462,Chennai,2464975.0,1150000.0,scoped_fuzzy_SequenceMatcher,LOW_CONFIDENCE
105406,PRJ_C7DF34E7AC90,Kalanidhi Veeraswamy,Tamil Nadu,Chennai North,Construction of water tanks,NA - Construction of bus-sheds or bus-stops,0.6462,Chennai,2464975.0,1150000.0,scoped_fuzzy_SequenceMatcher,LOW_CONFIDENCE
54297,PRJ_C17D8DBB0988,Kalanidhi Veeraswamy,Tamil Nadu,Chennai North,Construction of rooms and halls in school and colleges,WS/MP866/2023-2024/40701 - Construction of rooms and halls in school and colleges,0.812,Chennai,4865538.0,18460000.0,scoped_fuzzy_SequenceMatcher,MEDIUM_CONFIDENCE
54321,PRJ_2F170E1688E9,Thirumaa Valavan Thol,Tamil Nadu,Chidambaram(Sc),Construction of additional rooms and halls in the existing public and community building,NA - Construction of boundary walls of existing public and community buildings,0.795,Cuddalore,1290943.0,1000000.0,scoped_fuzzy_SequenceMatcher,MEDIUM_CONFIDENCE
54325,PRJ_2F170E1688E9,Thirumaa Valavan Thol,Tamil Nadu,Chidambaram(Sc),Construction of additional rooms and halls in the existing public and community building,NA - Construction of boundary walls of existing public and community buildings,0.795,Cuddalore,35499.0,1000000.0,scoped_fuzzy_SequenceMatcher,MEDIUM_CONFIDENCE
54324,PRJ_B719779B8B63,Thirumaa Valavan Thol,Tamil Nadu,Chidambaram(Sc),"Construction of cycle tracks, cycle stand and segregated non-motorized vehicle (NMV) lanes",NA - Construction of culverts and bridges,0.5041,Cuddalore,170413.0,550000.0,scoped_fuzzy_SequenceMatcher,LOW_CONFIDENCE
54346,PRJ_B719779B8B63,Thirumaa Valavan Thol,Tamil Nadu,Chidambaram(Sc),"Construction of cycle tracks, cycle stand and segregated non-motorized vehicle (NMV) lanes",NA - Construction of culverts and bridges,0.5041,Cuddalore,2323468.0,550000.0,scoped_fuzzy_SequenceMatcher,LOW_CONFIDENCE
54339,PRJ_47FFF9EB08DA,Ganesan Selvam,Tamil Nadu,Kancheepuram(Sc),Construction of buildings for cr�ches and anganwadies,NA - Construction of buildings for crèches and anganwadies,0.9811,Kancheepuram,671358.0,675000.0,scoped_fuzzy_SequenceMatcher,HIGH_CONFIDENCE
54340,PRJ_47FFF9EB08DA,Ganesan Selvam,Tamil Nadu,Kancheepuram(Sc),Construction of buildings for cr�ches and anganwadies,NA - Construction of buildings for crèches and anganwadies,0.9811,Kancheepuram,827230.0,675000.0,scoped_fuzzy_SequenceMatcher,HIGH_CONFIDENCE
54372,PRJ_C25C792D8710,S Jothimani,Tamil Nadu,Karur,Purchase of sports equipment,NA - Purchase of hospital equipment,0.8621,Dindigul,69080.0,389000.0,scoped_fuzzy_SequenceMatcher,HIGH_CONFIDENCE
105030,PRJ_C25C792D8710,S Jothimani,Tamil Nadu,Karur,Purchase of sports equipment,NA - Purchase of hospital equipment,0.8621,Dindigul,69080.0,389000.0,scoped_fuzzy_SequenceMatcher,HIGH_CONFIDENCE
54392,PRJ_1E3D05783BF3,Manickam Tagore B,Tamil Nadu,Virudhunagar,Construction of toilet blocks,NA - Construction of water tanks,0.75,Virudhunagar,958504.0,350000.0,scoped_fuzzy_SequenceMatcher,MEDIUM_CONFIDENCE
54393,PRJ_1E3D05783BF3,Manickam Tagore B,Tamil Nadu,Virudhunagar,Construction of toilet blocks,NA - Construction of water tanks,0.75,Virudhunagar,1541496.0,350000.0,scoped_fuzzy_SequenceMatcher,MEDIUM_CONFIDENCE
54422,PRJ_EAD73955D020,Karti P Chidambaram,Tamil Nadu,Sivaganga,Construction of public staircase/ stair ghat for public convenience,NA - Construction of public toilets and bathrooms,0.5455,Sivaganga,498279.0,450000.0,scoped_fuzzy_SequenceMatcher,LOW_CONFIDENCE
106096,PRJ_EAD73955D020,Karti P Chidambaram,Tamil Nadu,Sivaganga,Construction of public staircase/ stair ghat for public convenience,NA - Construction of public toilets and bathrooms,0.5455,Sivaganga,498279.0,450000.0,scoped_fuzzy_SequenceMatcher,LOW_CONFIDENCE
54522,PRJ_691E31336A97,K Subbarayan,Tamil Nadu,Tiruppur,Construction of rooms and halls in school and colleges,NA - Construction of road under bridge,0.5977,Tiruppur,1649648.0,4350000.0,scoped_fuzzy_SequenceMatcher,LOW_CONFIDENCE
55382,PRJ_691E31336A97,K Subbarayan,Tamil Nadu,Tiruppur,Construction of rooms and halls in school and colleges,NA - Construction of road under bridge,0.5977,Tiruppur,3245416.0,4350000.0,scoped_fuzzy_SequenceMatcher,LOW_CONFIDENCE
54535,PRJ_B719779B8B63,Thirumaa Valavan Thol,Tamil Nadu,Chidambaram(Sc),Setting up of laboratories,NA - Construction of culverts and bridges,0.5161,Ariyalur,625000.0,550000.0,scoped_fuzzy_SequenceMatcher,LOW_CONFIDENCE
54536,PRJ_B719779B8B63,Thirumaa Valavan Thol,Tamil Nadu,Chidambaram(Sc),Setting up of laboratories,NA - Construction of culverts and bridges,0.5161,Ariyalur,625000.0,550000.0,scoped_fuzzy_SequenceMatcher,LOW_CONFIDENCE
54607,PRJ_A432084C0702,Karti P Chidambaram,Tamil Nadu,Sivaganga,Construction of public irrigation facilities,NA - Construction of buildings for sports facilities,0.6593,Pudukkottai,500000.0,500000.0,scoped_fuzzy_SequenceMatcher,LOW_CONFIDENCE
105499,PRJ_A432084C0702,Karti P Chidambaram,Tamil Nadu,Sivaganga,Construction of public irrigation facilities,NA - Construction of buildings for sports facilities,0.6593,Pudukkottai,500000.0,500000.0,scoped_fuzzy_SequenceMatcher,LOW_CONFIDENCE
54645,PRJ_0B3C125C34B7,K Subbarayan,Tamil Nadu,Tiruppur,Construction of public toilets and bathrooms,NA - Construction of toilet blocks,0.7123,Tiruppur,999902.0,288000.0,scoped_fuzzy_SequenceMatcher,MEDIUM_CONFIDENCE
55667,PRJ_0B3C125C34B7,K Subbarayan,Tamil Nadu,Tiruppur,Construction of public toilets and bathrooms,NA - Construction of toilet blocks,0.7123,Tiruppur,500000.0,288000.0,scoped_fuzzy_SequenceMatcher,MEDIUM_CONFIDENCE
54675,PRJ_657D5E6690BF,S. Jagathrakshakan,Tamil Nadu,Arakkonam,Providing supply pipelines for drinking water,NA - Providing drains and gutters for public drainage,0.5376,Ranipet,200000.0,1000000.0,scoped_fuzzy_SequenceMatcher,LOW_CONFIDENCE
54676,PRJ_657D5E6690BF,S. Jagathrakshakan,Tamil Nadu,Arakkonam,Providing supply pipelines for drinking water,NA - Providing drains and gutters for public drainage,0.5376,Ranipet,200000.0,1000000.0,scoped_fuzzy_SequenceMatcher,LOW_CONFIDENCE
54692,PRJ_015574483E4F,Kanimozhi Karunanidhi,Tamil Nadu,Thoothukkudi,Construction of buildings for cr�ches and anganwadies,NA - Construction of buildings for crèches and anganwadies,0.9811,Thoothukkudi,1590997.0,1500000.0,scoped_fuzzy_SequenceMatcher,HIGH_CONFIDENCE
55404,PRJ_015574483E4F,Kanimozhi Karunanidhi,Tamil Nadu,Thoothukkudi,Construction of buildings for cr�ches and anganwadies,NA - Construction of buildings for crèches and anganwadies,0.9811,Thoothukkudi,846350.0,1500000.0,scoped_fuzzy_SequenceMatcher,HIGH_CONFIDENCE
54728,PRJ_B1C72F9739D9,D Ravikumar,Tamil Nadu,Viluppuram(Sc),"Construction of rooms and facilities for hospitals, FWC , PHC Centers and ANM centers",NA - Construction of buildings for crèches and anganwadies,0.5481,Viluppuram,3393546.0,1400000.0,scoped_fuzzy_SequenceMatcher,LOW_CONFIDENCE
105519,PRJ_B1C72F9739D9,D Ravikumar,Tamil Nadu,Viluppuram(SC),"Construction of rooms and facilities for hospitals, FWC , PHC Centers and ANM centers",NA - Construction of buildings for crèches and anganwadies,0.5481,Villupuram,3393546.0,1400000.0,scoped_fuzzy_SequenceMatcher,LOW_CONFIDENCE
54852,PRJ_C71499F7311A,S. Jagathrakshakan,Tamil Nadu,Arakkonam,"Construction of flood control embankments/ protection walls along riverbanks, hilltops, roadsides",NA - Construction of flood control embankments,0.6074,Ranipet,350000.0,1000000.0,scoped_fuzzy_SequenceMatcher,LOW_CONFIDENCE
55094,PRJ_C71499F7311A,S. Jagathrakshakan,Tamil Nadu,Arakkonam,"Construction of flood control embankments/ protection walls along riverbanks, hilltops, roadsides",NA - Construction of flood control embankments,0.6074,Thiruvallur,999907.0,1000000.0,scoped_fuzzy_SequenceMatcher,LOW_CONFIDENCE
55184,PRJ_8E0DF1F468D4,S. Jagathrakshakan,Tamil Nadu,Arakkonam,Construction of road under bridge,NA - Construction of culverts and bridges,0.7826,Ranipet,3389297.0,1500000.0,scoped_fuzzy_SequenceMatcher,MEDIUM_CONFIDENCE
55194,PRJ_1A60492BF51A,T Sumathy (A) Thamizhachi Thangapandian,Tamil Nadu,Chennai South,Construction of public toilets and bathrooms,NA - construction of Auditorium,0.6286,Chennai,1587249.0,5000000.0,scoped_fuzzy_SequenceMatcher,LOW_CONFIDENCE
105484,PRJ_1A60492BF51A,T Sumathy (A) Thamizhachi Thangapandian,Tamil Nadu,Chennai South,Construction of public toilets and bathrooms,NA - construction of Auditorium,0.6286,Chennai,1587249.0,5000000.0,scoped_fuzzy_SequenceMatcher,LOW_CONFIDENCE
55367,PRJ_48DC2B31CE9C,T Sumathy (A) Thamizhachi Thangapandian,Tamil Nadu,Chennai South,Construction of community centers and community halls,NA - CONSTRUCTION OF COMMUNITY HALL,0.7229,Chennai,4909207.0,15000000.0,scoped_fuzzy_SequenceMatcher,MEDIUM_CONFIDENCE
55372,PRJ_96FBCD2E4187,Manickam Tagore B,Tamil Nadu,Virudhunagar,Construction of additional rooms and halls in the existing public and community building,NA - Construction of community centers and community halls,0.5248,Virudhunagar,1000000.0,3000000.0,scoped_fuzzy_SequenceMatcher,LOW_CONFIDENCE
55698,PRJ_96FBCD2E4187,Manickam Tagore B,Tamil Nadu,Virudhunagar,Construction of additional rooms and halls in the existing public and community building,NA - Construction of community centers and community halls,0.5248,Virudhunagar,999671.0,3000000.0,scoped_fuzzy_SequenceMatcher,LOW_CONFIDENCE
55389,PRJ_713575861708,Kalanidhi Veeraswamy,Tamil Nadu,Chennai North,Purchase of training equipment,NA - Purchase of hospital equipment,0.8,Chennai,625000.0,6000000.0,scoped_fuzzy_SequenceMatcher,MEDIUM_CONFIDENCE
55390,PRJ_713575861708,Kalanidhi Veeraswamy,Tamil Nadu,Chennai North,Purchase of training equipment,NA - Purchase of hospital equipment,0.8,Chennai,625000.0,6000000.0,scoped_fuzzy_SequenceMatcher,MEDIUM_CONFIDENCE
55406,PRJ_35F2BC9BCFB7,S. Jagathrakshakan,Tamil Nadu,Arakkonam,"Construction of rooms and facilities for hospitals, FWC , PHC Centers and ANM centers",NA - Construction of rooms and halls in school and colleges,0.6176,Ranipet,1598588.0,3600000.0,scoped_fuzzy_SequenceMatcher,LOW_CONFIDENCE
105498,PRJ_35F2BC9BCFB7,S. Jagathrakshakan,Tamil Nadu,Arakkonam,"Construction of rooms and facilities for hospitals, FWC , PHC Centers and ANM centers",NA - Construction of rooms and halls in school and colleges,0.6176,Ranipet,1598588.0,3600000.0,scoped_fuzzy_SequenceMatcher,LOW_CONFIDENCE
55475,PRJ_8E0DF1F468D4,S. Jagathrakshakan,Tamil Nadu,Arakkonam,Construction of veterinary hospitals and dispensaries,NA - Construction of culverts and bridges,0.6517,Thiruvallur,996610.0,1500000.0,scoped_fuzzy_SequenceMatcher,LOW_CONFIDENCE
105171,PRJ_8E0DF1F468D4,S. Jagathrakshakan,Tamil Nadu,Arakkonam,Construction of veterinary hospitals and dispensaries,NA - Construction of culverts and bridges,0.6517,Thiruvallur,996610.0,1500000.0,scoped_fuzzy_SequenceMatcher,LOW_CONFIDENCE
55532,PRJ_3347B1A6A367,Kani K Navas,Tamil Nadu,Ramanathapuram,Construction of water tanks,NA - Construction of New Building,0.6909,Virudhunagar,249785.0,1000000.0,scoped_fuzzy_SequenceMatcher,LOW_CONFIDENCE
105641,PRJ_3347B1A6A367,Kani K Navas,Tamil Nadu,Ramanathapuram,Construction of water tanks,NA - Construction of New Building,0.6909,Virudhunagar,249785.0,1000000.0,scoped_fuzzy_SequenceMatcher,LOW_CONFIDENCE
55562,PRJ_9738C1A5A5A6,Vijayakumar Vasanth,Tamil Nadu,Kanniyakumari,"Construction of flood control embankments/ protection walls along riverbanks, hilltops, roadsides",NA - Construction of flood control embankments,0.6074,Kanniyakumari,2000000.0,1500000.0,scoped_fuzzy_SequenceMatcher,LOW_CONFIDENCE
55563,PRJ_9738C1A5A5A6,Vijayakumar Vasanth,Tamil Nadu,Kanniyakumari,"Construction of flood control embankments/ protection walls along riverbanks, hilltops, roadsides",NA - Construction of flood control embankments,0.6074,Kanniyakumari,1500000.0,1500000.0,scoped_fuzzy_SequenceMatcher,LOW_CONFIDENCE
55565,PRJ_0F79B8FFB71E,Karti P Chidambaram,Tamil Nadu,Sivaganga,Development of playfields and sports grounds,NA - Development of playground,0.7246,Sivaganga,500000.0,600000.0,scoped_fuzzy_SequenceMatcher,MEDIUM_CONFIDENCE
105232,PRJ_0F79B8FFB71E,Karti P Chidambaram,Tamil Nadu,Sivaganga,Development of playfields and sports grounds,NA - Development of playground,0.7246,Sivaganga,500000.0,600000.0,scoped_fuzzy_SequenceMatcher,MEDIUM_CONFIDENCE
55590,PRJ_01F20F0443A4,Karti P Chidambaram,Tamil Nadu,Sivaganga,Installing community drinking water plants,NA - Construction of community centers and community halls,0.5263,Sivaganga,350000.0,700000.0,scoped_fuzzy_SequenceMatcher,LOW_CONFIDENCE
105652,PRJ_01F20F0443A4,Karti P Chidambaram,Tamil Nadu,Sivaganga,Installing community drinking water plants,NA - Construction of community centers and community halls,0.5263,Sivaganga,350000.0,700000.0,scoped_fuzzy_SequenceMatcher,LOW_CONFIDENCE
55634,PRJ_8E0DF1F468D4,S. Jagathrakshakan,Tamil Nadu,Arakkonam,Renovation of ponds and lakes,NA - Construction of culverts and bridges,0.5231,Thiruvallur,999654.0,1500000.0,scoped_fuzzy_SequenceMatcher,LOW_CONFIDENCE
106526,PRJ_8E0DF1F468D4,S. Jagathrakshakan,Tamil Nadu,Arakkonam,Renovation of ponds and lakes,NA - Construction of culverts and bridges,0.5231,Thiruvallur,999654.0,1500000.0,scoped_fuzzy_SequenceMatcher,LOW_CONFIDENCE
55646,PRJ_96FBCD2E4187,Manickam Tagore B,Tamil Nadu,Virudhunagar,Construction of boundary walls of existing public and community buildings,NA - Construction of community centers and community halls,0.619,Virudhunagar,1194033.0,3000000.0,scoped_fuzzy_SequenceMatcher,LOW_CONFIDENCE
105070,PRJ_96FBCD2E4187,Manickam Tagore B,Tamil Nadu,Virudhunagar,Construction of boundary walls of existing public and community buildings,NA - Construction of community centers and community halls,0.619,Virudhunagar,1194033.0,3000000.0,scoped_fuzzy_SequenceMatcher,LOW_CONFIDENCE
55665,PRJ_691E31336A97,K Subbarayan,Tamil Nadu,Tiruppur,Construction of culverts and bridges,NA - Construction of road under bridge,0.7536,Tiruppur,1165142.0,4350000.0,scoped_fuzzy_SequenceMatcher,MEDIUM_CONFIDENCE
106028,PRJ_691E31336A97,K Subbarayan,Tamil Nadu,Tiruppur,Construction of culverts and bridges,NA - Construction of road under bridge,0.7536,Tiruppur,1165142.0,4350000.0,scoped_fuzzy_SequenceMatcher,MEDIUM_CONFIDENCE
55782,PRJ_B1C72F9739D9,D Ravikumar,Tamil Nadu,Viluppuram(Sc),Construction of buildings for cr�ches and anganwadies,NA - Construction of buildings for crèches and anganwadies,0.9811,Viluppuram,1599817.0,1400000.0,scoped_fuzzy_SequenceMatcher,HIGH_CONFIDENCE
55797,PRJ_E7D4DAD38E91,Karti P Chidambaram,Tamil Nadu,Sivaganga,"Construction of rooms and facilities for hospitals, FWC , PHC Centers and ANM centers",NA - Construction of rooms and halls in school and colleges,0.6176,Pudukkottai,782044.0,400000.0,scoped_fuzzy_SequenceMatcher,LOW_CONFIDENCE
105612,PRJ_E7D4DAD38E91,Karti P Chidambaram,Tamil Nadu,Sivaganga,"Construction of rooms and facilities for hospitals, FWC , PHC Centers and ANM centers",NA - Construction of rooms and halls in school and colleges,0.6176,Pudukkottai,782044.0,400000.0,scoped_fuzzy_SequenceMatcher,LOW_CONFIDENCE
55803,PRJ_9C5777E8929F,S Jothimani,Tamil Nadu,Karur,Setting up of kitchen and pantries,NA - Construction of buildings for crèches and anganwadies,0.5287,Pudukkottai,499895.0,537000.0,scoped_fuzzy_SequenceMatcher,LOW_CONFIDENCE
105868,PRJ_9C5777E8929F,S Jothimani,Tamil Nadu,Karur,Setting up of kitchen and pantries,NA - Construction of buildings for crèches and anganwadies,0.5287,Pudukkottai,499895.0,537000.0,scoped_fuzzy_SequenceMatcher,LOW_CONFIDENCE
56007,PRJ_56E8A997B099,CN Annadurai,Tamil Nadu,Tiruvannamalai,Construction of boundary walls of existing public and community buildings,NA - Construction of community centers and community halls,0.619,Tiruvannamalai,298921.0,5000000.0,scoped_fuzzy_SequenceMatcher,LOW_CONFIDENCE
105418,PRJ_56E8A997B099,CN Annadurai,Tamil Nadu,Tiruvannamalai,Construction of boundary walls of existing public and community buildings,NA - Construction of community centers and community halls,0.619,Tiruvannamalai,298921.0,5000000.0,scoped_fuzzy_SequenceMatcher,LOW_CONFIDENCE
56402,PRJ_A58497E7FD67,Kalanidhi Veeraswamy,Tamil Nadu,Chennai North,Purchase of furniture and fixtures for educational purposes,WS/MP866/2023-2024/43196 - Purchase of furniture and fixtures for educational purposes,0.8252,Chennai,625000.0,1000000.0,scoped_fuzzy_SequenceMatcher,MEDIUM_CONFIDENCE
56406,PRJ_A58497E7FD67,Kalanidhi Veeraswamy,Tamil Nadu,Chennai North,Purchase of furniture and fixtures for educational purposes,WS/MP866/2023-2024/43196 - Purchase of furniture and fixtures for educational purposes,0.8252,Chennai,238000.0,1000000.0,scoped_fuzzy_SequenceMatcher,MEDIUM_CONFIDENCE
56408,PRJ_713575861708,Kalanidhi Veeraswamy,Tamil Nadu,Chennai North,Purchase of sports equipment,NA - Purchase of hospital equipment,0.8621,Chennai,990000.0,6000000.0,scoped_fuzzy_SequenceMatcher,HIGH_CONFIDENCE
56409,PRJ_713575861708,Kalanidhi Veeraswamy,Tamil Nadu,Chennai North,Purchase of sports equipment,NA - Purchase of hospital equipment,0.8621,Chennai,990000.0,6000000.0,scoped_fuzzy_SequenceMatcher,HIGH_CONFIDENCE
56760,PRJ_C02BD34893D4,D Ravikumar,Tamil Nadu,Viluppuram(Sc),Construction of rooms and halls in school and colleges,WS/MP457/2023-2024/10998 - Construction of rooms and halls in school and colleges,0.812,Viluppuram,800000.0,2150000.0,scoped_fuzzy_SequenceMatcher,MEDIUM_CONFIDENCE
56761,PRJ_C02BD34893D4,D Ravikumar,Tamil Nadu,Viluppuram(Sc),Construction of rooms and halls in school and colleges,WS/MP457/2023-2024/10998 - Construction of rooms and halls in school and colleges,0.812,Viluppuram,928415.0,2150000.0,scoped_fuzzy_SequenceMatcher,MEDIUM_CONFIDENCE
56849,PRJ_967F16113092,Kishan Reddy Gangapuram,Telangana,Secunderabad,Construction of rooms and halls in school and colleges,NA - Construction of community centers and community halls,0.5421,Hyderabad,2218132.0,2370000.0,scoped_fuzzy_SequenceMatcher,LOW_CONFIDENCE
57003,PRJ_2D4DA84934BF,Sanjay Kumar Bandi,Telangana,Karimnagar,Construction of boundary walls of existing public and community buildings,NA - Construction of additional rooms and halls in the existing public and community building,0.795,Rajanna Sircilla,499791.0,1000000.0,scoped_fuzzy_SequenceMatcher,MEDIUM_CONFIDENCE
57300,PRJ_2D4DA84934BF,Sanjay Kumar Bandi,Telangana,Karimnagar,Construction of boundary walls of existing public and community buildings,NA - Construction of additional rooms and halls in the existing public and community building,0.795,Karimnagar,385230.0,1000000.0,scoped_fuzzy_SequenceMatcher,MEDIUM_CONFIDENCE
57042,PRJ_AE1BD34377FF,Sanjay Kumar Bandi,Telangana,Karimnagar,Development of public parks,NA - Lighting of public spaces,0.6154,Siddipet,299553.0,100000.0,scoped_fuzzy_SequenceMatcher,LOW_CONFIDENCE
57126,PRJ_DAFFC9DCFCFB,Sanjay Kumar Bandi,Telangana,Karimnagar,Purchase of sports equipment,NA - Purchase of hearse van,0.6,Karimnagar,630552.0,300000.0,scoped_fuzzy_SequenceMatcher,LOW_CONFIDENCE
57137,PRJ_DAFFC9DCFCFB,Sanjay Kumar Bandi,Telangana,Karimnagar,Purchase of hospital equipment,NA - Purchase of hearse van,0.6154,Siddipet,587102.0,300000.0,scoped_fuzzy_SequenceMatcher,LOW_CONFIDENCE
58263,PRJ_DAFFC9DCFCFB,Sanjay Kumar Bandi,Telangana,Karimnagar,Purchase of hospital equipment,NA - Purchase of hearse van,0.6154,Karimnagar,945000.0,300000.0,scoped_fuzzy_SequenceMatcher,LOW_CONFIDENCE
57191,PRJ_020739ED8E33,Sanjay Kumar Bandi,Telangana,Karimnagar,Installing hand pumps,NA - Drilling of Bore Well and Pump set,0.5818,Rajanna Sircilla,199979.0,100000.0,scoped_fuzzy_SequenceMatcher,LOW_CONFIDENCE
107374,PRJ_020739ED8E33,Sanjay Kumar Bandi,Telangana,Karimnagar,Installing hand pumps,NA - Drilling of Bore Well and Pump set,0.5818,Rajanna Sircilla,199979.0,100000.0,scoped_fuzzy_SequenceMatcher,LOW_CONFIDENCE
57236,PRJ_EA95D590A290,Sanjay Kumar Bandi,Telangana,Karimnagar,Construction of public staircase/ stair ghat for public convenience,NA - Construction of buildings for multi-gym,0.5524,Siddipet,98536.0,300000.0,scoped_fuzzy_SequenceMatcher,LOW_CONFIDENCE
107378,PRJ_EA95D590A290,Sanjay Kumar Bandi,Telangana,Karimnagar,Construction of public staircase/ stair ghat for public convenience,NA - Construction of buildings for multi-gym,0.5524,Siddipet,98536.0,300000.0,scoped_fuzzy_SequenceMatcher,LOW_CONFIDENCE
57242,PRJ_5CE9DC67C4AF,Sanjay Kumar Bandi,Telangana,Karimnagar,"Purchase of IT systems, including hardware and software for educational purposes",NA - Purchase of furniture and fixtures for educational purposes,0.7391,Karimnagar,1304726.0,500000.0,scoped_fuzzy_SequenceMatcher,MEDIUM_CONFIDENCE
106626,PRJ_5CE9DC67C4AF,Sanjay Kumar Bandi,Telangana,Karimnagar,"Purchase of IT systems, including hardware and software for educational purposes",NA - Purchase of furniture and fixtures for educational purposes,0.7391,Karimnagar,1304726.0,500000.0,scoped_fuzzy_SequenceMatcher,MEDIUM_CONFIDENCE
57853,PRJ_2019DEE82782,Sanjay Kumar Bandi,Telangana,Karimnagar,Construction of common work sheds/ common covered sitting area,NA - Construction of Balance Work Community Hall,0.6154,Karimnagar,949999.0,500000.0,scoped_fuzzy_SequenceMatcher,LOW_CONFIDENCE
58968,PRJ_2019DEE82782,Sanjay Kumar Bandi,Telangana,Karimnagar,Construction of common work sheds/ common covered sitting area,NA - Construction of Balance Work Community Hall,0.6154,Karimnagar,499999.0,500000.0,scoped_fuzzy_SequenceMatcher,LOW_CONFIDENCE
57929,PRJ_A462B7832B90,Sanjay Kumar Bandi,Telangana,Karimnagar,Setting up of laboratories,NA - Construction of toilet blocks,0.5091,Karimnagar,1500000.0,500000.0,scoped_fuzzy_SequenceMatcher,LOW_CONFIDENCE
106770,PRJ_A462B7832B90,Sanjay Kumar Bandi,Telangana,Karimnagar,Setting up of laboratories,NA - Construction of toilet blocks,0.5091,Karimnagar,1500000.0,500000.0,scoped_fuzzy_SequenceMatcher,LOW_CONFIDENCE
58225,PRJ_EA95D590A290,Sanjay Kumar Bandi,Telangana,Karimnagar,Construction of bus-sheds or bus-stops,NA - Construction of buildings for multi-gym,0.6494,Jagitial,500000.0,300000.0,scoped_fuzzy_SequenceMatcher,LOW_CONFIDENCE
106767,PRJ_EA95D590A290,Sanjay Kumar Bandi,Telangana,Karimnagar,Construction of bus-sheds or bus-stops,NA - Construction of buildings for multi-gym,0.6494,Jagitial,500000.0,300000.0,scoped_fuzzy_SequenceMatcher,LOW_CONFIDENCE
59564,PRJ_FF125C9D68A1,Rajnath Singh,Uttar Pradesh,Lucknow,"Construction of roads, link roads, pathways or any other road with or without drainage system","WS/MP856/2023-2024/99037 - Construction of roads, link roads, pathways or any other road with or without drainage system",0.8792,Lucknow,133800.0,449000.0,scoped_fuzzy_SequenceMatcher,HIGH_CONFIDENCE
60207,PRJ_FF125C9D68A1,Rajnath Singh,Uttar Pradesh,Lucknow,"Construction of roads, link roads, pathways or any other road with or without drainage system","WS/MP856/2023-2024/99037 - Construction of roads, link roads, pathways or any other road with or without drainage system",0.8792,Lucknow,221868.0,449000.0,scoped_fuzzy_SequenceMatcher,HIGH_CONFIDENCE
59572,PRJ_40A982B8B79D,Mahesh Sharma,Uttar Pradesh,Gautam Buddha Nagar,"Construction of roads, link roads, pathways or any other road with or without drainage system","NA - Construction of roads, approach roads, link roads and pathways",0.543,Gautam Buddha Nagar,522000.0,856000.0,scoped_fuzzy_SequenceMatcher,LOW_CONFIDENCE
59573,PRJ_40A982B8B79D,Mahesh Sharma,Uttar Pradesh,Gautam Buddha Nagar,"Construction of roads, link roads, pathways or any other road with or without drainage system","NA - Construction of roads, approach roads, link roads and pathways",0.543,Gautam Buddha Nagar,868500.0,856000.0,scoped_fuzzy_SequenceMatcher,LOW_CONFIDENCE
60432,PRJ_07F5084946ED,Hema Malini,Uttar Pradesh,Mathura,"Construction of roads, link roads, pathways or any other road with or without drainage system","WS/MP819/2023-2024/113278 - Construction of roads, link roads, pathways or any other road with or without drainage system",0.875,Mathura,814200.0,1050000.0,scoped_fuzzy_SequenceMatcher,HIGH_CONFIDENCE
60433,PRJ_07F5084946ED,Hema Malini,Uttar Pradesh,Mathura,"Construction of roads, link roads, pathways or any other road with or without drainage system","WS/MP819/2023-2024/113278 - Construction of roads, link roads, pathways or any other road with or without drainage system",0.875,Mathura,578200.0,1050000.0,scoped_fuzzy_SequenceMatcher,HIGH_CONFIDENCE
60497,PRJ_6CA28E809A87,Anurag Sharma,Uttar Pradesh,Jhansi,"Construction of roads, link roads, pathways or any other road with or without drainage system","WS/MP468/2023-2024/40894 - Construction of roads, link roads, pathways or any other road with or without drainage system",0.8792,Jhansi,374220.0,750000.0,scoped_fuzzy_SequenceMatcher,HIGH_CONFIDENCE
60594,PRJ_6CA28E809A87,Anurag Sharma,Uttar Pradesh,Jhansi,"Construction of roads, link roads, pathways or any other road with or without drainage system","WS/MP468/2023-2024/40894 - Construction of roads, link roads, pathways or any other road with or without drainage system",0.8792,Jhansi,374220.0,750000.0,scoped_fuzzy_SequenceMatcher,HIGH_CONFIDENCE
60614,PRJ_291432C5D49F,Anurag Sharma,Uttar Pradesh,Jhansi,Construction of toilet blocks,NA - Construction of rooms and halls in school and colleges,0.506,Jhansi,928136.0,500000.0,scoped_fuzzy_SequenceMatcher,LOW_CONFIDENCE
60615,PRJ_291432C5D49F,Anurag Sharma,Uttar Pradesh,Jhansi,Construction of toilet blocks,NA - Construction of rooms and halls in school and colleges,0.506,Jhansi,929059.0,500000.0,scoped_fuzzy_SequenceMatcher,LOW_CONFIDENCE
60700,PRJ_291432C5D49F,Anurag Sharma,Uttar Pradesh,Jhansi,Construction of additional rooms and halls in the existing public and community building,NA - Construction of rooms and halls in school and colleges,0.6479,Lalitpur,117349.0,500000.0,scoped_fuzzy_SequenceMatcher,LOW_CONFIDENCE
60710,PRJ_521F83AE1750,Jai Prakash,Uttar Pradesh,Hardoi (Sc),Construction of culverts and bridges,NA - Construction of gaurd room and Toilet,0.6849,Hardoi,823872.0,489000.0,scoped_fuzzy_SequenceMatcher,LOW_CONFIDENCE
60910,PRJ_65AF804DCE51,Vijay Kumar Dubey,Uttar Pradesh,Kushi Nagar,"Construction of roads, link roads, pathways or any other road with or without drainage system","WS/MP812/2023-2024/25460 - Construction of roads, link roads, pathways or any other road with or without drainage system",0.8792,Kushinagar,172108.0,500000.0,scoped_fuzzy_SequenceMatcher,HIGH_CONFIDENCE
60911,PRJ_65AF804DCE51,Vijay Kumar Dubey,Uttar Pradesh,Kushi Nagar,"Construction of roads, link roads, pathways or any other road with or without drainage system","WS/MP812/2023-2024/25460 - Construction of roads, link roads, pathways or any other road with or without drainage system",0.8792,Kushinagar,114700.0,500000.0,scoped_fuzzy_SequenceMatcher,HIGH_CONFIDENCE
60912,PRJ_64EFE7ABC0F6,Vijay Kumar Dubey,Uttar Pradesh,Kushi Nagar,Construction of buildings for community cultural activities,NA - Construction of community centers and community halls,0.625,Kushinagar,842954.0,500000.0,scoped_fuzzy_SequenceMatcher,LOW_CONFIDENCE
61719,PRJ_64EFE7ABC0F6,Vijay Kumar Dubey,Uttar Pradesh,Kushi Nagar,Construction of buildings for community cultural activities,NA - Construction of community centers and community halls,0.625,Kushinagar,523736.0,500000.0,scoped_fuzzy_SequenceMatcher,LOW_CONFIDENCE
61003,PRJ_35C0316413AE,Dimple Yadav,Uttar Pradesh,Mainpuri,Development of public parks,NA - Lighting of public spaces,0.6154,Mainpuri,813683.0,13000.0,scoped_fuzzy_SequenceMatcher,LOW_CONFIDENCE
61513,PRJ_9F71B2D1086F,Anurag Sharma,Uttar Pradesh,Jhansi,Development of public parks,NA - Development of playground,0.6538,Jhansi,2708831.0,800000.0,scoped_fuzzy_SequenceMatcher,LOW_CONFIDENCE
61725,PRJ_8EF8D677E2DD,Jai Prakash,Uttar Pradesh,Hardoi (Sc),Lighting of public spaces,WS/MP792/2023-2024/8645 - Lighting of public spaces,0.6757,Hardoi,2088906.0,2500000.0,scoped_fuzzy_SequenceMatcher,LOW_CONFIDENCE
62788,PRJ_8EF8D677E2DD,Jai Prakash,Uttar Pradesh,Hardoi (Sc),Lighting of public spaces,WS/MP792/2023-2024/8645 - Lighting of public spaces,0.6757,Hardoi,7140065.0,2500000.0,scoped_fuzzy_SequenceMatcher,LOW_CONFIDENCE
61762,PRJ_D4A00B457A64,Vijay Kumar Dubey,Uttar Pradesh,Kushi Nagar,Construction of culverts and bridges,NA - Construction of shelters for animals,0.6944,Kushinagar,483316.0,900000.0,scoped_fuzzy_SequenceMatcher,LOW_CONFIDENCE
61768,PRJ_D4A00B457A64,Vijay Kumar Dubey,Uttar Pradesh,Kushi Nagar,Construction of culverts and bridges,NA - Construction of shelters for animals,0.6944,Kushinagar,165035.0,900000.0,scoped_fuzzy_SequenceMatcher,LOW_CONFIDENCE
61952,PRJ_291432C5D49F,Anurag Sharma,Uttar Pradesh,Jhansi,Construction of community centers and community halls,NA - Construction of rooms and halls in school and colleges,0.5981,Jhansi,706999.0,500000.0,scoped_fuzzy_SequenceMatcher,LOW_CONFIDENCE
61953,PRJ_291432C5D49F,Anurag Sharma,Uttar Pradesh,Jhansi,Construction of community centers and community halls,NA - Construction of rooms and halls in school and colleges,0.5981,Jhansi,290921.0,500000.0,scoped_fuzzy_SequenceMatcher,LOW_CONFIDENCE
62061,PRJ_63D89009C986,Jai Prakash,Uttar Pradesh,Hardoi (Sc),"Construction of roads, link roads, pathways or any other road with or without drainage system","WS/MP792/2023-2024/9057 - Construction of roads, link roads, pathways or any other road with or without drainage system",0.8835,Hardoi,268613.0,1001000.0,scoped_fuzzy_SequenceMatcher,HIGH_CONFIDENCE
62062,PRJ_63D89009C986,Jai Prakash,Uttar Pradesh,Hardoi (Sc),"Construction of roads, link roads, pathways or any other road with or without drainage system","WS/MP792/2023-2024/9057 - Construction of roads, link roads, pathways or any other road with or without drainage system",0.8835,Hardoi,817740.0,1001000.0,scoped_fuzzy_SequenceMatcher,HIGH_CONFIDENCE
62876,PRJ_196A467CD6FA,Anurag Sharma,Uttar Pradesh,Jhansi,Construction of bus-sheds or bus-stops,WS/MP468/2023-2024/40912 - Construction of bus-sheds or bus-stops,0.7525,Jhansi,448425.0,500000.0,scoped_fuzzy_SequenceMatcher,MEDIUM_CONFIDENCE
62877,PRJ_196A467CD6FA,Anurag Sharma,Uttar Pradesh,Jhansi,Construction of bus-sheds or bus-stops,WS/MP468/2023-2024/40912 - Construction of bus-sheds or bus-stops,0.7525,Jhansi,448425.0,500000.0,scoped_fuzzy_SequenceMatcher,MEDIUM_CONFIDENCE
63259,PRJ_7A9FDD1C70FF,Rajkumar Chahar,Uttar Pradesh,Fatehpur Sikri,Lighting of public spaces,WS/MP864/2023-2024/16478 - Lighting of public spaces,0.6667,Agra,385604.0,250000.0,scoped_fuzzy_SequenceMatcher,LOW_CONFIDENCE
63260,PRJ_7A9FDD1C70FF,Rajkumar Chahar,Uttar Pradesh,Fatehpur Sikri,Lighting of public spaces,WS/MP864/2023-2024/16478 - Lighting of public spaces,0.6667,Agra,626020.0,250000.0,scoped_fuzzy_SequenceMatcher,LOW_CONFIDENCE
68551,PRJ_26C107FC4C38,Mukesh Rajput,Uttar Pradesh,Farrukhabad,Street lights,WS/MP797/2023-2024/6825 - Street lights,0.52,Farrukhabad,222921.0,198200.0,scoped_fuzzy_SequenceMatcher,LOW_CONFIDENCE
68552,PRJ_26C107FC4C38,Mukesh Rajput,Uttar Pradesh,Farrukhabad,Street lights,WS/MP797/2023-2024/6825 - Street lights,0.52,Farrukhabad,222921.0,198200.0,scoped_fuzzy_SequenceMatcher,LOW_CONFIDENCE
69966,PRJ_2030D93E3702,Swami Sachchidanandhari Sakshi Ji Maharaj,Uttar Pradesh,Unnao,Construction of shelters for animals,"NA - Construction of roads, approach roads, link roads and pathways",0.5417,Bijnor,1249795.0,2233000.0,scoped_fuzzy_SequenceMatcher,LOW_CONFIDENCE
69967,PRJ_2030D93E3702,Swami Sachchidanandhari Sakshi Ji Maharaj,Uttar Pradesh,Unnao,Construction of shelters for animals,"NA - Construction of roads, approach roads, link roads and pathways",0.5417,Bijnor,3747734.0,2233000.0,scoped_fuzzy_SequenceMatcher,LOW_CONFIDENCE
69988,PRJ_2030D93E3702,Swami Sachchidanandhari Sakshi Ji Maharaj,Uttar Pradesh,Unnao,Construction of community centers and community halls,"NA - Construction of roads, approach roads, link roads and pathways",0.531,Unnao,527838.0,2233000.0,scoped_fuzzy_SequenceMatcher,LOW_CONFIDENCE
69999,PRJ_2030D93E3702,Swami Sachchidanandhari Sakshi Ji Maharaj,Uttar Pradesh,Unnao,Construction of community centers and community halls,"NA - Construction of roads, approach roads, link roads and pathways",0.531,Unnao,1310135.0,2233000.0,scoped_fuzzy_SequenceMatcher,LOW_CONFIDENCE
71587,PRJ_45266C65188A,Ravindra Shyamnarayan Alias Ravi Kishan Shukla,Uttar Pradesh,Gorakhpur,Construction of public toilets and bathrooms,NA - Construction of community centers and community halls,0.6186,Gorakhpur,771655.0,1000000.0,scoped_fuzzy_SequenceMatcher,LOW_CONFIDENCE
73000,PRJ_BB47EEC39E7E,Bhola Singh,Uttar Pradesh,Bulandshahr(Sc),"Construction of roads, link roads, pathways or any other road with or without drainage system","WS/MP814/2023-2024/47229 - Construction of roads, link roads, pathways or any other road with or without drainage system",0.8792,Bulandshahr,664439.0,604000.0,scoped_fuzzy_SequenceMatcher,HIGH_CONFIDENCE
73001,PRJ_BB47EEC39E7E,Bhola Singh,Uttar Pradesh,Bulandshahr(Sc),"Construction of roads, link roads, pathways or any other road with or without drainage system","WS/MP814/2023-2024/47229 - Construction of roads, link roads, pathways or any other road with or without drainage system",0.8792,Bulandshahr,2004860.0,604000.0,scoped_fuzzy_SequenceMatcher,HIGH_CONFIDENCE
73034,PRJ_B5C3BD6664BE,Bhola Singh,Uttar Pradesh,Bulandshahr(Sc),Construction of public toilets and bathrooms,"NA - Construction of roads, approach roads, link roads and pathways",0.5962,Bulandshahr,1869068.0,2011800.0,scoped_fuzzy_SequenceMatcher,LOW_CONFIDENCE
108390,PRJ_B5C3BD6664BE,Bhola Singh,Uttar Pradesh,Bulandshahr(SC),Construction of public toilets and bathrooms,"NA - Construction of roads, approach roads, link roads and pathways",0.5962,Bulandshahr,1869068.0,2011800.0,scoped_fuzzy_SequenceMatcher,LOW_CONFIDENCE
73368,PRJ_1A11830D7817,Pankaj Chowdhary,Uttar Pradesh,Maharajganj_Up,Construction of additional rooms and halls in the existing public and community building,NA - Construction of rooms and halls in school and colleges,0.6479,Mahrajganj,692188.0,500000.0,scoped_fuzzy_SequenceMatcher,LOW_CONFIDENCE
73369,PRJ_1A11830D7817,Pankaj Chowdhary,Uttar Pradesh,Maharajganj_Up,Construction of additional rooms and halls in the existing public and community building,NA - Construction of rooms and halls in school and colleges,0.6479,Mahrajganj,1110380.0,500000.0,scoped_fuzzy_SequenceMatcher,LOW_CONFIDENCE
73491,PRJ_324E370E771D,Arun Kumar Sagar,Uttar Pradesh,Shahjahanpur(Sc),Construction of bus-sheds or bus-stops,WS/MP492/2023-2024/19576 - Construction of bus-sheds or bus-stops,0.7525,Shahjahanpur,660000.0,660600.0,scoped_fuzzy_SequenceMatcher,MEDIUM_CONFIDENCE
73492,PRJ_324E370E771D,Arun Kumar Sagar,Uttar Pradesh,Shahjahanpur(Sc),Construction of bus-sheds or bus-stops,WS/MP492/2023-2024/19576 - Construction of bus-sheds or bus-stops,0.7525,Shahjahanpur,660000.0,660600.0,scoped_fuzzy_SequenceMatcher,MEDIUM_CONFIDENCE
73713,PRJ_30861CD157B5,Mukesh Rajput,Uttar Pradesh,Farrukhabad,Lighting of public spaces,WS/MP797/2023-2024/10767 - Lighting of public spaces,0.6667,Etah,50790.0,198200.0,scoped_fuzzy_SequenceMatcher,LOW_CONFIDENCE
73714,PRJ_30861CD157B5,Mukesh Rajput,Uttar Pradesh,Farrukhabad,Lighting of public spaces,WS/MP797/2023-2024/10767 - Lighting of public spaces,0.6667,Etah,50790.0,198200.0,scoped_fuzzy_SequenceMatcher,LOW_CONFIDENCE
74764,PRJ_48D02D8AF1CA,SP Singh Baghel,Uttar Pradesh,Agra(Sc),Installing community drinking water plants,WS/MP494/2023-2024/40302 - Installing community drinking water plants,0.7706,Agra,184839.0,262000.0,scoped_fuzzy_SequenceMatcher,MEDIUM_CONFIDENCE
74775,PRJ_48D02D8AF1CA,SP Singh Baghel,Uttar Pradesh,Agra(Sc),Installing community drinking water plants,WS/MP494/2023-2024/40302 - Installing community drinking water plants,0.7706,Agra,79236.0,262000.0,scoped_fuzzy_SequenceMatcher,MEDIUM_CONFIDENCE
75447,PRJ_8F756DF1C102,Mukesh Rajput,Uttar Pradesh,Farrukhabad,Construction of buildings for sports facilities,NA - Construction of rooms and halls in school and colleges,0.5545,Farrukhabad,497800.0,1100322.0,scoped_fuzzy_SequenceMatcher,LOW_CONFIDENCE
109422,PRJ_8F756DF1C102,Mukesh Rajput,Uttar Pradesh,Farrukhabad,Construction of buildings for sports facilities,NA - Construction of rooms and halls in school and colleges,0.5545,Farrukhabad,497800.0,1100322.0,scoped_fuzzy_SequenceMatcher,LOW_CONFIDENCE
75454,PRJ_35FFDAADB78F,Rajkumar Chahar,Uttar Pradesh,Fatehpur Sikri,Installing community drinking water plants,WS/MP864/2023-2024/16473 - Installing community drinking water plants,0.7706,Agra,183621.0,300000.0,scoped_fuzzy_SequenceMatcher,MEDIUM_CONFIDENCE
75456,PRJ_35FFDAADB78F,Rajkumar Chahar,Uttar Pradesh,Fatehpur Sikri,Installing community drinking water plants,WS/MP864/2023-2024/16473 - Installing community drinking water plants,0.7706,Agra,65670.0,300000.0,scoped_fuzzy_SequenceMatcher,MEDIUM_CONFIDENCE
76260,PRJ_B4BE30DCDB8A,Mala Rajya Laxmi Shah,Uttarakhand,Tehri Garhwal,Crematoriums/energy efficient crematoriums or structures on burial/cremation ground,NA - Crematoriums or structures on burial/ cremation ground for public convenience,0.6667,Tehri Garhwal,91221.0,80000.0,scoped_fuzzy_SequenceMatcher,LOW_CONFIDENCE
76276,PRJ_B4BE30DCDB8A,Mala Rajya Laxmi Shah,Uttarakhand,Tehri Garhwal,Crematoriums/energy efficient crematoriums or structures on burial/cremation ground,NA - Crematoriums or structures on burial/ cremation ground for public convenience,0.6667,Tehri Garhwal,11844.0,80000.0,scoped_fuzzy_SequenceMatcher,LOW_CONFIDENCE
76264,PRJ_55FFB4BC72FD,Mala Rajya Laxmi Shah,Uttarakhand,Tehri Garhwal,"Construction of flood control embankments/ protection walls along riverbanks, hilltops, roadsides",NA - Construction of flood control embankments,0.6074,Uttarkashi,409218.0,70000.0,scoped_fuzzy_SequenceMatcher,LOW_CONFIDENCE
76265,PRJ_55FFB4BC72FD,Mala Rajya Laxmi Shah,Uttarakhand,Tehri Garhwal,"Construction of flood control embankments/ protection walls along riverbanks, hilltops, roadsides",NA - Construction of flood control embankments,0.6074,Uttarkashi,328637.0,70000.0,scoped_fuzzy_SequenceMatcher,LOW_CONFIDENCE
76379,PRJ_A3E2EEB542A8,Ajay Bhatt,Uttarakhand,Nainital Udham Singh Nag.,Installing community drinking water plants,NA - Construction of community centers and community halls,0.5263,Nainital,100000.0,250000.0,scoped_fuzzy_SequenceMatcher,LOW_CONFIDENCE
76518,PRJ_383A8C419553,Mala Rajya Laxmi Shah,Uttarakhand,Tehri Garhwal,Development of public parks,NA - Development of playground,0.6538,Uttarkashi,399466.0,80000.0,scoped_fuzzy_SequenceMatcher,LOW_CONFIDENCE
76791,PRJ_55FFB4BC72FD,Mala Rajya Laxmi Shah,Uttarakhand,Tehri Garhwal,Construction of buildings for community cultural activities,NA - Construction of flood control embankments,0.58,Tehri Garhwal,682310.0,70000.0,scoped_fuzzy_SequenceMatcher,LOW_CONFIDENCE
76793,PRJ_55FFB4BC72FD,Mala Rajya Laxmi Shah,Uttarakhand,Tehri Garhwal,Construction of buildings for community cultural activities,NA - Construction of flood control embankments,0.58,Tehri Garhwal,110874.0,70000.0,scoped_fuzzy_SequenceMatcher,LOW_CONFIDENCE
76803,PRJ_B98C80E66D03,Mala Rajya Laxmi Shah,Uttarakhand,Tehri Garhwal,Construction of culverts and bridges,NA - Construction of public toilets and bathrooms,0.725,Dehradun,10332.0,60000.0,scoped_fuzzy_SequenceMatcher,MEDIUM_CONFIDENCE
76804,PRJ_B98C80E66D03,Mala Rajya Laxmi Shah,Uttarakhand,Tehri Garhwal,Construction of culverts and bridges,NA - Construction of public toilets and bathrooms,0.725,Dehradun,10080.0,60000.0,scoped_fuzzy_SequenceMatcher,MEDIUM_CONFIDENCE
76817,PRJ_2CF8A3995354,Ajay Bhatt,Uttarakhand,Nainital Udham Singh Nag.,Construction of stadiums,NA - Construction of water tanks,0.7451,Udham Singh Nagar,496311.0,500000.0,scoped_fuzzy_SequenceMatcher,MEDIUM_CONFIDENCE
76952,PRJ_0D5E9D410021,Ajay Bhatt,Uttarakhand,Nainital Udham Singh Nag.,Construction of additional rooms and halls in the existing public and community building,NA - Construction of boundary walls of existing public and community buildings,0.795,Nainital,178532.0,300000.0,scoped_fuzzy_SequenceMatcher,MEDIUM_CONFIDENCE
77026,PRJ_0D5E9D410021,Ajay Bhatt,Uttarakhand,Nainital Udham Singh Nag.,Construction of additional rooms and halls in the existing public and community building,NA - Construction of boundary walls of existing public and community buildings,0.795,Nainital,21594.0,300000.0,scoped_fuzzy_SequenceMatcher,MEDIUM_CONFIDENCE
76966,PRJ_79CE93ADDA21,Mala Rajya Laxmi Shah,Uttarakhand,Tehri Garhwal,Construction of water tanks,NA - Construction of toilet blocks,0.75,Uttarkashi,414.0,200000.0,scoped_fuzzy_SequenceMatcher,MEDIUM_CONFIDENCE
77145,PRJ_79CE93ADDA21,Mala Rajya Laxmi Shah,Uttarakhand,Tehri Garhwal,Construction of water tanks,NA - Construction of toilet blocks,0.75,Uttarkashi,18197.0,200000.0,scoped_fuzzy_SequenceMatcher,MEDIUM_CONFIDENCE
77083,PRJ_428A7698941A,Ajay Bhatt,Uttarakhand,Nainital Udham Singh Nag.,Fitting of Sitting RCC Benches in Public Places,NA - Lighting of public spaces,0.5833,Nainital,61623.0,55399.0,scoped_fuzzy_SequenceMatcher,LOW_CONFIDENCE
77290,PRJ_428A7698941A,Ajay Bhatt,Uttarakhand,Nainital Udham Singh Nag.,Fitting of Sitting RCC Benches in Public Places,NA - Lighting of public spaces,0.5833,Nainital,16164.0,55399.0,scoped_fuzzy_SequenceMatcher,LOW_CONFIDENCE
77287,PRJ_989550DAE328,Mala Rajya Laxmi Shah,Uttarakhand,Tehri Garhwal,Construction of shelters for animals,NA - Construction of bus-sheds or bus-stops,0.6757,Dehradun,1087492.0,1.0,scoped_fuzzy_SequenceMatcher,LOW_CONFIDENCE
112405,PRJ_989550DAE328,Mala Rajya Laxmi Shah,Uttarakhand,Tehri Garhwal,Construction of shelters for animals,NA - Construction of bus-sheds or bus-stops,0.6757,Dehradun,1087492.0,1.0,scoped_fuzzy_SequenceMatcher,LOW_CONFIDENCE
77539,PRJ_4E2B4FB7BC29,Mala Roy,West Bengal,Kolkata Dakshin,Installation of multi-gym equipment,WS/MP484/2023-2024/64540 - Installation of multi-gym equipment,0.7368,Kolkata,1005903.0,950000.0,scoped_fuzzy_SequenceMatcher,MEDIUM_CONFIDENCE
77563,PRJ_267EA55FFBAC,Abu Taher Khan,West Bengal,Murshidabad,"Construction of Government office buildings (Post office, Police station, Police chauki, etc.)",NA - Construction of buildings for multi-gym,0.5039,Murshidabad,500569.0,10000000.0,scoped_fuzzy_SequenceMatcher,LOW_CONFIDENCE
77766,PRJ_267EA55FFBAC,Abu Taher Khan,West Bengal,Murshidabad,"Construction of Government office buildings (Post office, Police station, Police chauki, etc.)",NA - Construction of buildings for multi-gym,0.5039,Murshidabad,500569.0,10000000.0,scoped_fuzzy_SequenceMatcher,LOW_CONFIDENCE
77565,PRJ_267EA55FFBAC,Abu Taher Khan,West Bengal,Murshidabad,Construction of buildings for sports facilities,NA - Construction of buildings for multi-gym,0.7674,Murshidabad,524312.0,10000000.0,scoped_fuzzy_SequenceMatcher,MEDIUM_CONFIDENCE
77608,PRJ_7EE6894EEE4C,Satabdi Roy (Banerjee),West Bengal,Birbhum,"Construction of roads, link roads, pathways or any other road with or without drainage system","NA - Construction of roads, approach roads, link roads and pathways",0.543,Birbhum,249653.0,529000.0,scoped_fuzzy_SequenceMatcher,LOW_CONFIDENCE
77687,PRJ_7EE6894EEE4C,Satabdi Roy (Banerjee),West Bengal,Birbhum,"Construction of roads, link roads, pathways or any other road with or without drainage system","NA - Construction of roads, approach roads, link roads and pathways",0.543,Birbhum,703360.0,529000.0,scoped_fuzzy_SequenceMatcher,LOW_CONFIDENCE
77638,PRJ_8503774FFADD,Mala Roy,West Bengal,Kolkata Dakshin,"Construction of roads, link roads, pathways or any other road with or without drainage system","NA - Construction of roads, approach roads, link roads and pathways",0.543,Kolkata,999703.0,500000.0,scoped_fuzzy_SequenceMatcher,LOW_CONFIDENCE
77692,PRJ_8503774FFADD,Mala Roy,West Bengal,Kolkata Dakshin,"Construction of roads, link roads, pathways or any other road with or without drainage system","NA - Construction of roads, approach roads, link roads and pathways",0.543,Kolkata,1690116.0,500000.0,scoped_fuzzy_SequenceMatcher,LOW_CONFIDENCE
77655,PRJ_C992981B7769,Kalyan Banerjee,West Bengal,Sreerampur,"Construction of roads, link roads, pathways or any other road with or without drainage system","WS/MP859/2023-2024/28873 - Construction of roads, link roads, pathways or any other road with or without drainage system",0.8792,Hooghly,492429.0,315841.0,scoped_fuzzy_SequenceMatcher,HIGH_CONFIDENCE
77725,PRJ_C992981B7769,Kalyan Banerjee,West Bengal,Sreerampur,"Construction of roads, link roads, pathways or any other road with or without drainage system","WS/MP859/2023-2024/28873 - Construction of roads, link roads, pathways or any other road with or without drainage system",0.8792,Hooghly,495580.0,315841.0,scoped_fuzzy_SequenceMatcher,HIGH_CONFIDENCE
77660,PRJ_D70E55836013,Kalyan Banerjee,West Bengal,Sreerampur,Construction of buildings for community cultural activities,WS/MP859/2023-2024/25558 - Construction of community centers and community halls,0.5109,Hooghly,580536.0,267712.0,scoped_fuzzy_SequenceMatcher,LOW_CONFIDENCE
78155,PRJ_D70E55836013,Kalyan Banerjee,West Bengal,Sreerampur,Construction of buildings for community cultural activities,WS/MP859/2023-2024/25558 - Construction of community centers and community halls,0.5109,Hooghly,1316379.0,267712.0,scoped_fuzzy_SequenceMatcher,LOW_CONFIDENCE
77671,PRJ_8DE222C74899,Kalyan Banerjee,West Bengal,Sreerampur,"Purchase of hearse van (Four, three and two wheelers)","NA - Purchase of ambulances (Four, three and two wheelers)",0.86,Howrah,1061086.0,834367.0,scoped_fuzzy_SequenceMatcher,HIGH_CONFIDENCE
77674,PRJ_8DE222C74899,Kalyan Banerjee,West Bengal,Sreerampur,"Purchase of hearse van (Four, three and two wheelers)","NA - Purchase of ambulances (Four, three and two wheelers)",0.86,Hooghly,829212.0,834367.0,scoped_fuzzy_SequenceMatcher,HIGH_CONFIDENCE
77712,PRJ_D9D9D469D4DF,Abu Taher Khan,West Bengal,Murshidabad,Construction of public toilets and bathrooms,NA - Construction of community centers and community halls,0.6186,Murshidabad,710995.0,1129846.0,scoped_fuzzy_SequenceMatcher,LOW_CONFIDENCE
77749,PRJ_BAB8FDF43F7D,Khalilur Rahaman,West Bengal,Jangipur,Construction of rooms and halls in school and colleges,NA - Construction of public toilets and bathrooms,0.551,Murshidabad,593362.0,505000.0,scoped_fuzzy_SequenceMatcher,LOW_CONFIDENCE
77775,PRJ_BAB8FDF43F7D,Khalilur Rahaman,West Bengal,Jangipur,Construction of rooms and halls in school and colleges,NA - Construction of public toilets and bathrooms,0.551,Murshidabad,1097125.0,505000.0,scoped_fuzzy_SequenceMatcher,LOW_CONFIDENCE
77750,PRJ_DCF8E6F746AD,Kalyan Banerjee,West Bengal,Sreerampur,Purchase of mobile water tankers,NA - Purchase of hospital equipment,0.5484,Hooghly,883749.0,4272500.0,scoped_fuzzy_SequenceMatcher,LOW_CONFIDENCE
77752,PRJ_18FD5604533D,Sajda Ahmed,West Bengal,Uluberia,Development of public parks,NA - Lighting of public spaces,0.6154,Howrah,1197896.0,150000.0,scoped_fuzzy_SequenceMatcher,LOW_CONFIDENCE
77753,PRJ_18FD5604533D,Sajda Ahmed,West Bengal,Uluberia,Development of public parks,NA - Lighting of public spaces,0.6154,Howrah,798963.0,150000.0,scoped_fuzzy_SequenceMatcher,LOW_CONFIDENCE
77761,PRJ_C48730200C15,Kakoli Ghosh Dastidar,West Bengal,Barasat,Providing CCTV camera system for security of public areas,NA - Providing drains and gutters for public drainage,0.5333,North 24 Parganas,199970.0,92000.0,scoped_fuzzy_SequenceMatcher,LOW_CONFIDENCE
78725,PRJ_C48730200C15,Kakoli Ghosh Dastidar,West Bengal,Barasat,Providing CCTV camera system for security of public areas,NA - Providing drains and gutters for public drainage,0.5333,North 24 Parganas,486750.0,92000.0,scoped_fuzzy_SequenceMatcher,LOW_CONFIDENCE
77769,PRJ_603AC0CF3D0B,Shatrughan Sinha,West Bengal,Asansol,"Construction of roads, link roads, pathways or any other road with or without drainage system","NA - Construction of roads, approach roads, link roads and pathways",0.543,Paschim Bardhaman,1572875.0,1700000.0,scoped_fuzzy_SequenceMatcher,LOW_CONFIDENCE
113243,PRJ_603AC0CF3D0B,Shatrughan Sinha,West Bengal,Asansol,"Construction of roads, link roads, pathways or any other road with or without drainage system","NA - Construction of roads, approach roads, link roads and pathways",0.543,Paschim Bardhaman,1572875.0,1700000.0,scoped_fuzzy_SequenceMatcher,LOW_CONFIDENCE
77784,PRJ_B1EDB5FB11BB,Pratima Mondal,West Bengal,Joynagar(Sc),"Construction of roads, link roads, pathways or any other road with or without drainage system","WS/MP485/2023-2024/5696 - Construction of roads, link roads, pathways or any other road with or without drainage system",0.8835,South 24 Parganas,349557.0,200000.0,scoped_fuzzy_SequenceMatcher,HIGH_CONFIDENCE
78294,PRJ_B1EDB5FB11BB,Pratima Mondal,West Bengal,Joynagar(Sc),"Construction of roads, link roads, pathways or any other road with or without drainage system","WS/MP485/2023-2024/5696 - Construction of roads, link roads, pathways or any other road with or without drainage system",0.8835,South 24 Parganas,249825.0,200000.0,scoped_fuzzy_SequenceMatcher,HIGH_CONFIDENCE
77787,PRJ_1653477AFD86,Abhishek Banerjee,West Bengal,Diamond Harbour,Construction of public libraries and reading rooms,NA - Construction of rooms and halls in school and colleges,0.5769,South 24 Parganas,1276614.0,300363.0,scoped_fuzzy_SequenceMatcher,LOW_CONFIDENCE
112674,PRJ_1653477AFD86,Abhishek Banerjee,West Bengal,Diamond Harbour,Construction of public libraries and reading rooms,NA - Construction of rooms and halls in school and colleges,0.5769,South 24 Parganas,1276614.0,300363.0,scoped_fuzzy_SequenceMatcher,LOW_CONFIDENCE
77801,PRJ_EFE5871A5270,Shatrughan Sinha,West Bengal,Asansol,Construction of common work sheds/ common covered sitting area,WS/MP827/2023-2024/61951 - Construction of common work sheds/ common covered sitting area,0.8299,Paschim Bardhaman,1199154.0,600000.0,scoped_fuzzy_SequenceMatcher,MEDIUM_CONFIDENCE
112754,PRJ_EFE5871A5270,Shatrughan Sinha,West Bengal,Asansol,Construction of common work sheds/ common covered sitting area,WS/MP827/2023-2024/61951 - Construction of common work sheds/ common covered sitting area,0.8299,Paschim Bardhaman,1199154.0,600000.0,scoped_fuzzy_SequenceMatcher,MEDIUM_CONFIDENCE
77805,PRJ_FA093CBEEE6D,Sajda Ahmed,West Bengal,Uluberia,Crematoriums/energy efficient crematoriums or structures on burial/cremation ground,NA - Crematoriums or structures on burial/ cremation ground for public convenience,0.6667,Howrah,692087.0,500000.0,scoped_fuzzy_SequenceMatcher,LOW_CONFIDENCE
78295,PRJ_FA093CBEEE6D,Sajda Ahmed,West Bengal,Uluberia,Crematoriums/energy efficient crematoriums or structures on burial/cremation ground,NA - Crematoriums or structures on burial/ cremation ground for public convenience,0.6667,Howrah,397706.0,500000.0,scoped_fuzzy_SequenceMatcher,LOW_CONFIDENCE
77811,PRJ_0B858B352C40,Abu Taher Khan,West Bengal,Murshidabad,Lighting of public spaces,WS/MP852/2023-2024/55898 - Lighting of public spaces,0.6667,Nadia,292875.0,149870.0,scoped_fuzzy_SequenceMatcher,LOW_CONFIDENCE
77812,PRJ_0B858B352C40,Abu Taher Khan,West Bengal,Murshidabad,Lighting of public spaces,WS/MP852/2023-2024/55898 - Lighting of public spaces,0.6667,Nadia,150734.0,149870.0,scoped_fuzzy_SequenceMatcher,LOW_CONFIDENCE
77836,PRJ_585B42AB8F93,Sudip Bandyopadhyay,West Bengal,Kolkata Uttar,Construction of community centers and community halls,WS/MP867/2023-2024/58780 - Construction of community centers and community halls,0.8092,Kolkata,1847790.0,1000000.0,scoped_fuzzy_SequenceMatcher,MEDIUM_CONFIDENCE
78142,PRJ_585B42AB8F93,Sudip Bandyopadhyay,West Bengal,Kolkata Uttar,Construction of community centers and community halls,WS/MP867/2023-2024/58780 - Construction of community centers and community halls,0.8092,Kolkata,5209170.0,1000000.0,scoped_fuzzy_SequenceMatcher,MEDIUM_CONFIDENCE
77841,PRJ_2509CCF3C3E1,Kakoli Ghosh Dastidar,West Bengal,Barasat,"Construction of roads, link roads, pathways or any other road with or without drainage system","NA - Construction of roads, approach roads, link roads and pathways",0.543,North 24 Parganas,172599.0,400000.0,scoped_fuzzy_SequenceMatcher,LOW_CONFIDENCE
77842,PRJ_2509CCF3C3E1,Kakoli Ghosh Dastidar,West Bengal,Barasat,"Construction of roads, link roads, pathways or any other road with or without drainage system","NA - Construction of roads, approach roads, link roads and pathways",0.543,North 24 Parganas,172599.0,400000.0,scoped_fuzzy_SequenceMatcher,LOW_CONFIDENCE
77845,PRJ_7359F3AB9C15,Satabdi Roy (Banerjee),West Bengal,Birbhum,Construction of water tanks,NA - Construction of common work sheds/ common covered sitting area,0.5,Birbhum,900000.0,741000.0,scoped_fuzzy_SequenceMatcher,LOW_CONFIDENCE
77853,PRJ_323165E21610,Sudip Bandyopadhyay,West Bengal,Kolkata Uttar,Purchase of training equipment,NA - Purchase of hospital equipment,0.8,Kolkata,316700.0,922338.0,scoped_fuzzy_SequenceMatcher,MEDIUM_CONFIDENCE
77854,PRJ_323165E21610,Sudip Bandyopadhyay,West Bengal,Kolkata Uttar,Purchase of training equipment,NA - Purchase of hospital equipment,0.8,Kolkata,75448.0,922338.0,scoped_fuzzy_SequenceMatcher,MEDIUM_CONFIDENCE
77970,PRJ_031A81B05E46,Kakoli Ghosh Dastidar,West Bengal,Barasat,Construction of rooms and halls in school and colleges,NA - Construction of boundary walls of existing public and community buildings,0.6142,North 24 Parganas,399807.0,611238.0,scoped_fuzzy_SequenceMatcher,LOW_CONFIDENCE
78037,PRJ_031A81B05E46,Kakoli Ghosh Dastidar,West Bengal,Barasat,Construction of rooms and halls in school and colleges,NA - Construction of boundary walls of existing public and community buildings,0.6142,North 24 Parganas,7164134.0,611238.0,scoped_fuzzy_SequenceMatcher,LOW_CONFIDENCE
77975,PRJ_7D5D4FFD00F6,Mala Roy,West Bengal,Kolkata Dakshin,"Purchase of IT systems, including hardware and software for educational purposes","WS/MP484/2023-2024/70727 - Purchase of IT systems, including hardware and software for educational purposes",0.8634,Kolkata,90000.0,2260000.0,scoped_fuzzy_SequenceMatcher,HIGH_CONFIDENCE
77976,PRJ_7D5D4FFD00F6,Mala Roy,West Bengal,Kolkata Dakshin,"Purchase of IT systems, including hardware and software for educational purposes","WS/MP484/2023-2024/70727 - Purchase of IT systems, including hardware and software for educational purposes",0.8634,Kolkata,98010.0,2260000.0,scoped_fuzzy_SequenceMatcher,HIGH_CONFIDENCE
78013,PRJ_CE7DFACC2378,Saumitra Khan,West Bengal,Bishnupur(Sc),Construction of common work sheds/ common covered sitting area,NA - Construction of community centers and community halls,0.614,Bankura,447332.0,550000.0,scoped_fuzzy_SequenceMatcher,LOW_CONFIDENCE
79509,PRJ_CE7DFACC2378,Saumitra Khan,West Bengal,Bishnupur(Sc),Construction of common work sheds/ common covered sitting area,NA - Construction of community centers and community halls,0.614,Bankura,647613.0,550000.0,scoped_fuzzy_SequenceMatcher,LOW_CONFIDENCE
78016,PRJ_3621E46CDC33,Mala Roy,West Bengal,Kolkata Dakshin,Lighting of public spaces,WS/MP484/2023-2024/33178 - Lighting of public spaces,0.6667,Kolkata,999876.0,1894000.0,scoped_fuzzy_SequenceMatcher,LOW_CONFIDENCE
78017,PRJ_3621E46CDC33,Mala Roy,West Bengal,Kolkata Dakshin,Lighting of public spaces,WS/MP484/2023-2024/33178 - Lighting of public spaces,0.6667,Kolkata,1499888.0,1894000.0,scoped_fuzzy_SequenceMatcher,LOW_CONFIDENCE
78139,PRJ_78558F2F0E88,Satabdi Roy (Banerjee),West Bengal,Birbhum,Purchase of fire tenders for Government run institutions,NA - Purchase of furniture and fixtures for educational purposes,0.5739,Birbhum,4191090.0,1000000.0,scoped_fuzzy_SequenceMatcher,LOW_CONFIDENCE
112919,PRJ_78558F2F0E88,Satabdi Roy (Banerjee),West Bengal,Birbhum,Purchase of fire tenders for Government run institutions,NA - Purchase of furniture and fixtures for educational purposes,0.5739,Birbhum,4191090.0,1000000.0,scoped_fuzzy_SequenceMatcher,LOW_CONFIDENCE
78152,PRJ_E71AD7D8D5DB,Asit Kumar Mal,West Bengal,Bolpur(Sc),Construction of boundary walls of existing public and community buildings,WS/MP858/2023-2024/8747 - Construction of boundary walls of existing public and community buildings,0.8588,Birbhum,498605.0,300000.0,scoped_fuzzy_SequenceMatcher,HIGH_CONFIDENCE
78980,PRJ_E71AD7D8D5DB,Asit Kumar Mal,West Bengal,Bolpur(Sc),Construction of boundary walls of existing public and community buildings,WS/MP858/2023-2024/8747 - Construction of boundary walls of existing public and community buildings,0.8588,Birbhum,837586.0,300000.0,scoped_fuzzy_SequenceMatcher,HIGH_CONFIDENCE
78165,PRJ_A1F3A88BB96B,Mahua Moitra,West Bengal,Krishnanagar,"Construction of roads, link roads, pathways or any other road with or without drainage system","WS/MP823/2023-2024/4282 - Construction of roads, link roads, pathways or any other road with or without drainage system",0.8835,Nadia,1387927.0,3800000.0,scoped_fuzzy_SequenceMatcher,HIGH_CONFIDENCE
78166,PRJ_A1F3A88BB96B,Mahua Moitra,West Bengal,Krishnanagar,"Construction of roads, link roads, pathways or any other road with or without drainage system","WS/MP823/2023-2024/4282 - Construction of roads, link roads, pathways or any other road with or without drainage system",0.8835,Nadia,611027.0,3800000.0,scoped_fuzzy_SequenceMatcher,HIGH_CONFIDENCE
78220,PRJ_25BD00D372C6,Sajda Ahmed,West Bengal,Uluberia,Construction of boundary walls of existing public and community buildings,WS/MP829/2023-2024/8623 - Construction of boundary walls of existing public and community buildings,0.8588,Howrah,499867.0,400000.0,scoped_fuzzy_SequenceMatcher,HIGH_CONFIDENCE
79180,PRJ_25BD00D372C6,Sajda Ahmed,West Bengal,Uluberia,Construction of boundary walls of existing public and community buildings,WS/MP829/2023-2024/8623 - Construction of boundary walls of existing public and community buildings,0.8588,Howrah,500000.0,400000.0,scoped_fuzzy_SequenceMatcher,HIGH_CONFIDENCE
78247,PRJ_E71AD7D8D5DB,Asit Kumar Mal,West Bengal,Bolpur(Sc),Construction of additional rooms and halls in the existing public and community building,WS/MP858/2023-2024/8747 - Construction of boundary walls of existing public and community buildings,0.6919,Birbhum,499948.0,300000.0,scoped_fuzzy_SequenceMatcher,LOW_CONFIDENCE
78890,PRJ_E71AD7D8D5DB,Asit Kumar Mal,West Bengal,Bolpur(Sc),Construction of additional rooms and halls in the existing public and community building,WS/MP858/2023-2024/8747 - Construction of boundary walls of existing public and community buildings,0.6919,Birbhum,299970.0,300000.0,scoped_fuzzy_SequenceMatcher,LOW_CONFIDENCE
78291,PRJ_E1BFC55314C0,Mala Roy,West Bengal,Kolkata Dakshin,Purchase of equipment for cr�ches and anganwadies,NA - Purchase of hospital equipment,0.5316,Kolkata,167281.0,1052000.0,scoped_fuzzy_SequenceMatcher,LOW_CONFIDENCE
78405,PRJ_E71AD7D8D5DB,Asit Kumar Mal,West Bengal,Bolpur(Sc),Construction of rooms and halls in school and colleges,WS/MP858/2023-2024/8747 - Construction of boundary walls of existing public and community buildings,0.5166,Birbhum,609103.0,300000.0,scoped_fuzzy_SequenceMatcher,LOW_CONFIDENCE
78406,PRJ_E71AD7D8D5DB,Asit Kumar Mal,West Bengal,Bolpur(Sc),Construction of rooms and halls in school and colleges,WS/MP858/2023-2024/8747 - Construction of boundary walls of existing public and community buildings,0.5166,Birbhum,888525.0,300000.0,scoped_fuzzy_SequenceMatcher,LOW_CONFIDENCE
78418,PRJ_AC5A6032C9FF,Sajda Ahmed,West Bengal,Uluberia,Construction of culverts and bridges,WS/MP829/2023-2024/3235 - Construction of culverts and bridges,0.75,Howrah,511308.0,150000.0,scoped_fuzzy_SequenceMatcher,MEDIUM_CONFIDENCE
78419,PRJ_AC5A6032C9FF,Sajda Ahmed,West Bengal,Uluberia,Construction of culverts and bridges,WS/MP829/2023-2024/3235 - Construction of culverts and bridges,0.75,Howrah,319574.0,150000.0,scoped_fuzzy_SequenceMatcher,MEDIUM_CONFIDENCE
78446,PRJ_4DAD4A176DBD,Sajda Ahmed,West Bengal,Uluberia,Construction of bus-sheds or bus-stops,NA - Construction of rooms and halls in school and colleges,0.5435,Howrah,492583.0,700000.0,scoped_fuzzy_SequenceMatcher,LOW_CONFIDENCE
112717,PRJ_4DAD4A176DBD,Sajda Ahmed,West Bengal,Uluberia,Construction of bus-sheds or bus-stops,NA - Construction of rooms and halls in school and colleges,0.5435,Howrah,492583.0,700000.0,scoped_fuzzy_SequenceMatcher,LOW_CONFIDENCE
78536,PRJ_42D7E42AAD08,Satabdi Roy (Banerjee),West Bengal,Birbhum,Construction of footpaths and pedestrian ways,WS/MP499/2023-2024/45336 - Construction of Footpaths/Pedestrian ways,0.7387,Birbhum,393385.0,4721000.0,scoped_fuzzy_SequenceMatcher,MEDIUM_CONFIDENCE
112843,PRJ_42D7E42AAD08,Satabdi Roy (Banerjee),West Bengal,Birbhum,Construction of footpaths and pedestrian ways,WS/MP499/2023-2024/45336 - Construction of Footpaths/Pedestrian ways,0.7387,Birbhum,393385.0,4721000.0,scoped_fuzzy_SequenceMatcher,MEDIUM_CONFIDENCE
78548,PRJ_92231547F0A3,Kalyan Banerjee,West Bengal,Sreerampur,Construction of common work sheds/ common covered sitting area,NA - Construction of rooms and halls in school and colleges,0.5043,Howrah,94946.0,673858.0,scoped_fuzzy_SequenceMatcher,LOW_CONFIDENCE
78549,PRJ_92231547F0A3,Kalyan Banerjee,West Bengal,Sreerampur,Construction of common work sheds/ common covered sitting area,NA - Construction of rooms and halls in school and colleges,0.5043,Howrah,498176.0,673858.0,scoped_fuzzy_SequenceMatcher,LOW_CONFIDENCE
78551,PRJ_FE115284C573,Pratima Mondal,West Bengal,Joynagar(Sc),Construction of community centers and community halls,NA - Installing community drinking water plants,0.5263,South 24 Parganas,498674.0,250000.0,scoped_fuzzy_SequenceMatcher,LOW_CONFIDENCE
79396,PRJ_FE115284C573,Pratima Mondal,West Bengal,Joynagar(Sc),Construction of community centers and community halls,NA - Installing community drinking water plants,0.5263,South 24 Parganas,1998845.0,250000.0,scoped_fuzzy_SequenceMatcher,LOW_CONFIDENCE
78589,PRJ_E71AD7D8D5DB,Asit Kumar Mal,West Bengal,Bolpur(Sc),Construction of community centers and community halls,WS/MP858/2023-2024/8747 - Construction of boundary walls of existing public and community buildings,0.52,Purba Bardhaman,406558.0,300000.0,scoped_fuzzy_SequenceMatcher,LOW_CONFIDENCE
113313,PRJ_E71AD7D8D5DB,Asit Kumar Mal,West Bengal,Bolpur(SC),Construction of community centers and community halls,WS/MP858/2023-2024/8747 - Construction of boundary walls of existing public and community buildings,0.52,Purba Bardhaman,406558.0,300000.0,scoped_fuzzy_SequenceMatcher,LOW_CONFIDENCE
78602,PRJ_379555806715,Satabdi Roy (Banerjee),West Bengal,Birbhum,Construction of community centers and community halls,NA - Construction of buildings for community cultural activities,0.625,Birbhum,299434.0,1000000.0,scoped_fuzzy_SequenceMatcher,LOW_CONFIDENCE
79373,PRJ_379555806715,Satabdi Roy (Banerjee),West Bengal,Birbhum,Construction of community centers and community halls,NA - Construction of buildings for community cultural activities,0.625,Birbhum,248066.0,1000000.0,scoped_fuzzy_SequenceMatcher,LOW_CONFIDENCE
78607,PRJ_BF8BA7903C1C,Mala Roy,West Bengal,Kolkata Dakshin,Construction of public toilets and bathrooms,NA - Construction of community centers and community halls,0.6186,Kolkata,1333071.0,630000.0,scoped_fuzzy_SequenceMatcher,LOW_CONFIDENCE
112840,PRJ_BF8BA7903C1C,Mala Roy,West Bengal,Kolkata Dakshin,Construction of public toilets and bathrooms,NA - Construction of community centers and community halls,0.6186,Kolkata,1333071.0,630000.0,scoped_fuzzy_SequenceMatcher,LOW_CONFIDENCE
78653,PRJ_D1B0A8D4FA6B,Kakoli Ghosh Dastidar,West Bengal,Barasat,Development of playground,NA - Development of public parks,0.7308,North 24 Parganas,99706.0,300000.0,scoped_fuzzy_SequenceMatcher,MEDIUM_CONFIDENCE
112882,PRJ_D1B0A8D4FA6B,Kakoli Ghosh Dastidar,West Bengal,Barasat,Development of playground,NA - Development of public parks,0.7308,North 24 Parganas,99706.0,300000.0,scoped_fuzzy_SequenceMatcher,MEDIUM_CONFIDENCE
78654,PRJ_9A7771544B12,Kakoli Ghosh Dastidar,West Bengal,Barasat,Installing community drinking water plants,NA - Construction of community centers and community halls,0.5263,North 24 Parganas,99900.0,500000.0,scoped_fuzzy_SequenceMatcher,LOW_CONFIDENCE
113113,PRJ_9A7771544B12,Kakoli Ghosh Dastidar,West Bengal,Barasat,Installing community drinking water plants,NA - Construction of community centers and community halls,0.5263,North 24 Parganas,99900.0,500000.0,scoped_fuzzy_SequenceMatcher,LOW_CONFIDENCE
78712,PRJ_51C89409FA07,Sajda Ahmed,West Bengal,Uluberia,Construction of common work sheds/ common covered sitting area,NA - Construction of public libraries and reading rooms,0.5766,Howrah,449480.0,700000.0,scoped_fuzzy_SequenceMatcher,LOW_CONFIDENCE
80222,PRJ_51C89409FA07,Sajda Ahmed,West Bengal,Uluberia,Construction of common work sheds/ common covered sitting area,NA - Construction of public libraries and reading rooms,0.5766,Howrah,433336.0,700000.0,scoped_fuzzy_SequenceMatcher,LOW_CONFIDENCE
78713,PRJ_4DAD4A176DBD,Sajda Ahmed,West Bengal,Uluberia,Construction of community centers and community halls,NA - Construction of rooms and halls in school and colleges,0.5981,Howrah,489724.0,700000.0,scoped_fuzzy_SequenceMatcher,LOW_CONFIDENCE
79037,PRJ_4DAD4A176DBD,Sajda Ahmed,West Bengal,Uluberia,Construction of community centers and community halls,NA - Construction of rooms and halls in school and colleges,0.5981,Howrah,490498.0,700000.0,scoped_fuzzy_SequenceMatcher,LOW_CONFIDENCE
78717,PRJ_C511D596A7E2,Sudip Bandyopadhyay,West Bengal,Kolkata Uttar,Construction of public irrigation facilities,NA - Construction of footpaths and pedestrian ways,0.5618,Kolkata,2498863.0,2000000.0,scoped_fuzzy_SequenceMatcher,LOW_CONFIDENCE
112898,PRJ_C511D596A7E2,Sudip Bandyopadhyay,West Bengal,Kolkata Uttar,Construction of public irrigation facilities,NA - Construction of footpaths and pedestrian ways,0.5618,Kolkata,2498863.0,2000000.0,scoped_fuzzy_SequenceMatcher,LOW_CONFIDENCE
78721,PRJ_95030101D829,Khagen Murmu,West Bengal,Maldaha Uttar,Construction of water tanks,NA - Construction of community centers and community halls,0.575,Malda,799750.0,1050000.0,scoped_fuzzy_SequenceMatcher,LOW_CONFIDENCE
112823,PRJ_95030101D829,Khagen Murmu,West Bengal,Maldaha Uttar,Construction of water tanks,NA - Construction of community centers and community halls,0.575,Malda,799750.0,1050000.0,scoped_fuzzy_SequenceMatcher,LOW_CONFIDENCE
78722,PRJ_AF3806A546AC,Kakoli Ghosh Dastidar,West Bengal,Barasat,Purchase of hospital equipment,WS/MP421/2023-2024/474 - Purchase of hospital equipment,0.7229,North 24 Parganas,215984.0,1200000.0,scoped_fuzzy_SequenceMatcher,MEDIUM_CONFIDENCE
78723,PRJ_AF3806A546AC,Kakoli Ghosh Dastidar,West Bengal,Barasat,Purchase of hospital equipment,WS/MP421/2023-2024/474 - Purchase of hospital equipment,0.7229,North 24 Parganas,269980.0,1200000.0,scoped_fuzzy_SequenceMatcher,MEDIUM_CONFIDENCE
78729,PRJ_68503AF37E08,Mala Roy,West Bengal,Kolkata Dakshin,Construction of additional rooms and halls in the existing public and community building,NA - Construction of boundary walls of existing public and community buildings,0.795,Kolkata,825080.0,2500000.0,scoped_fuzzy_SequenceMatcher,MEDIUM_CONFIDENCE
112933,PRJ_68503AF37E08,Mala Roy,West Bengal,Kolkata Dakshin,Construction of additional rooms and halls in the existing public and community building,NA - Construction of boundary walls of existing public and community buildings,0.795,Kolkata,825080.0,2500000.0,scoped_fuzzy_SequenceMatcher,MEDIUM_CONFIDENCE
78920,PRJ_EDCB775BA81A,Sudip Bandyopadhyay,West Bengal,Kolkata Uttar,Lighting of public spaces,WS/MP867/2023-2024/67993 - Lighting of public spaces,0.6667,Kolkata,349014.0,900000.0,scoped_fuzzy_SequenceMatcher,LOW_CONFIDENCE
80209,PRJ_EDCB775BA81A,Sudip Bandyopadhyay,West Bengal,Kolkata Uttar,Lighting of public spaces,WS/MP867/2023-2024/67993 - Lighting of public spaces,0.6667,Kolkata,473895.0,900000.0,scoped_fuzzy_SequenceMatcher,LOW_CONFIDENCE
78926,PRJ_1653477AFD86,Abhishek Banerjee,West Bengal,Diamond Harbour,"Construction of rooms and facilities for hospitals, FWC , PHC Centers and ANM centers",NA - Construction of rooms and halls in school and colleges,0.6176,South 24 Parganas,449568.0,300363.0,scoped_fuzzy_SequenceMatcher,LOW_CONFIDENCE
79219,PRJ_1653477AFD86,Abhishek Banerjee,West Bengal,Diamond Harbour,"Construction of rooms and facilities for hospitals, FWC , PHC Centers and ANM centers",NA - Construction of rooms and halls in school and colleges,0.6176,South 24 Parganas,499895.0,300363.0,scoped_fuzzy_SequenceMatcher,LOW_CONFIDENCE
79056,PRJ_7359F3AB9C15,Satabdi Roy (Banerjee),West Bengal,Birbhum,Construction of rooms and halls in school and colleges,NA - Construction of common work sheds/ common covered sitting area,0.5043,Birbhum,298766.0,741000.0,scoped_fuzzy_SequenceMatcher,LOW_CONFIDENCE
113070,PRJ_7359F3AB9C15,Satabdi Roy (Banerjee),West Bengal,Birbhum,Construction of rooms and halls in school and colleges,NA - Construction of common work sheds/ common covered sitting area,0.5043,Birbhum,298766.0,741000.0,scoped_fuzzy_SequenceMatcher,LOW_CONFIDENCE
79078,PRJ_92231547F0A3,Kalyan Banerjee,West Bengal,Sreerampur,Construction of boundary walls of existing public and community buildings,NA - Construction of rooms and halls in school and colleges,0.6142,Hooghly,497697.0,673858.0,scoped_fuzzy_SequenceMatcher,LOW_CONFIDENCE
80387,PRJ_92231547F0A3,Kalyan Banerjee,West Bengal,Sreerampur,Construction of boundary walls of existing public and community buildings,NA - Construction of rooms and halls in school and colleges,0.6142,Hooghly,471857.0,673858.0,scoped_fuzzy_SequenceMatcher,LOW_CONFIDENCE
79087,PRJ_7CAA983B3EF5,Sajda Ahmed,West Bengal,Uluberia,Street lights,WS/MP829/2023-2024/8839 - Street lights,0.52,Howrah,598421.0,500000.0,scoped_fuzzy_SequenceMatcher,LOW_CONFIDENCE
80299,PRJ_7CAA983B3EF5,Sajda Ahmed,West Bengal,Uluberia,Street lights,WS/MP829/2023-2024/8839 - Street lights,0.52,Howrah,599415.0,500000.0,scoped_fuzzy_SequenceMatcher,LOW_CONFIDENCE
79224,PRJ_2B217172FE17,Mahua Moitra,West Bengal,Krishnanagar,"Purchase of smart boards, visual display units and projectors","WS/MP823/2023-2024/4559 - Purchase of smart boards, visual display units and projectors",0.8333,Nadia,353316.0,300000.0,scoped_fuzzy_SequenceMatcher,MEDIUM_CONFIDENCE
112655,PRJ_2B217172FE17,Mahua Moitra,West Bengal,Krishnanagar,"Purchase of smart boards, visual display units and projectors","WS/MP823/2023-2024/4559 - Purchase of smart boards, visual display units and projectors",0.8333,Nadia,353316.0,300000.0,scoped_fuzzy_SequenceMatcher,MEDIUM_CONFIDENCE
79255,PRJ_1653477AFD86,Abhishek Banerjee,West Bengal,Diamond Harbour,Construction of culverts and bridges,NA - Construction of rooms and halls in school and colleges,0.6222,South 24 Parganas,293375.0,300363.0,scoped_fuzzy_SequenceMatcher,LOW_CONFIDENCE
113278,PRJ_1653477AFD86,Abhishek Banerjee,West Bengal,Diamond Harbour,Construction of culverts and bridges,NA - Construction of rooms and halls in school and colleges,0.6222,South 24 Parganas,293375.0,300363.0,scoped_fuzzy_SequenceMatcher,LOW_CONFIDENCE
79429,PRJ_7359F3AB9C15,Satabdi Roy (Banerjee),West Bengal,Birbhum,Construction of bus-sheds or bus-stops,NA - Construction of common work sheds/ common covered sitting area,0.5657,Birbhum,1051352.0,741000.0,scoped_fuzzy_SequenceMatcher,LOW_CONFIDENCE
112794,PRJ_7359F3AB9C15,Satabdi Roy (Banerjee),West Bengal,Birbhum,Construction of bus-sheds or bus-stops,NA - Construction of common work sheds/ common covered sitting area,0.5657,Birbhum,1051352.0,741000.0,scoped_fuzzy_SequenceMatcher,LOW_CONFIDENCE
79476,PRJ_9A7771544B12,Kakoli Ghosh Dastidar,West Bengal,Barasat,Construction of stadiums,NA - Construction of community centers and community halls,0.5195,North 24 Parganas,1750500.0,500000.0,scoped_fuzzy_SequenceMatcher,LOW_CONFIDENCE
113464,PRJ_9A7771544B12,Kakoli Ghosh Dastidar,West Bengal,Barasat,Construction of stadiums,NA - Construction of community centers and community halls,0.5195,North 24 Parganas,1750500.0,500000.0,scoped_fuzzy_SequenceMatcher,LOW_CONFIDENCE
79519,PRJ_92231547F0A3,Kalyan Banerjee,West Bengal,Sreerampur,Construction of buildings for sports facilities,NA - Construction of rooms and halls in school and colleges,0.5545,Hooghly,499560.0,673858.0,scoped_fuzzy_SequenceMatcher,LOW_CONFIDENCE
113274,PRJ_92231547F0A3,Kalyan Banerjee,West Bengal,Sreerampur,Construction of buildings for sports facilities,NA - Construction of rooms and halls in school and colleges,0.5545,Hooghly,499560.0,673858.0,scoped_fuzzy_SequenceMatcher,LOW_CONFIDENCE
79527,PRJ_18FD5604533D,Sajda Ahmed,West Bengal,Uluberia,Setting up of kitchen and pantries,NA - Lighting of public spaces,0.5085,Howrah,2473993.0,150000.0,scoped_fuzzy_SequenceMatcher,LOW_CONFIDENCE
79671,PRJ_CE7DFACC2378,Saumitra Khan,West Bengal,Bishnupur(Sc),Construction of buildings for community cultural activities,NA - Construction of community centers and community halls,0.625,Bankura,348999.0,550000.0,scoped_fuzzy_SequenceMatcher,LOW_CONFIDENCE
112638,PRJ_CE7DFACC2378,Saumitra Khan,West Bengal,Bishnupur(SC),Construction of buildings for community cultural activities,NA - Construction of community centers and community halls,0.625,Bankura,348999.0,550000.0,scoped_fuzzy_SequenceMatcher,LOW_CONFIDENCE
79878,PRJ_51C89409FA07,Sajda Ahmed,West Bengal,Uluberia,Construction of buildings for community cultural activities,NA - Construction of public libraries and reading rooms,0.5138,Howrah,309001.0,700000.0,scoped_fuzzy_SequenceMatcher,LOW_CONFIDENCE
79879,PRJ_51C89409FA07,Sajda Ahmed,West Bengal,Uluberia,Construction of buildings for community cultural activities,NA - Construction of public libraries and reading rooms,0.5138,Howrah,90783.0,700000.0,scoped_fuzzy_SequenceMatcher,LOW_CONFIDENCE
80135,PRJ_92231547F0A3,Kalyan Banerjee,West Bengal,Sreerampur,"Construction of rooms and facilities for hospitals, FWC , PHC Centers and ANM centers",NA - Construction of rooms and halls in school and colleges,0.6176,Howrah,756097.0,673858.0,scoped_fuzzy_SequenceMatcher,LOW_CONFIDENCE
80138,PRJ_4D703EF6C26E,Abu Taher Khan,West Bengal,Murshidabad,"Construction of flood control embankments/ protection walls along riverbanks, hilltops, roadsides",NA - Construction of flood control embankments,0.6074,Nadia,325904.0,3373964.0,scoped_fuzzy_SequenceMatcher,LOW_CONFIDENCE
113418,PRJ_4D703EF6C26E,Abu Taher Khan,West Bengal,Murshidabad,"Construction of flood control embankments/ protection walls along riverbanks, hilltops, roadsides",NA - Construction of flood control embankments,0.6074,Nadia,325904.0,3373964.0,scoped_fuzzy_SequenceMatcher,LOW_CONFIDENCE
80198,PRJ_106272D0840D,Asit Kumar Mal,West Bengal,Bolpur(Sc),Providing drains and gutters for public drainage,NA - Providing CCTV camera system for security of public areas,0.5524,Birbhum,1024370.0,723459.0,scoped_fuzzy_SequenceMatcher,LOW_CONFIDENCE
113196,PRJ_106272D0840D,Asit Kumar Mal,West Bengal,Bolpur(SC),Providing drains and gutters for public drainage,NA - Providing CCTV camera system for security of public areas,0.5524,Birbhum,1024370.0,723459.0,scoped_fuzzy_SequenceMatcher,LOW_CONFIDENCE
80201,PRJ_9893BC171DDA,Mala Roy,West Bengal,Kolkata Dakshin,Development of playfields and sports grounds,NA - DEVELOPMENT OF POND BY PROVIDING BULLAH PILING,0.5333,Kolkata,3114925.0,865000.0,scoped_fuzzy_SequenceMatcher,LOW_CONFIDENCE
112724,PRJ_9893BC171DDA,Mala Roy,West Bengal,Kolkata Dakshin,Development of playfields and sports grounds,NA - DEVELOPMENT OF POND BY PROVIDING BULLAH PILING,0.5333,Kolkata,3114925.0,865000.0,scoped_fuzzy_SequenceMatcher,LOW_CONFIDENCE
80376,PRJ_4DAD4A176DBD,Sajda Ahmed,West Bengal,Uluberia,"Construction of rooms and facilities for hospitals, FWC , PHC Centers and ANM centers",NA - Construction of rooms and halls in school and colleges,0.6176,Howrah,489964.0,700000.0,scoped_fuzzy_SequenceMatcher,LOW_CONFIDENCE
80377,PRJ_4DAD4A176DBD,Sajda Ahmed,West Bengal,Uluberia,"Construction of rooms and facilities for hospitals, FWC , PHC Centers and ANM centers",NA - Construction of rooms and halls in school and colleges,0.6176,Howrah,1007088.0,700000.0,scoped_fuzzy_SequenceMatcher,LOW_CONFIDENCE
80381,PRJ_C3550A1577A6,Kalyan Banerjee,West Bengal,Sreerampur,Construction of buildings for cr�ches and anganwadies,"NA - Construction of roads, approach roads, link roads and pathways",0.5487,Hooghly,955882.0,497156.0,scoped_fuzzy_SequenceMatcher,LOW_CONFIDENCE
80382,PRJ_C3550A1577A6,Kalyan Banerjee,West Bengal,Sreerampur,Construction of buildings for cr�ches and anganwadies,"NA - Construction of roads, approach roads, link roads and pathways",0.5487,Hooghly,311616.0,497156.0,scoped_fuzzy_SequenceMatcher,LOW_CONFIDENCE
90509,PRJ_503ACAB5BBAA,B Y Raghavendra,Karnataka,Shimoga,Construction of buildings for crèches and anganwadies,NA - Construction of buildings for training institutions,0.7308,Shivamogga,108000.0,500000.0,scoped_fuzzy_SequenceMatcher,MEDIUM_CONFIDENCE
123608,PRJ_503ACAB5BBAA,B Y Raghavendra,Karnataka,Shimoga,Construction of buildings for crèches and anganwadies,NA - Construction of buildings for training institutions,0.7308,Shivamogga,108000.0,500000.0,scoped_fuzzy_SequenceMatcher,MEDIUM_CONFIDENCE
97445,PRJ_4625ABACEA54,Harsimrat Kaur Badal,Punjab,Bhatinda,Construction of buildings for crèches and anganwadies,NA - Construction of buildings for sports facilities,0.74,Mansa,38880.0,250000.0,scoped_fuzzy_SequenceMatcher,MEDIUM_CONFIDENCE
97446,PRJ_4625ABACEA54,Harsimrat Kaur Badal,Punjab,Bhatinda,Construction of buildings for crèches and anganwadies,NA - Construction of buildings for sports facilities,0.74,Mansa,20060.0,250000.0,scoped_fuzzy_SequenceMatcher,MEDIUM_CONFIDENCE
105239,PRJ_A432084C0702,Karti P Chidambaram,Tamil Nadu,Sivaganga,Construction of buildings for crèches and anganwadies,NA - Construction of buildings for sports facilities,0.74,Sivaganga,1100000.0,500000.0,scoped_fuzzy_SequenceMatcher,MEDIUM_CONFIDENCE
135080,PRJ_A432084C0702,Karti P Chidambaram,Tamil Nadu,Sivaganga,Construction of buildings for crèches and anganwadies,NA - Construction of buildings for sports facilities,0.74,Sivaganga,1100000.0,500000.0,scoped_fuzzy_SequenceMatcher,MEDIUM_CONFIDENCE
112648,PRJ_C3550A1577A6,Kalyan Banerjee,West Bengal,Sreerampur,Construction of buildings for crèches and anganwadies,"NA - Construction of roads, approach roads, link roads and pathways",0.5487,Hooghly,955882.0,497156.0,scoped_fuzzy_SequenceMatcher,LOW_CONFIDENCE
112649,PRJ_C3550A1577A6,Kalyan Banerjee,West Bengal,Sreerampur,Construction of buildings for crèches and anganwadies,"NA - Construction of roads, approach roads, link roads and pathways",0.5487,Hooghly,311616.0,497156.0,scoped_fuzzy_SequenceMatcher,LOW_CONFIDENCE
134977,PRJ_2A67FF909122,Indra Hang Subba,Sikkim,Sikkim,Construction of New Building,NA - Construction of water tanks,0.6182,Gangtok,369915.0,3200000.0,scoped_fuzzy_SequenceMatcher,LOW_CONFIDENCE
134978,PRJ_2A67FF909122,Indra Hang Subba,Sikkim,Sikkim,Construction of New Building,NA - Construction of water tanks,0.6182,Gangtok,629624.0,3200000.0,scoped_fuzzy_SequenceMatcher,LOW_CONFIDENCE
135318,PRJ_2581E87519D1,S Venkatesan,Tamil Nadu,Madurai,Construction of New Building,NA - Construction of Canteen Building,0.9,Madurai,699660.0,2500000.0,scoped_fuzzy_SequenceMatcher,HIGH_CONFIDENCE
135642,PRJ_691E31336A97,K Subbarayan,Tamil Nadu,Tiruppur,Construction of New Building,NA - Construction of road under bridge,0.7541,Tiruppur,1350000.0,4350000.0,scoped_fuzzy_SequenceMatcher,MEDIUM_CONFIDENCE
135688,PRJ_691E31336A97,K Subbarayan,Tamil Nadu,Tiruppur,Construction of New Building,NA - Construction of road under bridge,0.7541,Tiruppur,1345965.0,4350000.0,scoped_fuzzy_SequenceMatcher,MEDIUM_CONFIDENCE
141860,PRJ_379555806715,Satabdi Roy (Banerjee),West Bengal,Birbhum,Construction of New Building,NA - Construction of buildings for community cultural activities,0.5517,Birbhum,299434.0,1000000.0,scoped_fuzzy_SequenceMatcher,LOW_CONFIDENCE
