vendor_name,total_expenditure,tx_count,mp_count,constituency_count,district_count
JAI CONSTRUCTION,279186648.0,349,2,3,3
KRIDL BHUSIRI ACCOUNT WORKS,228922003.0,411,16,19,17
SAI ENTERPRISES,222588328.0,280,5,6,4
MS RAMESH CHANDRA PATEL,203527108.0,183,1,3,1
MS RAJ KAMAL CONSTRUCTIONS,201379967.0,167,1,1,1
SRIJAN CONSTRUCTION,198392434.0,279,1,1,2
Murphy Thumrah,192149737.0,126,1,1,4
SHREE VISHNU TRADERS,188414963.0,61,3,5,3
R K Construction,187499090.0,213,6,7,6
AMIT KUMAR JUNIOR ENGINEER,172548425.0,448,1,1,1
BIHARI JI MAHADEV ASSOCIATES,170807434.0,204,5,5,4
Praharsh Infrastructure,163767367.0,55,1,2,1
RAJESH KUMAR PAL,153511822.0,130,1,1,2
Sunny Enterprises,149943746.0,41,1,1,1
RMK ENTERPRISES,148651200.0,36,3,3,2
Siddhu Enterprises,146468497.0,154,1,1,1
BIOLUNAR ENERGY SOLUTION,145056500.0,286,5,5,4
RANJIT SALES CORPORATION,141203200.0,257,5,5,4
RAJEEV RANJAN JUNIOR ENGINEER,135803500.0,233,1,2,1
SHIV DURGA INDUSTRIES,132815421.0,87,3,3,2
AADI AND RUDRANSH CONSTRUCTION COMPANY,132227612.0,79,2,2,3
VE Commercial Vehicles Ltd,128728035.0,72,11,11,12
TATA MOTORS,124342563.0,83,20,23,18
SIGMA ENTERPRISES,123750000.0,50,1,1,1
DHANASEKARAN K,122350188.0,130,1,1,1
SML ISUZU LTD,122111554.0,64,13,14,13
Mysore Nirmithi Kendra,121475000.0,308,3,4,1
NIRMITHI KENDRA DAVANGERE,112600000.0,163,1,1,2
intent computer solutions,110750000.0,42,2,2,1
SHRI GURU KRIPA NARSINGH ASSOCIATES,108056623.0,98,2,2,3
Alam Brothers,107851000.0,116,1,1,1
JITENDRA KUMAR SINGH,107177961.0,135,2,3,2
ASSISTANT ENGINEER RAMGARH,104814623.0,263,1,1,1
ARVIND KUMAR PANDEY,102503011.0,258,1,1,2
BIDYUT BHANDARI,101638851.0,37,1,2,1
S K CONSTRUCTION,100694210.0,149,5,6,5
S K ENTERPRISES,100026890.0,71,6,7,5
T S SOLAR POWER SYSTEM,99716925.0,155,2,3,5
SITA RAM PATEL,98183604.0,410,2,3,1
RAKESH KUMAR SHARMA,97238884.0,132,1,2,1
Nightingale Networks LLP,97212226.0,239,1,1,1
SHYAM SOLAR TRADING,96112990.0,153,1,1,1
ARUNODAY PRAKASHAN,96000000.0,25,2,2,1
TANYA CONSTRUCTION,95543355.0,176,2,3,2
SHRI GANESH ASSOCIATES PROPRIETOR NARAYAN SHARMA,94440637.0,240,1,1,1
MAHI ENTERPRISES,94439812.0,362,1,1,1
CHANDAN ENTERPRISES,89989000.0,73,3,3,3
QUALITTY ENTERPRISES,89521138.0,199,2,2,3
Raman Chihansung,87620000.0,46,1,2,4
MP Agro Biaora,86990116.0,108,1,1,1
Ajay Kumar Singh,80806736.0,356,3,4,3
A S ENTERPRISES,79337960.0,121,3,3,3
Gyan Ganga,77345200.0,206,5,8,6
KANHAIYA KUMAR SINGH,77260556.0,182,1,1,1
BAKE BIHARI TRADERS,75845382.0,310,1,2,3
NATIONAL INFRATECH,72871822.0,577,2,2,2
SADGURU SAI INFRA WORLD PVT LTD REWA,70264830.0,116,1,1,1
ASSISTANT ENGINEER DIGHA,70155557.0,69,1,1,1
M S Y R ENTERPRISES,69729124.0,85,1,2,1
ANUJ SINGHAL CONTRACTOR,68636549.0,172,1,1,1
DUTTA ENTERPRISE,68607986.0,34,1,1,1
AL ARQAM ENTERPRISES,68026633.0,192,1,1,1
The Gill Sehkari Kirat te Ussari Sabha Ltd,67649549.0,356,1,1,3
Central Electronics Limited,67494393.0,6,1,1,1
MD SADDAM,67203557.0,32,1,2,1
MAHALAXMI INDUSTRIES,67171988.0,151,2,2,2
ASSISTANT ENGINEER ZILA PARISHAD KHUNTI,65940000.0,169,1,2,1
ATANU PATRA,65910131.0,67,2,3,3
Aiok M Sangma,65410000.0,82,1,1,2
BALAJI ENTERPRISES,64350480.0,27,2,3,2
GRAND TRADING COMPANY,64124000.0,92,1,1,1
Ms GANPATI CONSTRUCTIONS,64110923.0,123,1,1,1
MANNAT CONSTRUCTION,63676222.0,297,2,2,2
PROJECT MANAGER NIRMITHI KENDRA RAMANAGARA,63550000.0,210,2,2,2
amit mathur,63196738.0,80,1,1,1
MS AMAR MANI TRIPATHI,63069141.0,107,1,1,1
GLOSIA ENERGY INDIA PRIVATE LIMITED,62686772.0,64,2,3,2
VISHWANATH ENTERPRISES,62288807.0,29,1,1,1
Electromech Enterpries,62276655.0,216,2,3,2
Aaradhya Enterprises,61185882.0,262,3,3,1
GOPAL CHANDRA CHOWDHURY,60807152.0,45,2,3,3
DEVESH KUMAR PATLE,60640235.0,356,1,1,1
ZILLA NIRMITi KENDRA,60387500.0,151,1,1,1
Sarkar Enterprise,60315835.0,11,2,2,2
Jagdish Narayan,59948457.0,134,1,1,1
R R BUILDERS,59675151.0,24,1,2,1
Ss Construction,59629530.0,70,1,1,1
A AND A BUILDERS AND PROMOTERS,59040855.0,12,1,1,1
HARI TARA ASSOCIATES,59012997.0,24,1,2,1
MA ENTERPRISE,58278669.0,25,1,1,1
SHREE HARIOM INFOTECH,57204636.0,115,1,2,2
Hindusthan Power Technology,57154308.0,151,1,1,2
GOPAL,56827805.0,115,4,6,6
Bommai Zilla Nirmithi Kendra,55850000.0,164,1,1,1
BIRENDRA KUMAR MAHATO,55610000.0,285,1,1,1
The Sidhu Kirat te Usari Sehkari Sabha ltd,55604169.0,241,1,1,3
MPLADS Beneficiary Committee Churachandpur,55171967.0,84,1,2,1
SWASTIK ENTERPRISES,54886029.0,62,2,2,2
Bijay Bhusan,54847775.0,141,1,1,1
SAHAYAK ABHIYANTA KUDHANI VIDHANSABHA KSHETRA,54813604.0,62,1,1,1
DEV CONSTRUCTION,54720423.0,81,5,6,5
Nirmithi Kendra Shivamogga,54167882.0,185,1,1,1
SHOURYA ENTERPRISES,53242346.0,47,1,1,1
EXECUTIVE ENGINER NREP GIRIDIH,52929130.0,216,2,2,1
PROJECT MANAGER NIRMITHI KENDRA MANDYA,52825000.0,137,1,1,1
R S ENTERPRISES,52264275.0,27,2,3,2
SOMYA CONSTRUCTION,51486466.0,349,1,1,2
KPL EQUIPMENTS PRIVATE LIMITED,51359853.0,127,1,1,2
DHIRENDRA KUMAR,51267063.0,83,1,1,1
SHYAM BIHARI PRASAD YADAV,50970698.0,105,1,2,1
NEO MOTORS,50737140.0,3,1,1,1
ANNPURNA TRADING,50457248.0,39,2,2,2
DEVKI ENTERPRISES,50329884.0,51,1,1,1
HIDAYA QIRAT ENTERPRISES,49464795.0,81,3,2,2
James Phangcho,49200649.0,37,1,2,1
VISHNUPRIYA CONSTRUCTION REWA,49052480.0,34,1,1,2
Yashika Construction Co,48405840.0,101,1,1,1
SG ENTERPRISE,48167937.0,12,2,2,3
MP STATE AGRO INDUSTRIES DEVELOPMENT CORP REWA,47743000.0,51,1,1,2
BHAGWATI CHAND,47519283.0,887,1,2,1
BABA VISHWANATH ENTERPRISES,47241605.0,50,1,1,1
MAKSUD AHMAD CONTRACTOR,47102116.0,278,1,2,1
M S Communication,47063067.0,184,4,5,6
MS VIDYARTHI CONSTRUCTION,46932477.0,28,1,1,1
MP STATE AGRO INDUSTRIES DEVELOPMENT CORP LTD,46831938.0,213,1,2,1
FINGERPRINT,45000000.0,6,1,1,1
FORCE MOTORS LIMITED,44795182.0,25,11,11,11
DE ZP Gumla,44342168.0,173,1,2,1
B PAUL AND CO,44331146.0,107,2,3,2
Project Director Nirmithi Kendra Chitradrga,44175000.0,120,1,2,1
MK INFRATECH,43901844.0,153,2,2,2
Triloki Nath Tripathi,43291050.0,3,1,1,1
I MAX SCIENCE HOUSE,42800000.0,107,1,1,1
MS RUDRA CONSTRUCTION,42443216.0,47,1,1,1
Ravi Electronics,42157431.0,11,1,1,1
THE CHAWINDA COOPRATIVE LABOUR AND CONSTRUCTION SOCIETY,42153138.0,111,1,1,1
DHARMENDRA ENTERPRISES,42061703.96,210,1,1,1
Pradeep Kumar,41767293.0,24,3,3,3
NISHA CONSTRUCTION,41189835.0,81,1,2,1
VIGYAN UPKARAN KENDRA,40995000.0,33,2,2,2
SHARMA CONTRACTOR,40729874.3,91,2,3,1
AMARNATH PANDEY AMARNATH PANDEY CONTRACTOR,40682300.0,101,1,1,1
NAMASKAR BOOKS,40400000.0,107,3,4,3
JAI PRAKASH,40332123.0,122,2,2,2
ALLUMINA ELECTRONICS,40022332.0,167,2,2,2
Bimla Automobiles,39925522.0,107,1,1,4
MUNIAN VENKATESAN,39876588.0,91,1,1,2
Laxmi Electricals,39357702.0,9,1,2,1
INTERNATIONAL SCIENTIFIC STORES,39323000.0,30,3,3,2
Shiv kumar thekedar,39283715.0,311,1,1,1
ONN INFRATECH,39185302.0,25,1,1,1
SRI SAI LAKSHMI CONSTRUCTIONS,38901885.0,15,1,2,1
SATYAVER SIGH CONTRACTOR AND SUPPLIER,38855815.0,92,1,1,2
ASST ENG MUZ LAEO1,38828842.0,36,1,1,1
shyam swaroop manufacturere,38424772.08,292,1,2,3
MP STATE AGRO IND DEV CORP LTD,38315594.0,113,1,1,1
UP STATE AGRO INDUSTRIAL CORPORATION LTD BICHPAI URMAURA,37949678.0,320,1,2,1
Greenz,37877962.0,49,5,5,6
AV ENTERTAINMENT,37750000.0,133,1,1,1
M S TRADERS,37533820.0,42,1,1,2
SHRI GURU KRIPA NARSINGH ASSOSIATES,37203872.0,4,1,1,1
HARIRAM CONSTRUCTIONS,37168892.0,46,1,1,1
Gandhi Construction And Supplier,37013269.0,322,1,1,1
Project Manager Nirmiti kendra gadag,36925000.0,89,2,2,1
Imlichuba,36900000.0,10,1,1,1
DINESH KUMAR,36842692.0,83,6,7,7
COMPAC SOLUTIONS,36628000.0,13,2,2,2
TECHKRITI INFRATECH PVT LTD,36570146.0,72,1,1,2
Balram Maurya Construction and supplier,36418591.0,82,1,1,2
SHIV SHAKTI FURNITURE,36202348.0,12,1,1,2
Goldi Contractor,36091502.0,39,1,1,1
VIOLET ENTERPRISES,36039127.0,145,1,1,3
KRISHNA CONSTRUCTION,35985436.0,69,6,6,6
SHYAM SUNDER ENTERPRISES,35950985.0,36,4,4,3
VEENA CONSTRUCTIONS,35919000.0,39,1,1,1
OM ENTERPRISES,35841466.0,69,4,5,4
P S ASSOCIATE,35643794.0,65,1,1,1
DORNALA ANJAIAH,35577917.0,234,1,1,4
AGNI BINASHAK,35468235.0,12,1,2,1
ASSISTANT ENGINEER KHAGARIA,35330379.0,36,1,1,1
ASSISTANT ENGINEER MOHANIA,35257500.0,52,1,2,1
Shiv Kumar,35129411.0,421,2,2,2
MP State Cooperative Marketing Fed Li Rajgarh,35015956.0,72,1,1,1
R ENTERPRISE,34974922.0,90,2,2,2
Distt Education Officer,34941900.0,28,1,1,1
Sheel Sons,34796130.0,8,1,1,1
SRI SAI SAMHITA CONSTRUCTIONS,34760949.0,6,1,2,1
Priyanka yadau,34671471.0,36,2,2,2
EE NREP SIMDEGA,34650000.0,127,1,2,1
D T CONTRACTOR,34495558.0,45,1,2,1
Atharv Enterprises,34446064.0,5,1,1,1
JAY MAHAVEER INFRAVENTURE PRIVATE LIMITED,34182037.0,54,1,1,1
JE SATYENDRA KUMAR,34143652.0,114,1,1,1
AJAY KUMAR YADAV,33691315.0,88,1,1,1
Ahmed Raza,33613272.0,200,2,2,5
UP STATE AGRO,33290243.0,129,2,3,2
Reipang Varu,33000000.0,6,1,2,1
AKUONUO,33000000.0,6,1,1,1
Shri Krishna Construction,32816296.0,70,1,2,1
ASST ENG GAYGHAT WD MUZ,32789185.0,41,1,1,1
SHANTI DEVI,32691300.0,31,2,2,2
RajKamal Constructions,32667708.0,35,1,1,1
ASST ENG BOCHAHA LAEO MUZ,32617968.0,34,1,1,1
The Mananging Director Kerala Medical Service Coporation Ltd,32562250.0,1,1,1,1
T PRABHAKARAN,32532613.0,75,2,3,4
HARINANDAN RAJAK JUNIOR ENGINEER NREP W SINGHBHUM CHAIBASA,32459374.0,58,2,4,1
CONSTRUCON POWER ENGINEERING,32420906.0,25,2,3,2
E SEKAR,32387234.0,13,1,1,2
Pasuparthi Hareesh,32039409.0,58,1,1,1
LABMEDICA SYSTEMS PVT LTD,32000000.0,4,1,2,2
MANOJ KUMAR,31920317.0,41,5,5,5
PRAGATI CONSTRUCTION,31690925.0,48,1,1,1
Madasamy A,31479330.0,54,1,2,2
MANISH FEBRICATION,31395620.0,14,1,1,1
Onn Infratech,31286491.0,34,1,1,1
TUMKUR NIRMITHI KENDRA,31222500.0,28,2,2,1
BKM Enterprises,31218735.0,43,1,1,1
Assistant engineer chenari,30971611.0,31,1,2,1
ANUSHKA CONSTRUCTION SUPPLIERS,30819267.0,9,1,2,1
RAVICHANDRAN,30776243.0,16,1,2,1
Mittal Generator,30692360.0,39,1,1,1
GM Constructions and Infra P,30674757.0,8,1,1,1
UNITECH INSULATION,30572281.0,4,1,1,1
M S Y  R ENTERPRISES,30488830.0,37,1,1,1
TECHNO BEST,30422659.0,14,2,3,2
MS SAKET TRADERS,30362981.0,61,1,1,1
PRAYAS,30311317.0,52,1,1,1
SOM NATH INFRATECH,30224880.0,6,1,1,1
XEN City DHBVN Bhiwani,30211783.0,206,2,2,2
MS Jai Singh Verma,30032640.0,6,1,1,1
M KARTHIKEYAN,30000000.0,9,1,1,1
SHRI VAIKUNTHANAATHAA,29987892.0,3,1,1,1
District Engineer,29754667.0,164,1,1,1
mp agro,29647769.0,170,2,3,1
Shyam Solar Trading,29609493.0,12,1,1,1
POORVA CONSTRUCTION CO,29556702.0,6,1,1,1
SCIENCE PALACE,29520000.0,12,1,1,1
BS Enterprises,29415513.0,42,1,1,1
RAGHAVA ENTERPRISES,29282400.0,21,1,2,1
TIRUPATI CONSTRUCTION,29237100.0,9,1,2,1
SRI SAI ENTERPRISES,29195091.0,47,3,4,5
KHURSHEED ALAM CONTRACTOR,29022768.0,96,1,1,1
SANDIP KUMAR BHAGAT,28899634.0,71,1,2,1
MP STATE AGRO IND CORP HARDA,28816530.0,106,1,2,1
MAHAKUMBHA PROPERTIES PVT LIMITED,28814921.0,109,1,1,2
NATIONAL ENGINEERING WORKS,28779528.0,111,2,3,3
ASSISTANT ENGINEER NARKATIYAGINJ,28674423.0,39,1,1,1
AADITYA VAIDHYA,28669289.0,72,1,1,1
SAIBABA STONE CRUSHER AND CONSTRUCTION,28600445.0,6,1,1,1
Assistant Engineer Brahmpur,28526969.0,21,1,1,1
L G Arasu,28502346.0,46,1,2,1
Assistant Engineer Dumraon,28459769.0,22,1,1,1
EXCELLENT TRADERS,28413840.0,3,1,1,1
Raj Kishor Mahato,28350000.0,178,2,2,1
REVIAAN ENTERPRISES,28052182.0,26,1,2,1
GOODWILL COMMERCIAL,27855642.0,6,1,1,1
Ms Surya Narain Mishra,27766357.0,38,1,1,1
S P CONSTRUCTION,27467505.0,47,2,4,2
M P AGRO DHAR,27448720.0,289,1,2,1
JUNIOR ENGINEER RDSD BOKARO,27448000.0,114,1,1,1
VISION ELECTRICALS AND ELECTRONICS,27406861.0,142,5,5,3
PABAN AGARWALA,27261265.0,49,1,2,1
Trekocity,27237329.0,15,1,1,2
SARDAR ENTERPRISE,27228627.0,50,1,2,1
GUTHI SRINIVAS,27212348.0,73,1,1,1
Geetanjali Traders,27091200.0,57,1,2,2
L N DREAMWAY CONSTRUCTION,27064554.0,8,1,1,1
Project Manager,27050000.0,42,2,3,1
CHUBATOSHI PONGEN,27000000.0,3,1,1,1
M S RAJ KUMAR CONTRACTOR,26862464.0,29,1,2,1
UMA MAHESWARA TUBE WELLS KURNOOL,26729688.0,133,2,2,2
ASSISTANT ENGINEER PATNA SAHIB,26682416.0,33,1,1,1
DIVYANSHU CONSTRUCTION,26582928.0,189,2,2,3
GILL TRADING COMPANY,26574892.0,163,1,2,2
JE NREP MP GARHWA,26446414.0,108,1,2,1
MANISH KUMAR,25987965.0,34,4,6,3
Sri Ganapathi Constructions,25941275.0,20,1,1,1
MP STATE AGRO INDUSTRIES DEVELOPMENT CORPORATION LTD DAMOH,25925384.0,119,1,1,1
ASSISTANT ENGINEER CHAINPUR,25911662.0,55,1,2,1
KADDHURI KATTAIAH,25651731.0,244,1,1,1
BIDHANSABHA KSHETRA OBRA SAHAYAK ABHIYANTA,25624543.0,92,1,1,1
shivam construction Sures chandra yadav,25540357.0,18,1,1,1
Assistant Engineer Buxar,25422135.0,29,1,1,1
Sri Vaari Total Gaz Distributors,25379479.0,32,1,1,1
N Balakrishna,25107860.0,12,1,1,2
Lakshya Contruction,25040235.0,61,2,4,3
DAD INCORPORATION,24966096.0,6,2,4,2
CHANCH PRO ENGINEERS,24799200.0,86,2,2,2
MP State Agro Balaghat,24739133.0,103,1,1,1
RAK INDUSTRIES,24731901.0,37,1,1,2
Rudra Enterprises,24718693.0,40,1,2,1
AFZAL AHMAD CONTRACTOR,24579992.0,38,2,2,2
LAVKUSH CONSTRUCTION,24550602.0,55,1,1,2
MAA KALI BUILDERS,24497424.0,21,2,3,2
PENTASTAR POWERCON PVT LTD,24490923.0,50,1,1,1
BITU RAY,24480000.0,48,1,2,2
Kerala ELectrical and Allied Engineering,24358605.0,77,4,5,3
AYODHYA ENTERPRISES,24325073.0,26,2,2,2
GOURI KRISHI BHANDER,24300000.0,3,1,1,1
ASSISTANT ENGINEER FATUHA,24164946.0,29,1,1,1
ASST ENGINEER LAEO WD 1 BEGUSARAI VSK BEGUSARAI,24117279.0,25,1,1,1
R CHANDRASEKARAN,23993953.0,32,1,1,1
PATHAN FURQAN ABDULLA KHAN,23974230.0,9,1,1,1
LITTLE GENIUS AGENCIES,23959014.0,48,1,3,1
MANU KUMAR,23940000.0,36,1,2,2
k b construction,23918694.0,12,1,3,1
BAIDYA NATH GHOSH,23851012.0,4,1,1,1
ARUN KUMAR DAS,23818093.0,61,1,1,1
SK JAHANGIR,23788582.0,39,1,2,1
ARUP GHOSH,23731050.0,60,1,1,1
Masti ram,23698858.0,85,1,1,2
Vikram Enterprises,23550000.0,3,1,1,1
SUNTA DEVI,23543108.0,25,1,1,1
Priti Infratech,23489952.0,15,1,1,1
DPS PUBLISHING HOUSE,23381514.0,12,2,3,3
K P CONSTRUCTIONS,23306773.0,23,1,1,1
NOONE NAGESH,23293396.0,79,1,1,1
aastha construction,23194068.0,129,1,1,1
CODS CONSTRUCTIONS,23179584.0,4,1,1,1
MP STATE AGRO VIDISHA,22912194.0,12,1,1,1
NIRMITHI KENDRA BANGALORE RURAL DISTRICT,22884106.0,51,1,1,1
ARJUN KUMAR BAURI,22801425.0,46,2,2,2
GRAMONNATI,22793880.0,30,1,1,1
Alka Agarwal,22746207.0,68,1,1,2
AHTESHAM CONTRACTOR,22728417.0,24,1,1,1
SHIV SHARAN,22726900.0,23,2,3,2
Soumen Adhikary,22645378.0,6,1,1,1
MR CONSTRUCTION,22636770.0,130,1,1,1
MADHUMITA MANDAL,22500657.0,12,1,2,1
ASSISTANT ENGINEER DINARA LAEO WORKS DIV 02 BIKRAMGANJ ROHTAS,22460991.0,25,1,1,1
PRAGATHI CONSTRUCITONS,22303292.0,7,1,2,1
ASSISTANT ENGINEER NAGAR GAYA,22293673.0,18,1,2,1
Nistha Enterprises,22289020.0,16,1,1,1
BSDEV INFRATECH INIDA PRIVATE LIMITED,22288000.0,28,1,1,1
J B ENTERPRISES,22205232.0,98,1,1,1
PUNA IRON INDUSTRIES,22170779.0,9,1,1,2
SURINDER TRADERS,22044525.0,56,1,1,1
janpad panchayt maheshawar,21975000.0,58,1,2,1
SUYASH VISHNU MITKAR,21953749.0,16,1,3,1
G AND D TRADERS,21884280.0,22,1,1,1
KUNAL TRADERS,21876511.0,62,1,3,3
PRITOM TRIBEDI,21685978.0,140,1,1,1
SIMRAN INDUSTRIES GROUP,21663000.0,8,1,1,1
GAURI ENTER PRISES,21659682.0,90,1,1,1
Asesar Singh Contractor,21601652.0,140,1,1,1
A F Construction op by Ismail,21577045.0,5,1,1,1
NAVKANJ ASSOCIATES,21493565.0,58,1,1,1
Raju Bhargav R,21467992.0,18,1,1,1
MS MADANPAL SINGH,21421349.0,40,1,1,1
KALLOOR ELECTRONICS AND LIGHTING PVT LTD,21198421.0,98,3,3,4
HIND CONTRACTOR,21193407.0,21,1,1,1
R R THULASI BUILDERS INDIA PRIVATE LIMITED,21097269.0,3,1,1,1
SUPTI ENTERPRISE,21080700.0,150,1,1,1
M CUBE INFRATECH PRIVATE LIMITED,21068170.0,36,2,2,1
sudiksa infra projects,20992975.0,42,1,1,1
ASHUTOSH HANUMANT BALKAVADE,20928641.0,22,1,1,1
SUCCESS ASSOCIATES,20915151.0,67,2,2,4
Sai Scientific,20910530.0,12,1,1,2
NEW HOPE CONSTRUCTION WORKS,20818446.0,34,1,1,1
ASSISTANT ENGINEER KARAKAT LAEO WD 02 BIKRAMGANJ ROHTAS,20814836.0,38,1,1,1
SANTOSH KUMAR MONDAL,20800000.0,65,1,2,1
Mr NARESH GANDHAMANENI,20797602.0,54,1,1,1
Roudrantak Infratech,20786350.0,1,1,1,1
FPLUS ENTERPRISES,20763295.0,37,1,1,3
AJIT KUMAR,20756200.0,230,3,4,3
SANWARIYA BOREWELLS,20604471.0,242,1,2,2
M S SRI MAHASHAKTHI ENTERPRISES,20578806.0,120,1,1,3
MAHENDRA ENTERPRISES,20575952.0,9,1,1,1
KARAM VIR SINGH CONTRACTOR,20529344.0,20,1,1,1
MANI CONSTRUCTION,20502750.0,38,1,1,1
B VEERESH,20479267.0,27,1,1,1
Keviu Miachieo,20400000.0,6,1,1,1
Ranjeet Kumar Verma Contractor,20396130.0,6,1,1,1
RM MP AGRO SATNA,20394571.0,74,1,1,2
ROKHI GHOSH,20382047.0,48,1,2,1
DIVYAANSH CONSTRUCTION COMPANY,20379385.0,21,1,1,1
RS Industries,20350000.0,69,1,1,4
RANJEET SINGH SINGH CONSTRUCTION,20347608.0,52,1,1,1
Super Agro,20275196.0,158,1,1,1
MEDIA INFOTECH,20270208.0,5,2,2,1
A P DEVELOPERS,20218943.0,67,1,1,1
ASSISTANT ENGINEER BAGAHA LEGISLATIVE,20158090.0,31,1,1,1
KILDEEP MISHRA KRISHI SEWA KENDRA,20090691.0,13,1,1,1
MAA BHABANI CONSTRUCTION,20019385.0,9,1,2,1
M SHAW,20000000.0,6,1,1,1
Lokbharti Prakashan,20000000.0,10,1,3,1
BIDP INDIA PRIVATE LIMITED,19900000.0,20,1,1,1
Vishwanath Enterprises,19891197.0,39,1,1,1
SUNDAR T,19889507.0,35,1,2,1
UJJAL SAIKIA,19788202.0,56,1,1,2
AMIT KUMAR,19776117.0,48,4,4,4
Indranath Das,19766413.0,6,1,1,1
SCIDEMIC INDIA PRIVATE LIMITED,19760000.0,8,1,1,1
PANKAJ SARKAR,19658511.0,7,1,1,1
ASSISTANT ENGINEER ALAULI,19630401.0,15,1,1,1
SHREE RAM ENTERPRISES,19492627.0,150,4,5,4
ROY ENTERPRISE,19479021.0,21,2,2,1
ASSISTANT ENGINEER MPLADS RAMNAGAR,19447470.0,25,1,1,1
PRATIBHA PRATISHTHAN,19299844.0,60,4,4,4
SARASWATI CONSTRUCTION,19239352.0,34,1,2,1
Thallapaka Nagarjuna Reddy,19195550.0,41,1,2,1
ASST ENG SAKRA LAEO1 MUZ,19194859.0,23,1,1,1
MR DEVELOPERS,19099443.0,15,1,1,1
Sankaran,19034793.0,30,1,2,2
SHRI SAI ENGINEERING WORKS,18931237.0,84,1,1,2
DCM Infrastructure,18907616.0,49,1,1,1
ASSISTANT ENGINEER NATHNAGAR,18879575.0,16,1,1,1
Samona Enterprises,18877489.0,15,1,1,1
Rajshree Construction,18863502.0,29,1,1,1
ASSISTANT ENGINEER ASSEMBLY BELDOUR,18834984.0,18,1,1,1
VIJAYALAKSHMI BORE WELLS,18795513.0,94,1,1,1
JYOTISH ENTERPRISES,18714000.0,15,1,1,2
SHRI GANPATI CONSTRUCTION COMPANY,18713087.0,33,1,1,1
S T SOLUTIONS,18668577.0,6,1,1,1
CASHUTEC Nirmithi Kendra,18625000.0,19,1,2,1
Sujata Home Appliances Private Limited,18620183.0,80,1,1,1
Asst Engg Laeo Works Divb Saharsa Rahul Kumar Paswan,18601011.0,18,2,2,1
SUPER ELECTRICALS,18592088.0,38,1,2,1
SRI PONKAALIAMMAN INFRA PROJECTS,18590107.0,15,1,1,2
ONKAR NATH SINGH,18514026.0,27,1,2,1
SWAMI POWERTECH,18478681.0,109,1,1,2
SHANKRAJ CONSTRUCTION,18405885.0,4,1,1,1
THANUSH RAM CONSTRUCTION,18386943.0,21,1,1,1
Swara Enterprises,18312790.0,37,1,2,2
PANNALA NALINI,18305320.0,79,1,1,2
KIRPAL SINGH AND SONS,18247793.0,114,2,3,2
shri balaji construction,18135415.0,25,1,1,1
JAI MATA DI VP CONSTRUCTION,18055890.0,25,1,1,1
SATELITE ELECTRONICS,18000000.0,3,1,1,1
ANOUSHKA NIRMAN PVT LTD,18000000.0,36,1,1,1
Senior Deputy Magistrate Khowai,18000000.0,16,1,2,1
SELVANAYAKIAMMAN BUILDERS,18000000.0,3,1,1,1
KHALSA EXPORTS PRIVATE LIMITED,17996045.0,60,7,7,7
SUJIT KUMAR CHAKRABORTY,17912280.0,6,1,1,1
Ms Rahul International,17880000.0,3,1,2,1
SRI MURALI KRISHNA CONSTRUCTIONS,17876889.0,3,1,1,1
NAVASKHAN,17830680.0,12,1,2,1
BIDHANSABHA KESHETRA NAVINAGAR SAHAYAK ABHIYANTA,17817118.0,45,1,1,1
MP STATE AGRO INDUSTRIES DEV CORP LTD,17815965.0,123,1,2,1
MANAS KANTI ROY,17690326.0,51,1,1,1
NETTAM BALAKRISHNA,17677347.0,6,1,1,1
Jasnath Computer sale and service,17579935.0,65,1,1,2
Krishna Infratech,17491357.0,15,1,1,1
DINESH CHANDR SINGH,17456403.0,9,1,1,1
MS SHOBHNATH VERMA,17402042.0,43,1,1,1
SAMADON ENTERPRISE,17326880.0,6,1,1,3
MP STATE AGRO IND DEV CO LTD BARWANI,17262996.0,200,1,2,1
RAJAVEL,17255800.0,10,1,1,1
ASST ENGINEER LAEO WD I BEGUSARAI VSK MATHIHANI,17254485.0,16,1,1,1
Bommineni Ramanjineyulu,17243121.0,6,1,1,1
TOIJAM DEBANANDA SINGH,17226408.0,24,1,1,1
Royal Furniture Electricals,17200000.0,48,1,1,1
GIRIJA CONSTRUCTION,17038220.0,21,1,1,1
R A KARMIKA KOLAPAKKAM BOB,17000000.0,29,2,3,4
MONDAL SUPPLIERS,16963386.0,7,1,2,1
NPS CONSULTANT PRIVATE LIMITED,16945492.0,2,1,1,1
HANSH ENTERPRISES,16927160.0,5,1,1,2
Mohammed Hassan Ahemed,16908570.0,75,1,2,1
C P ENTERPRISE,16900000.0,19,1,1,1
RAJ CUNSTRUCTION AND SUPPLIER,16896858.0,176,1,2,1
GHATOURA AGRICULTURE WORKS,16883000.0,58,2,2,2
JUNIOR ENGINEER NREP SKL KSN,16826565.0,42,1,1,1
VARDHAN ASSOCIATES,16800388.0,62,1,1,1
paramount equipments,16793451.0,55,1,2,2
ASSISTANT ENGINEER KARAGAHAR,16766806.0,33,1,1,1
DHARMVIR KUMAR,16754167.0,17,1,2,1
KUSHINAGAR CONSTRUCTION COMPANY,16726989.0,35,1,1,1
EVEREST ENTERPRISES,16668065.0,33,3,5,5
NIKHIL,16659297.0,9,1,1,1
Anil Electricals,16640000.0,16,1,1,1
RAIMOND SOLAR PVT LTD,16596369.0,15,2,3,2
ANIL KUMAR DUBEY,16580424.0,30,1,1,1
NEETU CONSTRUCTION,16552059.0,37,1,1,1
Spectrum Services,16537806.0,6,1,1,1
NEELAM CONSTRUCTION,16409920.0,8,2,3,1
MS AFROZ TRADERS,16399994.0,52,1,2,1
SHRI GANESH CONSTRUCTION AND SUPPLIERS,16302890.0,43,1,1,1
G RAJA REDDY,16257726.0,77,1,1,1
Junior Engineer Zila Parishad Ranchi Sunny Choudhary,16224000.0,48,1,2,1
JAGADEESWARA REDDY DEKIREDDY,16200091.0,36,1,1,1
AMIT MANDAL,16098287.0,41,1,2,1
ASSISTANT ENGINEER MPLADS VALMIKINAGAR,16081283.0,30,1,1,1
SDSCO PALAMPUR,16079256.0,102,2,4,1
Yuraj construction,16067820.0,97,1,2,2
VIDYA VIKAS ACADEMY,16008843.0,49,2,4,2
PRUTHIVRAJ PRAMOD BHAMBLE PRO PRUTHIVIRAJ BHAMBLE,15994313.0,16,1,1,1
SHINOJ T A,15991193.0,7,1,1,2
Abhishek Enterprises,15926546.0,132,1,2,1
NIRMITHI KENDRA CHAMARAJANAGAR,15862500.0,23,1,2,2
MIR ROUJUDDIN AHMED,15852556.0,86,1,1,1
Hindustan Enterprises,15839759.0,15,1,1,1
SHOBHA CONSTRUCTION,15829932.0,16,1,1,1
Manoj kumar Srivastava,15807205.0,128,1,1,1
HARI NANDAN RAJAK,15802621.0,44,1,2,1
JAI SHREE BALAJI CONSTRUCTION,15747851.0,12,1,1,1
MFD INDUSTRIES,15730000.0,21,2,3,4
Gul Ahmad Contractor,15683259.0,251,2,3,2
Sarmindar Terang,15667936.0,56,1,2,1
SHIKHA MATHUR,15649028.0,22,1,1,1
ASSISTANT ENGINEER LAEO SHERGHATI VIDHAN SABHA,15542146.0,52,1,2,1
CARD Box Company,15500000.0,36,1,1,1
Gautam Enterorises,15482227.0,5,1,1,1
JAISWAL WOODEN INDUSTRIES,15475000.0,38,1,2,1
SN ENTERPRISE,15452851.0,40,1,2,2
SANJEET KUMAR,15417243.0,110,1,1,1
ANKIT MAHESH AGRAWAL,15349507.0,23,1,2,1
Multiline Ventures,15290974.0,33,2,2,4
Sushanta Dutta,15287307.0,6,1,1,1
ASSISTANT ENGINEER LAURIYA,15282189.0,21,1,1,1
SRI MAHALAKSHMI SC LABOUR CONTRACT MUTUALLY AIDED COOPERATIVE SOCIETY LTD,15268074.0,9,2,3,3
VE KAY CONSTRUCTIONS,15213593.0,6,1,1,1
Assistant Engineer Bisfi Vidhan Sabha,15151760.0,19,2,2,1
C S TECHNOLOGIES,15142188.0,73,1,1,2
ATHIK TISSO,15130241.0,50,1,2,1
Keltron Component complex Ltd Kannur,15093000.0,110,2,2,2
ASSISTANT ENGINEER LAEO BARACHATTI VIDHAN SABHA,15090440.0,47,1,2,1
SWARNENDU SARKAR,15086300.0,15,1,2,1
Kathamuthu Sekar,15082924.0,22,1,1,1
Gayatri Singh,15051686.0,17,1,2,2
ALPHATECH SOLUTIONS,15020286.0,22,1,1,1
Vikram Ronghang,15000000.0,6,1,2,1
DHS SEPARATE BANK ACCOUT ASHOK NAGAR,15000000.0,6,1,1,1
MS CHANDRA BHUSHAN,15000000.0,37,1,2,1
SATYAKRISHNA ENTERPRISE,15000000.0,3,1,1,1
A2F DIGITAL PVT LTD,15000000.0,3,1,1,1
S RAVEEN,15000000.0,6,1,2,1
Kodagu Nirmithi Kendra,15000000.0,37,1,1,1
INDKAL,14999400.0,3,1,1,1
YUG ENTERPRISE,14977300.0,30,1,1,2
PANSHUL MULTITRADE PRIVATE LIMITED,14969580.0,3,1,1,2
Nachatra Construction,14960112.0,6,1,2,2
ANI ENTERPRISES,14883000.0,3,1,1,1
G S Construction,14880381.0,42,1,1,1
BHASKAR GOSWAMI,14849397.0,73,1,1,1
KOUSIK DAS,14842158.0,6,1,2,1
MS ISWAR LAL MAHTO JE NATIONAL RURAL EMPLOYMENT PROGRAM,14835560.0,32,1,2,1
PRACHI CONSTRUCTION,14819191.0,38,1,2,1
EE PRED SHIVAMOGGA,14805555.0,112,1,1,1
ADR CONSTRUCCTION,14655045.0,12,1,1,1
USHA SHARMA,14651961.0,21,1,2,1
MS G N CONSTRUCTION,14612714.0,25,1,2,1
ASSISTANT ENGINEER LAUKAHA VIDHANSABHA,14595514.0,19,1,1,1
MS MANMOHAN SINGH KSHATRI,14583290.0,26,1,1,1
SAI IT SYSTEMS,14520500.0,35,1,1,1
AE KURTHA,14507107.0,104,1,1,1
J E N R E P DEOGHAR VENDER ACCOUNT,14498234.0,69,1,2,1
C Narendra,14458132.0,37,1,1,1
Unitone Home Appliances,14440432.0,62,1,1,2
N S CHELLAPANDIAN,14421583.0,20,2,2,1
APPU CONSTRUCTION,14394420.0,6,1,1,1
MITHALESH CONTRACTOR,14334652.0,18,1,1,1
SUNIL DATTATRAY KUDALE,14330775.0,3,1,1,2
Sathess kumar,14293204.0,15,1,1,1
SIDDHESWARI CONCERN AND CONSTRUCTION,14291849.0,22,2,3,2
JAYANTA ELECTRIC AND CO,14268863.0,30,1,1,1
Rgm Enterprises,14218518.0,6,1,1,1
DIWAN YADAV,14167999.0,47,1,1,1
Mahindra and Mahindra Ltd,14146345.0,15,6,7,5
J S INFRATECH,14141015.0,30,1,1,1
GOLDEN ENGINEERING CORPORATION,14069982.0,24,1,1,1
ASST ENG AURAI V K LAEO WD 01 MUZ,14052324.0,18,1,1,1
SD ENTERPRISES,14012000.0,11,2,3,2
SARVOTTAM APPLIANCES PRIVATE LIMITED,14000000.0,7,1,1,1
Krupal Construction,14000000.0,28,1,2,1
SEFALI ENTERPRISE,13988416.0,4,1,1,1
MITHILA ENTERPRISES,13916000.0,14,1,1,1
VIKRANT ASSOCIATES,13903115.0,32,1,1,1
TANU INFRASTRUCTURE,13897950.0,9,1,1,1
N G CONSTRUCTIONS,13897723.0,14,1,1,1
MADAN MOHAN KERAI,13871025.0,38,1,2,1
RAMJI CONSTRUCTION,13860000.0,21,1,2,1
OMEGA ENTERPRISES DIBIYAPUR,13822110.0,73,1,2,1
PINNACLE INDIA TRADERS,13800000.0,20,1,1,1
Varinder Kumar Sood,13750536.0,6,1,2,1
AE ARWAL,13729289.0,46,1,1,1
ASSISTANT ENGINEER LAEO BODHGAYA VIDHAN SABHA,13638555.0,65,1,2,1
DASARI SADANANDAM,13583721.0,4,1,1,1
ANUJ INTERLOCKING,13570682.0,27,2,2,1
KAJAL TRADERS,13560528.0,6,1,1,1
SARODA CONSTRUCTION AND CO,13520215.0,4,1,1,1
JAVED AHMAD,13509174.0,226,1,2,1
ALEMWABANG JAMIR,13500000.0,6,1,1,1
IMSUYANGER LEMTUR,13500000.0,6,1,1,1
MS SRI SIRI CONSTRUCTIONS,13493889.0,6,1,2,1
APARAJOY RUDRA,13435884.0,18,1,2,1
P S STALIN,13416798.0,40,1,1,4
SANLY INFRATECH PRIVATE LIMITED,13413495.0,12,1,2,1
Balvir Agriculture corporation,13390000.0,45,4,5,6
RAJU ENTERPRISES,13375257.0,15,1,1,2
SREE MURUGAN CONSTRUCTION,13362827.0,11,1,1,1
DSF Enterprises,13342500.0,27,2,2,2
CHANDRA KALAPERUMAL,13328956.0,10,1,1,1
R J CIVIL CONTRACTOR,13302543.0,71,1,2,1
Saroja R,13269967.0,10,1,1,2
VINAYAGAM ENTERPRISES,13193628.0,12,1,1,1
SK SHUTTERS AND FABRICATORS,13189818.0,33,1,2,1
Swapan Debbarma,13175174.0,5,1,1,1
A K Enterprise,13175000.0,73,1,1,1
SURAJ CONSTRUCTION,13155449.0,22,1,1,1
SUBRATA HALDER,13143831.0,3,1,1,1
SILIGURI TRADING CENTRE Previously Known as G AND D TRADERS,13121600.0,16,1,1,1
PRANABJYOTI SAIKIA,13112044.0,59,1,1,1
ASSISTANT ENGINEER GDZP I,13111445.0,19,1,1,1
GREENLINE ENTERPRISE,13098214.0,29,2,3,1
RAMESWAR NAIK,13094279.0,62,1,2,1
PRATICK KUMAR GHOSH,13074540.0,3,1,2,1
UDDHAVRAO PATIL MAJUR SAHKARI SANSTHA,13062164.0,14,1,1,1
OM PRAKASH ARYA,13032712.0,38,1,1,1
Ms MAHALAXMI ENTERPRISES,13028305.0,25,1,1,1
UPENDER KURELLA,13017104.0,103,2,3,3
H S AGRO,12987256.0,55,1,1,3
ANJANI TRADING,12983373.0,13,1,2,1
ODISHA DISTRIBUTING AUTHORITY,12972588.0,292,2,2,5
JOGINDER GOVT CONTRACTOR,12926568.0,32,1,1,1
Chikmagalur Nirmithi Kendra,12900000.0,29,2,2,1
NAVEEN ENTERPRISES,12888768.0,54,1,1,1
KALPIT ENTERPRISES,12873200.0,42,1,1,3
Empire Computers,12871461.0,3,1,2,1
CEO Janpad Panchayat Dewas,12838000.0,24,1,2,1
MAA CONSTRUCTION SAIFUL ISLAM SARDAR,12829317.0,12,1,1,1
SANTRA ENTERPRISE,12815127.0,3,1,1,1
Kolar District Nirmithi Kendra,12764249.0,18,1,2,1
DIAMOND ENTERPRISES,12750000.0,30,2,4,3
B S CONSTRUCTION COMPANY,12727161.0,21,1,1,1
MS SARVESH KUMAR THEKEDAR,12689673.0,28,1,1,1
NATIONAL TRADERS,12686311.0,51,1,1,1
Expert Drillers,12673987.0,47,1,1,2
LUCKY CONSTRUCTION,12661626.0,6,2,3,2
BABA JAIMALDASS ENTERPRISES,12645232.0,37,1,1,4
COSMIC POWER,12634100.0,12,1,1,1
ANNU PRIYA,12604103.0,19,1,1,1
Ravi Metal Works,12600000.0,2,1,1,1
SHEIKH FARID AGRO TECH,12550000.0,62,2,3,3
RUDRA TRADERS,12549367.0,18,1,3,1
BANSHI DHAR PANDEY,12531954.0,12,1,1,1
Unicem Engineers,12525753.0,3,1,1,1
MS GYANCHAND,12507217.0,241,1,2,1
Sthitpragya enterprises Private Limited,12497000.0,25,1,1,1
KRISHNAKUMAR G,12495068.0,11,1,1,1
M RAJASEKHAR,12489392.0,25,1,1,1
Sharika Enterprises Limited,12486285.0,54,5,6,3
The Shirdi Sai Cooperative multipurpose society,12480687.0,6,2,2,1
NEELAM VERMA,12472653.0,38,1,1,1
MS AKHAND PRATAP TRADERS,12416310.0,36,1,1,1
SRI J VENKATA GIRI DHARA RAO,12403062.0,30,1,1,1
POONAM TYAGI,12380876.0,28,1,1,1
RAJAGOPALREDDY VEMANNA,12375000.0,25,3,5,4
YOGENDRA SINGH,12374987.0,16,1,1,1
GOVIND DAS ARYA,12370778.0,42,1,1,1
DARVESHWAR NATH CONSTRUCTION,12350000.0,19,1,1,1
S S CONSTRUCTION,12346897.0,47,2,2,2
JANPAD PANCHAYAT RAJPUR,12291032.0,44,1,2,1
BALAKRISHNAN MUTHALAGAN,12290000.0,25,1,2,2
RAMACHANDRA ELECTRICALS AND ENGINEERING STORES,12240133.0,25,1,1,1
MURUGAN TRADERS,12232139.0,28,2,2,2
SRI VENKATESHWARA CONSTRUCTIONS,12205929.0,7,2,2,2
Thiruppathi Ramakrishnan,12200000.0,7,1,1,1
Shivani,12195743.0,24,1,1,1
mMODERN ENGINEERING ASSOCIATES,12169671.0,6,1,1,1
MS BARE LAL,12168211.0,236,1,2,1
Emmadi Sharada,12159803.0,50,1,1,1
KAMLESH YADAV THEKEDAR,12153810.0,4,1,1,1
Nishant Gulab Rathod,12125510.0,13,1,1,1
Mohamed Ayub B,12095372.0,14,1,2,1
GANAPATI CONSTRUCTION,12039252.0,6,1,1,1
Ms Anna Enterprises,12000000.0,15,1,1,1
PREETILA SUGATHAN,12000000.0,6,1,1,1
FASTSPEED REALTORS PRIVATE LIMITED,12000000.0,3,1,1,1
FATHIMA CONSTRUCTIONS,11996025.0,6,1,1,2
GURUDATTA GAWANDI KAMGAR MAJOOR SAHAKARI SOCIETY LIMITED,11994915.0,6,1,1,1
SWATANTRA ENTERPRISES,11993943.0,6,1,1,1
M s Anshika Enterprises,11990887.0,6,1,1,1
Dipesh Biswas,11979495.0,6,1,2,1
BURUGULA VINOD KUMAR,11970695.0,30,1,1,1
NISHU ENTERPRISES,11964573.0,24,1,1,1
ASSISTANT ENGINEER ISLAMPUR A C,11958851.0,42,1,1,1
RAUSHANI KUMARI,11940367.0,13,1,1,1
NANGI RAJESH KUMAR REDDY,11919477.0,42,1,1,1
ASSISTANT ENGINEER BANKIPUR,11911818.0,16,1,1,1
Mithun Debbarma,11888425.0,5,1,1,1
RASHIKA RAMBHAU DHUMAL,11886875.0,11,1,1,1
MONIMOY SINGHA ROY,11878157.0,5,1,1,1
RAKESH KUMAR SINGH,11868670.0,23,2,3,2
Ganni Surya Prabhakar Chowdary,11862048.0,6,1,2,1
CEO JANPAD PANCHAYAT MANDSAUR,11825000.0,60,1,1,1
GURUKRIPA CONSTRUCTION,11818727.0,20,2,2,2
SHAMSHAD CONTRACTOR,11815659.0,17,1,1,1
SEIYYON VENTURES,11786400.0,38,1,1,3
KHEM CHAND,11779974.0,12,1,1,1
TYAGI CONSTRUCTION,11771310.0,22,1,1,1
EVANA ELECTRICALS PRIVATE LIMITED,11769001.0,34,2,2,1
B Thirupathi Reddy,11768566.0,40,1,2,3
HSD ASSOCIATE,11743480.0,23,2,3,1
S K ENTERPRISE,11729736.0,18,5,5,4
JYOTI TRADERS,11726400.0,14,1,1,1
NISHAS ENTERPRISES,11700000.0,38,2,3,3
KISHAN FORCE,11692000.0,7,1,2,2
MUNINDRA KR NATH,11690862.0,84,1,1,1
JYOTI ENTERPRISE,11680119.0,21,2,3,2
PALDEN WANGCHUK BHUTIA,11672493.0,6,1,1,1
RAMESH GUPTA,11658492.0,20,2,3,2
BISWARUP GHOSH,11645409.0,6,1,2,1
RAJA RAM MAHTOO,11640000.0,12,1,1,1
ALLIED SURGICALS,11610000.0,3,1,1,1
BIDHANSABHA KSHETRA GOH SAHAYAK ABHIYANTA,11602993.0,39,1,1,1
sudhakar,11581407.0,12,1,1,1
MRK CONSTRUCTIONS,11577640.0,10,1,1,1
BAMMIDI RAMAKRISHNA,11534318.0,26,1,1,1
NORTH EAST INNOVATION,11500000.0,16,1,2,2
Soltech Global,11494623.0,3,1,1,1
Deep Shree enterprises,11488270.0,46,1,2,1
RANJEET SINGH  SINGH CONSTRUCTION,11478204.0,30,1,1,1
SRINIVASA ROWLO,11455833.0,35,1,1,1
VIPIN KUMAR,11453895.0,20,1,1,1
MARUF ALI CONTRACTOR,11424123.0,9,1,1,1
Jai Mata Rani Construction,11413488.0,19,1,1,1
Bubere and Associates,11403161.0,11,1,1,1
jp gogawa,11400000.0,26,1,2,1
KALIYAMMAL M,11400000.0,6,1,1,1
Waisong Terang,11374471.0,27,1,2,1
SVR CONSTRUCTIONS,11367400.0,4,1,1,1
JANAPAD PANCHAYAT BARWANI,11345605.0,35,1,2,1
SWANAND CONSTRUCTION,11332965.0,18,1,1,1
SIDDHESH GHANSHAM ADHIKARI,11307471.0,19,1,1,1
Amit Singh Dhillo,11259446.0,18,1,1,1
N K CONSTRUCTIONS,11241896.0,11,2,2,2
Maa Laxmi Construction,11211472.0,28,1,1,1
Siddharth Construction and suppliers,11211021.0,25,2,1,1
D D ENTERPRISE,11181446.0,33,2,2,1
JANPAD PANCHAYT KHARGONE,11150000.0,34,1,2,1
MADASAMY,11132031.0,13,2,2,3
K Tharun Kumar,11128939.0,10,1,1,1
ASST ENGINEER LAEO WD 1 BEGUSARAI VSK TEGHRA,11114263.0,14,1,1,1
Block Development officer Nahan,11100000.0,50,1,2,1
SUMIT MATHUR,11089289.0,14,1,1,1
RAJ INFRASTRUCTURE,11050508.0,19,2,2,2
AMEER ENTERPRISES,11016805.0,30,1,1,1
RUDRA CONSTRUCTION,11010000.0,24,1,1,2
MS SANJAY KUMAR TIWARI,11006421.0,51,1,2,3
Meghna Chada Marak,11000000.0,6,1,1,1
SUBH ENTERPRISES,10999327.0,10,1,1,1
VIVEK VINOD PAKHAD,10991654.0,17,1,1,1
M and N Motors Private Limited,10970400.0,3,1,1,1
CSE Construction Pvt Ltd,10965180.0,3,1,2,1
Garden Gym,10961148.0,30,2,3,1
ACCHELAL SINGH KUSHWAHA,10938132.0,9,1,1,1
VEERAKUMAR k,10887098.0,5,2,2,1
SHUVENDU SARKAR,10867689.0,15,1,1,1
DONTHI PAVANI,10866328.0,47,1,2,2
National Construction Company,10857156.0,15,1,1,1
Project Officer Himurja Kangra at Dharamshala,10817806.0,106,1,1,1
Tvinkal Saroj,10813173.0,8,1,1,1
KAYON MODI,10800000.0,9,1,1,1
MAJIBUR RAHAMAN,10800000.0,8,1,1,1
A EN O AND M JVVNL BEHROR RURAL,10792677.0,3,1,1,1
Minislu Brahma,10789656.0,6,1,2,1
Arikrishnan k,10783466.0,6,1,2,1
MAYUR DINESH CHAVAN,10780750.0,12,1,2,1
KAMATCHIRAJAN K,10771204.0,9,1,1,1
Palepu Vishnu Phani Srikanth,10743792.0,8,2,3,2
AEN O N M AVVNL,10742501.0,83,1,1,1
ASSISTANT ENGINEER HILSA A C,10727719.0,30,1,1,1
MS RAGHUNATH THIKEDAR,10724081.0,40,1,2,1
Satyendra Borah,10723737.0,3,1,1,1
ECCENTRIC CORPORATE SERVICES PVT LTD,10720000.0,64,1,1,1
Manav Enterprises,10700000.0,107,1,2,2
NAIDI NARSIAH,10687170.0,59,1,1,1
Hosabai Mahila Majoor Sahakari Sanstha Limited Sarni Aa,10671790.0,11,1,1,1
ASSISTANT ENGINEER BELAGANJ,10656769.0,17,2,3,1
MS MOHAMMAD MIYA,10636086.0,15,1,1,1
ASSISTANT ENGINEER ASSEMBLY PARBATTA,10623483.0,9,1,1,1
DEEPAK BAG,10612300.0,31,1,1,1
Dipak Kumar Yadav,10611378.0,25,1,2,2
UP STATE AGRO SONBHADRA,10606176.0,41,1,2,1
SEN SUPPLIERS,10603309.0,9,1,1,1
MACHNOOR YELLAREDDY,10601699.0,62,1,1,1
TRILOCHAN RAM YADAV,10593625.0,23,1,2,1
MAHINDRA AND MAHINDRA LIMITED,10586340.0,5,2,2,2
MS GHOSH CONSTRUCTION,10559955.0,20,1,1,1
ASSISTANT ENGINEER BHABHUA,10548165.0,21,1,2,1
ASSISTANT ENGINEER NOKHA LAEO WD 02 BIKRAMGANJ ROHTAS,10532264.0,24,1,1,1
Sangeet Contractor,10517860.0,26,1,1,1
KUNAL CONSTRUCTION,10506150.0,9,1,1,1
SAMAJ SEWA NYAS,10500000.0,3,1,1,1
VMP ASSOCIATES,10500000.0,6,1,1,1
Subhasmita Sahoo,10500000.0,13,1,1,1
Trimurti Infotech,10499916.0,24,1,1,1
KANHA CONSTRUCTION,10497786.0,17,1,1,1
S ILANCHIZHIAN,10495413.0,9,1,2,1
gram panchayat badkadol,10494000.0,12,1,2,1
Jagdeesh Prasad Chaudhry Contractor,10458930.0,15,1,1,1
Selvamayandi V,10443715.0,4,2,2,2
SANJEEV KUMAR,10425244.0,35,6,6,7
Kulveer Singh,10417902.0,21,1,1,1
RIFA ENTERPRISE,10388538.0,12,1,1,1
Mahindra And Mahindra Limited,10384708.0,7,6,6,6
ANIFA ENTERPRISES,10325000.0,17,2,3,3
N K MARI,10278941.0,27,2,2,1
KUNISETTI SURIBABU,10267050.0,4,1,2,1
MANISHA AGARWAL CONTRACTOR,10230111.0,87,1,1,1
Sathya Enterprises,10225000.0,20,3,4,4
Soumita Enterprise,10221070.0,25,1,1,1
BS CONSTRUCTION,10219000.0,47,1,1,1
DEO RAJGARH,10200000.0,102,1,1,1
FEBRICON INDUSTRIES,10189568.0,55,2,2,2
Nachatra Constuction,10180638.0,3,1,2,2
ASSISTANT ENGINEER PHULPARAS,10158197.0,10,1,1,1
Mr REDDEPPA T,10144101.0,30,1,1,1
RC CONSTRUCTION,10132993.0,9,2,4,2
SAMIR RAMKRUSHNA TAJNE,10126624.0,10,1,2,1
SAV Construction Kumaresan Manilal,10110478.0,13,1,1,1
R Imsentemjen,10100000.0,8,1,1,2
MOHIT CONSTRUCTION,10094814.0,21,1,1,1
A G Sampath,10052487.0,4,1,1,1
HD ENTERPRISE,10045820.0,46,1,2,1
SUNIL KUMAR GIRI,10041442.0,7,1,1,1
KSB SOLUTIONS,10040417.0,14,2,2,1
THANGARASU,10035051.0,3,1,1,2
R P CONSTRUCTION,10001613.0,20,2,3,2
VIDYA VIHAR,10000000.0,60,2,2,2
GOUTAM CONSTRUCTION,10000000.0,1,1,1,1
UNIQUE CONSTRUCTION,10000000.0,2,1,1,1
D AND GRANDSONS ENGG PVT LTD,9995000.0,5,1,1,1
SABBIR ANSARI,9993110.0,71,1,1,1
SAVITRI DEVI,9983396.0,13,1,1,1
SANJIT DAS,9978180.0,3,1,1,1
FUTURISTA ENTERPRISES PVT LTD,9977320.0,1,1,1,1
Pinnacle Industries Limited,9948600.0,2,1,1,1
UTKARSH UNEEMPLOYED ENGINEERS SEVA CO-OP SOCIETY,9943194.0,15,1,1,1
Milang Enterprises,9900000.0,12,1,1,1
Bimal Auto Agency,9900000.0,11,1,1,1
Shri Bhagwat Bhakti Ashram Rampura Rewari,9900000.0,6,2,2,1
Gram Panchayat Sarpanch sachiv,9895263.0,27,1,2,1
ASSISTANT ENGINEER KAHALGAON,9889658.0,8,1,1,1
Sankara Rao Rayapudi,9884197.0,5,1,1,1
MS ENTERPRISES,9843021.0,16,3,3,3
LUCKY ASSOCIATES,9840000.0,18,2,2,2
EAGGLE EYE INFRASTRUCTURES,9834681.0,4,1,1,1
ACME CONSTRUCTION,9833175.0,3,1,1,1
RAJ CONSTRUCTION,9823343.0,24,4,4,4
AKULA RAJ KIRAN,9822860.0,24,1,1,1
SR CONTRACTORS,9820968.0,2,1,1,1
MAA VINDHYAVASHINI ENTERPRISES,9819536.0,158,1,2,2
SRI SESHACHALA CONSTRUCTIONS,9802617.0,12,2,3,2
ARIKELA SRIKANTH,9790407.0,27,1,1,1
MINATI KISAN,9765631.0,20,1,2,2
Hellum Learning Lab Private Limited,9750000.0,20,1,2,1
Antony Selvan M,9737462.0,5,1,1,2
V P AZHAGAIYAN,9736248.0,3,1,1,1
Gaur Construction,9707139.0,1,1,1,1
DEBABRATA ROY,9705648.0,9,1,1,1
SHANSHANK ENTERPRISES CONTRACTOR,9704581.0,65,1,1,1
SAMONA ENTERPRISES,9691669.0,4,1,1,1
Ms Lakshmi Nrusimha Engineers And Contractors,9673733.0,14,1,1,1
BDO Patta MPLAD LS,9600000.0,45,1,2,1
A MINE TRADERS,9577095.0,55,1,1,1
Dean govt medical college shivpuri,9554292.0,6,1,1,1
BAGHEL ENTERPRISES,9552015.0,72,1,2,1
PABITRA DAS,9541449.0,6,1,1,1
RAVI RANJAN,9520094.0,10,1,1,1
NARAYAN MARBLES,9510244.0,78,1,1,1
RAJO MOTORS PRIVATE LIMMITED,9505800.0,3,1,1,1
GANESH CONTRACT WORK,9496157.0,20,1,1,1
A K JAISH ENTERPRISES,9492042.0,4,1,1,1
A K ENTERPRISES,9488770.0,57,2,4,2
SHIVAM KUMAR,9483604.0,10,1,2,1
Mahendra Jagannath Lokhande,9478136.0,5,1,1,1
Assistant Engineer Kumharar,9453065.0,16,1,1,1
VDH ENTERPRISES,9439280.0,21,1,1,1
KSR CONSTRUCTIONS,9410414.0,2,1,1,1
NARENDRA SOPANRAO THOKAL,9387278.0,10,1,1,1
HEADWHEEL SYSTEM and SERVICES PVT LTD,9377856.0,9,1,1,1
AR Enterprises,9375000.0,15,2,3,2
assistant engineer tarari,9374904.0,9,1,1,1
SRI SANKARA CEMENT TILES,9370338.0,11,1,1,1
RAVI TRIPATHI,9362002.0,12,1,1,1
CEO JANPAD KHATEGAON,9360000.0,12,1,1,1
Amir Construction,9326169.0,3,1,1,1
J Justin Pratheep,9319932.0,6,1,1,1
Satyam Construction,9307289.0,40,2,3,3
SUHAVI ENTERPRISES,9300000.0,26,2,3,3
DREAM CONSTRUCTION,9299769.0,9,1,1,1
assistant engineer sasaram,9297384.0,9,2,3,1
MODERN ELECTRICALS,9286722.0,23,1,1,1
THE SATHI COOPERATIVE LABOUR AND CONSTRUCTION SOCIETY LIMITED,9274474.0,20,1,1,1
KALIMATA BUILDERS,9263874.0,6,1,1,1
MS UDAYA TRADERS,9259163.0,52,1,1,1
MOHAMMAD YASEEN,9250221.0,42,1,1,1
V SELVARAJ,9250000.0,8,1,2,1
Chairman Nirmithi Kendra Bagalkot,9250000.0,20,1,1,1
MASTER ELECTRIC STORE,9246405.0,7,2,2,1
MK INFRA,9225579.0,20,1,1,1
BHARGAV CONTRACTORS,9207129.0,9,1,1,1
LOKENATH CONSTRUCTION,9201283.0,2,2,2,2
M LALITHA,9164662.0,4,1,1,2
MP AGRO JABALPUR,9151744.0,56,1,1,1
Block Development Officer Solan,9150000.0,31,1,2,1
STABIN NARZARY,9147723.0,9,1,2,2
ADIIVE TECHNOLOGES PRIVATE LTD,9147218.0,4,1,1,1
NARSIMHULU AKULA,9116945.0,147,1,1,1
HEMANTA DAS,9110223.0,52,1,1,1
AWADH CONSTRUCTIONS COMPANY,9091323.0,8,1,1,1
S M BUILDERS BHAGYANAGAR,9084881.0,26,1,2,1
M P STATE AGRO INDUSTRIES DEV CORP LTD,9072578.0,45,1,2,1
SELVAM B,9039294.0,4,1,1,2
IMAMUDDIN,9015430.0,162,1,2,1
CEO JP TONKKHAURD,9003600.0,23,1,2,1
NAGSHWAR MAJOOR SAHKARI SANSTHA LTD,9000000.0,9,1,1,1
MD HANIP KHAN,9000000.0,6,1,2,1
SOFTHARD INNOVATIONS SOLUTIONS PRIVATE LIMITED,9000000.0,1,1,1,1
CEO JANPAD PANCVHAYAT MOMAN BADODIYA,9000000.0,16,1,2,1
Sabari Construciton,9000000.0,3,1,1,1
HI TECH TRONICS,9000000.0,3,1,2,1
MUDHAIDEVI MAJUR SAHKARI SANSTHA MARYADIT,8999928.0,9,1,1,1
DABHODA GRAM PANCHAYAT,8999572.0,22,1,1,1
Parasuram Enterprises,8999040.0,6,1,1,2
G V CONSTRUCTIONS,8998685.0,4,1,1,1
Shriram majur sahkari sanstha maryadit,8997342.0,9,1,1,1
B Seetha Ramanjaneulu,8995455.0,6,1,1,1
R Vasantha,8993076.0,9,1,2,1
MSS MEDITECHNO,8992216.0,5,2,2,3
SRIHARI RAO AMARANENI,8989395.0,6,1,2,1
Om Construction,8988695.0,4,1,1,1
MURUGAN A,8985674.0,5,1,1,1
SHRI GANESH ELECTRICAL AND CONTRACTER,8985075.0,53,1,1,2
C Nithyananthan,8983458.0,4,1,2,2
Jayant Constructions,8981079.0,6,2,2,2
Dhaka Stone Comapny,8977311.0,20,1,1,1
M KARUNAMOORTHY,8972991.0,6,1,1,2
PUBBI ELECTRICALS,8968996.0,39,2,3,2
Ganesh Laxman Rakshe,8956830.0,9,1,1,1
DAWOOD ENTERPRISES,8950588.0,5,1,1,2
MANOJ YADAV,8948968.0,16,1,1,1
M S ENTERPRISE,8938622.0,21,3,3,2
Bristo Security System,8936328.0,10,3,4,2
GANESAN VICTORIA,8935461.0,12,1,1,1
PK Enterprises,8932500.0,9,1,1,1
MODERN METAL CRAFTS,8931946.0,29,2,3,4
NIRMITHI KENDRA UDUPI,8925000.0,23,2,2,1
GopiKrishana Majoor Sahakari Sanstha Ruikheda,8924154.0,3,1,1,1
ASSISTANT ENGINEER GOPALPUR,8922795.0,10,1,1,1
DAS CONSTRUCTION,8916045.0,3,1,1,1
SPR Infra,8914918.0,11,1,1,1
Firose Khakhlari,8906965.0,45,1,1,1
MS BHARTIYA CONSTRUCTION,8892791.0,12,1,1,1
Chappidi Naresh,8884488.0,18,1,2,1
Navnit Sudhirrao Toley,8883837.0,10,1,2,1
VSR ASSOCIATES,8874012.0,15,1,1,1
ASSISTANT ENGINEER HARNAUT A C,8864811.0,25,1,1,1
Vysnavi Infra,8864361.0,9,1,1,1
K K Enterprises,8843281.0,5,1,1,1
INDRA JEET VERMA,8841837.0,12,1,1,1
KISHOR RAGHO PATIL,8835960.0,3,1,1,1
Teja singh and Sons,8835000.0,22,2,2,3
Prem construction kabja,8833623.0,12,1,2,1
C S R CONSTRUCTION,8826688.0,5,1,1,1
SHIV SHAKTI ENTERPRISES,8822831.0,16,2,2,2
KRISHNA KUMARI THEKEDAR,8808765.0,12,1,1,1
PO DRDA SOLAN,8800000.0,25,1,2,1
ALAM ENTERPRISE,8794115.0,5,1,1,1
G S Enterprises,8783575.0,37,1,1,1
ASSISTANT ENGINEER DEHRI,8773772.0,10,1,2,1
ANKITA TRADERS,8757234.0,27,1,1,1
NIKITA RATAN TAMBE,8746326.0,9,1,2,1
RAJA CONSTRUCTION,8744875.0,7,2,2,2
jeeve constructions,8732841.0,3,1,2,1
Singh Building Material,8730000.0,8,2,3,2
MODERN INDUSTRIES,8722559.0,5,1,1,1
SUNIL KUMAR GHOSH,8698260.0,3,1,2,1
ARATIK,8661600.0,3,1,1,1
KKJ ENTERPRISE,8649472.0,24,1,1,1
GIRIJA SHANKAR DUBEY,8635948.0,15,2,2,1
AMM ENTERPRISES,8623194.0,27,2,3,4
Krish Enterprises,8598198.0,15,1,1,1
MP STATE AGRO IND DEV CORPN LTD BURHANPUR,8579640.0,28,1,1,1
MS GADAHARI ENTERPRISES,8557869.0,15,1,1,1
UNITED GROUP OF CONSTRUCTION,8553600.0,3,1,1,1
SRI JEGATHI CONSTRUCTION,8541227.0,4,1,1,1
ANUDEEP REDDY YARRAPU,8526285.0,18,1,1,1
JAYANTA KUMAR JENA,8511898.0,19,1,2,1
BIDOLIWALA CONSTRUCTION COMPANY,8508486.0,3,1,2,1
JJ LALA PROJECTS PRIVATE LIMITED,8496784.0,7,1,1,1
SHRI YASHWANTRAYA MAJUR SAHAKARI SANSTHA MARYADIT,8494171.0,10,2,2,1
AKHILENDRA SINGH CONTRACTOR and SUPPLIER,8492074.0,5,1,1,1
Bellary Nirmithi Kendra Bellary,8485093.0,16,1,1,1
ASSISTANT ENGINEER JEHANABAD,8472445.0,21,1,1,1
UNNATI CONSTRUCTION,8432223.0,29,2,2,2
shri jagdamba construction,8413108.0,5,1,1,1
Manoj kumar singh,8409331.0,22,2,1,1
Mentiz Infratech India,8404098.0,11,1,1,2
Yajum Nirin,8400000.0,9,1,1,1
Construction of road from narayan kalita house to sabin boro house,8400000.0,9,1,1,1
SARASANI ANANTHA PADMA REDDY,8393678.0,53,1,1,1
Ms Luxmi Enterprises,8393652.0,36,1,1,1
Unnati AND Pragati Contractor and Supply,8392520.0,18,1,1,1
Ganesan K,8384571.0,6,1,1,1
Rakesh Singh Contractor,8363097.0,3,1,2,1
JAY MAA DURGE TRADERS,8357910.0,20,1,1,1
ASSISTANT ENGINEER BAKHARI,8351286.0,12,1,1,1
MANU KRISHI UDHYOG,8340000.0,29,3,4,2
SVSST INFRASTRUCTURE,8334984.0,24,1,1,1
Arun Constructions,8331375.0,23,1,1,1
Pradhan Infraventures,8322726.0,18,1,1,1
JAI SHIV TRADERS,8321409.0,6,1,1,1
VEENUS ENTERPRISES,8317424.0,31,1,1,2
BASKARAN A S,8299930.0,7,1,1,1
ms shakti traders,8291733.0,18,1,1,1
KCR CONSTRUCTIONS KADAPA,8288312.0,7,1,1,2
VIKASH ENTERPRISES,8277000.0,21,2,2,2
KS AND CO Constructions,8267991.0,6,1,1,1
ATIFICAL LIMBS MANUFACTURING CORPORATION OF INDIA,8265000.0,21,3,4,3
VARDHAN INFRA,8245608.0,3,1,1,1
INIYA CONSTRUCTIONS,8242810.0,20,1,1,1
Amit Traders,8199538.0,80,1,2,2
DSA CONSTRUCTION,8182897.0,5,1,1,1
ABHIJEET AGENCIES SOLAPUR,8182616.0,38,1,1,1
CHADARAM VENKATA RAMANA,8177587.0,6,1,1,1
SUBRATA SOUND AND ELECTRICAL WORKS,8170383.0,7,1,1,1
The New Punjab Cooperative L C Society LTD,8148206.0,41,1,2,1
VIVEK KUMAR SINGH,8146153.0,22,2,3,2
SRI NELCO ENTERPRISES,8141768.0,13,4,4,5
HR ENTERPRSES,8139528.0,6,1,2,1
MAA VAISHNO CIVIL SERVICES,8128674.0,12,1,2,1
HYDRANGEA ENTERPRISES,8125000.0,13,1,2,2
P Krishna murthy,8123823.0,15,1,1,1
Jay Ambika Enterprises,8117289.0,4,1,1,1
K K Construction,8111704.0,15,1,1,1
MANOJ GENERAL STORES,8098200.0,12,1,2,1
NEELA CONSTRUCTION,8097273.0,6,1,1,1
SAMPANGI NARESH,8083086.0,21,1,1,1
EST CONSTRUCTION,8079562.0,21,1,1,1
Mousumi Banik,8066962.0,2,1,1,1
SANDEEP YADAV,8055339.0,12,1,1,1
SHUNMUGAVEL,8055318.0,3,1,1,1
BHUDEV CONSTRUCTION,8050329.0,6,1,1,1
KANDAVALLI BUTCHAMMA,8042415.0,9,1,1,1
ARUN KUMAR UPADHYAY,8041789.0,7,1,1,1
Mastsyodari Majur Sahakari Sanstha Maryadit Ambad,8037240.0,9,1,1,1
Swing Craft,8035521.0,20,3,3,4
assistant engineer sasaram laeo wd 01,8013913.0,9,1,2,1
GLOBAL INFRATECH,8001234.0,6,1,1,1
BDO Rajgarh,8000000.0,39,1,2,1
SIDHARAT ENTERPRISE,7999970.0,10,1,1,1
HARIDEV ENTERPRISES,7998645.0,11,2,2,1
SURAJ CHANDRAKANT NALAWADE,7998550.0,8,1,1,1
VIKASH GUPTA,7996801.0,16,1,2,1
NEHRU RAJA,7996680.0,12,1,1,1
Subhash Acharjee,7991540.0,4,1,1,1
ABL CONSTRUCTIONS,7989047.0,4,1,2,1
Sengottuvel A,7957095.0,6,1,1,1
Krishna Construction Co,7954851.0,2,1,1,1
DEPUTY COMMISSIONER AND CHAIRMAN PROJECT MANAGER NIRMITHI KENDRA BELAGAVI,7950000.0,22,2,2,1
BELLARY NIRMITHI KENDRA BELLARY,7948014.0,12,1,1,1
BDO Pattanakkad,7945035.0,4,1,1,1
Dambhe Construction Company at post dhoptwadi patoda dist Beed,7938217.0,8,1,1,1
GRAMPANCHAYAT JALGAON GHAT TQ KANNAD,7936492.0,8,1,3,1
KALPAVRUKSHA ENTERPRISES,7935447.0,3,1,1,1
PARAMESWARI,7930022.0,15,1,1,1
BITS N BYTES,7918251.0,6,2,4,2
D K NIRMITHI KENDRA,7900000.0,7,1,1,1
RAM BHWAN YADAV,7898839.0,13,1,1,1
MS ND ENTERPRISE,7892915.0,26,1,1,1
Gram Panchayat Semra,7882912.0,10,1,2,2
G V INDUSTRIES,7877289.0,49,2,3,2
Paramount construction PWD,7875720.0,8,1,2,1
HARSHIT GOEL,7874133.0,18,1,1,1
SHASHIKUMAR,7868957.0,30,1,1,1
Ajay Subhashrao Ghavghave,7868562.0,13,1,1,1
VIGNESH N,7855617.0,4,1,1,1
JAGANNATH CONSTRUCTION,7854765.0,4,1,1,1
SHYAM JI ENTERPRISES,7848213.0,6,1,1,1
siddheshwar enterprises,7842777.0,4,1,1,1
JAYA SRI INDUSTRIES,7811532.0,12,1,2,1
BOSE CONSTRUCTION,7811332.0,22,1,2,1
SAHDEV AND SONS,7808591.0,16,1,1,1
NEW MALWA AGRO AND FABRICATORS DHAR,7801388.0,49,1,2,1
Nagaroots PVT LTD,7800000.0,1,1,1,1
SANTOSH KUMAR TAMRKAR,7799991.0,12,1,2,1
NABIN KUMAR SHAW,7794908.0,5,1,2,1
MS SAUVYA ENTERPRISES,7782576.0,19,1,1,1
HARSH CHOPRA,7780000.0,22,1,1,1
Junaid Rahim Shagoo,7776129.0,3,1,1,1
KSHITISH KUMAR PATEL,7770000.0,9,1,2,2
palanichamy,7766082.0,8,1,1,1
AKASH CONSTRUCTION,7757471.0,10,2,2,2
YELLA ASHOK,7755531.0,21,1,1,1
K PULLIAPPAN AND CO,7755000.0,6,1,1,1
Raja,7753953.0,6,2,3,2
Brenish K Sangma,7750000.0,11,1,1,1
R R Constructions,7750000.0,4,1,1,1
Aanvik Enterprises,7748301.0,15,1,1,1
Jambuwant Labour Co Op Society Ltd Ambad,7742976.0,9,1,1,1
ALPHA EQUIPMENTS,7737422.0,1,1,1,1
VC PHULDUNGSEI ZAMPUI,7720000.0,26,1,2,1
SAMBHAV ENTERPRISE,7717400.0,31,1,1,1
P KALICHARANREDDY,7716830.0,23,1,1,1
PUNJAB ENERGY DEVELOPMENT AGENCY,7714803.0,19,3,3,4
MAHATA ELECTRICAL AND ENGINEERING PRIVATE LIMITED,7706250.0,6,1,2,1
krishna nand mishra,7684740.0,18,1,1,1
Gopala Krishnan D,7682220.0,3,1,1,1
SAMRAT CONSTRUCTION,7679397.0,6,1,1,1
SHIVAM PRABHA CONSTRUCTION,7675840.0,4,1,1,1
RANI KUMARI,7671094.0,8,1,1,1
Superintendent of Police Koppal,7650000.0,3,1,1,1
ASSISTANT ENGINEER AC JAMUI LAEO WD 01 JAMUI,7640431.0,24,1,2,1
SOUTH ENTERPRISE,7634593.0,19,1,2,1
BDO Nalagarh MPLADS LOK SABHa,7620000.0,39,1,2,1
SINGH CONSTRUCTION,7618491.0,6,1,1,1
K J SUPPLIERS,7616611.0,10,2,2,1
Ms Mahendra Kumar Uttam,7608824.0,10,1,1,1
Avson Enterprise,7600000.0,12,1,1,1
MP Agro Seoni,7594078.0,21,1,1,1
KAMBOJ AGRI WORKS,7590000.0,46,1,1,2
R RAJENDRAN,7580000.0,4,1,1,1
OM SHAKTHI BOREWELLS,7562793.0,62,1,1,2
GIRDHARI KUNKAL,7557525.0,18,1,1,1
assistant engg atri,7551399.0,7,1,1,1
ELECTROMECH,7549404.0,6,1,2,1
TARA MAA ENTERPRISE,7541514.0,11,4,5,3
Keshav Enterprises,7536732.0,16,1,1,1
MADHUBANI VIDHAN SABHA,7532848.0,16,2,2,1
S K CHATTERJEE ELECTRICALS PVT LTD,7531452.0,15,1,2,1
EXCEL CONSTRUCTION,7529345.0,5,1,1,1
ROYAL BRICKS AND CONSTRUCTION,7524472.0,23,1,1,1
GANTA SHIVA KUMAR,7518094.0,13,1,1,1
MS RAMA CONSTRUCTION,7507504.0,24,1,2,1
Satendra Enterprises,7503585.0,24,1,1,1
Construction of Road from Harimura Bazae to Bijay Hajong house at Patalpur,7500000.0,6,1,1,1
PATEL INTER COLLEGE TENUA ASNAHARA BASTI,7500000.0,6,1,1,1
DRDA MADURAI,7500000.0,3,1,1,1
GRAM PANCHAYAT HINAUTI,7500000.0,3,1,1,1
R K IMAGING,7500000.0,3,1,1,2
Const of Bye Lane No 1 Holly Home Senior Secondary School road,7500000.0,6,1,1,1
RES SINGRAULI,7500000.0,9,1,1,1
JT Enterprise,7500000.0,3,1,1,1
ms galaxy agency,7500000.0,25,1,1,1
R M BUILDERS,7500000.0,6,1,1,1
Abhishek Prakash Jain,7500000.0,7,1,1,1
V NATHAN,7500000.0,6,1,1,1
S S N SCIENCE ACADEMY,7500000.0,6,1,1,1
C Chithambaram,7499916.0,9,1,2,1
SRI BALAJI AND COMPANY,7499589.0,3,1,1,1
Mahammad Abdul Rahim,7499356.0,8,1,1,1
gagan book supplier,7499325.0,6,1,1,2
V Radhakrishnan,7499277.0,6,1,2,1
Venkat Perumal Subbiah,7498965.0,3,1,1,1
jahnavi prakashan,7498425.0,6,1,1,2
GRAM PANCHYAT DHORA,7498148.0,4,1,1,1
dev narayan panday,7498105.0,7,1,1,1
SAKADEVAN C,7498065.0,6,1,1,1
ABHISHEK RAMESH PATIL,7497000.0,6,1,1,1
S M S ENTERPRISE,7496589.0,3,1,1,1
M S SOFIA ENTERPRISES,7494303.0,3,1,1,1
Saikrupa Enterprises,7493562.0,3,1,1,1
SANJOG EKNATH MANKAR,7490010.0,6,1,1,1
SHREE JEE ENTERPRISES,7489445.0,33,2,2,2
TALARI OBULESU,7488185.0,15,2,2,1
Gram Panchayat Bondakhunta,7484514.0,6,1,1,1
ABHAY RAJ SINGH,7481571.0,6,1,2,1
MANJEET KUMAR YADAV,7479082.0,12,1,1,2
A S SANKARAN,7474992.0,6,1,1,1
Ch Dnyaneshwar Majoor Sahakari Soc LDT,7470471.0,3,1,1,1
KAMAL SWROOP,7468512.0,6,1,1,1
awadh construction,7468200.0,6,1,1,1
RUDRA INFRATECH,7458660.0,6,1,3,1
Karthick Prathap,7453006.0,9,1,2,2
Block Development Office Kotkhai Lok Sabha,7450000.0,54,1,2,1
M MADANKUMAR,7449456.0,6,1,2,1
Automotive Manufacturers Pvt Ltd Secunderabad,7448372.0,2,1,1,1
CR ASSOCIATES,7442256.0,3,1,1,2
WAN ENTERPRISE,7437249.0,3,1,1,1
TARUN CONCRETE UDYOG,7430578.0,7,1,1,1
SAMARPAN CORPORATION,7429850.0,11,2,3,2
VARUN ENTERPRISES,7429175.0,10,2,2,2
Ms Sarla Enterpreneur,7421442.0,3,1,1,1
SUSANTA KUMAR DAS,7417149.0,10,1,2,1
GRAM PANCHAYAT PANDOKHAR,7416798.0,12,1,1,1
AWNISH KUMAR,7408299.0,6,1,1,1
RAMESH B,7397092.0,7,1,2,1
MANJU SHARMA,7392039.0,6,1,1,1
SUDIP BALA,7385628.0,3,1,2,1
S A MANIRAJ,7384942.0,17,1,2,1
omparkash,7380112.0,16,1,1,2
Nutra Marketing,7375520.0,36,2,2,1
BAJRANG ENTERPRISES RAKESH SINGH,7375473.0,6,1,1,1
R G SUPPLIERS,7372524.0,94,1,1,2
ARJUN KUMAR SAH,7370000.0,76,1,2,1
GANGASARAM SRINIVAS REDDY,7369048.0,29,1,1,1
SAGI CONSTRUCTIONS,7369026.0,3,1,2,1
MOPURI RAMBHUPAL,7368855.0,15,1,1,1
MUSAYYADA,7362556.0,4,1,1,1
MS YASH CONTRACTOR AND SUPPLIERS,7362256.0,14,1,1,1
BDO Kunihar,7350000.0,30,1,2,1
Ramachandran,7345860.0,12,2,3,3
ELANGO,7345069.0,10,1,1,2
GP KHAIRA JP RAIPUR KARCHULIYAN,7332000.0,3,1,1,1
NAGARAJ,7329091.0,29,1,1,1
MAHAKAAL ENTERPRISES,7323732.0,40,1,1,1
KothanyaConstruction,7318047.0,3,1,1,1
ASSISTANT ENGINEER AC SIKANDRA LAEO JAMUI,7303575.0,20,1,2,1
MINI BANK LAMPS SARADA,7294300.0,44,1,2,1
Rasapillai,7284066.0,11,1,2,1
S R Enterprise,7283371.0,34,2,3,2
Gram Panchayat Pipaldagadi janpad Panchayat Dharmp,7282257.0,19,1,2,1
GRAM PANCHAYAT SINGHORA,7268643.0,9,1,1,1
The Sumit Co Op LC Society,7205952.0,17,1,1,1
gram panchayat tendudol,7200000.0,6,1,1,1
Mookambika Constructions,7200000.0,7,1,1,1
Construction of LT line for providing power supply to street lights,7200000.0,6,1,1,1
CC for Dabari Road,7200000.0,6,1,1,1
ASST ENG BENIPATTI VIDHANSABHA,7199083.0,7,1,1,1
Thangavelu,7191078.0,6,1,1,1
Kradhi Mushahary,7189416.0,15,1,2,1
MD HASIBUL HOSSEN,7188117.0,9,1,2,1
ECO SYSTEM,7176000.0,24,1,3,1
Suman Construction Company,7171908.0,3,1,2,1
MOHAMMAD SIDDEQ,7169367.0,97,1,1,1
ARCHITECTURAL ENGINEERING CONSTRUCTION COMPANY,7159206.0,3,1,1,1
BIPIN BIHARI,7157406.0,12,1,1,1
SUNDHA MATA CONSTRUCTION,7152540.0,9,1,1,1
Manoj Madhukar Waingankar,7145879.0,11,1,1,1
KINJARAPU RAMESHBABU,7143090.0,6,1,1,1
ASSISTANT ENGINEER NDZP,7141260.0,6,1,1,1
DHAMMAREDDY PRADEEP,7138572.0,21,1,1,1
IMON CONTECH,7134865.0,18,1,2,1
SAINIK SCHOOL AMETHI,7128000.0,3,1,1,1
LG ARASU,7125531.0,10,1,2,1
G H ENTERPRISES,7125147.0,69,1,1,1
RAJA,7122978.0,9,1,2,2
SRI ARUPADAI VELAVAN WATER SUPPLY,7111245.0,6,1,1,1
FOR NETALI PROJECTS PRIVATE LIMITED,7095865.0,10,1,2,1
ASST ENGINEER LAEO WD 1 BEGUSARI VSK BACHHWARA,7087055.0,7,1,1,1
ARHAM CONSTRUCTION,7076293.0,16,1,1,1
ANAND KUMAR,7058560.0,20,3,3,3
Rupashree Patel JE,7058397.0,15,1,2,2
A K CONSTRUCTION,7058203.0,17,2,2,2
DIVINE ENTERPRISES,7050000.0,10,2,3,3
ARYAN ENTERPRISES,7043735.0,22,2,2,2
Derhasad Basumatary,7037729.0,5,1,2,1
SAKTHIVEL,7025175.0,6,1,1,2
SRINIVASA CONSTRUCTION,7020222.0,8,1,1,1
cmo shivpuri,7020000.0,12,1,1,1
Om Buildcon,7018071.0,6,1,1,1
Prabh Kirpa Enterprises,7006458.0,17,1,1,1
KOMMURAJULA UPPALAIAH,7004906.0,19,1,1,1
VARUN KUMAR CONTRACTORS,7001351.0,15,1,1,3
Multiplex Technologies,7000000.0,7,1,1,1
YADNYESH ENTERPRISES NASHIK,7000000.0,5,2,2,1
Block Development Office Chopal Lok Sabha,7000000.0,44,1,2,1
Balaji Majur Sahkari sanstha maryadit,6999757.0,7,1,1,1
S N Enterprises,6998843.0,12,4,5,3
Bagalamukhi Enterprises Private Limited,6996500.0,14,1,2,1
KURUBA SESHAPPA,6995399.0,14,1,1,1
G VENKAT REDDY,6994764.0,14,1,1,1
TUSHAR DNYANESHWAR JOMDE,6994336.0,7,1,1,1
G Ilangumaran,6992396.0,7,1,1,1
ASHOK MAJUR SAHAKARI SANSTHA LTD,6991852.0,7,1,1,1
PRESIDENT VILLAGE WORKS COMMITTEE ELLAPALLE,6991427.0,20,1,1,1
COOPERATIVE STORE,6991425.0,7,1,2,1
SHREYASWIFT INDIA INFRA PPRIVATE LIMITED,6989500.0,7,1,1,1
DATTA AND CO,6989301.0,6,2,3,1
T AZHAGESAN,6982155.0,8,1,1,1
Youth Service sand Sports Department,6982102.0,26,1,1,1
MAGASWARGIYA KARUNA MAJOOR SAHAKARI,6980313.0,7,1,1,1
DIVAGAR CONSTRUCTION,6976110.0,2,1,1,1
MS SAURAV ENTERPRISES,6972266.0,7,1,1,1
Sambathkumar construction,6970404.0,3,1,2,1
Surya Teja Bore wells,6969246.0,43,1,1,1
ASSISTANT ENGINEER SIKTA,6959018.0,9,1,1,1
Ganpati Commucation Services,6926589.0,6,1,1,1
Santosh Kumar Sahni,6922947.0,7,1,2,1
DYCONN ENTERPRISE,6916847.0,7,1,1,1
BIKASH DUTTA,6915444.0,3,1,2,1
P AND T CONSTRUCTION,6913404.0,3,1,2,1
PRAYAG ENTERPRISES,6912670.0,8,1,1,1
R BHARATHI,6898890.0,21,1,1,1
KATTUBADI SRINIVASULU,6898470.0,15,1,1,1
E SOLUTIONS,6895725.0,6,1,1,1
MASRAT SIDIQ GILKAR,6894000.0,1,1,1,1
GRAM PANCHAYAT KURWAH,6892776.0,32,1,1,1
Ms Dheeru Traders,6892269.0,6,1,2,1
GRAM PANCHAYAT BHEDVAN,6886026.0,12,1,2,2
EE EDD III Azamgarh,6884508.0,12,2,3,1
Perugu Hari Priya,6875677.0,14,1,1,1
Advent Infomax Pvt Ltd,6871452.0,317,1,1,1
Singh Construction,6868549.0,9,1,1,1
Pankaj Roy,6865383.0,3,1,2,1
AJAY KUMAR VERMA,6864303.0,6,1,1,1
BAJRANG ENTERPRISES,6850000.0,13,1,1,2
SIDRA CONTRACTOR AND SUPPLIER,6848904.0,3,1,1,1
MOHAMMAD TAYYAB KHAN,6830730.0,6,1,2,1
PONNABOYANA SRINIVAS,6821852.0,8,1,1,1
SHRI BALAJI ENTERPRISES,6821541.0,12,1,1,1
Munavath Raju,6807845.0,17,1,1,1
KHAN TRADERS,6802577.0,8,1,1,1
Lhangti Konyak,6800000.0,1,1,1,1
ADVENT INFOMAX PVT LTD,6795531.0,9,1,1,1
SRISHTY INFRA,6789837.0,12,1,1,1
DIKSHA ENTERPRISE,6785058.0,4,1,2,1
SREE THIRUPATHI MARKETING,6781848.0,14,1,1,2
K M Technologies,6778185.0,5,3,4,3
AMICHANDBHAI PATEL GROUP SERVICES,6769251.0,9,2,2,2
SUKHVEER SINGH,6768524.0,16,2,2,2
ASSISTANT ENGINEER KARGAHAR,6765423.0,9,1,2,1
Sunil Namdev Chavhan,6750000.0,5,1,1,1
BRINDAVANA CONSTRUCTIONS,6750000.0,4,1,1,1
KRS Enterprises,6748811.0,12,2,2,2
MANAN CONSTRUCTION,6745473.0,6,1,1,1
GRAM PANCHAYAT KANDUL,6745014.0,9,1,1,1
KSEDC Ltd,6731537.0,13,4,5,3
AMN ENTERPRISES,6731161.0,13,1,1,1
Rana Construction,6728782.0,82,1,1,1
Divya Enterprises,6726810.0,9,1,1,1
Yograj Builders And Developers,6724691.0,10,1,1,1
MADIHA TRADERS,6698000.0,10,1,1,1
SMT SUREMA DEVI,6697767.0,10,1,1,1
Nandkishor Namdeorao Thote,6696288.0,3,1,1,1
R M MP Agro Satna,6692395.0,23,1,1,1
GP BHANAURA,6687930.0,5,1,2,2
GAYATRI CONSTRUCTION PROP HARSHVARDHAN PRATIK,6684984.0,5,1,1,1
CHANDRAKUMAR R,6677859.0,6,1,1,1
NITIN KUMAR VERMA,6670805.0,7,1,1,1
Peoples Service Point,6666300.0,12,1,1,1
JYOTHIRMAI INFRASTRUCTURES,6663267.0,6,2,2,2
Block Development Office Rampur Lok Sabha,6650000.0,17,2,2,1
MS APT CONSTRUCTIONS,6645485.0,4,1,1,1
Radhey Mohan International,6640618.0,29,3,3,4
SHAHIR TRADING AND CONSTRUCTION COMPANY,6639364.0,14,1,1,1
ANIKET GAJANAN DHENGALE,6636984.0,8,1,2,1
ANNADURAI E,6633639.0,3,1,1,1
A P R ENTERPRISES,6623434.0,5,2,2,2
Rabindra Nath Singh,6620066.0,34,1,1,2
VASUDEVA NAIDU KOLLU,6617529.0,18,1,1,1
janpad panchayat kasrawad,6601000.0,29,1,2,1
Sanwariya Enterprises,6600000.0,9,1,2,1
SHERIN ENTERPRISES,6600000.0,33,1,2,3
Amol Malu Lambore,6597000.0,14,1,1,1
Sri Elumalaiyan Enterprises,6595902.0,6,1,1,1
BHARDWAJ CONTRACTOR,6592596.0,21,1,2,1
Salim Constructions,6591909.0,6,1,2,1
AB Ventures,6590899.0,48,1,1,2
NB HARDWARE STORE,6589889.0,12,1,1,1
SK INDADUL HOQUE,6588415.0,13,1,1,1
SURESH KUMAR,6587491.0,16,2,2,2
Pandan,6587004.0,3,1,2,1
DEBASIS PALUI,6581024.0,8,1,2,1
Power Solutions,6580064.0,2,1,1,1
Sureshkumar V,6570089.0,5,1,1,1
EXECUTIVE ENGINEER OPERATION VIZIANAGARAM TOWN,6556515.0,13,1,1,1
MA ANNAPURNA LIGHT AND SOUND SYSTEM,6547575.0,12,1,1,1
ASHISH KUMAR SINGH,6547425.0,12,1,1,1
SABNUR CONSTRUCTION,6545058.0,3,1,1,1
SHARMA ASSOCIATES,6544630.0,13,1,2,1
SHREE HARI CORPORATION,6544000.0,16,1,1,1
SATHYA ENTERPRISES,6532361.0,22,2,3,2
RAJKUMAR KOLEY,6515298.0,6,1,2,1
SHRAVANA ENTERPRISES,6510964.0,16,1,1,1
Online Communication,6507643.0,16,1,1,1
NAGAR PALIKA PARISHAD BARWANI,6499997.0,21,1,2,1
Padmawati Mssm,6495067.0,3,2,2,1
RAJESK KUMAR RAI,6493896.0,3,1,1,1
NANNE TRADERS,6492438.0,6,1,1,1
NEW GUPTA ELECTRIC WORKS,6489826.0,13,1,1,1
KPL Equipments Pvt Ltd bhopal mp,6483815.0,24,2,3,2
NaveenKumar Venkatesan,6479700.0,9,1,2,1
DHANYABOTI SORHIA,6474466.0,26,1,1,1
Tamil Nadu Medical Services Corporation Ltd,6459675.0,4,2,2,2
JAYAVANTI DEVI,6457554.0,44,1,1,1
HARSH VARDHAN SINGH SISODIA,6446506.0,5,1,2,1
MD LAL MOHAMMED,6445776.0,16,1,1,1
Ganga Bharti Lebor CO OP Society Partur LTD Partur,6445749.0,9,1,1,1
SAikrupa Construction,6444133.0,4,1,1,1
BASAVARAJ GUMATIMATH,6433188.0,62,2,2,1
VENTURE SPECTACULAR,6415047.0,9,2,2,2
BOND CONSTRUCTION,6414809.0,15,1,1,1
THE RAM CO OP AND CONST SOCIETY LTD KKR,6414396.0,21,1,1,1
Lallan singh contractor,6412675.0,10,1,1,1
VIDYA SINGH,6411260.0,35,1,1,1
SREEJITA ENGINEERING,6397119.0,12,1,1,1
MS NACHIYAR CONSTRUCTION,6393894.0,4,1,1,1
BDO Baijnath MPLAD Lok Sabha,6393370.0,51,1,1,1
MS H K CONSTRUCTION,6392188.0,11,1,1,1
MOUROUGANE,6387852.0,2,1,1,2
AVVNL GOTAN,6384522.0,45,1,1,1
SWAGATA DAS,6382953.0,9,1,1,1
RAJAT SUBHRA MANDAL,6381631.0,2,1,1,2
vpr enterprises,6360785.0,20,1,1,1
MS JP CONTRCTOR,6352562.0,10,1,1,1
GURUSHARAN CONSTRUCTION,6343362.0,12,1,1,1
PSK SANTOSH PATRO,6341290.0,21,1,2,1
PRABHAT CONSTRUCTION AND SUPPLER,6338988.0,6,1,2,1
Vaishno Electrical,6337656.0,52,1,2,1
chamunda construction,6335361.0,14,1,1,1
BIMAL KUMAR DAS,6334434.0,9,1,1,1
PRAFULLA KUMAR SAHU,6300000.0,9,1,1,2
Sahayog MKSS,6300000.0,3,1,1,1
CHAIRMAN NIRMITHI KENDRA AND DC KOPPAL,6300000.0,6,1,1,1
SELCO SOLAR LIGHT PRIVATE LTD,6294876.0,21,1,2,1
MP AGRO JHABUA,6288400.0,79,1,2,1
DHOLEKHAM GROUP GRAM PANCHAYAT,6284961.0,21,1,1,1
KOMU VIKRAM REDDY,6276645.0,13,1,1,1
YOGESH KUMAR YADAV,6274633.0,17,1,1,1
AMARJEET YADAV,6269228.0,20,1,1,1
ANAND KUMAR GUPTA,6267912.0,8,1,1,1
MAA DURGA SALES CORPORATION,6266718.0,3,1,2,1
SEEMA TRADERS,6264678.0,6,1,1,1
MOHD ASSIF,6253710.0,28,1,1,2
P S Rajendran Puduvettagudi,6251071.0,5,1,2,1
MS Maa Kali Construction,6250142.0,13,1,2,1
PO DRDA Sirmaur,6250000.0,24,1,2,1
NAV BHARATH CONSTRUCIONS,6249044.0,38,1,1,2
SHALINI KUMARI,6240431.0,5,1,1,1
JAHARLAL DUTTA,6229850.0,2,1,1,1
ASSISTANT ENGINEER GURUA,6224872.0,8,1,3,1
SURAJ KUMAR,6221697.0,31,1,1,1
SHRI SAI CONSTRUCTION,6217421.0,12,1,1,1
PRAMOD KUMAR,6216588.0,6,1,2,1
GNS CONSTRUCTION,6215670.0,6,1,1,1
Sri Lakshmi Narasimha Enterprises,6208169.0,13,1,1,1
Gopalakrishnan,6205582.0,4,1,1,2
NIRMITHI KENDRA YADGIR,6205000.0,8,1,1,1
PRAVINDRA KUMAR,6203649.0,17,1,1,1
RAJ KISHOR CHOUDHARE,6202863.0,13,1,1,1
GVA BOTTLES AND TINS,6200000.0,12,1,1,1
JAI MATA DI ENTERPRISES,6200000.0,16,1,2,1
BDO DHARAMSHALA MPLADS,6194930.0,27,2,4,1
SURASANI PRAVEEN KUMAR,6193883.0,13,1,1,1
DINESH KUMAR DUBEY,6180823.0,19,1,1,1
HARIOM CONSTRUCTION,6178683.0,3,1,2,1
GRAM PANCHAYAT GAMDI PURV,6167700.0,21,1,2,2
MAIDUL KHAN,6161243.0,4,1,2,1
IIT road to Ghana Boro,6160000.0,4,1,1,1
ASHOK KUMAR YADAV,6160000.0,12,1,1,1
INTELIN NETSOL,6158482.0,39,2,2,1
Village Council Kawnpui III,6150000.0,16,1,2,1
SUNDARAMOORTHY P,6144063.0,9,1,1,1
S S Agriculture Industries,6140000.0,34,2,2,3
The Bandh Coop LC Soc Ltd Bandh,6134355.0,2,1,1,1
Yadav Tradersh Nagod,6130000.0,26,1,1,1
UDIPTA KUMAR BORAH,6128877.0,13,1,1,1
RAMESHWAR CONSTRUCTION,6127361.0,17,1,2,1
TVR GROUPS,6114315.0,13,1,1,1
AE  ARWAL,6111883.0,21,1,1,1
MAHALAXMI TRADING COMPANY,6108688.0,21,2,3,2
P Selvam,6098694.0,5,1,1,1
GRAM PANCHAYAT NAUDIYA,6096258.0,25,1,1,1
JIJAI MAJUR SAH SOCIETY,6095411.0,7,1,1,2
JPN Bhattray,6091494.0,21,1,2,1
Punyashila Automobiles,6088000.0,64,1,1,1
ANSHIKA CONSTRUCTION,6064585.0,9,1,1,1
PRATIK VINODRAO MANIKPURE,6064353.0,7,1,1,1
ELITE PULSE HEALTH CARE PRIVATE LIMITED,6057381.0,6,1,1,1
VELAN CONSTRUCTION,6047552.0,4,1,1,1
MOHANRAJ AND CO,6044970.0,3,1,1,1
Chief Medical Officer Kupwara,6040125.0,5,1,1,1
PRADEEP CHATURVEDI,6039705.0,6,1,1,1
CEO Sonkatch,6018300.0,13,1,2,1
GAYATRI CONSTRUCTION GOTAND,6006576.0,9,2,4,1
BABULA BEHERA,6000000.0,19,1,2,1
MS RAMSAKHI TRADERS,6000000.0,6,1,3,1
MS DC Enterprises,6000000.0,3,1,1,1
AXOM AUTOMOBILES PVT LTD,6000000.0,6,1,1,1
PSR Constraction,6000000.0,3,1,2,1
A M CONSTRUCTION,6000000.0,6,1,1,1
PANINDIA FABRICATOR,6000000.0,9,1,1,1
S K FURNITURE,6000000.0,24,1,2,1
Mama Miso,6000000.0,3,1,1,1
Nirmithi Kendra Hassan,6000000.0,8,1,1,1
Mhachen Humtsoe,6000000.0,2,1,1,1
MHIP Branch Lengpui,6000000.0,18,1,2,1
Maa Vaishno Shaikshik Evam Dharmarth Trust,6000000.0,6,1,1,1
MAGIZH ENTERPRISES,6000000.0,30,1,2,2
MS Heaven Traders,6000000.0,6,1,2,1
GRAM PANCHAYAT BADE DABHA,6000000.0,12,1,1,1
SHYAM KUMAR SHUKLA,6000000.0,15,1,1,1
MS ARSANG ENTERPRISE,6000000.0,3,1,1,1
BRAHMANND EDUCATION ACADEMY INTER COLLAGE,6000000.0,6,1,3,1
Ramamoothy D,6000000.0,3,1,1,1
B S Associates,6000000.0,3,1,1,1
mustak khan,5999904.0,6,1,1,1
P MASANA PANDI,5999676.0,6,1,1,2
CHENDHUR CONSTRUCTIONS,5999494.0,2,1,1,1
SRI VAARI INFRAS,5998083.0,1,1,1,1
GOVINDA SHANTILAL UPADHYAY,5997381.0,3,1,2,1
MSMODAMAMBA CONSTRUCTIONS,5997141.0,6,1,2,1
Alongbar Daimary,5997000.0,3,1,2,1
GP DHIRUTOLA,5996800.0,10,1,2,1
R S Construction,5996535.0,3,1,2,1
AMOL BADRINARAYAN KALASKAR,5996000.0,6,1,1,1
VINIT GOVIND BHATIA,5995926.0,6,1,2,1
GEETA CO OP LABOUR SOCIETY LTD,5995444.0,5,2,2,1
Sneha Majour Sahakari Sanstha Mayadit,5995443.0,3,1,1,1
SHOBHA SINGH,5994891.0,6,1,1,1
Kishor Eknath GIte,5994300.0,6,1,1,1
PALANIVEL,5994285.0,6,1,1,1
Abhay Shankar Kambali,5994249.0,3,1,1,1
Chevuru Janardhana Reddy,5993703.0,12,1,2,1
NEW NASKAR ENTERPRISE,5993199.0,3,1,2,1
NILESH SHRIVANT WANKHADE,5992797.0,12,1,2,1
MODERN DECOR,5992680.0,6,1,1,1
SANSKRUTI ASSOCIATES PVT LTD,5992500.0,2,1,1,1
RUPESH AND HAWASINGH SALES,5992203.0,6,1,1,1
Mauli Vighnaharta Construction Company,5991826.0,8,1,2,1
SHRI MUKUNDRAJ MAJOOR SAHAKARI SANSTHA,5990938.0,2,1,1,1
PAKITH BHUTIA,5989641.0,3,1,1,1
DUGGASANI VIJAYAKUMARREDDY,5987586.0,12,1,1,2
ZIAD CONSTRUCTION,5986746.0,12,1,2,1
Pankaj Majur Sahkari sanstha maryadit,5986215.0,6,1,1,1
BATIGHAR MUKTITRADE PRIVATE LTD,5985516.0,4,1,1,1
PAL AND SONS,5984253.0,12,1,1,1
GOPALA KRISHNAN D,5983815.0,3,1,1,1
M M ASSOCIATES,5982843.0,3,1,1,1
MS hari om krishi farm Surat,5981457.0,9,1,2,1
Maruti Suzuki India Limited,5979624.0,11,5,5,4
SNEH HYDRATECH ENGINEERING SOLUTION,5973500.0,4,1,1,1
SUDHIR SHIRISH DIVEKAR,5973183.0,6,1,2,1
KEERTHISHA S K,5973170.0,12,1,1,1
Kshatriya Constructions,5972178.0,4,1,1,1
BATRA CONSTRUCTION,5969942.0,6,2,2,1
Totaram Baba Mss Ltd,5967946.0,6,1,1,1
SARPANCH GRAM SEVAK GRAMPANCHAYAT SHIRASGAON TQ KANNAD,5963151.0,6,1,3,1
Vaibhav Pradip Jadhav,5959341.0,3,1,1,1
N KAMALAKAR REDDY,5958860.0,53,1,1,1
Karthikeya Constructions,5958720.0,3,1,2,1
SAHAYAK ABHIYANTA BABUBARHI VIDHAN SABHA,5958095.0,13,1,1,1
Mategama Vinod Reddy,5957030.0,22,1,2,1
K N ENTERPRISE,5949443.0,19,1,1,1
R Venkatesan,5948952.0,9,1,1,1
SHAIKH FARID SAMAD,5947557.0,3,1,1,1
ACHALPUR MAJOOR KAMGAR SAHAKARI SANSTHA,5947008.0,6,1,2,1
ANAND SHANKAR,5946264.0,6,1,1,1
CCM ENTERPRISE,5942765.0,5,1,1,1
Nitish Kumar,5936397.0,6,1,2,1
VENKATA SEKHAR DERANGULA,5935254.0,12,1,1,2
Varkala Venkat Reddy,5933766.0,2,1,2,1
NIMBUS ENTERPRISE,5933256.0,3,1,1,1
Shyn Construction,5932509.0,6,1,1,1
C Sathya Narayana,5932107.0,12,1,1,1
N ASHA,5928279.0,24,1,2,1
S ANANDA NAIDU,5923311.0,12,1,1,1
PURIFY AND COMPANY,5921016.0,7,2,2,2
GAURAV CONTRACTOR,5918031.0,8,1,1,1
Moby Mohanan,5917920.0,5,1,1,1
KAMESHWAR PRASAD SINGH,5916894.0,6,1,2,1
VAIBHVI CONSTRUCTION AND SUPPLIERS,5913579.0,6,1,2,1
B B Enterprises,5909628.0,3,1,1,1
MAHALAXMICONTRACTOR,5905638.0,6,1,1,2
Sreenath Engg Sales And Service Pvt Ltd,5905200.0,3,1,1,1
GRAM PANCHAYAT HALLOOR,5901812.0,16,1,2,1
Kaleshwar Majur Kamgar Sahkari Sanstha Kaleshwar,5898471.0,3,1,1,1
EDISON K,5895000.0,3,1,1,1
Dharmendra Naik,5894873.0,18,1,1,1
ASSISTANT ENGINEER PIRPAINTI,5891543.0,7,1,1,1
NITHIYAKUMARAN B,5891496.0,12,1,1,1
SORNAGANDHI,5888652.0,6,1,1,1
B DAKSHINESWARA REDDY,5887374.0,12,2,3,1
ADARSH KUMAR,5885533.0,15,1,1,1
RAYCON COOPERATIVE LABOUR CONTRACTS CONSTRUCTION SOCEITY LTD,5880634.0,4,1,1,1
Barman Construction,5880000.0,6,1,1,1
Sunshine Projects,5870393.0,9,1,1,1
T C Iyyappan,5850000.0,3,1,1,1
MANIVEL AND CO,5850000.0,3,1,1,1
VDH ENGINEERING SERVICES,5841863.0,13,1,1,1
MANDAL ENTERPRISE,5841636.0,19,1,1,1
SANIL AHMAD,5839068.0,6,1,1,1
Niru Kataki Boruah,5838427.0,8,1,1,1
TAGESWAR PEGU,5836685.0,22,1,1,1
MESSERS MAHI INFRA,5831554.0,4,1,1,1
K Vadivel,5828806.0,5,1,1,1
MS ALOK CONSTRUCTION,5819003.0,11,1,2,1
AADHI CONSTRUCTIONS,5818986.0,6,1,1,1
PULIKESI M,5818747.0,5,1,1,1
DURGA DAS ROY,5815308.0,3,1,1,1
SRINIVASA RAO YARLAGADDA,5815128.0,16,1,1,1
The Chinder Sihag Co Op LC Society Ltd,5809652.0,6,1,1,1
PANDURANG SITARAM BHALERAO,5798194.0,8,1,1,1
KERALA STATE ELECTRONICS DEVELOPMENT CORPORATION LTD,5797284.0,31,4,4,2
PALLAPU VENKATESWARLU,5796041.0,10,1,1,1
SSS CONSTRUCTION,5793572.0,11,1,1,1
ESSAR CONSTRUCTIONS,5786616.0,3,1,2,1
LUDHIANA SALES CORPORATION PRIVATE LIMITED,5776395.0,9,1,2,1
RIYA SALES,5773750.0,15,1,1,1
Harish Infra Projects,5769657.0,4,2,2,1
JITENDRA KUMAR,5765681.0,21,2,2,2
Samui Engineering and Construction,5760000.0,6,1,2,1
ASIB ENTERPRISE,5758516.0,1,1,1,1
Rahaman Enterprise,5757361.0,4,1,1,1
T R CONSTRUCTION COMPANY,5756100.0,3,1,2,1
RTO SAMBALPUR,5753000.0,2,1,1,1
Kailash Eknath Suryawanshi,5748342.0,6,1,1,1
MUKESH KUMAR BANJARE,5746182.0,24,1,2,1
BDO Sulah,5744794.0,41,1,1,1
Uves Enterprises,5729611.0,65,1,1,2
R B Enterprise,5720613.0,9,2,3,1
Nallusamy,5712125.0,14,1,1,1
Dundra Kumara Swamy,5706711.0,37,2,2,2
Koduru Rajesh Reddy,5706297.0,6,1,2,1
SIVA BALAJI CONSTRUCTIONS,5702751.0,6,1,1,1
Siddhi Associates,5701632.0,10,1,1,1
AMIYA GHARAMI,5700564.0,3,1,2,1
KAMAL KUMAR MODI,5700000.0,16,1,2,1
RAJENDRA BEHERA,5700000.0,9,1,2,2
SRK Construction,5700000.0,3,1,1,1
G P BASSA,5700000.0,9,1,1,1
EBIN SAM,5700000.0,4,1,1,1
SHREE BALAJI CONSTRUCTION,5699905.0,11,4,4,4
EDD SALON,5699880.0,3,1,1,1
MANISHA CONSTRUCTION CO,5698075.0,13,1,1,1
Perumal Work Contractor,5696751.0,6,1,2,2
Aditya Ganeshrao Gawande27AWDPT5004E1ZQ,5695567.0,11,1,2,1
MOHAMMAD ZAHEED HUSSAIN,5691093.0,15,1,1,1
K RAJENDRAN,5687895.0,6,1,1,1
Khushal Chand,5681312.0,10,1,1,1
MP STATE COOPERATIVE MARKETING FEDERATION LTD,5680980.0,22,1,1,1
LAKSHMI B,5674947.0,3,1,2,1
NANDA CONSTRUCTIONS,5674710.0,6,1,2,1
JIGMEE WANGCHUK LACHENPA,5671068.0,3,1,1,1
JOSEPH P V,5668955.0,4,1,1,1
Amalirani Sebasdiyan,5666928.0,6,1,1,1
PERUMAL RAJ CONTRACTOR,5655166.0,4,1,1,1
Krishna Enterprises,5650000.0,33,1,2,1
MURUGAN P,5648622.0,4,2,2,2
ASSISTANT ENGG HARLAKHI VIDHAN SABHA,5640909.0,6,1,1,1
K V PRASANNA KUMAR,5625000.0,3,1,2,1
ASSISTANT ENGINEER MAKHDUMPUR,5616375.0,16,1,1,1
Venna Kasi Reddy,5613731.0,7,1,1,1
President Pragati Majoor Sahakari Sanstha Ltd,5610761.0,7,1,1,1
BHATTACHARJEE AND COMPANY,5609634.0,3,1,1,1
Neelam Enterprises,5603302.0,15,1,1,1
BDO MASHOBRA LOK SABHA,5600000.0,49,1,2,1
Rani Motors,5600000.0,7,1,1,2
Kalpana Construction,5598960.0,3,1,1,1
JAGADEESHWAR HANUMANDLA,5590630.0,28,1,2,1
JAGANNATH MUNDA,5588304.0,12,1,2,2
Shrma Sports and Garments,5584251.0,11,1,1,3
VIJAYAKUMAR CONSTRUCTION,5580528.0,5,1,1,1
The Titoli Co Op L and C Society LTD,5577073.0,7,1,1,2
SAI MOTORS,5576840.0,14,3,3,3
SHIVAM CONSTRUCTION,5574207.0,14,1,1,1
SHREE ENTERPRISE,5561750.0,16,2,3,1
Balaji Constructions,5550000.0,3,1,1,1
SUNIL SABAVVA SANDRIMANI,5548629.0,23,1,2,1
ENGINEERS VERTICAL SERVICES PVT LTD,5543370.0,3,1,1,1
Garg Constructions,5534369.0,29,1,1,1
JIBON KRISHNA PATRA,5532147.0,4,1,2,1
JAYA S,5531991.0,2,1,1,1
AVR TRADER,5525009.0,8,1,1,2
DPS Enterprises,5518188.0,18,1,1,1
N K ENGINEERING,5514075.0,12,1,2,1
RAJ ENTERPRISE,5508786.0,16,3,3,3
SHARAFAT ULLA,5506737.0,6,1,1,1
Mor Traders,5505076.0,8,1,1,1
ANBALAGAN D,5505039.0,3,1,1,1
Construction of Road from Thabalpara gaon path Madhav Rabha house to Ajit Rabha house at Lela gaon,5500000.0,4,1,1,1
PAPAN KUMAR MANDAL,5500000.0,22,1,1,1
TEKLO BORO BASUMATARY,5499774.0,4,1,2,1
MS Dwithun Basumatary Enterprise,5497888.0,7,1,2,2
RENUKA CONSTRUCTION,5497762.0,10,1,1,1
G KUMAR,5496191.0,7,1,1,2
V THIRUMALAISAMY,5496096.0,3,1,1,1
Ayesha Construction,5494014.0,8,1,2,1
GUNASHEELAN P,5490893.0,1,1,1,1
SHRI LAXMI CONSTRUCTION,5484230.0,6,1,1,1
LOKESH C N,5484092.0,11,1,1,1
Agarwal Enterprise,5482820.0,16,1,1,1
BDO Surani,5479483.0,61,1,1,1
Pavan Construction company,5478147.0,7,1,1,1
SHRI KRISHNA CON COM NITU YADAV,5477302.0,21,1,1,1
VEENA ENTERPRISES,5473328.0,7,1,1,1
City Light Electrical And Multi Services,5460176.0,4,1,1,1
KANAKALA NAGESWARA RAO,5460129.0,6,1,1,2
Sujit Gupta,5455880.0,7,1,2,1
District Nirmithi Kendra,5450307.0,8,1,1,1
Samala Shiva Charan,5450000.0,15,1,1,1
Tapas Kumar Jena,5441223.0,6,1,1,1
P VEERACHAMY,5435000.0,4,1,1,1
SATENDRA KUMAR,5433090.0,10,1,1,1
SRI LAKSHMI VENKATESHWARA ENTERPRISES,5427996.0,4,1,1,1
VIVEK ENTERPRISES,5426760.0,147,1,2,1
BDO AMMAPETTAI MPLADP,5422011.0,3,1,1,1
Association for Voluntary Blood Donors,5421345.0,3,1,2,1
KATHIRESAN THANGAVEL NADAR,5421065.0,13,1,2,1
CEO Bagli,5420000.0,20,2,3,1
APSPDCL,5407293.0,27,1,2,1
EE EDD II SITAPUR,5400952.0,30,3,4,1
TE YELLOW CITY BUILDERS,5400000.0,3,1,1,1
Gram Panchayat Faraspura janpad Panchayat Dharmpuri District Dhar,5400000.0,12,1,2,1
GRAM PANCHAYAT DHANGAO,5400000.0,12,1,2,1
CC Deulguri,5400000.0,6,1,1,1
CC for Construction of Road at Naukuchi Nalgedera Khetri,5400000.0,6,1,1,1
SKM INFRASTRUCTURES,5400000.0,3,1,1,1
EE PWD BLY,5398253.0,6,1,1,1
RASU T,5397573.0,6,1,1,1
Construction of RCC Ground floor and first floor,5396400.0,6,1,1,1
KUMARAN S,5396343.0,12,1,1,1
PARSHURAM UDO COOP LABOUR SOCIETY LTD,5395899.0,3,1,1,1
SWASTIK SAHAKAR S M,5395899.0,3,1,1,1
The Lavanya Co Operative Labour And Construction Society Limited,5390214.0,6,1,1,1
VIKRANT ENGINEERING,5390000.0,11,1,1,1
Bakka Reddy Srikanth Reddy,5387091.0,24,1,1,1
ORIENTAL CONSTRUCTION,5385835.0,5,1,1,1
TTP Enterprise,5379281.0,10,1,1,1
HANUMESH,5375959.0,21,1,1,1
Gram Panchayat Mudra Jaruakheda,5375000.0,13,1,1,1
Bodanapu Malleswari,5361421.0,12,1,1,1
Talibpur Pandori Cooperative labour and construction society ltd,5360301.0,17,1,1,1
R D CONTRACTOR AND SUPPLIER,5359523.0,6,1,1,1
PRAKHAND SHIKSHA PRASAR PADADHIKARI,5356530.0,3,1,1,1
Vibhapar Juth Gram Panchayat,5350000.0,13,1,2,1
RAHAMAN ENTERPRISE,5345046.0,15,2,3,2
SARPANCH GRAM PANCHAYAT SENDURAS,5338648.0,16,1,2,1
SAHIL KUMAR JE,5337500.0,20,1,2,1
PARTH CONSTRUCTION,5333145.0,3,1,1,1
DURGA AGRO AGENCIES,5328563.0,55,1,1,1
BDO Rait,5326172.0,48,1,1,1
TIRUPATI SUBBARAMI REDDY,5319716.0,23,1,2,1
SMT DAULATA DEVI UCCHATAR MADHYAMIK VIDYALAY,5310000.0,3,1,1,1
Ms Mohnio Enterprises,5307314.0,7,1,1,1
MIKTI NATH,5302920.0,6,1,1,1
AAS ENTERPRISES,5300000.0,11,1,1,1
GIRIJA SANKAR PATI AE,5300000.0,20,1,2,1
RM BUILDERS,5291825.0,3,1,1,1
SKYTECH ENTERPRISES,5282434.0,4,1,1,1
SATENDRA KUMAR SINGH,5280000.0,8,1,1,1
MONDAL ENTERPRISE,5265107.0,13,2,2,2
HARSHIT KUMAR RAJ,5263765.0,4,1,1,1
G SUDHAKAR,5260011.0,3,1,1,1
CEO PATI,5260000.0,17,1,2,1
EAP LIFE STYLE PRODUCTS,5251500.0,3,1,1,1
Gram Panchayat Tarapur janpad Panchayat dharmpuri,5250000.0,18,1,2,1
GRAM PANCHAYAT GUDELIYA,5249000.0,13,1,1,1
ARJUN VIJAYAN,5246757.0,3,1,1,1
OBEROI ELECTRICALS,5239852.0,5,2,2,2
Prabir Naiya,5239395.0,6,1,2,1
PRAJEMA INDUSTRIES PRIVATE LIMITED,5236000.0,24,1,1,1
GAURAV CONTRACTORS,5233800.0,6,1,1,1
RAHUL ENTERPRISE AND CONSTRUCTION,5223950.0,11,1,1,1
Himachal Electric Co,5219856.0,9,1,1,1
C N ARUMUGAM,5214970.0,3,1,1,1
AJ ENTERPRISES,5211350.0,6,5,5,4
PRASAD JINKA,5208696.0,3,1,1,1
SEEMA SINGH SEEMA SINGH,5207513.0,15,1,1,1
Prakash L,5206095.0,9,1,1,1
VASTUANANTA DESIGNS,5200686.0,23,1,1,1
SARPANCH GRAM PANCHAYAT AMGAON,5200000.0,16,1,2,1
A S CONSTRUCTIONS,5200000.0,4,1,1,2
DEEPA TRADERS,5199865.0,1,1,1,1
GK CONSTRUCTION,5192381.0,18,1,1,2
Ramesh yadav,5191392.0,3,1,1,1
Bheeman,5183514.0,12,1,2,1
A K CONTRACTORS,5182941.0,6,1,1,1
PAVAN YADAV,5182275.0,6,1,1,1
Sardar Enterprises,5167909.0,116,2,3,1
NIDHEESH GOPAL,5164515.0,6,1,2,1
SK CONSTRUCTIONS,5164002.0,6,1,1,1
dhandapani and co,5162798.0,2,1,1,1
R K GUPTA,5155402.0,41,1,1,1
MS AVDHESH KUMAR SINGH,5154186.0,8,1,1,1
JAY BALA JI CONSTRUCTION,5133430.0,4,1,1,1
PROJECT OFFICER HIMURJA KANGRA AT DHARAMSHALA,5129850.0,22,1,1,1
Kumaresh Ghosh,5128839.0,5,1,2,1
CMO Nagar Parishad SATAI,5125000.0,4,1,2,1
GRAM PANCHAYAT GOPALPUR,5123323.0,28,4,5,4
PARAS ENTERPRISES,5118282.0,9,1,1,1
RADHE ENGINEERING AND CONSTRUCTION,5117067.0,6,1,2,1
sharee ram constracution,5113875.0,12,1,1,1
sri keshav ram patel,5105114.0,9,1,1,1
PAARI CONSTRUCTION,5100000.0,3,1,1,1
Sanathali Gram Panchayat,5100000.0,12,1,1,1
S KATHIRVEL,5100000.0,3,1,1,1
MANOJ KUMAR SAHU,5100000.0,12,1,1,1
SARAVANAKUMAR M,5100000.0,6,1,1,1
Numberdar enterprises,5100000.0,3,1,1,1
T DEENARANGAN,5100000.0,3,1,1,2
M Shilu Jamir,5100000.0,6,1,1,1
Sathishkumar S V,5100000.0,3,1,1,1
Jayshree Automobiles India Private Limited,5098200.0,6,1,2,1
KAVINKUMAR R,5097501.0,6,1,1,1
RAJ DINESH PANDIRKAR,5097268.0,3,1,1,1
BABA NEEM KAROLI ENTERPRISES,5094150.0,22,1,1,1
AMBADAS MAROTRAO KADAM,5092332.0,6,1,1,1
Jay Shree Kherepati shiksha seva samiti,5084363.0,33,1,1,1
ASHA YADAV,5083110.0,4,1,1,1
NIKHIL ENTERPRISES,5081538.0,22,1,2,1
NARENDRA CONSTRUCTION COMPANY,5080015.0,14,1,1,1
BALAMURUGAN K,5078226.0,6,2,2,2
MADAPATHI NAGARAJU,5073610.0,15,1,1,1
ABUL KALAM LASKAR,5071905.0,3,1,2,1
R R ENTERPRISE,5064321.0,6,2,3,2
NALLA VITTAL,5050731.0,15,1,1,2
MAHADEV TRADING COMPANY,5048721.0,6,2,2,2
The Jai Baba Bhaiya Cooperative Labour and Construction,5044770.0,6,1,1,1
KR ENGINEERING CONSTRUCTIONS,5039473.0,3,1,1,1
MS JMS INFRA PRO JASH KAUSHIK,5024165.0,8,1,1,1
GAYATHRI R,5023515.0,3,1,1,1
Donakonda Gangarajam,5023241.0,15,1,1,1
MAA ENTERPRISE,5017983.0,15,4,4,3
SG CONSTRUCTION,5016250.0,4,2,2,2
C VIJAYAKUMAR WORKS CONTRACT,5013246.0,12,1,1,1
Assistant Engineer BAC Ranka,5007000.0,3,1,1,1
LabX,5000000.0,2,1,1,1
APRJ Constructions Private Limited,5000000.0,1,1,1,1
Bronson Narzary,5000000.0,8,1,2,1
Ujendra Udayrao Ingawale,5000000.0,5,1,1,1
Sree Kavi Enterprises,5000000.0,25,1,2,2
SKYPOWERSYSTEM,5000000.0,8,1,1,1
GK ENTERPRISES,5000000.0,8,1,2,1
Bikash Narzary,5000000.0,4,1,2,1
SHANDUKHAN,5000000.0,5,1,1,1
K Adhikesavan,4999350.0,13,1,1,1
RITESH KUMAR YADAV,4998636.0,10,1,2,1
MP STATE AGRO CHHATARPUR,4998157.0,32,1,1,1
R ANBARASU,4997693.0,4,2,2,2
GP Deori,4997600.0,10,1,2,1
M S Sri L C R AND SONS,4997593.0,1,1,1,1
Ramkaran shushil kumar construction company,4997518.0,4,1,2,1
MEHTA SURGICAL,4997000.0,1,1,1,1
DR TRADING COMPANY,4996547.0,5,1,1,1
SAHYADRI SHRAMSAFALYA MAJOOR SAAKARI,4996206.0,2,1,1,1
Pwan Kumar,4996002.0,4,1,1,1
Rajeswar,4986915.0,10,1,2,2
Stellar Infra,4984765.0,5,1,1,1
MP STATE AGRO,4984039.0,36,2,3,2
ABHAY NARAYAN YADAV,4982002.0,38,1,1,1
AEON MEDICAL PVT LTD,4982000.0,1,1,1,1
GRAM PANCHAYAT DATINA,4978710.0,21,1,1,1
VISHWASAMRAT MAGASUARGIYA MAJOOR SAHAKARI SANSTHA MARYADIT,4978411.0,5,1,2,1
PARVATI CONSTRUCTION,4975000.0,1,1,1,1
Ms Anvi Construction,4974486.0,6,1,2,1
Vijay Laxmi Rigs,4970290.0,18,1,1,1
SANJAY GOUDA,4969901.0,20,1,1,1
SIRIGADHE SAIVIKRAM,4967238.0,10,1,1,1
BHARATHI CONSTRUCTION,4967193.0,3,1,1,1
M L SAHU CONSTRUCTION,4965000.0,10,1,2,1
KAVITHA CS,4964520.0,6,1,1,1
DURAIPANDI,4964001.0,6,1,1,1
Duraivel VS,4957812.0,3,1,2,1
Selvakumar K,4956579.0,6,1,1,1
Dnyaneshwar Pandurang Sahane,4956464.0,5,1,1,1
RAJU MARIYAPPAN,4956156.0,3,1,1,1
PRASAD PRAKASH KETKAR,4954195.0,4,1,1,1
BISHOK PATEL,4949300.0,23,1,1,2
SHREE SHAYEE ASSOCIATES,4948944.0,3,1,1,1
PANKAJ NAMDEVRAO GAVHALE,4948852.0,5,1,1,1
JAYAPRAKASH R,4946778.0,6,1,1,1
RAKESH KUMAR PASWAN,4943998.0,5,1,2,1
RAM LAKHAN CONTRACTOR AND SUPPLIER,4940571.0,5,1,1,1
M Butchaiah and Company,4939780.0,1,1,1,1
Yamuna Majur Sahakari Sanstha Ltd Sonak Pimpalgaon,4938276.0,5,1,1,1
SM ADIL CONSTRUCTION,4936767.0,3,1,1,1
Sri Bhagiratha Sagara Sangam,4935045.0,20,1,1,1
VISWAS CARE,4932345.0,3,1,1,1
KEYA CONSTRUCTION,4931257.0,28,1,1,1
West Bengal Electronics Industry Development Corporation Ltd,4928000.0,44,1,1,1
SHARDA TIWARI CONSTRUION,4926145.0,16,1,1,1
NASKAR BISWAS,4924873.0,2,1,1,1
YEDAV CHANDRA SEKHAR,4924833.0,2,2,2,1
PRATIK AJIT REDDY,4923108.0,6,1,2,1
TIRUPATI MAJUR KAMGAR SAHAKARI SANSTHA MARY,4921562.0,7,1,1,1
R T INFRATECH,4921543.0,7,1,1,1
Promark Techsolution pvt ltd,4920000.0,29,2,3,2
KALLOOR ELECTRONICS AND  LIGHTING PVT LTD,4919483.0,22,1,1,2
SAHED CONSTRUCTION,4916812.0,4,1,1,1
Bimal Hanse,4913740.0,1,1,1,1
M KAVITHA,4909207.0,1,1,1,1
TRIDENT MEDI CARE,4905000.0,3,1,1,1
JYOTI CONSTRUCTION CO,4904936.0,5,1,1,1
GONE RAVI,4903596.0,9,1,1,1
SYSTECH,4902312.0,15,1,1,1
ANBUMANI KESAVAN,4899161.0,4,1,1,1
VADLAKONDA SREENU,4896766.0,38,1,1,1
SURESH KUMAR K,4889614.0,6,2,3,1
AE  KURTHA,4888543.0,24,1,1,1
SR ENTERPRISE,4888473.0,15,2,2,2
Nunemunthala Rangaiah,4888264.0,11,1,1,1
ROHIT PRAKASH PORJE,4866500.0,5,1,1,1
KISHORE KUMAR BISEN,4854072.0,9,1,1,2
GP PEEPLIYA,4850200.0,20,1,1,1
SHIVRAM SILAVAT,4849676.0,21,1,1,1
MS Sowmya Sri Constructions,4848303.0,6,1,2,1
KMR CONSTRUCTION,4847601.0,10,1,1,2
Balaji Healthcare Technologies,4842000.0,3,1,1,2
Kanagaraj P,4841668.0,2,1,1,1
Kurowa bhasa santi bazar,4840000.0,4,1,1,1
R S CONSTRUCTION,4835981.0,9,3,3,3
MAA VAISHNO CONSTRUCTION,4835079.0,6,1,1,1
M MURTHY,4833356.0,2,1,1,1
ZARA Enterprise,4829403.0,4,1,1,1
Kannan,4826946.0,3,1,2,1
BDO Fatehpur,4826493.0,40,1,1,1
SARPANCH SACHIV GRAM PANCHYAT PADRIYA,4824618.0,6,1,1,1
SRI VAISHNAVI CONSTRUCTIONS,4822044.0,9,1,1,1
ASHAPURA CONSTRUCTION,4821570.0,15,1,1,2
THE ROSA CO OP L AND C SOCIETY LTD,4818723.0,6,1,1,1
RATAN KUMAR SAHA,4808871.0,3,1,1,1
THE MP STATE AGRO IND DEV CORP LTD SHEOPUR,4806948.0,58,1,1,1
MANI,4803552.0,13,3,3,3
RPN CONSTRUCTIONS,4800000.0,3,1,2,1
KHANJAN KUMAR SAIKIA,4800000.0,15,1,1,1
Naresh Sharma BDO,4800000.0,15,1,2,1
CEO JANPAD PANCHAYAT BADOD,4800000.0,10,1,2,1
SUDARSANAM CO,4800000.0,6,1,1,1
MAHALAXMI ENTERPRISES,4799921.0,23,1,1,2
MS ETIMA CONSTRUCTION,4799070.0,12,1,2,1
sanjay singh yadav,4798491.0,5,1,1,1
ANBAZHAGAN,4798254.0,6,1,1,1
PATEL CEMENT SUPPLIERS,4797072.0,3,1,2,1
K RAJARAM AND CO,4795764.0,3,1,1,1
Anandha Construction,4794324.0,3,1,1,1
MS RUDRAKSHA SALES,4794000.0,16,1,1,1
Kuldeep Kumar Kaushik,4792866.0,3,1,1,1
Balaji Construction Company,4791261.0,9,1,1,1
JHANVI INTERNATIONAL,4791080.0,23,2,2,1
KARTHICK PRATHAP P,4790643.0,6,1,2,2
S UDHAYAKUMAR,4782834.0,3,1,2,1
Exajoule PVT LTD,4779357.0,107,2,2,2
VCP Field Veng,4776000.0,4,1,2,1
SANTHOSH P,4774638.0,3,1,1,1
GNK Constructions,4770795.0,3,1,1,1
Christo Construction,4761900.0,3,1,1,1
UGTA SURAJ,4761746.0,48,1,1,1
KRISHNA BORA,4759590.0,21,1,1,1
JEEVAN KUMAR PERMANNUR,4755504.0,18,1,1,1
EEEDD Najibabad,4754031.0,3,1,2,1
V K Dravid Prasad,4753185.0,10,1,2,1
Jai shree bhawani infrastructure,4751508.0,12,1,1,1
MAA SARADA CONSTRUCTION,4739922.0,3,1,2,1
Parinathan,4738107.0,6,1,2,2
PROGRESSIVE CO OPERATIVE LABOUR CONTRACT AND CONSTRUCTION SOCIETY LIMITED,4737807.0,3,1,1,1
Royal traders,4725463.0,1,1,1,1
YUDHVIR CONTRACTOR,4721064.0,6,1,1,1
NEW SOLANKI CONSTUCTION,4718841.0,3,1,2,1
VIJAHAN CONSTRUCTOIN,4716480.0,17,1,2,1
MS A K ENTERPRISE,4711560.0,25,1,1,1
SURESH R,4707817.0,4,1,2,1
PRESIDENT VILLAGE LEVEL COMMITTEE ANANTHASAMUDRAM GP PULLAMPET M,4704495.0,12,2,3,1
JOHN P A,4704045.0,4,1,1,1
J P CONTRACTOR,4702605.0,24,1,1,1
N RAMALINGAM,4698525.0,2,1,1,1
KALYAN ADHIKARI,4694751.0,3,1,2,1
KAMLESH CONSTRUCTION,4694380.0,2,1,1,1
NARASIMHAMURTHY H,4690896.0,10,1,1,1
The VTR Coop L and C society LTD,4687428.0,9,1,2,1
Deepak Kumar,4681455.0,9,2,3,2
KRISHNAPPA C S,4681278.0,1,1,1,1
SANTOSH KUMAR MISHRA,4680453.0,3,1,1,1
GURJAR ENTERPRIES,4675534.0,22,1,1,1
KULDEEP CONSTRUCTION,4672050.0,3,1,2,1
Sellapandiyan,4659492.0,6,1,1,1
Dvija Traders,4655400.0,10,1,1,1
Gangadaran,4649856.0,3,1,1,2
Sudesana Patra,4648449.0,20,1,2,1
R SARAVANAN,4645449.0,3,1,1,1
JAI BAJRANG CONSTRUCTION,4641683.0,10,1,1,1
bhikam katara,4637572.0,13,1,2,1
JVS CONSTRUCTIONS,4635455.0,11,1,1,1
MODERN CONSTRUCTION,4630744.0,5,2,2,2
A P Dash,4630641.0,18,1,2,1
R A KARMIKA,4625000.0,10,2,3,3
Versatile,4621297.0,7,1,1,1
Ms OM VINAY KUMAR SINGH,4619346.0,3,1,1,1
SARA TRADERS,4614551.0,10,1,2,1
GP DONDHARA,4612598.0,13,1,2,1
TRIVENI CONSTRUCTION,4609061.0,5,1,1,1
HEMALKUMAR NAVINBHAI LAD,4606875.0,6,1,1,1
R S INDUSTRIES,4600000.0,20,1,1,1
RAMASAMY G,4599438.0,5,1,2,1
AAKRATI CONTRUCTION PROP VISHAL TRIWEDI,4598907.0,6,1,1,1
HASAN SEIKH,4597341.0,5,1,2,1
S MEYYAPPAN,4595553.0,7,1,1,1
EZHILAN H,4585977.0,3,1,1,2
MS R D CONJSTRUCTION,4581387.0,3,1,2,1
EXECUTIVE ENGINEER ELECTRICITY DD 1 BASTI,4577688.0,6,1,1,1
VISHWESHWARI ELECTRICALS,4577310.0,27,1,1,1
Axis Tech,4575405.0,3,1,1,1
Sellappan A,4575000.0,3,1,1,1
AEN RURAL AVVNL KISHANGARH,4574430.0,6,1,1,1
Niran Hazarika,4573929.0,49,1,1,1
Gram Panchayat Pewa,4572471.0,9,1,1,1
Tadellos Corporation,4569000.0,6,1,1,1
ASSISTANT ENGINEER RAJNAGAR VIDHANSABHA,4565961.0,10,1,1,1
HHW CARE PRODUCTS I PVT LTD,4563000.0,3,1,1,1
ASSISTANT ENGINEER BAC NAMCHEYBONH,4562460.0,3,1,1,1
MAHATMA FULE MAJOOR SAH SANTHA HASANAPUR PARDI,4561246.0,5,1,2,1
MS LAXMI IRON TRADING CO,4555419.0,18,1,1,1
BDO Kangra,4555388.0,40,1,1,1
KHANDEKAR ARAF AHAMMED,4554252.0,11,1,1,1
ETHAMUKKALA RAMBABU,4553880.0,3,1,1,1
ANSH CONSTRUCTION COMPANY,4552797.0,12,1,1,1
ASN Services Pvt Limited,4550205.0,15,2,2,3
A Star Industries,4548909.0,15,1,1,1
GRAM PANCHAYAT MADDED,4540722.5,14,1,2,1
MUHAMMED MA,4537516.0,2,1,1,1
MS SURAJ CONSTRUCTION,4537082.0,11,1,1,1
LUXMI BUILDERS,4536385.0,12,1,1,1
bornisha enterprise,4534011.0,9,1,1,1
REBIN JACOB,4528564.0,10,3,3,3
GRAM PANCHAYAT PAMGAL,4527092.0,10,1,2,1
MAA DURGA CONSTRUCTION AND SUPPLIER,4525148.0,5,1,3,1
MINTU SINGH,4524617.0,14,1,1,1
Namdev Construction Company,4515879.0,4,1,1,1
Managing Director APMSIDC,4515226.0,1,1,1,1
ROY CONSTRUCTION,4511596.0,16,1,2,1
GV Industries,4506822.0,16,2,2,2
THANGAMANI S,4504353.0,3,1,1,1
N SANKAR,4502487.0,7,1,1,1
The Nominath Ji Co Op L and C Society,4501915.0,7,1,1,2
SARPANCH GRAM PANCHAYAT CHORBHATTI,4500000.0,12,1,2,1
GRAM PANCHAYAT KATIRA,4500000.0,6,1,2,1
ADITYA SURYAKANT GHEVADE,4500000.0,3,1,1,1
BIDARIK INSTITUTE OF LEARNING,4500000.0,6,1,1,1
T S Enterprises,4500000.0,3,1,1,1
J Lalvarlien Puruolte,4500000.0,3,1,2,1
SARSWATI SHISHU MANDIR PANNA,4500000.0,6,1,1,1
TC LALTHANGZOVA,4500000.0,9,1,2,1
MS OM SAI INTERPRISES,4500000.0,21,1,2,1
KERALA STATE RUBBER CO OPERATIVE LTD,4500000.0,3,1,2,1
Ashish Soni,4500000.0,6,1,1,1
Gram Panchayat BAGWANYA,4500000.0,12,1,2,1
SARPANCH GRAM PANCHAYAT MAUHADIH GI,4500000.0,6,1,2,1
LIPOKNUKSHI,4500000.0,2,1,1,1
AKASH HAZARIKA,4500000.0,21,1,1,1
MUNCIPAL CORPORATION REWA,4500000.0,3,1,1,1
RAMASAMY AND SONS,4500000.0,3,1,1,1
TKT ENTERPRISE,4500000.0,6,1,1,1
Gram Panchayat Sarjapur janpad Panchayat Dharmpuri District Dhar,4500000.0,6,1,2,1
Rhutik Anant Dhene,4500000.0,12,1,1,1
GP Dhanana I CPC,4500000.0,6,1,1,1
SENTHIL KUMAR P,4500000.0,3,1,1,1
Gram Panchayat Kurkunga 1,4500000.0,6,1,2,1
S Sudhagar,4500000.0,3,1,1,1
Akshara Enterprises India Pvt Ltd,4500000.0,3,1,1,1
Tadam Soki,4500000.0,3,1,1,1
KHRIEDILHOULIE THEUNUO,4500000.0,6,1,1,1
MS TIRUK ENTRPRISES,4500000.0,3,1,1,1
MANIAR VEHICLES PVT LTD,4500000.0,3,1,2,1
Gram Panchayat Jokbahala,4500000.0,6,1,2,1
GRAM PANCHAYAT DEORI,4500000.0,12,2,2,2
VC HMAR VENG,4500000.0,12,1,2,1
CC GOPAL NAGAR SHIV MANDIR PATH,4500000.0,6,1,1,1
Gravity infra solutions,4500000.0,2,1,1,1
SRIDHAR K P,4500000.0,3,1,1,1
Gram Panchayat Umariya janpad Panchayat Dharmpuri,4500000.0,6,1,2,1
RADHIKA ENGENIEERING COMPANY,4500000.0,3,1,1,1
BOBBA LAKSHMI CHANDANA,4499880.0,9,1,1,1
GP NAGARI,4499763.0,6,1,1,1
ARUNACHALA CONSTRUCTION,4499757.0,3,1,1,1
Ms ENS Enterprises,4499601.0,3,1,1,1
Ganesan P,4499553.0,6,2,3,3
GP GIRARI,4499400.0,6,1,2,1
SHOBANA S,4498983.0,3,1,2,1
PUNNIYAMOORTHY D,4498914.0,3,1,1,1
KAMARAJ S,4498860.0,6,1,1,1
Tulunga Narzary,4498654.0,4,1,2,1
P Annamalai,4498653.0,3,1,2,1
suriyakumar S D,4498497.0,6,1,1,1
gram panchayat khundala,4498350.0,9,1,1,1
S V Tech Corporation,4498320.0,3,1,2,2
GRAM PANCHYAT BAMHANI,4498050.0,57,1,1,1
Hiramba Narzary,4497936.0,3,1,2,1
GRAM PANCHAYAT DURUGPALI,4497327.0,12,1,1,1
B M ENGINEERING AND CONSTRUCTION,4497303.0,3,1,1,1
GRAM PANCHAYAT GANEKERA,4497189.0,12,1,1,1
PAWAN KUMAR SINGH,4497041.0,7,2,3,2
RAJA A,4496634.0,6,1,1,1
LATUDA GRAM PANCHAYAT,4496631.0,9,1,1,1
AKREETI CONSTRUCTION,4496616.0,3,1,1,1
SUDHIR BABU DHOTRE,4496586.0,3,1,1,1
Shri Swami Samarth Majoor Sahakari Sanstha Maryadit,4496586.0,3,1,1,1
Jivdani Mata Majoor Sahakari Sanstha,4496586.0,3,1,1,1
Gautam LCS Ltd,4496583.0,3,1,1,1
MAHABUBOR RAHMAN,4496359.0,7,1,1,1
GRAM PANCHAYAT LAKHRAM MULBHOOT,4496226.0,6,1,1,1
MP AND CO,4495914.0,3,1,1,1
Narendra Constructions,4495773.0,9,1,1,1
GRAM PANCHAYAT MANDOTA,4495557.0,18,1,1,1
RAMPARA GRAM PANCHAYAT,4495359.0,9,1,1,1
Amarendra Narzary,4495191.0,3,1,2,1
MS KAWYA CONSTRUCTION,4495044.0,14,1,1,1
SANIA CONSTRUCTION,4494849.0,6,1,2,1
Ms Deeparam Godara,4494033.0,3,1,1,1
SARPANCH GRAM PANCHAYAT BODSARA,4493424.0,12,1,2,2
Jamidar Narzary,4493403.0,6,1,2,1
Gram Panchayat Rampura,4492971.0,3,1,1,1
JAKIR HOSSAIN,4492884.0,6,1,2,1
Govind Sports,4492683.0,6,1,1,1
BALASUBRAMANIAM S,4492317.0,9,1,1,1
AKSHIT ENTERPRISES,4492109.0,2,1,1,1
M BABURAJ,4492089.0,3,1,1,1
Gram Panchayat Kasola,4492000.0,3,1,1,1
MS SRV INTERNATIONAL,4491222.0,52,1,1,2
GARIB NAWAJ CONSTRUCTION,4490627.0,10,1,1,1
Abul Kalam Azad,4489341.0,6,1,1,1
SRI MANIKANTA ENTERPRISES PRO,4488640.0,10,2,2,1
GP PONDI SIDHAURA,4487820.0,6,1,2,1
SAROJ TIWARI,4486932.0,3,1,1,1
Manoja Kumar Sethi,4484527.0,38,1,1,2
KUMAR RISHU RAJ INFRA PROJECT,4483704.0,6,1,1,1
A2S PROJECTS INDIA PVT LTD,4483302.0,11,2,3,2
SACHIN VISHWANATHRAO RAUT,4481760.0,3,1,1,1
SURAJKUMAR SARJERAO RASKAR,4481475.0,3,1,1,2
SADDAM HUSSAIN,4479927.0,19,2,2,2
SHUBHAM CONSTRUCTION VAMASA,4478754.0,12,1,2,1
MP STATE CO OPERATIVE MARKETING FEDERATION LTD SEHORE,4478274.0,7,1,1,1
GRAMPANCHAYAT PIMALGAON GANGDEO TQ PHULAMBRI,4477500.0,3,1,1,1
GRAMPANCHAYAT VIRAMGAON TQ PHULAMBRI,4477350.0,3,1,1,1
MAHALAXMI INFOSYS,4477251.0,12,1,1,1
DEEPAK PRASAD GUPTA,4474260.0,6,1,1,1
Vender Mesrs Patel devilal udhvaji surajgav,4472833.0,10,1,2,1
MP FUND LOK SABHA DEV BLOCK RAIT,4468821.0,37,1,1,1
PRASHANTH M,4464600.0,9,1,1,1
SUNIL KUMAR SINGH,4464238.0,4,1,1,1
GHOSH ELECTRIC,4463169.0,3,1,1,1
ROHAN ANAND,4461069.0,3,1,1,1
gram panchayat sapti tq hagaon,4460211.0,9,1,1,1
GRAM PANCHAYAT BHATIGAWANKHURD JP JAISINGHNAGAR,4458900.0,6,1,2,1
KAPIL KESHAVRAO AMBHORE,4458356.0,2,1,1,1
Makhan Singh Yadav,4457972.0,14,1,1,1
RANA CONSTRUCTION COMPANY,4457736.0,3,1,1,1
The Narnound Adrash Coop l and C Society,4457495.0,6,3,3,3
PRABHASH CHANDRA MISHRA,4457193.0,3,1,1,1
ANIKET ANIL SHINDE,4456284.0,3,1,1,1
B B Kishan,4454484.0,13,1,2,1
RAVI M,4452122.0,2,1,1,1
Satya Ranjan Mishra JE,4450890.0,31,1,1,2
Y S CONSTRUCTION,4450026.0,6,1,1,2
PUTCHALAPALLI HARSHAVARDHAN,4449855.0,3,1,2,1
shri Ganpati Tiles Matti,4448473.0,141,2,2,2
DIGAMBAR MAJUR SAHAKARI SANSTHA MARYADIT,4444860.0,6,1,1,1
S D ENTERPRISE,4444321.0,19,2,2,2
RAGHURAM HUME PIPES PVT LTD,4443276.0,3,1,1,1
SANTOSH KUMAR GARG,4441496.0,5,1,1,1
SAMBIT ENTERPRISES DOLPURA,4437699.0,6,1,2,1
Kothanda raman D,4437582.0,6,1,2,2
ABANI KUMAR MOHANTY,4436112.0,6,1,1,2
ASSISTANT ENGINEER HAYAGHAT,4435789.0,7,1,1,1
C PADIKKASU,4435046.0,7,1,1,1
Dilip Enterprise,4431588.0,10,1,1,1
BHUSHAN KUMAR SAROJ,4425063.0,3,1,1,1
R N TRADING COMPANY,4422840.0,12,1,1,1
G Ravi,4420575.0,7,1,1,1
SAHAYAK ABHIYANTA KANTI VIDHANSABHA,4418667.0,3,1,1,1
TELEMADE,4417338.0,3,1,1,1
RAVI KANT TRIPATHI,4415000.0,13,1,1,1
SREE KAMACHI INDUSTRIES,4411400.0,9,1,1,1
SUBRATA SAHA,4410180.0,6,1,1,1
HUKAM SHREE,4406812.0,12,1,1,1
ARYAN BULDERS NAGAUR,4405107.0,6,1,1,1
HI TECH ELECTRICALS,4401066.0,5,2,2,2
RVA CONSTRUCTION,4398715.0,7,1,1,1
Executive Engineer,4397918.0,23,6,6,6
Su Solartech Systems Pvt Ltd,4397064.0,17,4,4,3
SRI BALAJI CONCERN,4395906.0,7,1,2,1
anurag urban tecinfra pvt ltd,4395727.0,2,1,1,1
GP Kapartunga,4395563.0,10,1,2,2
RM ENTERPRISE,4382751.0,10,2,2,2
JITENDRA SINGH RAJPUT,4381488.0,43,2,2,1
GOMODISH,4379460.0,16,1,1,1
VICKRAM ENTERPRISES,4378724.0,7,1,1,1
Pulivarthi Venkateswarlu,4370373.0,11,1,2,1
TANSI Engineering Works,4366728.0,3,1,1,1
PARWAT SINGH CHOUHAN,4358868.0,4,1,2,1
JAI SHIV SHAKTI CONSTRUCTION COMPANY,4357489.0,16,1,1,2
Medoju Venugopal,4354322.0,3,1,1,1
DIPEN CHHETRI,4350333.0,9,1,1,1
R Saravanan Contractor,4347741.0,3,1,1,1
Shri Ram Murti Construction,4345218.0,12,1,1,1
Abburi Srinivasa Rao,4340289.0,3,1,2,1
Sri Venkateswara Vaddera Cooli Sangam,4336398.0,2,1,1,1
VELMURUGAN S,4334068.0,5,1,1,1
SHOBHA KANT MAHTO,4323072.0,3,1,1,1
VIPUL VIJAY CHAWARE,4323000.0,3,1,2,1
Ms Tanvi Enterprises,4321281.0,3,1,1,1
Jarnail Singh Govt Contractor,4321044.0,6,1,1,1
const of community hall at mulagaon shiv mandir,4320000.0,3,1,1,1
Royal Infra Powar Corporation,4317354.0,13,1,1,1
Prasenjit Das,4316480.0,1,1,1,1
SHRI RAM CONTRACTOR AND SONS,4313034.0,12,1,1,1
neha creations,4309456.0,34,2,2,2
DARWARI TRADERS,4301293.0,5,1,2,1
U S GROUP,4300381.0,22,1,1,1
BDO Shillai,4300000.0,22,1,2,1
ZAKHMI SCIENCE AND SPORTS GOODS,4300000.0,18,2,3,1
RAMDEV CONSTRUCTION COMPANY,4299896.0,8,1,1,2
RAJAN B,4299743.0,10,1,1,1
PANKAJ KUMAR SINGH,4296852.0,6,1,1,1
MA PRAMILA ENTERPRISE ASHOK DAS,4296723.0,3,1,2,1
Shri Dev Construction Company,4288848.0,9,1,1,1
JANARDHAN REDDY PALUGULLA,4288647.0,15,1,1,1
Jebadhas V,4282998.0,6,1,1,1
M K Construction company,4277850.0,3,1,1,1
GRAM PANCHAYAT DUNGAR,4274700.0,15,1,2,2
Y Hari babu,4273365.0,9,1,1,1
SIVAKUMAR K,4269355.0,8,2,2,1
Guntuka Suresh Babu,4261368.0,12,1,1,1
SULTAN CONSTRUCTION,4260000.0,3,1,1,1
KUBERAN AND CO,4256261.0,1,1,1,1
VAISHALI CONSTRUCTION CO,4253322.0,10,1,1,1
AKRAMUL HUSSAIN,4250000.0,4,1,2,1
Gram Panchayat Aamakoni,4250000.0,17,1,1,1
DUGGU MAHENDER RAKESH,4249244.0,3,1,1,1
RB Enterprise,4244000.0,5,1,1,1
GRAM PANCHAYAT GANDHI GRAM,4238345.0,84,1,1,1
KANNIAH,4231974.0,3,1,1,2
PREM KUMAR H J,4226607.0,17,1,1,1
NARESH MANDAL JE ZILA PARISHAD LATEHAR,4225138.0,17,1,1,1
RAM NARESH CONTRACTOR,4222670.0,5,1,1,1
Mahindra and Mahindra Limited,4220885.0,3,3,3,3
SETHU C,4218849.0,3,1,2,1
MSBoring Works,4216854.0,9,1,2,1
Shubhasis Roy,4216422.0,9,1,1,1
YADUKUL SHIKSHA SEWA SAMITI,4216322.0,10,1,1,1
FARUK CONSTRUCTION,4208442.0,12,1,1,1
Ashwani Kumar,4201832.0,12,3,4,3
IYAPPAN K,4200000.0,3,1,1,1
LAL BAHADUR SHASTRI SHIKSHAN SAMITI,4200000.0,3,1,1,1
PRIYANKA RAWAL,4200000.0,12,1,1,1
Sharp Systems,4200000.0,6,1,1,1
CEO janpad Kannod,4200000.0,15,2,2,1
Gram Panchayat Khamhariya Baagri,4200000.0,12,1,2,1
SARPANCH GRAM PANCHAYAT KASHIGARH,4200000.0,12,1,2,1
YAZHI GROUP,4200000.0,6,1,1,1
Gram Panchayat Lohdapani,4200000.0,6,1,2,1
Tura Christian Hospital,4200000.0,4,1,1,1
k jaganathan,4198893.0,6,1,1,2
A SAHULHAMEED,4197780.0,3,1,1,1
Motiram Dattarao Bobade,4197087.0,6,1,1,1
Guru Nanak Aluminium and Steel Works,4195198.0,27,1,2,1
Mahadev Enterprises,4192977.0,40,1,1,1
TANIA ENTERPRISE,4190061.0,6,1,2,1
S R ENTERPRISE,4188399.0,15,3,4,2
MS MAHADEV CONSTRUCTION COMPANY,4182990.0,6,1,1,1
DIPANKAR DEY,4182414.0,4,1,2,1
JANPAD PANCHAYAT THIKRI,4180000.0,22,1,2,1
ESURI INFOTECH,4179000.0,3,1,2,1
GRAM PANCHAYAT RAMPURA,4178697.0,21,2,2,2
JAI MATA DI ADITYA CONSTRUCTION,4177484.0,11,1,1,1
ANNASARAM KRUSHNA REDDY,4176696.0,21,1,1,1
ALI CONSTRUCTION,4174474.0,7,2,3,2
D MOHAN REDDY,4172482.0,55,1,1,1
Swastik Hardware,4171618.0,24,1,2,1
NANDLAL,4170498.0,6,1,1,1
Construction of Road from Kakorpara Ghorapota Maa Kali Mandir to Residence of Daroga Rabha at Cho,4160000.0,3,1,1,1
N P CONSTRUCTION CO,4158564.0,3,1,1,1
Manjunath Mallappa Kittur,4151847.0,10,1,1,1
Media Infotech,4150000.0,1,1,1,1
NLECTRA,4149994.0,16,1,1,1
HONEST ENGINEERS,4147560.0,3,1,1,1
Pranjit Gohain,4144402.0,4,1,1,1
NOMAL DHAKAL,4133719.0,18,1,1,1
Mehroliya Construction,4131249.0,9,1,1,1
MRITYUNJOY KHANIKAR,4126889.0,46,1,1,1
Velamuri Pandu Ranga Reddy,4126020.0,12,1,2,1
GRAM PANCHYAT JASRAJ SARPANCH,4125000.0,15,1,1,1
C VANLALZAMA,4125000.0,5,1,2,1
Jeet Enterprises,4117556.0,3,1,1,1
MS RANA VIKRAMADITYA SINGH CONSTRUCTION,4109116.0,8,1,1,1
R M Engineering Works,4105524.0,5,1,2,1
MAHA LAXMI ENTER PRISES,4098799.0,19,1,1,1
AAHELI CONSTRUCTION,4098608.0,7,1,1,1
YASH CONSTRUCTION,4098291.0,4,1,1,1
PARTH AND ASSOCIATE,4098219.0,3,1,1,1
GRR ENTERPRISES,4094108.0,10,1,2,1
SURESH CONSRUCTION,4085645.0,3,1,1,1
BAPULAL DAMOR,4085090.0,8,1,2,1
MOHIT PUBLICATIONS,4084980.0,49,1,2,3
BANSAL TRADERS,4083834.0,6,1,1,2
The Uklana Mandi Coop Society,4081608.0,6,1,1,1
SARPANCH SACHIV GRAM PANCHAYAT RANIPARTEWA,4080000.0,15,1,1,1
RASU,4080000.0,6,1,1,1
Rajiv Kumar,4077398.0,23,1,1,1
MS MAHALAKSHMI ENTERPRISE,4074756.0,13,1,2,1
EX EN EDD II GAURIGANJ,4074290.0,16,1,1,1
LOHIT SONOWAL,4066530.0,17,1,1,1
MRS REKHA DEVI,4066231.0,5,1,1,1
URUMAIAH,4065273.0,3,1,1,1
RANA CONTRACTOR AND SUPPLIER,4065130.0,7,1,1,1
GHEESA RAM CONSTRUCTION COMPANY,4064244.0,10,1,1,1
SK ABDUL KHALEK,4059612.0,15,1,1,1
FAME ENGINEERS CO OPERATIVE SOCIETY LTD,4056027.0,6,1,1,1
G KRISHNA MOHAN NAIDU,4055562.0,10,1,1,1
MD MANZAR ALAM,4051308.0,3,1,1,1
Arwariya,4050000.0,3,1,1,1
BS BUILDERS,4050000.0,3,1,1,1
Veeramuthu K,4049241.0,6,1,1,1
Appadurai saminathan,4049241.0,3,1,1,1
KKV Construction,4049040.0,3,1,2,1
CHITHRA KARTHIKEYAN,4048044.0,3,1,1,1
ABNINDRA KUMAR CONTRACTOR,4046440.0,4,1,1,1
SHIVA CONSTRUCTIONS,4045583.0,5,2,2,2
ASSIF ALI KAMAL BATCHA,4045542.0,6,1,1,1
RAJKUMAR BALASUBRAMANIYAN,4045407.0,3,1,1,1
Balakumar,4045110.0,3,1,1,1
CHIKOTI SRUJANA,4045032.0,12,1,1,1
AMAN ENTERPRISES,4044053.0,6,2,3,2
Solar Power Enterprises,4042304.0,7,1,1,1
Shiv Shakti Construction,4041535.0,8,1,1,1
AATHINI ULTRATECH,4041393.0,6,1,1,1
Ranjit Jena,4038066.0,13,1,2,1
ANAND CONSTRUCTION,4037142.0,9,1,1,1
Nanak Enterprises,4030740.0,19,1,1,1
The Khurana Cooperative Labour and Construction Society,4027709.0,9,1,1,1
NOONE RAJASHEKAR,4026849.0,30,1,1,1
MEHAK ENTERPRISE,4025784.0,9,1,1,1
MS B R ENTERPRISES,4022508.0,12,1,1,1
ANSARI CONSTRUCTION,4016020.0,11,1,1,1
DAKSHIN HARYANA BIJLI VITRAN NIGAM,4012945.0,12,1,1,1
The DSP Co Op Labour and Const Society LTD,4005945.0,3,1,1,1
Exicutive Engineer PWD EM Division Nava Raipur,4004296.0,26,1,1,1
YOHAN ENTERPRISES,4001967.0,6,1,1,1
Vastu Shree Constructions,4001775.0,6,1,1,1
SK KALU,4001424.0,6,1,2,1
JKV TRADERS,4000518.0,16,1,1,1
MR PANNALAL YADAV,4000000.0,4,1,2,1
MS B T CONSTRUCTION,4000000.0,2,1,1,1
Donald Rebe Enterprises,4000000.0,2,1,1,1
Saif Ali F Hamdule,4000000.0,4,1,1,1
MIGOM KAMUM,4000000.0,2,1,1,1
Village Council Hmunpui,4000000.0,8,1,2,1
VILLAGE COUNCIL ZAWLPUI,4000000.0,34,1,2,1
gram panchayat darain,4000000.0,4,1,1,1
MS ANAND ENTERPRISES,4000000.0,4,1,1,1
M S B N ENTERPRISES,4000000.0,5,1,1,2
Aakash Construction,4000000.0,1,1,1,1
Sabita Manjari Das,4000000.0,4,1,2,1
Krishnamoorthi,3999840.0,1,1,1,1
GRAM PANCHAYAT BORI,3999804.0,8,2,2,2
SOMNATH GUPTA,3999213.0,3,1,1,1
BHANDARI AUTOMOBILES PVT LTD,3998661.0,5,3,3,2
GRAM PANCHAYAT BARADOLI,3998105.0,11,1,1,1
VSS Enterprises,3997698.0,4,1,2,1
Varalakshmi,3997508.0,2,1,1,2
KURVA SRINU,3997462.0,8,1,2,1
United aviation labour co operative society,3996960.0,2,1,1,1
JONNA PRABAKAR RAO,3995898.0,8,1,2,1
ZONE COMMISSIONER ZONE 10,3995596.0,5,1,1,1
MAHALAXMI MAJUR SAHKARI SANSTHA,3995062.0,4,1,1,1
Shree G Trading,3993283.0,8,1,1,1
Shrusha Enterprises,3992984.0,2,1,1,1
RAJPOOT RAJEEV KUMAR THAKUR SINGH,3991791.0,6,1,3,1
Sudem Basumatary,3991438.0,4,1,2,1
RAM MILAN,3991069.0,6,1,1,1
TUIKUAL SOUTH LOCAL COUNCIL,3990000.0,6,1,2,1
P SHANBAGAVALLI RAYAPURAM,3989433.0,6,1,1,1
PEDKAI ELECTRICALS,3988039.0,7,1,1,1
Sachin Nandram Karale,3986985.0,2,1,1,1
JP Construction Company,3983514.0,9,1,1,1
RUKHMAI CONSTRUCTION PROP BAPU D SONAVANE,3979252.0,2,1,2,1
Sai Solar System,3979160.0,8,1,1,1
BYRAREDDY V,3979065.0,16,1,2,1
AMEY SUBHASH NINAWE,3978872.0,7,1,2,1
MAA PADMAWATI CONS,3978200.0,4,1,1,1
kavya construction,3976392.0,7,1,1,1
NADIMUTHU K,3976389.0,3,1,1,1
MAA SWARUP LAXMI CONSTRUCTION COMPANY,3971620.0,7,1,2,1
Suvidha Majur Sahkari Sanstha maryadit,3969536.0,4,1,1,1
ISHA ENTERPRISES PRO POOJA KUMARI,3968152.0,4,1,2,1
DEBI PRASAD DAS,3963300.0,9,1,1,2
GURUPRASAD CONSTRUCTION COMPANY,3962344.0,4,1,1,1
EDD Jagdishpur,3961860.0,12,1,1,1
LAVETI SATISH KUMAR,3960435.0,15,1,1,1
SARPANCH GRAMSEVAK GRAMPANCHAYAT HIRADPURI TQ PAITHAN,3957428.0,6,1,1,1
Arulselvi,3957027.0,3,1,1,1
SARANG BUILDING MATERIAL SUPPLIERS AND CONSTRUCTION,3955612.0,4,1,1,1
RAMESHWAR DAYALAND BROTHERS,3955550.0,4,1,1,1
Suruthi Contractor,3950429.0,3,1,1,1
Topstar Marak,3950000.0,20,1,1,1
MS MIR ENTERPRISE,3948741.0,15,1,1,1
GOMATHI CONSTRUCTIONS,3947847.0,4,1,1,1
PRIYA MAJUR SHAKARI SANSTHA MARYADIT JALNA,3947412.0,5,1,1,1
Om fhoji construction and suppliers,3947036.0,18,1,1,1
SUHAS GULBRAO GOTMARE,3945496.0,4,1,1,1
GRAM PANCHAYAT NELASNAR,3944874.0,6,1,2,1
P Praveen Kumar,3943094.0,4,1,1,1
ANIRUDDHA KISANRAO PATIL,3941718.0,4,1,1,1
ANAND PAL,3938756.0,4,1,1,1
Shriyog Electricals,3936386.0,10,1,1,1
CHINTHAKUNTA MANIGOPALREDDY,3934175.0,5,1,1,2
SUMIT DEEPAKRAO DESHMUKH,3931996.0,6,1,1,1
KUNAL KUMAR,3931710.0,4,1,2,1
PAPAIAH DAMPETLA,3930699.0,9,1,1,2
AFTAB MOHAMMEDIKRAM KHAN,3928965.0,3,1,1,1
Sanackiyaraman Ganesan,3927072.0,6,1,1,1
AKS CONSTRUCTIONS,3925269.0,6,1,1,1
gram panchayat jaitpur,3922000.0,6,2,3,2
THAKRE CONSTRUCTION,3921000.0,43,1,1,1
THE KARGIL COOPERATIVE LABOUR AND CONSTRUCTION SOCIETY,3919722.0,12,1,1,1
SHARVESH AND COMPANIES,3918186.0,3,1,1,1
KESHI ENTERPRISES,3917058.0,9,1,1,1
A S BHUVANESHKUMAR,3915000.0,9,1,2,1
Galidevara Satya Narayana Murthy,3914886.0,8,1,2,1
TULUSHI ENGINEERING,3914378.0,13,1,2,1
Dinesh Water Proofing,3912460.0,8,1,1,1
HARISH CHAND MITTAL,3912387.0,6,1,1,1
G Mohanan Nair,3911877.0,3,1,1,1
Mohan Periyasamy,3909573.0,6,1,1,1
MS PARMENDRA SINGH CONSTRUCTION COMPANY,3904892.0,7,1,1,1
RJM ENTERPRISES,3902610.0,3,1,1,1
MARK ENTERPRISES,3900000.0,3,1,1,1
EXECUTIVE OFFICER MUNICIPAL COUNCIL NURPUR,3900000.0,15,1,1,1
KRISHNAN GOPINATH,3900000.0,3,1,1,1
Matpho kolong,3900000.0,6,1,1,1
CEO JANPAD PANCHAYAT AGAR,3900000.0,12,1,2,1
K Selvaraj,3899895.0,3,1,1,1
HARUN AL RASHID,3899802.0,6,1,1,1
Talent Power Systems,3898622.0,13,1,1,1
AJAYKUMAR K,3898560.0,6,1,1,1
Navodaya Contractors,3898554.0,3,1,1,1
Indrawati Kumari,3897855.0,7,1,1,1
S RAJAJI,3897462.0,14,1,1,1
ganapathi,3896412.0,3,1,2,1
Ms Bhole Brothers,3896079.0,3,1,2,1
RABIUL HOQUE MOLLA,3895711.0,7,1,2,1
S P ELECTRICALS,3894529.0,5,1,1,1
SK REJAUL KARIM,3894062.0,7,1,1,1
SRI KAMATCHI CONSTRUCTION,3893922.0,3,1,1,1
JOYCO ENTERPRISE,3889545.0,3,1,1,1
jay prakash verma,3888679.0,9,1,1,1
DHARI NAGARPALIKA,3888000.0,9,1,1,1
WEHEAR INNOVATIONS PRIVATE LIMITED,3888000.0,3,1,1,1
KALICON ELECTRICS,3882177.0,3,1,1,1
RAJA V,3880924.0,4,1,1,1
MOHAN KUMAR H,3880386.0,15,1,1,1
SHRI PAL,3878628.0,12,1,1,1
BIRAJ DIHINGIA,3877284.0,8,1,1,1
S MUTHUSAMY,3872829.0,3,1,2,1
Sarpanch Sachiv Gram Panchayat Jaraundhi,3867648.0,12,1,1,1
MAKKA MALLESWARARAO,3867454.0,8,1,1,1
Abhishek kumar,3853320.0,3,1,1,1
BDO SANGRAH,3850000.0,18,1,2,1
DEBCHARAN BASUMATARY,3850000.0,9,1,2,1
GOKULASELVAN M,3849495.0,4,1,1,1
shree dharmaji adivasi society,3844509.0,4,1,2,1
Jai mata di construction kelwara,3843041.0,5,1,1,1
THE VK COOPERATIVE LABOUR AND CONSTRUCTION SOCIETY LIMITED,3840087.0,13,2,2,2
EXECUTIVE ENGINEER N R E P DEOGHAR MPLADS,3837500.0,24,1,1,1
OFFICE OF THE ASSISTANT ENGINEER BAC PAKYONG,3836190.0,6,1,1,1
RANJIT KUMAR KHOSLA JE,3835728.0,14,1,2,1
SK GOLAM NABI,3834360.0,3,1,1,1
JL ENTERPRISES,3834000.0,9,1,1,1
Hensee Marketing axsi,3829300.0,16,1,1,1
JAI MAHA KALI CONSTRUCTIONS,3827566.0,10,1,1,1
SEKH BASIRUDDIN,3827499.0,9,1,2,1
BAHULAYAN S,3824661.0,3,1,1,1
THREESHAKTHI ENTERPRISES,3822774.0,3,1,1,1
SHRI BALAJI CONSTRUCTION,3817550.0,5,2,2,2
ASSISTANT ENGINEER WAZIRGANJ,3816325.0,17,1,1,1
A T ELANGOVAN,3808911.0,3,1,1,1
SANMUGAM M K,3806661.0,6,1,1,1
RAGUL N,3805500.0,6,1,1,1
SRI VINAYAKA ROCK DRILLS KURNOOL,3799454.0,19,1,1,1
GANGA MATA CO OP LABOUR SOCIETY LIMITED,3797116.0,2,1,1,1
MAHADEV ENTERPRISES,3795519.0,28,2,2,2
N ENTEPRISE,3795174.0,12,1,1,1
GR DEEPTHI GOKULAKRISHNAN CONSTRUCTION,3793649.0,4,1,1,1
MAHESH BATTU,3792984.0,4,1,1,1
SHYAMSUNDAR PAUL,3789819.0,5,1,1,1
Pred Sagara,3788779.0,12,1,1,1
N S CONSTRUCTION COMPANY GAJUWAS,3776715.0,6,1,1,1
K MOHAN REDDY,3776270.0,11,1,1,1
HARENDRUMA INFRASTRUCTURE,3773574.0,4,1,1,1
Ch Jijamata Mahila MSS Ltd,3773537.0,8,1,1,1
M MALLIKARJUNA REDDY,3759091.0,3,1,1,1
POUDEL AND POUDEL ENTERPRISES,3753092.0,21,1,1,1
THUTAK NUNPUITU TEAM,3750000.0,5,1,2,1
BDO Dharampur Distt Solan,3750000.0,18,1,2,1
FUNKHA BASUMATARY,3750000.0,8,1,2,1
BHUVANESWARI,3750000.0,3,1,1,1
C Lalawmpuia,3750000.0,6,1,2,1
Lalnunsiama,3750000.0,4,1,2,1
RATHIKA B,3750000.0,3,1,1,1
Hrangawliana,3750000.0,4,1,2,1
Robert Khamkhanpau,3750000.0,4,1,2,1
GOKAVI SHIVAKUMAR,3750000.0,10,1,1,1
RURAL EDUCATION SOCIETY,3750000.0,1,1,1,1
GP MOONDLAKHURD S,3750000.0,6,1,1,1
MS P S TRADERS,3750000.0,1,1,1,1
LATE JIYANI DEVI HARIVANSH CHAUDHARY INTER COLLEGE GHUGHASA MAKDOOMPUR BANKATI BASTI,3750000.0,2,1,1,1
Gram Panchayat Gujri janpad Panchayat Dharmpuri,3750000.0,15,1,2,1
KMS Dawngkima,3750000.0,4,1,2,1
PARAMESWARI V,3749596.0,4,1,1,1
SARASWATI SISHU SHIKSHA SAMITI RATLAM,3749466.0,2,1,1,1
ISUZU MOTORS INDIA PRIVATE LIMITED,3748611.0,3,1,1,1
Partap Singh enterprises,3747037.0,50,2,3,1
CEO JANPAD PANCHAYAT KALAPIPAL,3746249.0,8,1,2,1
TUKARAM HANAMANT DALAWAYI,3744726.0,16,1,1,1
Sankalp Infra,3744277.0,11,1,1,1
RAKESH RAJU MAGAR,3742338.0,3,1,1,1
MANHA CONSTRUCTION,3738405.0,9,1,2,1
Rashtriya Majur Kamgar Sah Sanstha Telhara,3736704.0,12,1,1,1
BR TREDING COMPANY,3736125.0,12,1,1,1
SINDHUJA CONSTRUCTION,3731291.0,6,1,2,1
ARVIND SINGH SATNA,3726735.0,26,1,1,1
SRIDHAR G BANNIKOPPA,3726342.0,16,1,1,1
NILAVA GHOSHAL,3726045.0,3,1,1,1
KARISHMA CONSTRUCTION,3725283.0,28,1,1,1
J S ELECTRICALS,3724536.0,4,1,1,1
Rupesh Anant Durgavale,3720090.0,3,1,1,1
MS SHRAVAN KUMAR YADAV,3713088.0,11,1,1,1
Ms AMRIT LAL B K O,3706200.0,6,1,2,1
SONAIMUTHU,3700113.0,5,1,1,1
SIRANJEEVI M,3697856.0,4,2,2,1
Selvam,3696957.0,4,1,2,2
MS PEETAMBARA CONSTRUCTION,3691810.0,8,1,1,1
Mahendra kumar Verna,3691047.0,18,1,1,1
KANNAN,3690222.0,7,2,2,2
AVK AND CO,3690000.0,3,1,2,1
CHINMAYA KUMAR PRUSTY,3687042.0,5,1,1,1
Ms Saloni Enterprises,3685042.0,4,1,1,1
AKSHAT BUILDERS,3680590.0,7,1,1,1
Five Star Solar and Aqua Contractor,3679860.0,6,1,1,1
P R B CONSTRUCTION COMPANY,3671631.0,6,1,2,1
V KALIESWARAN,3670361.0,5,1,1,1
SAHYOG CONSTRUCTION,3669408.0,9,1,1,1
Sachin Kumar Garg,3668400.0,24,1,2,1
ASSISTANT ENGINEER BHAGALPUR,3667772.0,4,1,1,1
SITAPATI SETHI,3664702.0,25,1,1,1
SURESH CHAND,3661915.0,17,1,2,1
KOKKERA AJAY BABU,3660420.0,9,1,1,1
AJIT BHUYAN,3657747.0,3,1,2,1
AVIADU ENERGY AND INFRA PRIVATE LIMITED,3654264.0,4,3,3,2
NAVAGAM GRAM PANCHAYAT,3645000.0,13,3,3,4
PRAGYAN PARIMITA MOHANTY,3637410.0,12,1,2,2
VEERESH G,3636506.0,13,1,2,1
SHREE SHYAM CONSTRUCTION AND SUPPLIERS,3634375.0,4,1,2,1
Executive Engineer Panchayati Raj Rupnagar Division Ropar,3633000.0,3,1,1,1
SANJAY KUMAR,3632976.0,9,3,4,3
VISHNU CARRIERS PRIVATE LIMITED,3632057.0,1,1,1,1
Senior Account Officer Mppkvvcl Ujjain,3626763.0,3,1,2,1
Boreddy Kameswara Reddy,3625504.0,9,1,1,1
SRI VENKATESWARA VADDERA COOLISANGAM,3624148.0,1,1,1,1
S M Enterprises,3622500.0,12,1,1,1
RAJASEKAR,3622434.0,2,1,1,1
ARK Construction,3620207.0,4,2,2,2
Jayanta Kumar Parida,3603735.0,9,1,2,2
MA NARMADA MATERIAL SUPPILIER,3600953.0,25,1,2,1
Akshata Ajit Khedekar,3600000.0,3,1,1,1
Gram Panchayat Fatikhan Kewadiya,3600000.0,3,1,2,1
P SARAVANAN,3600000.0,3,1,2,1
Gram Panchayat Murmunda,3600000.0,6,1,1,1
GP SIMARIYAKHURD JP SILWANI,3600000.0,6,1,1,1
CC for Piyali Phukan Nagar,3600000.0,6,1,1,1
Khawbung YMA,3600000.0,6,1,2,1
CC For Construction of Boundary wall at Vidya Bharati Multipurpose Education Project at Hajongbari,3600000.0,3,1,1,1
CC Construction of Community Hall near Bamunimaidam Sarbajanin Durga Mandir,3600000.0,3,1,1,1
GRAM PANCHAYAT FATEHPUR JP BATIYAGAD,3600000.0,6,1,1,1
Gopi Contractor,3600000.0,6,1,1,1
V K Palanisamy,3600000.0,3,1,1,1
EMPI MEYA,3600000.0,3,1,1,1
AGARWALLA LIGHT HOUSE,3600000.0,9,1,2,1
G Sathanantham,3600000.0,3,1,1,1
Prathamesh Dilip Patil,3600000.0,3,1,1,1
GRAM SABHA NAYA GOWN,3600000.0,6,1,2,1
Shihori Grup Gram Panchayat,3600000.0,9,1,1,1
Sanjay Gandhi Hospital,3600000.0,3,1,1,1
BDO Paonta Sahib,3600000.0,16,1,2,1
CONST OF COMMUNITY HALL NEAR MAHARANI PUJA COMPLEX DEWANGAON,3600000.0,3,1,1,1
GP TULSIPAAR JP SILWANI,3600000.0,6,1,1,1
PS ENTERPRISES,3599794.0,2,1,2,1
SA CONSTRUCTIONS,3599001.0,6,1,2,2
KAMATCHI KANIYAPPAN,3598878.0,3,1,1,1
GP KHADKALI,3598827.0,6,1,1,1
LAKSHMANAN,3598725.0,6,1,1,1
SHAKTHI CONSTRUCTION,3598568.0,2,1,2,1
SAMARTH BROTHERS,3598320.0,5,1,1,1
TULUNGA NARZARY,3598179.0,3,1,2,1
Balasubramani,3598110.0,6,1,1,1
M V UDYOG,3598107.0,3,1,1,1
GOMATHY,3597927.0,6,1,1,1
KALIYAMMAL MUTHUPANDI,3597762.0,3,1,1,1
JOYNATH GHOSHAL,3597462.0,3,1,1,1
SK ASADUL,3597363.0,9,1,1,1
SANJEEVI SC,3597216.0,3,1,1,1
Gram Panchayat Keshopur,3597204.0,3,1,1,1
Nenavath Devi,3596549.0,18,1,2,1
Assistant Engineer Agiaon,3596532.0,3,1,1,1
SARDAR BUILDERS,3595786.0,11,1,2,1
THE SHREE RAM COOPERATIVE LABOUR AND CONSTRUCTION SOCITY LIMITED DHAND,3594399.0,18,1,1,1
Sarpanch gram panchayat chitawaikala,3591648.0,6,1,1,1
KALIDASS,3591300.0,6,1,1,1
SRSG ASSOCIATES,3590349.0,3,1,1,1
ESWARAN BUILDERS,3590259.0,3,1,1,1
FOR PRESIDENT VIJAY MAJOOR SAHAKARI SANSTHA,3587427.0,3,1,1,1
GA CONSTRUCTION PERALAM,3587361.0,3,1,2,1
ASSISTANT ENGG KHAJAULI VIDHAN SABHA,3584532.0,3,1,1,1
The Sandeep Co Op L and C Society,3583984.0,10,1,1,1
SAR AND SAC GRAM PANCHAYAT GORAKHPUR,3582246.0,12,2,2,2
RAJAGURU,3582099.0,3,1,1,1
JEROME LESLIN,3581928.0,6,1,2,1
GRAM PANCHAYAT ICCHAPUR,3580000.0,6,1,1,1
Suryase Energy,3577500.0,2,1,1,1
SHREE KSHEMANKARI CONSTRUCTION,3575395.0,7,1,1,1
SARASWATI ENTERPRISE,3574641.0,12,1,1,1
GNANAPANDITHAN,3574473.0,3,1,1,1
ASGAR MOLLA,3570821.0,9,1,1,1
SAHAYAK ABHIYANTA AURANGABAD BIDHANSABHA KSHETRA,3562977.0,4,1,3,1
RASU AGENCY,3558408.0,6,1,1,1
singh constructin,3553786.0,13,1,1,2
SELVI M,3552752.0,4,1,1,1
AKASH KUMAR,3549669.0,4,2,2,2
UTTAM VENTURES,3545503.0,29,1,1,1
MS AAROHI CONSTRUCTION,3541428.0,11,1,1,1
Balaji Construction Co,3540798.0,1,1,1,1
MR CONSTRUCTIONS,3534592.0,2,1,2,1
SHRIGANESH MAJOOR SAH SANTHA,3534489.0,6,1,2,1
Beeru Enterprises,3533074.0,10,1,1,1
PATLOLA RAMESHWAR REDDY,3533033.0,29,1,1,1
GHANASHYAM ELECTRIC STORES,3530805.0,6,1,1,1
DEEPAK KUMAR SHARMA,3528574.0,3,1,1,1
SK Trading Co,3527375.0,5,1,1,1
ZONE COMMISSIONER ZONE 01,3527326.0,10,1,1,1
MS Durga Trading Company,3523296.0,7,1,1,1
MANIMARAN PERALI,3522114.0,3,1,2,1
ASSISTANT ENGINEER LAEO WORKS DIVISION SAHARSA,3521756.0,5,2,2,1
LAKHAN SINGH,3520167.0,12,1,2,1
NETRA RANJAN MISHRA,3519422.0,19,1,1,2
HARI NARAYANAN K,3518802.0,3,1,2,1
Chief MANAGER OFFICE MEGA PLANning LOcal Area MAndsaur,3518000.0,22,1,1,1
VIJAYA VIKRAM CONSTRUCTIONS,3509760.0,3,1,1,1
A M ENTERPRISE,3509551.0,10,2,2,2
KHANDAKAR HADIUZAMAM,3506805.0,9,1,1,1
ceo jp bhikangone,3500000.0,16,2,3,1
Shri Liyi Geyi,3500000.0,5,1,1,1
gram panchayat lammeta,3500000.0,14,1,1,1
ZONE COMMISSIONER ZONE 02,3500000.0,3,1,1,1
R ILAMURUGU,3500000.0,1,1,1,1
JUNIOR ENGINEER POTTANGI,3500000.0,13,1,2,1
Sabita Mallick,3500000.0,7,1,2,1
PRDEEPTA KUMAR PANDA,3500000.0,5,1,2,1
SRI THAI AGENCIES,3500000.0,5,1,1,1
BANTHIWADA GRAM PANCHAYAT,3500000.0,10,1,1,1
GRAM PANCHAYAT PAPASANI,3499791.0,14,1,1,1
SHRI HANUMAN INFRA,3498504.0,4,1,2,1
GRAM PANCHAYAT BARGAON,3498011.0,14,1,1,1
R VISHWANATH,3497688.0,7,1,1,1
MADHAVA B,3497358.0,7,1,1,1
GILLELLA VENKATESHWAR REDDY,3495746.0,7,1,1,1
MAGAN CONSTRUCTION CO,3494557.0,2,1,1,1
KARTHIKEYAN M,3493988.0,7,1,1,1
JAY AMBE CONSTRUCTION,3493042.0,4,1,2,1
Navchetan Rural Devlopment Association,3491994.0,7,1,2,1
PUNITH R,3491078.0,7,2,2,1
RAJIB SAIKIA,3491000.0,22,1,1,1
MANOJ B R,3490673.0,15,1,1,1
Parth Ravindra Patil,3488874.0,4,1,1,1
SEBASTHIYAR M,3486876.0,3,1,1,1
GAJANAN DEVAJI HATWAR,3486586.0,4,1,1,1
Automotive Manufacturers Private Limited,3484455.0,3,1,1,1
NITHESH P,3484197.0,7,1,1,1
Gram Panchayat Namrayanpurmmmmmmmmmmmmmmmmmmmmmmmmmmmmmmmmm,3481250.0,15,1,1,1
Mohammed Ali M,3479685.0,3,1,1,1
RAVI MS,3477780.0,14,1,1,2
AVVNL KHINWSAR,3477654.0,24,1,1,1
GRAM PANCHAYAT SUNDAIL,3475400.0,7,1,1,1
Shouckath C K,3473877.0,3,1,1,1
S K AND COMPANY,3473634.0,3,1,1,1
EE EDD UPPCL Robertsganj,3473000.0,20,1,2,1
ASSISTANT ENGINEER,3470879.0,4,1,1,1
BHARATH KUMAR V,3466498.0,15,1,2,1
satya dev construction co,3460185.0,4,1,1,1
MUNDRA AUTOMOBILES PRIVATE LIMITED,3460000.0,1,1,1,1
SARASANI ANANTHA PADMA  REDDY,3457293.0,22,1,1,1
PUNAM RASHID KHAN,3454180.0,8,1,2,2
R K ENTERPRISE,3450853.0,10,2,2,2
gram panchayat,3450000.0,12,2,3,2
gp Saleda,3450000.0,6,1,2,1
S Gopalakrishnan,3450000.0,6,1,1,1
Ms MD ENTERPRISE,3450000.0,9,1,1,1
C P Gopalakrishnan,3449979.0,3,1,2,1
ABDUL KADER,3449919.0,9,1,1,1
NATPAVI ASSOCIATESS,3449883.0,4,2,2,1
MALLAM ANJAIAH,3448294.0,7,1,1,1
SOM ENGINEERING ENTERPRISE,3447690.0,2,1,1,1
MARIDURAI AND CO,3444792.0,3,1,1,1
Gopinathan,3442612.0,4,1,2,2
MAA MANASHA BUILDERS,3441366.0,3,1,1,1
LUCIFER POWER SYSTEM,3440122.0,8,1,1,1
GRAM PANCHAYAT CHHAPAR,3440000.0,13,2,3,2
gunapati phani kumar,3438763.0,7,1,2,1
POTHUGANTI SURENDER,3437628.0,13,1,1,1
SK ENTERPRISE,3436303.0,13,3,3,3
BG ENTERPRISE,3429600.0,35,1,1,1
Sivajaganathan G,3428635.0,5,1,1,1
RAHUL SINGH RATHORE,3426845.0,7,1,1,1
AJAY CONSTRUCTION,3421828.0,19,1,1,1
RK TRADING AND CONSTRUCTION COMPANY,3420515.0,4,1,1,1
Varinder Kumar Contractor,3417371.0,30,1,1,1
SHIV ENTERPRISES,3416608.0,7,2,2,2
LAXMI ENTERPRISE,3412803.0,9,2,2,2
A ANIL KUMAR,3409162.0,11,1,1,1
N K ENTERPRISES,3408450.0,15,1,2,1
ROHTASH SINGH CONTRACTOR,3406125.0,8,1,1,1
MS SUSHIL CONSTRUCTOR,3405328.0,7,1,1,1
THE KAUSHIK CO OP L AND C SOCITY PABNAWA,3404628.0,7,1,1,1
Medisky Enterprises,3403680.0,3,1,1,1
Srivatsavai Satya Lavan Varma,3401381.0,7,1,2,1
KGR GROUPS,3400000.0,2,1,1,2
Malathy Chellapandiyan,3400000.0,3,1,1,1
Abdul Motleb,3400000.0,11,1,1,1
Packiaraj S,3397990.0,2,1,1,1
MS RAVI ASHOK KUNCHIKORVE,3397419.0,2,1,1,1
SriRenukaConstruction,3397218.0,10,1,1,1
S Agoram,3395228.0,7,1,1,1
AVN CONSTRUCTIONS,3389297.0,1,1,1,1
MRS THANGAMANI K,3384697.0,4,1,2,1
Agrawal Construction,3382473.0,2,1,1,1
VEERARAGAVAN M,3382038.0,4,1,2,1
MS Satyam Enterprises,3380948.0,2,1,1,1
ASHOK SINNANGAPPA DODAMANI,3375000.0,13,1,1,1
Preident VC Aibawk,3375000.0,3,1,2,1
GRAM PANCHAYAT SENDRI MULBHOOT,3375000.0,3,1,1,1
GRAM PANCHAYAT BORSI,3375000.0,9,2,2,2
KASNAU TRADING COMPANY,3375000.0,3,1,1,1
RINGKHANG BASUMATARY,3375000.0,3,1,2,1
Gram Panchayat Patna Devri,3375000.0,3,1,1,1
Kiran bharat kumar dave,3375000.0,3,1,1,1
ZAHEERUDDIN MOHAMMAD,3374908.0,9,1,1,1
T D TILES,3365558.0,4,1,1,1
Waheguru steel shuttering store,3360822.0,35,1,2,1
K Gunasekar,3360484.0,4,1,1,1
SHREE SHYAM ENTERPRISES,3360365.0,4,2,3,2
GOKUL CHHETRI,3356262.0,6,1,1,1
BDO Nagrota Surian,3355000.0,25,1,1,1
SARPANCH GRAM PANCHAYAT PARSAHI,3350000.0,7,2,2,2
Raghav enterprises,3349784.0,5,1,1,1
ASSISTANT ENGINEER BAHADURPUR,3349617.0,7,1,1,1
MD PUVVNL,3348500.0,14,3,3,2
SUDHAKARAN N,3348111.0,3,1,1,1
RISHIKESAVAN K,3345531.0,2,1,1,1
ANEESH K P,3345132.0,10,2,2,1
RAJENDRAN A,3344599.0,5,1,1,1
Ashish Construction co,3341727.0,5,1,1,1
GRAM PANCHAYAT TINDODI Block Bhairamgarh,3340976.0,5,1,2,1
SANDIP BAIDYA,3340332.0,6,1,2,1
MAHADEVA K,3338525.0,13,1,1,2
K B ENTERPRISE,3326881.0,13,1,1,1
LUXMI IRON STORE,3326512.0,27,3,3,3
Navbharat Sahitya Mandir,3323466.0,18,1,1,1
SHRI HANUMAN CONSTRUCTION COMPANY,3319045.0,4,1,1,1
KAMIREDDY RAJA REDDY,3317760.0,7,1,2,1
C YOSHVA,3313280.0,4,1,1,1
MCK CONSTRUCTION,3307268.0,4,1,1,1
SKT CONSTRUCTIONS,3305854.0,6,1,1,2
Garg Builders and Suppliers,3303780.0,9,1,2,1
PRIYANKA KUMARI,3303249.0,3,1,2,1
MAA DURGE AADI SHUBHANGAM CONSTRUCTION COMPANY,3301245.0,7,1,1,1
VETRI ASSOCIATE,3300000.0,3,1,1,1
TULSI MANAS PRATISHTHAN,3300000.0,6,1,1,1
Sri Longki Bey,3300000.0,15,1,2,1
Ngurthantluangi,3300000.0,5,1,2,1
United Engineers,3300000.0,3,1,2,1
GRAM PANCHAYAT ZAINABAD,3300000.0,3,1,1,1
Construction of Road from Sokakata to Moishkhuli Khamar Road Goalpara,3300000.0,4,1,1,1
K M Palanisamy and Co,3300000.0,3,1,1,1
V DHAMODHARAN,3300000.0,3,1,1,1
VSR CONSTRUCTIONS,3299319.0,3,1,2,1
LAL CHAND MEENA,3299280.0,6,1,1,1
VIBINDAS,3299183.0,4,1,1,1
BABU K,3299100.0,3,1,1,1
JANGAM SURYANARAYANA,3298929.0,8,1,1,1
BASKARAN PERUMAL,3298524.0,3,1,1,1
P SUDHAKAR REDDY,3297786.0,7,1,1,1
MA ENTERPRISES,3297705.0,3,1,1,1
shaik abdul mazeed,3295523.0,7,1,2,1
UMESH CHANDRA MISHRA,3294516.0,5,1,1,1
UP State Cont and inrasture development corpotion ltd,3292680.0,21,1,1,1
Ashoka Construction Coy,3291665.0,3,1,1,1
Bolli Srihari,3290510.0,2,1,1,1
RAHUL SINGH OM CONSTRUCTION,3287607.0,7,1,1,1
SRI SRINIVASA ENTERPRISE,3287200.0,14,1,1,1
SUDHA DEVI,3287011.0,4,1,1,1
Ch Siddheshwar Majur Sahakari Sanstha Wadgaon S Tq Dist Dharashiv,3285893.0,7,1,1,1
DISTRICT EDUCATION OFFICER NEEMUCH,3284538.0,63,1,1,1
S Sudalaimuthu,3283798.0,4,1,1,1
RAHUL KUMAR CHATURVEDI,3281134.0,3,1,1,1
TRUPTI JITENDRA PAWAR,3273666.0,3,1,1,1
D N RAMDAS,3271677.0,13,1,1,1
Nath Enterprises Osmanabad,3270126.0,2,1,1,1
The Behlba Co OP L and C Society,3270000.0,3,1,1,1
BDO Pachhad,3270000.0,47,1,2,1
POOMPANDI P,3267898.0,3,1,1,1
N CONSTRUCTION,3267723.0,6,1,2,1
ATANU HALDER,3266459.0,5,1,1,1
PAZHANIVELRAJAN GNANASURIYAN,3265740.0,2,1,1,1
SUMAN PRADHAN,3265535.0,7,1,1,1
ZEEDAN ENTERPRISE MUSTAQUE AHAMED MOLLA,3265335.0,9,1,2,1
Surya Construction Company,3264909.0,3,1,1,1
Gram Panchayat Vasli janpad Panchayat gandhwani,3264072.0,9,1,2,1
Umar Construction Birgaon,3263461.0,10,1,1,1
METHDAK MINLEI KONYAK,3262860.0,6,1,1,1
Ujjwal Enterprises,3262476.0,3,1,1,1
Biju S Pillai,3262126.0,3,1,1,1
ARVIND SINGH,3261800.0,5,3,3,2
JUNA VADIYA,3261000.0,12,1,2,2
TARA MA ENTERPRISE,3260916.0,9,2,2,2
ARNAB BANERJEE,3260010.0,3,1,1,1
RAMMORE VERMA,3259345.0,17,1,1,1
SANVI CONSTRUCTION,3258113.0,4,1,1,1
Runaha,3250000.0,3,1,1,1
GRAM PANCHAYAT MAGARDHOKHARA,3250000.0,11,1,1,1
SARPANCH GRAM PANCHYAT PANDAR,3250000.0,7,1,1,1
MITTAL PAVERS,3247843.0,10,3,4,1
K L M CONSTRUCTIONS,3244875.0,3,1,1,1
MS DURGA CONSTRUCTION,3243371.0,11,1,1,1
Construction Of Rcc Natghar At Barpara Rajahuwa Kali Mandir,3240000.0,3,1,1,1
GRAM PANCHAYAT KALCHA DMFT,3240000.0,9,1,2,1
Jagu and Company,3238950.0,3,1,1,1
MS SR CONSTRUCTION,3232138.0,5,1,1,1
VIJAY SINGH,3231151.0,20,3,4,4
GOURI ENTERPRISE,3227583.0,9,2,3,2
MS HARSH ENTERPRISES,3226449.0,6,1,1,1
ms V P CONSTRUCTION,3225522.0,6,1,1,1
KETHI KRISHNA REDDY,3223557.0,3,1,2,1
HANUMAN BOREWELL AND EARTH WORKES,3221708.0,32,1,1,1
J P CONSTRUCTION COMPANY,3204177.0,7,2,2,2
Dhiraj Baba Virkhare,3201581.0,1,1,1,1
Pallavi Anant Ghude,3200921.0,5,1,1,1
Diganta Barthakur,3200805.0,4,1,1,1
jp barwah,3200000.0,10,2,3,1
GHULAM MURTAZA,3200000.0,4,1,1,1
MODERN ENGINEERING WORKS,3200000.0,6,1,2,1
DALJYOR UNEMPLOYED ENGINEERS COOPERATIVE,3200000.0,8,1,1,1
Gram panchayat Teegaon,3200000.0,9,1,1,1
BDO Bhawarna,3199928.0,22,1,1,1
ATCHUTA RAO REDDI,3198847.0,10,1,1,1
RAJESH ROHITKUMAR CONTRACTOR,3198531.0,3,1,1,1
dudheshwar construction company,3198360.0,6,1,1,1
SHAIK SARDAR,3198357.0,2,1,1,1
RAJ KUMAR,3195373.0,17,4,5,4
Jothiprakash V,3194193.0,6,1,1,1
SK INNOVATIONS,3194055.0,8,1,1,1
Ms Vikram Singh,3193292.0,66,1,2,1
JOSIDHAA DEVELOPER,3186368.0,2,1,1,1
The karma Co op L and C Society Ltd,3185612.0,21,1,2,1
Hanuman Prasad Vishkarma,3184566.0,6,1,1,1
KALIKURUCHI P,3183890.0,4,1,1,1
Luxmi Iron Store,3179544.0,8,1,1,1
V RAJASEKARAN,3174498.0,2,1,1,1
GURU KIRPA INT UDHYOG,3173361.0,6,1,1,1
NEMAI KUNDU,3173287.0,3,1,1,1
AKASH DUTTA,3173020.0,1,1,1,1
RAJKUMAR TIWARI,3170432.0,1,1,1,1
GOVINDH CHOWHAN,3169708.0,10,1,1,1
VIJAAY,3168745.0,1,1,1,1
MANAB JYOTI BORUAH,3168333.0,41,1,1,1
SATHIYAMURTHY P,3167280.0,6,1,1,1
PENTASTAR POWERCON PRIVATE LIMITED,3165190.0,15,1,1,1
SVYP CONSTRUCTIONS,3159595.0,2,1,1,1
RAJESH KUMAR S N,3159274.0,4,1,1,1
MANSUR ALI,3154056.0,3,1,1,1
E RAJESH,3153048.0,4,1,2,2
GRAM PANCHAYAT TOLMA,3150000.0,3,1,2,1
AMY HEALTHCARE SERVICES,3150000.0,6,1,1,1
tushar johari,3150000.0,6,1,2,1
SS Steel Industries Sirsa,3149996.0,18,1,1,1
GP Naurangpur,3149442.0,9,1,2,2
ARUNPRAVEEN,3149100.0,6,1,1,2
Mohir Uddin,3148974.0,9,1,1,1
LUTFOR RAHMAN,3148809.0,12,1,1,1
KUSUM DEVI,3148515.0,6,1,1,1
Nisarga Constructions,3147465.0,3,1,1,1
KANTU KUMAR,3145333.0,3,1,1,1
Delight Trading Company,3143664.0,7,2,2,2
adityavijaywaje,3142000.0,4,1,1,1
KONGARI PRABHU,3140891.0,4,1,1,1
MS RAM PRASAD JAISWAL,3140415.0,10,1,2,1
INFODESIGN,3139833.0,3,1,1,1
UTPAL BORAH,3137702.0,19,1,1,2
Yerubandi Venkatarao,3136900.0,2,1,1,1
HASIBAR RAHAMAN LAYEK,3134625.0,3,1,1,1
HABEEBULLA S,3133395.0,7,1,2,1
Ms Luxmi Bricks Co Rakhi Khas,3133293.0,19,1,1,1
SUN RAY ENTERPRISE,3132600.0,6,1,2,1
D R KUKADIA,3130066.0,1,1,1,1
Subham construction company,3121185.0,9,1,1,1
IJAZ KHAN,3120000.0,4,1,2,2
TATA PASSENGER ELECTRIC MOBILITY LIMITED,3118050.0,2,1,1,1
RAJENDRA PRASAD B,3112390.0,4,1,1,1
CHANDRAN V C,3104709.0,3,1,1,1
SHREE DHANLAXMI TILES UDHYOG,3102050.0,8,2,2,2
JAGLAN CONSTRUCTION,3101806.0,5,2,2,2
SRIKRISHNA ENTERPRISE,3100220.0,8,3,4,3
const of community hall near kathalguri ras field,3100000.0,4,1,1,1
PERUMAL SGC,3098972.0,6,1,1,1
DHARMARAJAN RAMAIAH,3098457.0,8,1,1,1
RAMESH,3097992.0,23,4,4,5
MUNIN CHABUKDHORA,3097236.0,56,1,1,1
AMIT ENTERPRISES,3095904.0,3,1,1,1
SURAJ ENTERPRISE,3094774.0,11,1,2,1
Bhanu Constructions,3094322.0,2,1,1,1
RAVENDRAN R P,3094203.0,4,1,1,1
MPAGRO,3093810.0,32,1,1,1
MS CHOUDHARY UDHYOG,3088548.0,6,1,1,1
gram panchayt natwarnagar,3087729.0,3,1,2,2
Merino Infra Projects Private Ltd,3087396.0,1,1,1,1
Thiyagarajan S,3087388.0,4,1,1,1
Cosine Green Power,3086456.0,1,1,1,1
K R Constructions,3085020.0,5,1,1,1
Karne Vinod,3085000.0,7,1,1,1
AYYAPPAN ENTERPRISES,3084454.0,1,1,1,1
MONDAL CONSTRUCTION,3084358.0,2,1,1,1
mohan yadav,3081781.0,5,1,1,1
The Maharishi Markendeshwar C O L C Ltd,3076557.0,4,1,2,1
GP Dansara,3074991.0,10,1,2,2
MANSIH KUMAR SINGH,3074483.0,5,1,1,1
BASHEER N,3070535.0,4,1,1,1
SRI JALADHARE BOREWELLS,3068770.0,28,1,1,2
SREE VINYAGA CONSTRUCTIONS,3066658.0,6,1,1,1
GRAM PANCHAYAT,3065000.0,8,3,6,3
BADRODDOZA SK,3062865.0,10,1,1,1
RAJAN NATANI,3059619.0,3,1,2,1
gram panchayat tipangarh,3058661.0,14,1,1,1
SHRASHTI CONSTRUCTION COMPANY,3057636.0,6,1,1,1
Pritam Enterprise,3052500.0,6,1,1,1
Joy Santoshi Enterprise,3050613.0,3,1,2,1
SUMI CONSTRUCTION,3049698.0,10,1,1,1
SURENDRAN,3049218.0,4,1,1,1
Saurabh Sanjay bakkam,3048000.0,7,1,1,1
T Bhanumathi,3041493.0,22,1,1,1
SALIM A,3035336.0,7,1,1,1
M APPADURAI,3035168.0,4,1,1,1
SBRS INFRASTRUCTURE,3034152.0,4,1,1,1
Talwinder Singh,3033828.0,7,1,2,1
PRAVIN KUMAR,3033000.0,7,2,2,2
SAGAR ENTERPRISE,3031605.0,11,1,1,1
Lakshmi Automotives India Pvt Ltd,3030000.0,3,1,2,1
PAWAN CONSTRUCTION COMPANY,3026903.0,4,1,1,1
GRAM PANCHAYAT GHOTI,3025000.0,12,1,1,1
PARASHURAM CHANDARAM BIRADAR,3024893.0,16,1,2,1
ALOK SHRIPATRAO PARDE,3024856.0,7,1,2,1
Mithinga Swargiary,3022609.0,8,1,1,1
PARTHA SARATHI BORAH,3022308.0,17,1,1,1
KHAN ENTERPRISES,3020811.0,6,1,1,1
NIDHIN MATHEW,3019480.0,8,1,1,1
M P STATE AGRO AND INDUSTRIES DEVELOPMENT CORP,3015816.0,26,1,2,1
DHARAM DAS THEKEDAR,3014492.0,13,1,1,1
JIYANSH ENTERPRISES,3011845.0,4,1,2,1
MA TARA CONSTRUCTION,3008292.0,6,2,2,2
MPLADS Ex Engineer PHE Div HND,3008000.0,1,1,1,1
EDD tiloi,3007959.0,10,1,1,1
MAA ASHAPURA KIRANA AND MATERIAL SUPPLIERS,3006985.0,4,1,2,1
Gram Panchayat Mahuri,3001326.0,3,1,2,1
TELI SAMAJ SANGHTAN PANDURNA,3000000.0,6,1,1,1
Samagra Siksha Govt HSS Girls Gharghoda,3000000.0,3,1,2,1
SARPANCH SACHIV GRAM PANCHAYAT GORA,3000000.0,6,1,1,1
SKP ENTERPRISE,3000000.0,3,1,1,1
GRAM PANCHAYAT SHAHJADPURA JP BATIYAGAD,3000000.0,6,1,1,1
Salem Veng Local Council,3000000.0,4,1,2,1
Jayprakash Yadav,3000000.0,3,1,1,1
P S AND CO,3000000.0,1,1,1,1
P VELUCHAMY,3000000.0,3,1,1,1
SELVENDRAN,3000000.0,3,1,1,1
Shri Samarth Majur Sahakari Sanstha Maryadit,3000000.0,3,1,1,1
SARPANCH SECRETARY GRAM PANCHAYAT RASULLABUZURG,3000000.0,6,1,1,1
Gram Panchayat Mondla janpad Panchayat Dharmpur,3000000.0,6,1,2,1
GP KANDAILA JP GANGEO,3000000.0,3,1,1,1
AKSHAY BHASKAR GAIKWAD,3000000.0,4,1,1,1
Shri Saikrupa Majur Sahakari Sanstha Ltd,3000000.0,3,1,1,1
Baba Ram Charan Verma Balika Poorva Madhyamik Vidyalay,3000000.0,6,1,1,1
Gram Panchayat Maldi,3000000.0,9,1,1,1
GRAM PANCHAYAT JUDAGA,3000000.0,6,1,2,1
Gram Panchayat Bharuwadihkala,3000000.0,6,1,1,1
GRAM PANCHAYAT BHATSANA,3000000.0,3,1,1,1
SMT DHANPATI DEVI JAISWAL LAGHU MADHYMIK VIDYALAYA,3000000.0,6,1,1,1
GP DEOGAWAN,3000000.0,6,1,2,1
sarpanch gram panchayat arsiya,3000000.0,6,1,2,1
MRA Infra Venture Private Limited,3000000.0,6,1,1,1
Gram Panchayat Maanpur,3000000.0,6,1,1,1
GP DEVIKHEDA,3000000.0,6,1,2,1
GP KUNDIYAPADA,3000000.0,6,1,2,1
Kirthvika Construction,3000000.0,3,1,1,1
MANI TRADERS,3000000.0,6,1,1,1
IYAPPAN A G,3000000.0,3,1,2,1
AMOKLUSHI TOUREST RENT FUND,3000000.0,6,1,1,1
GRAM PANCHYAT KURANDI,3000000.0,6,1,2,1
GRAM PANCHAYAT BAKHAPUR,3000000.0,3,1,1,1
ABHISHEK B K,3000000.0,12,1,1,1
sarpanch gram panchayat lakhali,3000000.0,6,1,2,1
G Khekavi Zhimo,3000000.0,6,1,1,1
Gram Panchayat Piplya Kamin janpad Panchayat Dharmpur,3000000.0,6,1,2,1
SHRI BAJRANGDAS KUTI,3000000.0,3,1,2,1
Executive Officer,3000000.0,3,1,1,1
Gram Panchayat Nagda janpad Panchayat badnawar,3000000.0,6,1,2,1
SAKTI SWARUP DAS,3000000.0,3,1,1,2
DAWHARU GOYARY,3000000.0,4,1,2,1
GRAM PANCHAYAT BAGRODA,3000000.0,8,1,1,1
SANADYA BRAHMAN SABHA AND SAMMITTE,3000000.0,6,1,1,1
DERIN NESAMANI,3000000.0,3,1,1,1
REKHA ROSE DUKRU,3000000.0,6,1,1,1
UPGRADATION OF COMMUNITY HALL NEAR MAA MANASHA MANDIR,3000000.0,6,1,1,1
Nikhil Prakash Nikam,3000000.0,3,1,1,1
GP KHODRI,3000000.0,6,1,2,1
GRAM PANCHAYAT KALIBAVDI,3000000.0,6,1,2,1
sdmc,3000000.0,18,1,1,1
GRAM PANCHAYAT JHALWANI,3000000.0,6,1,2,1
GRAM PANCHAYAT JANJGIRA,3000000.0,6,1,1,1
Gram Panchayat Kosmi,3000000.0,3,1,2,1
Gp surajgav,3000000.0,6,1,2,1
SARPANCH GRAM PANCHAYAT AKALSARA,3000000.0,6,1,2,1
MANCH RANG MANCH,3000000.0,3,1,1,1
IQRA EDUCATION AND WELFARE SOCITY,3000000.0,9,1,1,1
gram panchayat Chicholibad,3000000.0,6,1,1,1
RAMESH TK,3000000.0,2,1,1,1
DHANALAKSHMI S,3000000.0,3,1,1,1
SHRI RAMPHER YADAV CHAUDHARY SHIKSHAN SANSTHAN UMV,3000000.0,6,1,1,1
POHKSEH LOCAL COMMITTEE,3000000.0,3,1,1,1
ADHYAKSH GRAMKOSH SFC HATNARA,3000000.0,9,1,2,1
GRAM PANCHAYAT DODKI,3000000.0,6,1,2,1
Vishwvijay Bhagwan Rote,3000000.0,2,1,1,1
Tura Christian Boys Sec School,3000000.0,6,1,1,1
ADHYAKSH GRAMKOSH SFC DELANPUR,3000000.0,6,1,2,1
Gram panchayat Rewjha,3000000.0,6,1,1,1
Curlesha Koksi Sangma,3000000.0,6,1,1,1
GP CHAUDIYAR JP REWA REWA,3000000.0,6,1,1,1
CHUANA K SANGMA,3000000.0,6,1,1,1
GP Khanni Uparly,3000000.0,30,1,1,1
AATHVIK CONSTRUCTION,3000000.0,3,1,1,1
Lalsiamthari,3000000.0,6,1,2,1
NEKNAM GRAM PANCHAYAT,3000000.0,6,1,1,1
ULTRA MODERN GIRLS DEGREE COLLEGE MEHNAGER AZAMGARG,3000000.0,3,1,2,1
Village Employment Council Rengdil,3000000.0,6,1,2,1
Village Council Rengtekawn,3000000.0,6,1,2,1
K Chhalai,3000000.0,6,1,2,1
Shailesh Udaysingh Bhosale,3000000.0,3,1,1,1
Shailendra Singh,3000000.0,4,1,1,1
Ms Ronik and Brothers,3000000.0,3,1,1,1
GP DAGARDUA JP GANGEO REWA,3000000.0,3,1,1,1
Ige Boje,3000000.0,3,1,1,1
Gram panchayat LAKHAGARH,3000000.0,6,1,1,1
CL STG DEV EA FIL DAL STR MRM,3000000.0,6,1,1,1
GRAM PANCHAYAT PUTPURA,3000000.0,6,1,1,1
Nallavelli Dhamodar Reddy,3000000.0,6,1,1,1
JOTIRLING MAJUR SAHA SANSTHA LTD SATARA,3000000.0,3,1,1,1
GP LASUDIYABECHAR,3000000.0,6,1,2,1
GP Lalpur East,3000000.0,6,1,2,1
Anshuman Panda,3000000.0,3,1,1,2
Manas Ranjan Das Kanungo,3000000.0,6,1,2,2
Abhijeet Anandrao Gaikwad,3000000.0,3,1,1,1
Gram Panchayat Kasoli,3000000.0,2,1,1,1
YADAV COMPUTER,3000000.0,6,1,2,1
Ms RTS Enterprises,3000000.0,10,1,1,1
GRAM PANCHAYAT BARELI,3000000.0,6,1,2,1
ARTI KALYAN AUTADE,3000000.0,3,1,1,1
gram panchayat deharda sadak,3000000.0,6,1,1,1
Philip Thapa,3000000.0,3,1,1,1
Zone 08,3000000.0,5,1,1,1
C DAWNGVELA,3000000.0,6,1,2,1
Rishot Kshiar,3000000.0,6,1,1,1
Bendangla Yaden,3000000.0,3,1,1,1
The Sukhmani COOP L and C Society,3000000.0,6,1,1,1
MIZO UPA PAWL,3000000.0,6,1,2,1
TINUMANGYANG,3000000.0,3,1,1,1
RAJU SINGH,3000000.0,6,1,2,1
Gram Panchayat Banora,3000000.0,3,1,2,1
Sunder Mohan Hembram,3000000.0,6,1,2,1
PASUNJ GRAM PANCHAYAT,3000000.0,9,1,1,2
BIBEKANANDA BARIK,3000000.0,3,1,1,1
Gram Panchayat Badrakha,3000000.0,6,1,1,1
BABA BAIJNATH HS SCHOOL SARUPAHAN,3000000.0,6,1,2,1
Construction of Community Hall at Sarapara Village Bardamal,3000000.0,6,1,1,1
KR ENTERPRISES,3000000.0,6,1,1,1
Gram Panchayat Anwarpur,3000000.0,6,1,1,1
AAMYRA TRADERS,3000000.0,9,2,3,2
Sree and Co,3000000.0,1,1,1,1
P KANDASAMY ODC,3000000.0,3,1,1,1
Anagadh Gram Panchayat,3000000.0,6,1,1,1
GRAM PANCHAYAT BAYKHEDA JANPAD PANCHAYAT UMARBAN,3000000.0,6,1,2,1
SARPANCH GRAM PANCHAYAT MASTURI,3000000.0,6,1,1,1
Rojh construction company,3000000.0,3,1,2,1
Gram Panchayat Sontara,3000000.0,6,1,1,1
SEWA BHARTI SAMITI,3000000.0,3,1,1,1
SARPANCH SACHIV GRAM PANCHAYAT BABROD,3000000.0,6,1,1,1
GP SEMARIYA JP REWA,3000000.0,3,1,1,1
THANGACHAMY,3000000.0,1,1,1,1
KANSA NA GRAM PANCHAYAT,3000000.0,12,1,1,1
SHAIKH AMER ANWAR,3000000.0,3,1,1,1
GRAM PANCHAYAT SAKALDA JANPAD PANCHAYAT UMARBAN,3000000.0,6,1,2,1
GRAM PANCHAYAT MASIYARI,3000000.0,6,1,2,1
MS Midas Construction,3000000.0,3,1,1,1
CONST OF THREE NOS CANPOY BRIDGE WITH INSTALLATION OF ST EEL POST,3000000.0,3,1,1,1
NMS ENGINEERS,3000000.0,1,1,1,1
APURVA MAJOOR SH SANSTHA LTD RUICHHATISHI,3000000.0,3,1,1,2
YMA Field Veng Branch,3000000.0,6,1,2,1
Pappathi,3000000.0,3,1,1,1
GRAM PANCHAYAT MALPURA,3000000.0,3,1,1,1
GRAM PANCHAYAT MANDHOLI KALAN,3000000.0,3,1,1,1
803105000071,3000000.0,4,1,1,1
MGNREGS Convergence Account,3000000.0,3,1,1,1
Gram Panchayat Dattigara janpad Panchayat badnawar,3000000.0,6,1,2,1
Gram Panchayat Dargaon,3000000.0,6,1,1,1
Gram Panchayat Eklara Buzurg janpad Panchayat Dharmpur,3000000.0,6,1,2,1
VC Darlung,3000000.0,6,1,2,1
MPLADS RS BDO BP,2999937.0,3,1,1,1
PAKIRAPPA BHUMARATTI,2999922.0,12,1,1,1
ALL IN ONE CONSTRUCTION,2999892.0,3,1,1,1
RAJESHWAR AGRO SALES,2999868.0,3,1,1,1
GRAM PANCHAYAT SONAJORI,2999853.0,4,1,2,1
SARPANCH GRAM PANCHAYAT SONIYATATH,2999823.0,6,1,2,1
RAJIV KAMAN,2999814.0,12,1,1,1
SPD BUILDERS,2999802.0,3,1,1,1
GRAM PANCHAYT GUDHA BHAGWANDAS,2999790.0,6,1,1,1
B A HARISH,2999784.0,6,1,2,1
MAA MANISHA ENTERPRISE,2999776.0,2,1,1,1
DIHINGIA HARDWARE,2999769.0,12,1,1,1
KURUVA RAMAKRISHNA,2999754.0,6,1,1,1
G SIVAPRASATH,2999721.0,3,1,1,1
GP KHAMRAUDH,2999700.0,6,1,2,1
K YUVARAJ,2999700.0,3,1,2,2
B GNANAVEL CONTRACTOR,2999700.0,3,1,2,1
G P Bardula,2999688.0,6,1,2,2
MAA TARA BUILDERS,2999676.0,6,1,1,1
GRAM PANCHAYAT BELHADIH,2999607.0,6,1,2,1
GP Chilhiyamar,2999600.0,4,1,2,1
GRAM PANCHAYAT PATERAPALIKHURD,2999568.0,6,1,2,1
A LAVANYA,2999547.0,3,1,2,1
MAHADEV CO COMPANY,2999532.0,6,1,1,1
R S ENTERPRISE,2999523.0,6,1,1,1
A Harish Kumar Reddy,2999472.0,6,1,1,1
Ballavari Maheswar Reddy,2999456.0,2,1,1,1
SAMBRET RAJ D,2999427.0,3,1,1,1
Om Sai Traders,2999400.0,6,1,2,1
SAMBHAJI MADHUKAR KUMBHAR,2999346.0,3,1,2,1
KALAIMAMANI,2999340.0,3,1,1,1
SARPANCH GRAM PANCHAYAT BAILACHUNA,2999316.0,6,1,2,1
Pallavi harshal Darade,2999304.0,3,1,1,1
obul reddy ganugapenta,2999262.0,6,1,2,1
GRAM PANCHAYAT TARSINWA,2999238.0,6,1,1,1
SARPANCH GRAM PANCHAYAT ASOUNDA,2999232.0,6,1,2,1
D V VINOTH DAMU,2999214.0,3,1,1,1
Srinivas Reddy Gadila,2999202.0,6,1,1,1
Tikitoriya Construction Govind Patel,2999190.0,6,1,1,1
SARPANCH SACHIV GRAM PANCHAYAT DHIMCHOLI,2999166.0,6,1,1,1
Arun Gohain,2999139.0,9,1,1,1
santosh sharadrao bende,2999133.0,3,1,1,1
SARPANCH SACHIV GRAM PANCHAYAT BANDORA,2999130.0,6,1,2,1
AMIT KUMAR SAI,2999130.0,6,1,2,1
KIRUBAI CONSTRUCTION,2999091.0,3,1,2,1
Sandeep Maruti Narhe,2999082.0,3,1,1,1
OM MAJUR SAHAKARI SANSTHA MARYADIT KARADWADI,2999031.0,3,1,1,1
GOVINDARAJU M,2999031.0,3,1,2,1
UMA CONSTRUCTIONS,2998983.0,3,1,2,1
RAMASAMUDRAM MADIRASU VENKATA GIRI,2998962.0,3,1,1,1
Arun M,2998926.0,3,1,1,1
GAYATHRI DEVI S,2998917.0,3,1,1,1
sarpanch sachiv gram panchayat Anda,2998899.0,6,1,2,1
VELUTHURLA BUJJI REDDY,2998881.0,6,1,2,1
PANDIARAJAN,2998863.0,3,1,2,1
BHOJAJI BAVJI BUILDING MATERIALS SUPPLIERS,2998767.0,9,1,1,1
SARPANCH SACHIV GP KUTELA,2998743.0,9,1,1,1
SARVAN,2998653.0,6,1,2,1
M P PUNIYA CONSTRUCTION COMPANY,2998644.0,6,1,1,1
MOHAN RAM YADAV,2998614.0,6,1,2,1
NAGESH,2998539.0,9,2,3,2
SATHI SAYYAD BABA MAJOOR SAH SAN MARY,2998500.0,3,1,1,1
GRAM PANCHYAT BHALAPUR SGVY,2998491.0,6,1,1,1
SHRIKANT MOHANRAO BURANGE,2998434.0,3,1,1,1
PUNARAM DOLEY,2998428.0,9,1,1,1
SAKTHIVEL E,2998422.0,3,1,2,1
BABASH A,2998416.0,3,1,2,1
SHIVKRUPA CONSTRUCTION PROP ADESH HANUMANT MUSTAPURE,2998392.0,3,1,1,1
GARIB NAWAJ SUSHIKSHIT BEROJGAR SEVA SAH,2998332.0,3,1,1,1
SARPANCH SECRETARY GRAM PANCHAYAT LAHIDPUR,2998326.0,6,1,1,1
Kasinathan,2998254.0,2,1,1,1
NIRMAL KUMAR TIRKEY,2998242.0,6,1,2,1
TAJ MAJUR KAMGAR SAHAKARI SANTHA AT BABHALI,2998086.0,3,1,2,1
Malaiarasan,2998086.0,3,1,1,2
MUTHUSELVAM K,2998071.0,1,1,1,1
SARAVANA ENGINEERING AND INFRATECH PRIVATE LIMITED,2998062.0,1,1,1,1
GRAM PANCHAYAT KHICHRI,2998035.0,6,1,2,2
SARPANCH AND SACHIV GRAM PANCHAYAT AHILDA,2998026.0,6,1,2,1
ROSHU CONSTRUCTION,2998026.0,6,1,1,1
ANBU PRABU A,2998011.0,3,1,2,1
MANI A,2998002.0,6,1,1,1
vishal rajendra mande,2998000.0,4,1,1,1
SHREE GEENGER SAMAJ PANCHAYAT SOCIETY KOTA GIRDHARI,2997834.0,9,1,1,1
Chelladurai,2997741.0,3,1,2,1
Amina M S S M,2997724.0,2,1,1,1
KHIJRIL KHOKAR,2997723.0,3,1,1,1
New Era Co Op Lcs Ltd,2997722.0,2,1,1,1
Bharat Co Op Labour Society Limeted,2997720.0,3,1,1,1
Rahul Co Operative Labour Society Ltd,2997720.0,3,1,1,1
Dagad kamgar coop labour society ltd,2997720.0,3,1,1,1
Andheri Wadari Labour Contract Sahakari,2997720.0,3,1,1,1
Shahjad alimohd samiulla raeen,2997720.0,3,1,1,1
MS SHRI AMBIKA MATA,2997720.0,3,1,1,1
RENUKA CO OP LABOUR SOCIETY LIMITED,2997720.0,3,1,1,1
Chandrarup Majoor Sahakari Sanstha,2997720.0,3,1,1,1
Shivneri Coop Labour Society ltd,2997720.0,3,1,1,1
CH GAJANAN MSS LTD,2997615.0,3,1,1,1
BHAIRAVNATH MAJUR SAH SAN KOLAMBI,2997609.0,3,1,1,1
TAMBOLI MOSIDDHIK,2997567.0,3,1,2,1
PALAK ENTERPRISES,2997561.0,9,1,2,1
JS Infrastructure,2997537.0,6,1,1,1
YASHODA R,2997493.0,6,1,1,1
P BUCHANNA,2997450.0,6,1,1,1
SRI RAMA INFRA PROJECTS,2997438.0,3,1,1,1
SHRI SIDDHI VINAYAK CONSTRUCTION COMPANY,2997432.0,9,1,1,1
K Cement House,2997408.0,9,1,1,1
GRAM PANCHAYAT UPANI,2997381.0,6,1,2,1
V R CONSTRUCTIONSAND DEVELOPERS,2997363.0,3,1,1,2
GRAM PANCHAYAT BIJARABHATHA,2997300.0,6,1,1,1
SANTHOSH KUMAR SANGAPPA,2997090.0,6,1,1,1
GRAM PANCHAYAT TARATARA MATU,2997027.0,6,1,1,1
SARPANCH SACHIV GRAM PANCHAYAT KORDA,2997009.0,6,1,2,1
ANAND MAJUR SAHKARI SANSTHA LTD BHIMNAGAR KOREGAON,2997000.0,3,1,1,1
CH JAWAHAR M S S LTD CHH SAMBHAJINAGAR,2997000.0,3,1,3,1
ANIRUDDHA ARVIND MAHADIK,2997000.0,3,1,1,1
SUBRAMANIYAN G,2996958.0,3,1,1,1
KEDARINATH PROJECTS,2996940.0,6,1,2,1
T PAPATHI,2996910.0,3,1,1,1
SURIYA CONSTRUCTION,2996868.0,3,1,1,1
Gram Panchayat Lohari janpad Panchayat Nisarpur,2996829.0,6,1,2,1
Manoj Murlidhar Gujar,2996799.0,3,1,1,1
Anbusundaraprimalam R,2996724.0,3,1,1,1
Chacha Bhatija Contractor Sangod,2996679.0,6,1,1,1
AVIJIT DAS,2996670.0,3,1,2,1
SRI MAHALAKSHMI BLUE METALS AND CONSTRUC TIONS,2996613.0,3,1,1,1
MANISH TILES,2996532.0,6,1,1,1
Guruvuthai R,2996454.0,3,1,1,1
SHREE NIMBESHWAR CONSTRUCTION COMPANY,2996358.0,6,1,1,1
RICHARD A,2996352.0,3,1,1,1
Mohan,2996082.0,3,1,2,1
SUSANTA METYA,2996013.0,3,1,1,1
MANI M,2996004.0,3,1,1,1
GRAM PANCHAYAT PARSULI,2995908.0,6,1,1,1
Gram panchayat Devra,2995800.0,6,1,2,1
GOVIND ENTERPRISES,2995611.0,7,1,2,1
KARTHIKA M,2995575.0,3,1,1,1
GP Chhulha,2995500.0,6,1,2,1
GANESH CONSTRUCTION CO,2995488.0,3,1,1,1
Debabrata Roy,2995431.0,3,1,2,1
GRAM PANCHAYAT MOHTARA,2995326.0,6,1,1,1
SOHAIL KHAN ENTERPRISE,2994936.0,3,1,1,1
GRAM PANCHAYAT CHANDI,2994900.0,6,1,1,1
GUMMA SYAMASUNDARARAO,2994900.0,3,1,2,1
Gram Panchayat Ankot,2994888.0,9,1,1,1
KALAIYARASAN,2994801.0,3,1,1,1
K Sreenivasa reddy and co,2994765.0,3,1,1,2
VIJAYALAKSHMI KAMASANI,2994756.0,6,1,1,1
Ghanshyam Das Agrawal,2994720.0,12,1,2,1
RANJIT CHOUDHURY,2994621.0,6,1,1,1
Ponnusamy,2994531.0,3,1,1,1
NAVEEN SULLI,2994412.0,6,1,1,1
S VELPANDI,2994333.0,3,1,1,1
SAWIN ENTERPRISE,2994210.0,3,1,1,1
UPADHYAY TRADERS,2994201.0,6,1,1,1
P RAMADASS,2994141.0,3,1,1,1
S R Arumugam,2994078.0,6,1,2,1
SUNDAR LAL CONTRACTOR MOONPUR,2994045.0,6,1,1,1
K N CONSTRUCTION COMPANY,2994015.0,6,1,1,1
SARPANCH GRAM PANCHAYAT PIPERSATTI,2994000.0,6,1,2,1
GP DHANIYA KHEDI JP SANCHI,2994000.0,6,1,1,1
ROHIT BHARAT SAWANT,2994000.0,3,1,2,1
SARPANCH SACHIV GRAM PANCHAYAT DHUDER,2993703.0,6,1,1,1
N Venkateswara Reddy,2993572.0,7,1,1,1
Siva Health Care,2993280.0,6,1,1,1
KALIDAS RAMASAMY,2993169.0,3,1,1,1
RAJESH DNYANOBA NEVHAL,2993091.0,3,1,1,1
GRAM PANCHYAT CHHATAN SGVY,2993025.0,12,1,1,1
Gram Panchayat Songarh janpad Panchayat sardarpur,2992866.0,6,1,2,1
YAMANAPPA R MADAR,2992815.0,12,1,1,1
K C Enterprises,2992815.0,12,1,1,1
PRAFUL ENTERPRISES,2992656.0,4,1,1,1
Asit Pradhan,2992419.0,6,1,1,1
Mir Rafikul Islam,2992359.0,6,1,2,1
A R CONSTRUCTION,2992332.0,6,1,2,1
SHRI GANAPATI MAJUR SAHAKARI SOCIETY LTD ALAKUD S,2992119.0,3,1,1,1
Rourwtwn Basumatary,2991909.0,3,1,2,1
Shiveshwar Majoor Sahakari Sanstha Maryadit Javkheda Thombre,2991558.0,3,1,1,1
KUMAR D,2991414.0,3,1,2,1
Pungale Kailas Dattatray,2991408.0,3,1,1,1
Pappu Kumar Yadav,2991150.0,3,1,1,1
DHIVYA K,2990979.0,3,1,1,1
Digamber singh negi,2990964.0,6,1,1,1
ESLAVATH SUNDER,2990760.0,6,1,1,1
Swami Narayan Construction,2990598.0,12,1,1,1
S SIVAKUMAR,2989830.0,3,1,1,1
PARAMADEVAN,2989488.0,3,1,1,1
KRISHNA CONSTRUCTION AND SUPPLIER,2989197.0,10,1,1,1
KARUPPASAMY M,2989071.0,1,1,1,1
G R Construction,2989060.0,1,1,1,1
MALLIKARJUN,2988987.0,14,1,2,1
Venkatrao Narsingrao Madpelliwar,2988942.0,3,1,1,1
Jayanti Electric Co,2988834.0,3,1,1,1
ESLAVATH RAMESH,2988705.0,6,1,1,1
VALLURU SURESH,2988216.0,6,1,2,1
JITENDRA KUMAR CONTRACTOR,2988000.0,4,1,1,1
MS JAI DURGA TRADERS,2987616.0,3,1,3,1
Jay Gajanan Majur Sahakari Sanstha LTD,2986917.0,3,1,1,1
GRAM PANCHAYAT ZARI,2986869.0,3,1,1,1
MAHESH CHANDRA,2986830.0,9,1,1,1
SUMIT SADASHIV GORE,2986758.0,3,1,1,1
SHIV DULARE GUPTA,2986680.0,6,1,1,1
Shiva construction co,2986593.0,3,1,1,1
KUMBEPHAL SAHAKARI MAJUR SANSTHA MARYADIT KUMBEPHAL,2986110.0,3,1,1,1
Shivrani School Prabandhan Smiti,2986084.65,27,1,1,1
UPENDER GUGULOTH,2985816.0,3,1,1,1
Anusaya Mahila MSS,2985780.0,3,1,1,1
KABRA CONSTRUCTION,2985714.0,2,1,1,1
Suresh Contractor,2985370.0,7,1,1,1
SARVESH SURYAKANT FOKANE,2985276.0,3,1,1,1
Gram Panchayat Haldharu,2985183.0,6,1,2,1
AYAN MAHAVEER GOWADIYA,2984916.0,6,1,2,1
VEER TEJA,2984862.0,3,1,2,1
GRAMPANCHAYAT GADHE JALGAON TQ AURANGABAD,2984826.0,3,1,1,1
SHRI DATTA LABOUR KAMGAR SAHAKARI SANSTHA,2984580.0,2,1,2,1
SYED KARIMULLA,2984334.0,6,1,2,1
PREM SAI MAJUR SAHAKARI SANSTHA MARYADIT,2983846.0,3,1,1,1
Ms Jai Girraj Ji Construction,2983422.0,3,1,2,1
GP TEMBHI,2983185.0,3,1,1,1
KENNZ TECHNOLOGIES LLP,2982924.0,3,2,3,2
TAYAB KHAN CONTRACTOR,2982312.0,3,1,1,1
SWAPNIL WASUDEO BHAKTE,2982246.0,3,1,2,1
ANSHU KUMARI,2982075.0,3,1,2,1
Shri Dwarika Computers,2981708.0,4,2,3,1
OTTO BOCK HEALTHCARE INDIA PVT LTD,2981475.0,3,1,1,1
mohini anil bhise,2981098.0,3,1,1,1
CH KESARIYAJI MSS LTD VAIJAPUR,2980686.0,3,1,3,1
THE SAKSHAM CO OP LABOUR AND CONSTRUCTION SOCIETY LIMITED SANKHOL,2979692.0,3,1,1,1
NURUL ABSAR,2979546.0,3,1,1,1
Gram Panchayat Bhalpara,2978943.0,6,1,1,1
Vytal Srinivasa Chowdary,2978517.0,3,1,1,1
Grampanchayat Karyalay Mangrul Tq Chh Sambhajinagar,2978457.0,3,1,1,1
KANDE SRINIVASULU,2978403.0,3,1,1,1
RAJ KUMAR BHAGAT,2977938.0,3,1,2,1
RAJDHANI ENGINEERING,2977676.0,20,1,2,1
BHUPENDRASINGH BALWATSINGH BINDRA,2977392.0,3,1,1,1
gram panchayat chinchgavan,2977320.0,3,1,1,1
GURUNATHAN,2977233.0,6,1,1,1
SYED YASEER ZAMA SYED ZAFAR ALI,2976606.0,3,1,1,1
SPORTS ORBIT EVENTS,2976000.0,3,1,1,1
Jyohti Constructions,2975895.0,3,1,2,1
SARPANCH SACHIV GRAM PANCHYAT DAYALPUR,2975790.0,6,1,1,1
RUSHIKESH SHIVAJI IGHE,2975490.0,3,1,1,1
BASER MATERIAL SUPPLIERS TALORA,2975099.0,4,1,2,1
THE PATHARVAT LABOUR CONTRACT COOPERTIVE SOCIETY,2975073.0,3,1,2,1
JP zirniya,2975000.0,14,1,1,1
PRASUN CHANDA,2974695.0,9,1,1,1
SARPANCH GRAM PANCHAYAT SASHA,2974533.0,6,1,2,1
SILU RANI NAIK,2974146.0,3,1,2,2
ONKAR MAJUR SAHKARI SANSTHA MYDT JALNA,2973762.0,3,1,1,1
VIKRAM RAJENDRA YAMGAR,2973711.0,3,1,1,1
DK Jaiswal,2973408.0,6,1,1,1
VASEDI JUTH GRAM PANCHAYAT,2972775.0,6,1,2,1
amilal katki,2972589.0,6,1,1,1
Indrayani Majur Sahakari Sanstha Maryadit,2971245.0,3,1,1,1
GRAM NIDHI GRAMPANCHAYAT MUBARAKPUR,2970054.0,3,1,1,1
Aarti Enterprises,2970000.0,3,1,1,1
AMRIT KALASH,2970000.0,3,1,1,1
NILESH KISAN AVHAD,2970000.0,3,1,1,1
VC Kanghmun,2970000.0,6,1,2,1
ABBULA MALLA GOUD,2969997.0,6,1,1,1
RAWAN,2968518.0,6,1,1,1
DINKAR SOPAN JAGTAP,2968500.0,3,1,1,1
ABDUL LATHEEF,2968336.0,3,1,1,1
MR K DHARANI PRAKASH,2968149.0,6,1,1,1
RAJU DOLEY,2967984.0,24,1,1,1
sar schiv patan,2967915.0,6,1,1,1
J M CONSTRUCTION AND SUPPLIERS,2967072.0,6,1,1,1
SONALI RAJARAM KAPADI,2967000.0,3,1,1,1
MAJI ENTERPRISE,2966883.0,6,1,1,1
Grampanchayat Karyalay Vilegaon Tq Deoni,2966808.0,3,1,2,1
Maa Ramawati Construction,2966799.0,10,1,1,1
GRAMPANCHAYAT PATHARDI,2965926.0,3,1,1,1
V2 VENTURES,2965299.0,6,1,1,1
AHSHAN CONSTRUCTION AND SUPPLIERS,2964777.0,6,1,1,1
C Navaneethakrishnan,2964639.0,3,1,1,1
MAAHENDAR CONSTRUCTION COMPANY,2964564.0,6,1,1,1
Bommarati Sai Krishna,2964225.0,3,1,1,1
SANTOSH SHAMRAO INGALE,2964138.0,6,1,1,1
Sanjay Tarachand Jadhav,2964105.0,3,1,1,1
RAHUL WAGH,2964000.0,3,1,1,1
SAMANYA FUND G P PIWANDAL,2962662.0,6,1,1,1
GRAMPANCHAYAT RUSTAMABAD,2962506.0,6,1,1,1
MBM PROJECTS AND SERVICES PRIVATE LIMITED,2962236.0,6,1,1,1
SEC DPC AND S E O AND M MPPKVVCL PANNA,2961198.0,3,1,1,1
SARPANCHA SACHIV G P KARALA BK,2961015.0,3,1,1,1
Khaiser,2960943.0,3,1,1,1
GRAM PANCHAYAT GHOTA,2960931.0,3,1,1,1
AAVANI ENTERPRISES,2960805.0,3,1,2,1
GRAM PANCHAYAT JALALABAD GEN FUND,2960715.0,3,1,1,1
SARAPANCH GRAM PANCHAYAT DONDEKALA,2960376.0,6,1,1,1
SARPANCH GRAM PANCHAYAT WADGAON,2960229.0,3,1,1,1
Arun Kumar Contractor and Suppliers,2959839.0,7,1,1,1
GP KOPRA JA,2959683.0,3,1,1,1
SAMANYA NIDHI SAR SACHIV GP KANHERI SARA,2959155.0,3,1,1,1
ASSISTANT ENGINEER SAHEBPURKAMAL,2959125.0,3,1,1,1
SANKET BHAUSAHEB VYAVAHARE,2958722.0,2,1,1,1
SEC GR PAN TALEGAON BK,2957919.0,3,1,1,1
BHARATH CONSTRUCTION,2957559.0,6,1,1,1
Gram Panchayat Mouhapali,2957139.0,12,1,2,1
SWAPAN ENTERPRISE,2957097.0,13,1,2,1
GRAM PANCHAYAT BHENDIMAHAL,2956977.0,6,1,1,1
Tara Prasad Pattanaik,2956402.0,4,1,1,1
S K Enterprises,2955773.0,8,3,4,3
Susila Muthuraman,2955204.0,3,1,1,1
Atul Ashok Kadam,2954178.0,3,1,1,1
SARPANCH GRAM PANCHAYAT DURPA,2953983.0,6,1,2,1
SARPANCH SACHIV GRAM BHATKULI RENU,2953782.0,3,1,1,1
UP NEDA,2953554.0,3,1,1,1
DEVILAL MODPATEL,2953287.0,6,1,2,1
GRAM PANCHAYAT DHANORA GEN FUND JOIN,2953251.0,3,1,1,1
NIVRUTTI RAGHUNATHRAO BOBDE,2952422.0,3,1,1,1
Kushal Konch,2951925.0,6,1,1,1
RAJ KUMAR SHARMA,2951817.0,6,1,1,1
RAMESH PRASAD MISHRA,2951742.0,3,1,2,1
jeetendra singh,2950338.0,3,1,2,1
M R Enterprise,2947972.0,20,3,4,2
MR LAXMAN RAJAIAH,2947602.0,3,1,1,1
Akansha Construction,2947194.0,3,1,2,1
K RAMESH NAIDU,2947140.0,9,1,1,1
GRAM PANCHAYAT BARMANI,2944680.0,57,1,1,1
grampanchayat chanakapur,2943759.0,3,1,2,1
AM KUMARAN CONSTRUCTION,2942626.0,4,1,1,1
SAMIR BANERJEE,2941242.0,3,1,1,1
MAHENDAR CONSTRUCTION COMPANY,2941224.0,6,1,1,1
JAGUDAN GRAM PANCHAYAT,2939008.0,8,2,2,1
vaibhav m k sah soc lenad,2938953.0,3,1,1,1
Sri dvaarakha tech,2938824.0,7,1,2,1
NATVARGADH GRAM PANCHAYAT SVABHANDOL,2938623.0,6,1,1,1
Kuncha Muralidhar Reddy,2937907.0,7,1,1,1
PITLA SRINIVAS,2936868.0,9,1,1,1
SHAKKARAVARTHY SUMATHI,2936079.0,3,1,2,2
RKM ELECTRICALS,2933892.0,6,1,1,1
KHAN BUILDERS,2930202.0,6,1,2,1
MA SARODA ENTERPRISE,2929092.0,6,1,1,1
The New Modern Coop Labour And Construction Society Ltd,2928166.0,23,2,2,1
ARTI DEVI,2925540.0,2,1,1,1
SHAIWON ENTERPRISE,2925393.0,21,1,1,1
SAI TRADERS,2925092.0,5,1,2,1
GRAMIN VIKAS EVAM JANSEVA SANSTHAN,2925000.0,3,1,3,1
MS KUSUM CONSTRUCTION COMPANY,2924907.0,12,1,1,1
ANIL BAKARAM CHOPADE,2924774.0,3,1,1,1
Seetha Remi Reddy,2924176.0,2,1,1,1
walunje shubham dhondiram,2924001.0,3,1,3,1
Om Enterprises,2923020.0,3,1,1,2
SIRA RONGHANGPI,2921041.0,14,1,2,1
GRAM PANCHAYAT SOKHADA,2920897.0,14,2,2,2
AK TRADERS AND COMPANY,2918778.0,3,1,1,1
GRAMPANCHAYAT WADGSAON MENDHE TAJNAPUR,2917611.0,3,1,1,1
KOTTALA RAMI REDDY,2916801.0,6,1,1,1
Kalidoss S,2915760.0,1,1,1,1
SARPANCH SACHIV G P DANAPUR SAMAYNA FUND,2913741.0,3,1,1,1
GRAMPANCHAYAT S F GADEGAON,2912931.0,3,1,1,1
GRAMPANCHAYAT S F NIMBHA,2912250.0,3,1,1,1
sarvodaya industries,2912000.0,7,1,1,1
Karuppusamy,2911485.0,7,2,2,2
MS OM ENTERPRISES,2911217.0,4,1,1,1
C A SAIDALAVI,2910000.0,3,1,2,1
Raja Rajeswari Constructions,2909385.0,6,1,2,1
ANARUL ISLAM LASKAR,2906931.0,8,1,2,1
SANDEEP ARJUN PATIL,2906493.0,6,1,1,1
syed Jameel,2905728.0,3,1,1,1
DHANOLAXMI ENTERPRISES,2905422.0,3,1,2,1
SHRI KABIR CONSTRUCTION,2905038.0,3,1,1,1
SHRI SHYAM CONTRACTOR,2905011.0,6,1,1,1
Aditya Construction,2903835.0,87,1,1,1
Drukgyal Lepcha AE,2903625.0,3,1,1,1
jiban deka,2903588.0,21,1,1,1
shri sai baba construction,2902590.0,4,1,1,1
RIDDHI ENTERPRISES,2901689.0,6,1,1,1
BOLLU MURALI,2901246.0,6,1,1,1
G S Associates,2899928.0,3,1,1,1
Palash Premchand Musale,2899617.0,3,1,1,1
R Premkumar,2897973.0,3,1,1,1
NEHA KUMARI,2897157.0,9,1,1,1
N ABDULSAMADU,2897010.0,4,1,1,1
Suman Kumar,2896029.0,9,1,1,1
JUNIOR ENGINEER 2 DERABISH BLOCK,2895995.0,4,1,1,2
LAL SINGH JALAL,2893410.0,3,1,2,1
BHAVESH KUMAR,2891787.0,3,1,1,1
MADINA PRADEEP,2891019.0,6,1,1,1
Ansari Electricals,2890542.0,3,1,1,1
SAI CONSTRUCTION,2890101.0,4,2,3,2
S A ENTERPRISE,2888977.0,7,3,3,3
MS JULI ENTERPRISES,2888971.0,12,1,2,1
Assistant Director Welfare of Differently Abled TG Sr Citizens YSR Annamayya District,2888000.0,12,1,1,1
SARAVANAN S,2887769.0,1,1,1,1
ADAPALA SRIDHAR REDDY,2885955.0,6,1,2,1
The Brick Liners Co Operative Labour and Construction Society Ltd,2885290.0,13,1,1,1
G SOMARAJAN,2884733.0,1,1,1,1
SRS CO,2882457.0,3,1,1,1
TUMMALA SRINIVASA RAO,2880168.0,3,1,2,1
GRAM PANCHAYAT MASANIYAKALA,2880000.0,6,1,2,1
MOHD IMRAN MOHD USMAN,2872795.0,1,1,1,1
Tenzing Tshering Sherpa,2871951.0,3,1,1,1
ARDHVIKA TRADING COMPANY,2871231.0,9,1,1,1
NARAYAN SINGH DEVENDA,2871189.0,6,1,1,1
Gurudev labour and workers co operative socity limited,2869186.0,11,1,1,1
RABIN DUTTA,2867919.0,9,1,1,1
JITENDRA FOUJLAL MANE,2867283.0,3,1,1,1
BEST ELECTRICALS,2865843.0,5,1,1,1
BINIT HAZARIKA,2865022.0,16,1,1,1
aashi construction and supplier,2864808.0,3,1,1,1
The Rudar Siswal Co Op LC Society Ltd,2863941.0,10,1,1,1
Mokirala Madhu Vamshi krishna,2863152.0,9,1,2,1
The Goyat Cooperative Labour and Construction Society Limited,2862949.0,10,2,2,2
ABDUL KARIM,2861844.0,11,1,1,1
AALYA CONSTRUCTION,2861694.0,6,1,1,1
CC for Amiya Nagar Unnayan Samity Chandmari,2860000.0,4,1,1,1
LEO FORSE LED LIGHTS,2859558.0,3,1,1,1
GRAM PANCHAYAT BAMANPUR,2859354.0,6,1,2,1
SHRI HINGLAJ ENTERPRISES,2859120.0,9,1,1,1
R S Enterprise,2858043.0,3,1,1,1
RDC ENTERPRISE,2854494.0,13,1,1,1
VARSHA MAJOOR SAH SANTHA AMRAVATI,2853450.0,3,1,2,1
ABHISHEK KUMAR,2853410.0,4,1,1,1
DURAI P,2851742.0,8,1,1,1
SHIVANAND JANARDHAN NAGRE,2850741.0,3,1,1,1
TIRUMALA CONSTRUCTIONS,2850685.0,5,1,2,1
JP INTERMEDIATE COLLEGE,2850000.0,6,1,1,1
MA LAXMI ELECTRICAL ENGINEERING WORKS,2850000.0,19,1,1,1
ANITA SENAPATI,2850000.0,3,1,1,2
Gunjeshwar Upadhayay Kanya Intermediate collage samiti,2850000.0,6,1,1,1
Rajakumar,2849391.0,6,1,1,1
P D Construction,2849331.0,6,1,2,1
VASANT KARIYAPPA PAMMAR,2849301.0,10,1,1,1
Triveni bal Vikash shikshan Sansthan,2849124.0,6,1,1,1
Aadirudhan Construction,2849010.0,3,1,1,2
Sri Sakthi Enterprises,2848638.0,8,1,1,1
R MESHACK,2848635.0,6,1,1,1
RENGAMMAL,2847774.0,3,1,1,1
gram panchayat koilibeda,2847539.0,8,1,2,1
MS USHOSREE CONSTRUCTION,2847000.0,6,1,2,1
ABDUL MANNAN SHEIKH,2846121.0,8,1,1,1
DHANDAYUTHAPANI K,2846069.0,4,1,1,1
Karthick G,2844249.0,6,1,1,1
PHOOL MALI SAINI SEWA SANSTHAN,2842300.0,8,1,1,1
Swastika Rai Sharma,2839077.0,6,1,1,1
THE HARSIT COOPERATIVE LABOUR AND CONSTR,2835792.0,6,1,1,1
MOHAMMED RAHEEMUDDIN,2835670.0,9,1,1,1
Devarajan S,2834433.0,3,1,2,2
KANAKA RAJEEV GANDHI,2833491.0,7,1,1,1
Kerala Electrical And Allied Engineering Company,2832806.0,16,3,3,3
RADHE KRISHNA CONSTRUCTION JALORE,2832597.0,3,1,1,1
DIWAM ENTERPRISES,2832311.0,7,1,2,1
TAPAS MONDAL,2831805.0,3,1,2,1
Sapan Kharga,2831784.0,6,1,1,1
ASSISTANT ENGINEER BENIPUR,2830412.0,7,1,1,1
LASKAR CONSTRUCTION,2829790.0,8,2,3,1
M MAHAKUMAR,2829234.0,3,1,2,1
Oorkavala Chakravarthy,2828118.0,3,1,1,1
Shri Arjun Gurung,2827227.0,3,1,1,1
Dayanand Suresh Savardekar,2826192.0,6,1,1,1
JALLI VENKATA ANIL KUMAR,2823486.0,3,1,2,1
PRAKASH,2822496.0,11,4,4,4
AVIK SARKAR,2822490.0,3,1,1,1
PUSPANJALI MURMU,2821202.0,14,1,1,2
GRAM PANCHAYAT TARDA MULBHOOT,2820000.0,12,1,1,1
Bluecon India,2817612.0,6,1,1,1
MANBEER SINGH,2817500.0,13,1,1,1
AKHILESH MOTORCYCLE PRIVATE LIMITED,2816955.0,4,1,1,1
ATHARVA NURSING AND PARAMEDICAL COLLEGE,2814165.0,3,1,2,1
Onkar Dwivedi,2810346.0,4,1,2,1
POWER TOOLS AND ENGINEERING,2809332.0,6,1,1,1
S Uday Kumar,2808831.0,6,1,1,1
R BAGYALAKSHMI,2808039.0,6,1,1,2
TAWARI CONSTRUCTION,2804142.0,3,1,1,1
THE BABA MUKHRAM DAS CO OPERATIVE L AND C SOCIETY LIMITED UMRAWAT,2802213.0,3,1,1,1
DISTRICT NIRMITHI KENDRA,2800000.0,4,1,1,1
ADHYAKSH GRAMKOSH SFC SIMLAWDA,2800000.0,8,1,2,1
G P Kitlana OSR,2800000.0,4,1,1,1
SAROJ KANTA NAIK,2800000.0,7,1,1,1
GRAM PANCHAYAT SEELADEHI,2800000.0,11,1,1,1
JUGAMI ISWARY,2799469.0,6,1,2,1
AMIYA KUMAR ROY,2798936.0,5,1,1,1
suresh kumar yadav,2798095.0,4,1,1,1
MS CHATTERJEE CONSTRUCTION,2796331.0,7,1,1,1
Rakesh Kumar Contractor,2795817.0,6,1,1,1
SADIKUL ISLAM,2794140.0,20,1,1,1
AMOL SHANKAR HAMBRE,2794000.0,4,1,2,1
Bmr Ev Industries Pvt Ltd,2790000.0,31,1,1,3
SHRIKANT DATTATRAY GOLESAR,2788673.0,1,1,1,1
Nenawath Ravinder,2787726.0,6,1,1,1
JAGANNATHA SWAIN,2786528.0,6,1,1,2
Mahalaxmi Mahila Podupu Sangam,2786000.0,8,1,2,1
RAJKUMAR DUARAH,2785660.0,26,1,1,1
K M C ENTERPRISE,2785209.0,9,1,1,1
THE KHEHRA CO OP LC SOCIETY LTD,2785056.0,6,1,1,1
MIDHUN MATHEW,2784183.0,6,1,1,1
Shri Radhey Enterprises,2783670.0,3,1,1,1
MUH SHERALI MADINA MAHAVIDDYALAY,2775000.0,5,1,1,1
PROMOD KUMAR SINGH,2774787.0,1,1,1,1
TARASAVA JUTH GRAM PANCHAYAT,2772000.0,6,1,1,1
MS ANOOP PATEL,2771911.0,1,1,1,1
P SUJITH REDDY,2771165.0,6,1,1,1
LORA CONSTRUCTION COMPANY,2769366.0,5,1,1,1
G DAYAKAR,2768075.0,7,1,2,1
THANGAVAL ELECTRICAL,2768059.0,7,1,1,1
JMD ASSOCIATE,2764844.0,5,1,1,1
SHYAMALENDU PANDA,2761537.0,5,1,1,1
A S Enterprises,2760441.0,12,1,2,1
JOGENDRA KUMAR BARIK,2760000.0,69,1,1,1
Marval Enterprise,2758952.0,10,1,1,1
Gram Panchayat Nadiya,2758650.0,3,1,2,1
A Chandar Shekhar,2755263.0,37,1,1,1
Incetekh Energy Solutions,2754453.0,4,2,2,2
RAJIV SINGH,2754120.0,3,1,1,1
Gram Panchayat Gangarbada,2753238.0,7,1,1,1
ARVIND SINGH CONTRACTOR,2752350.0,3,2,1,1
JANPAD PANCHAYAT NIWALI,2750000.0,11,1,2,1
GRAM PANCHAYAT BALDAKACHHAR,2750000.0,8,1,2,1
SHREE KISHAN CHHATRAWAS SAMITI PANCHALA SIDDHA,2750000.0,7,1,1,1
UNICORN IT SERVICES,2750000.0,33,1,1,1
GRAM PANCHAYAT BHUKBHUKI,2749510.0,9,1,1,2
Sabha Fund Gram panchayat Bassa Raja ka Bagh,2749422.0,23,1,1,1
RAKESH KUMAR,2749374.0,11,4,5,5
BALAJI CONSTRUCTION AND SUPPLIERS,2749250.0,5,1,1,1
MALLIKARJUN VIJAYKUMAR,2748838.0,10,1,1,1
Bakul Construction,2748574.0,1,1,1,1
JAI SHREE SHYAM CONTRACTOR,2747516.0,5,1,1,1
mukesh kumar meena,2747100.0,3,1,2,1
P BHOGILAL PVT LTD,2745000.0,3,1,1,1
Harshal Agencies,2744208.0,3,1,1,1
JAGANNATH PATRA,2743038.0,3,1,2,1
Sajad Ahmad WAni,2738200.0,6,1,1,1
SARAPACH SACHIV GRAM PANCHYAT,2737727.0,13,1,1,1
VIJAYKUMAR HANAMAPPA MADAR,2736178.0,10,1,1,1
SANGAM CONSTRUCTION COMPANY,2735316.0,4,1,1,1
Atharva Enterprises,2731809.0,6,1,1,1
Y G LAKSHMI DURGA,2731517.0,6,1,1,1
ms mangal enterprises,2730402.0,1,1,1,1
Ms Siang Youth Enterprises,2730000.0,3,1,1,1
Jeewan Motors Pvt Ltd,2730000.0,3,1,1,1
GRAM PANCHAYAT KUSHIYARI,2729700.0,32,1,1,1
JMD Promoters,2726837.0,3,1,1,1
BABY M M,2725798.0,10,1,1,1
Haroon Ahmad Zargar,2725542.0,17,1,1,1
GRAM PANCHAYAT TRAJ,2723148.0,10,1,1,1
AMIT PAN,2723021.0,4,1,2,1
MS PUNIT KUMAR DIXIT CONTRACTOR,2721833.0,4,1,2,1
Gram Panchayat Berkheri Suvansh,2721777.0,9,1,1,1
SHRI GURU NANAK INTERLOCKING CEMENT TILE,2719931.0,36,2,4,3
GIRISH CHAND YADAV,2718819.0,3,1,1,1
MOHIBUR RAHMAN,2717471.0,9,1,1,1
D Sakthivel,2716962.0,5,1,1,1
ABU DARDA MULLICK,2716548.0,3,1,1,1
T M ENTERPRISE,2715162.0,6,1,1,1
MATHUKUTTY G,2713785.0,3,1,2,1
BIJAN CHANDRA SARKAR,2712777.0,18,1,1,1
Ritesh Traders,2710875.0,6,1,1,1
M S ENTERPRISES,2710447.0,5,1,1,1
SAGAR CONSTRUCTION AND SUPPLIERS,2708831.0,1,1,1,1
RK CONSTRUCTION,2707102.0,6,1,1,1
Aggarwal Builders,2704350.0,3,1,1,1
SE O and M MPPKVVCL SIDHI,2702971.0,11,1,1,1
MAA VINDHYAWASNI CONSTRUCTION,2702884.0,5,1,2,1
Providing One Ambulance Facilities for BPHCs in Jaleswar Model Hospital,2700000.0,3,1,1,1
BIJULI BASUMATARY,2700000.0,3,1,2,1
Dhanapal,2700000.0,6,1,1,1
Gram Panchayat Banabakoda,2700000.0,6,1,1,1
Development Block Kamrou at Tilordhar,2700000.0,8,1,2,1
ALEMKABA,2700000.0,6,1,1,1
CONST OF FENCING FOR THE PRESERVATION OF NAYACHARA BEEL AT NAYACHORA PH I,2700000.0,3,1,1,1
sarpanchgram panchayat gadiya,2700000.0,6,1,2,1
SAR AND SAC GRAM PANCHAYAT PANDRIPANI,2700000.0,6,1,1,2
Mhatma budh prathmik vidyalaya Musaila Khurd,2700000.0,7,1,1,1
Pipallag Gram Panchayat,2700000.0,7,1,1,1
AMBETHA GROUP GRAM PANCHAYAT,2700000.0,6,1,1,1
Const of building for community cultural actives at Jyotinagar near Maa Manasha Mandir,2700000.0,3,1,1,1
GP BERUA JP SILWANi,2700000.0,15,1,1,1
JAYANTA GHOSH,2700000.0,2,1,1,1
Leepak Samal,2700000.0,3,1,1,2
Mukund Madhav Bhishm Prathmik Vidyalaya Ishakpur,2700000.0,3,1,1,1
VINAYA NAIK P,2700000.0,6,1,1,1
GRAM PANCHAYAT KANTI,2700000.0,6,1,2,1
CC Construction of Community cultural Actives at Ajoli Yova Silpi Sangha at Ganesh Nagar,2700000.0,3,1,1,1
Gram Panchayat Doh,2700000.0,6,1,2,1
Gram Panchayat Chidoriya,2700000.0,2,1,1,1
providing one ambulance,2700000.0,3,1,1,1
GREGORYN M MARAK,2700000.0,6,1,1,1
Kasara Gram Panchayat,2700000.0,6,1,1,1
R B MAKER,2700000.0,3,1,1,1
SARPANCH GRAM PANCHAYAT BORDA,2700000.0,9,1,2,1
CONST OF COMMUNITY HALL 3RD PHASE NEAR,2700000.0,3,1,1,1
Wilkripson K Marak,2700000.0,12,1,1,1
Guru Prasad Podh,2700000.0,6,1,1,1
SWAROOP TRADING COMPANY,2700000.0,6,1,1,1
Dhwrwmsing Baro,2700000.0,4,1,1,1
BAL VIKAS SEWA SAMITI KHASPUR,2699996.0,7,1,1,1
C Sreenivasulu,2699994.0,6,1,1,1
GHOSH CONSTRUCTION,2699382.0,6,1,2,1
SUNDARRAJ,2699193.0,3,1,2,1
V Krishnamoorthi,2699133.0,3,1,2,1
Mou Enterprise,2699100.0,3,1,1,1
ANANDHI RAJASEKARAN,2698650.0,6,1,1,1
INDIRA N,2698247.0,4,1,1,1
GRAM PANCHAYAT LENDRA,2698200.0,6,1,2,1
THIRUMURUGAN R,2698044.0,3,1,1,1
B LEELARANI,2697636.0,6,1,1,1
ALUGONDA MANIPAL REDDY,2697588.0,6,1,1,1
GP Naughata,2696913.0,6,1,2,2
GRAM PANCHAYAT GHAGHRA J P PENDRA,2696877.0,12,1,1,2
J K R CONSTRUCTION,2696862.0,3,1,1,1
SATHYA ASSOCIATE,2695623.0,3,1,2,1
The Nawanshahar janta coop L C Society LTD,2695142.0,4,1,1,1
RAV INFRA,2694637.0,3,2,2,2
SAGAR TILES AND SANITARY,2694093.0,18,1,1,1
GADUPURINARASIMHULU JADADEESWARANAIDU,2693520.0,6,1,1,1
NVM CONSTRUCTION,2693314.0,2,1,1,1
NALLATHAMBI S,2693159.0,9,1,1,1
DUNAVADA GRAM PANCHAYAT,2693103.0,9,1,1,1
gram panchayat sikari mahka,2692365.0,12,1,1,1
JUBRAJ SEN,2690539.0,1,1,1,1
Hemanta Gogoi,2689499.0,26,1,1,1
RAHUL SANTOSH BACHHAV,2688825.0,3,1,1,1
MOTA ANAKDIA GRAM PANCHAYAT,2688600.0,6,1,1,1
MATOSHREE MAJOOR SAHAKARI SANSTHA LIMITED,2688576.0,3,1,1,1
Om Prakash Singh Yadav,2688339.0,7,1,1,1
MANOJ MAHALI,2687898.0,15,1,1,1
sharma contractor,2687418.0,6,1,2,1
Mahamaya Enterprises,2687364.0,3,1,1,1
AHMED ENTERPRISE,2687344.0,20,2,3,2
MS ECOLEAF ENERGIES PRIVATE LIMITED,2686800.0,12,1,1,1
MS Bul Bul Enterprise,2686167.0,6,1,1,1
MGNRGS Convergence Account,2686155.0,9,1,1,1
PAJVALI GRAM PANCHAYAT,2685327.0,6,1,1,1
TAMBURU SRINIVAS,2685000.0,6,1,1,1
SHYAMALI ENTERPRISE,2684408.0,10,1,1,1
ALTI SRINIVASA RAO,2683593.0,9,1,1,1
SHREE GURU RAM DASS AUTO SALES,2682475.0,16,2,3,2
KOLA RAMJI,2682012.0,6,1,1,1
SREE BALAJI CONSTRUCTION,2681359.0,7,1,1,1
Hooda Contractor and Traders,2681022.0,15,1,1,1
Ch Panchkeshwar Majur bandhkam sah sanstha,2680839.0,3,1,2,2
MS TASMIN HARDWARE7896377621,2680000.0,15,1,1,1
Alyas ahmad mir,2677819.0,4,1,1,1
Momaji Company,2674472.0,5,1,1,1
GRAM PANCHAYAT KOTTUR,2673258.0,6,1,2,1
BIKASH BORA,2669756.0,12,1,1,1
DUDESHWAR ENTERPRISES,2668590.0,6,1,1,1
C SIVAGANAPATHY SUBRAMANIAN AND CO,2666223.0,2,1,1,1
SRINIVAS REDDY KUPPIREDDY,2664117.0,21,1,2,1
NAVAINDIA PUBLICATIONS,2664000.0,3,1,2,1
TS AND STATIONARY,2663700.0,3,1,2,1
P D ENTERPRISE,2661804.0,6,2,2,2
BAI LINGANNA,2658330.0,6,1,1,1
AKHANDALAMANI ENTERPRISES,2657685.0,6,1,1,2
MS VIDYAWATI ENTERPRISES,2655945.0,9,1,2,1
Jagdish Chandra Pahadiya,2655244.0,2,1,1,1
MONIKA CONSTRUCTION,2654670.0,6,1,2,1
BHAGCHAND CONSTRUCTION COMPANY,2653632.0,3,1,1,1
Inixy Power Solution Pvt Ltd,2652990.0,6,2,2,2
Boya Sreenivasulu,2652705.0,3,1,1,1
Pragati M K S M Ltd,2652276.0,12,1,1,1
H K Shankar,2651157.0,6,1,1,1
Amarabati Majhi Junior Engineer Lamtaput Block,2650000.0,7,1,2,1
NETWORLD TECHNOLOGIES,2647920.0,8,1,1,1
RAVI D,2644693.0,4,1,1,1
SAKLOO SAROJ,2644584.0,3,1,1,1
manoj kumar,2644017.0,6,1,1,1
Harnoor Singh,2643860.0,38,1,2,1
SARPANCH GRAM PANCHAYAT SAKRELIKLA,2643588.0,6,1,2,1
Ajit Mss Jalna,2642547.0,3,1,1,1
EXECUTIVE ENGINEER,2642038.0,112,4,4,3
Sham Lal Gurpta,2640585.0,6,1,1,1
Construction for common sitting area at Dhunubhaga,2640000.0,4,1,1,1
BIDISHA STORE,2640000.0,10,1,1,1
RENGARAJU NATESAN,2638336.0,2,1,1,1
DAVID CONSTRUCTION COMPANY,2637078.0,3,1,1,1
SAMRIDDHI ELECTRO AND CO,2635833.0,3,1,1,1
DURGA ENTERPRISE,2633350.0,18,2,2,2
Ruhi Construction,2629512.0,6,1,2,1
UMA CONSTRUCTION,2629500.0,9,1,1,1
MS LAXMAN GENA SO RAM RATAN GEN,2628983.0,9,1,1,1
Jorawar Singh and Sons,2624325.0,6,1,1,1
PRS BROTHERS,2621259.0,2,1,1,1
Nabajit Rajbonshi,2620996.0,4,1,1,1
S S ENTERPRISES,2620672.0,10,1,2,1
Yashodha motors pvt ltd,2620000.0,1,1,1,1
SAJI C,2619300.0,5,2,2,2
SUDHAGANI LAXMIKANTH,2618168.0,15,1,1,1
MAHABALAJI CONSTRUCTIONS,2613582.0,4,1,1,1
SYED MOHAMMAD AHMAD,2612779.0,2,1,1,1
PROJECTEE COMPANY,2611458.0,3,1,1,1
shree enterprises,2611334.0,4,1,1,1
SUSHANTA KUMAR BARAD,2611308.0,10,1,1,2
MISRA BROTHERS CONSTRUCTION,2610027.0,5,1,1,1
prasasak gram pamchayat ku,2610000.0,8,1,1,1
D Prashanth Kumar,2609452.0,2,1,1,1
JANARDHAN S C,2608572.0,9,1,1,1
SUMIT GHOSH,2608506.0,3,1,1,1
JP CONSTRUCTION,2608355.0,23,1,1,1
CREATIVE PROJECTS,2606419.0,4,1,1,1
PRABIN KUMAR NAIK,2605125.0,6,1,2,2
M THANGAVEL,2604635.0,2,1,1,1
SHREE KRIPA ENTERPRISES SATNA,2604078.0,14,1,1,1
SHIV CONSTRUCTION,2603231.0,7,2,2,2
MS JDS ENTERPRISES,2602400.0,4,1,1,1
EXECUTIVE ENGINEER OPERATION BOBBILI,2602271.0,7,1,1,1
THE BADAMI COOP LC SOCIETY LTD,2600063.0,4,1,1,1
Construction of Science Laboratory Building at Goalpara College,2600000.0,7,1,1,1
Goalpara Science Lab Phase 2,2600000.0,7,1,1,1
Common Works IA,2600000.0,4,1,2,1
GP DEVLI,2600000.0,5,1,2,1
JETHA RAM CONSTRUCTION COMPANY,2599994.0,4,1,1,1
GRAM PANCHAYAT MOHERA,2599933.0,7,1,2,1
K BANUDOSS,2598136.0,2,1,1,1
SURESH CONSTRUCTION COMPANY,2597679.0,4,1,1,1
SRI M R CONSTURCTION,2597201.0,4,1,1,1
MUNDAN BROTHERS,2596905.0,4,1,1,1
SARMILA CONSTRUCTION,2595880.0,2,1,1,1
KRISHNA BLOCK AND CONSTRUCTION DEGANA,2595538.0,4,1,1,1
United Pipe And Pavers,2595484.0,67,2,3,1
Kamal Electricals,2595217.0,2,2,2,2
RM MEENAKSHI SUNDARAM,2594961.0,6,1,2,1
Chilla Shivakumar,2594148.0,6,1,1,1
AJAY KUMAR BEHERA,2593185.0,9,1,2,1
ASSSISTANT ENGINEER GDZP II,2590755.0,3,1,1,1
MS GOLDEN NURSARY,2588406.0,9,1,1,1
SARAFATULLAH,2587703.0,4,1,1,1
GP CHHATODI,2585478.0,6,1,2,1
C Selvakumar,2584552.0,2,1,1,1
kaushal Devidas Harpalani,2584076.0,3,1,1,1
THE CLASSIC INTERNATIONAL CO OP L AND C SOCIETY,2583874.0,5,1,1,1
BHM AND SONS CONSTRUCTIONS PRIVATE LIMITED,2582583.0,2,1,1,1
NARENDRA KUMAR CONTRACTOR,2580204.0,10,1,1,1
KONE ELEVATOR INDIA PRIVATE LIMITED,2580000.0,4,1,1,1
Department of Youth Empowerment and sports Dakshina Kannada,2580000.0,6,1,1,1
Shivin Construction and Co,2578400.0,8,1,1,1
PRADEEPA P,2576152.0,5,1,1,1
Rakesh Kumar Dash,2576077.0,6,1,1,2
A S Enterprises Dhuri,2575446.0,9,2,3,1
SANGEETA MAHARANA,2575061.0,6,1,1,1
Online Solutions,2574000.0,12,1,1,1
SURESH KARSHANBHAI LOKHIL,2573656.0,2,1,1,1
RAMSHUBH BUILDING MATERIAL,2569032.0,3,1,1,1
ALAGARSAMY P,2566137.0,1,1,1,1
LAKSHMI GANAPATHI CONSTRUCTIONS,2565852.0,3,1,1,1
Tatla Departmental Store,2565750.0,15,1,2,1
GILL RO SYSTEMS,2564700.0,12,1,2,1
RN CONSTRUCTION CO,2562455.0,4,1,1,1
ANSH ENTERPRISES,2560128.0,9,3,2,1
SHREE ENGINEERING CO,2559936.0,2,1,2,1
GAUTAM KUMAR GOGOI,2559233.0,31,1,1,1
GANGA CONSTRUCTION,2557371.0,6,1,1,1
KVS NEXTGEN TRADERS,2555579.0,19,1,1,1
PRESIDENT VILLAGE COMMITTEE,2554035.0,6,1,1,1
SK KUTUBUDDIN,2553228.0,2,1,1,1
MENKA YADAV,2552975.0,6,1,1,1
VAIBHAV ENTERPRISES,2551074.0,3,1,1,1
ASSISTANT ENGINEER LAEO SHEIKHPURA,2550521.0,8,2,2,1
N R INDUSTRIES,2550000.0,17,1,2,1
Gram Pancchayat Nawapara T,2550000.0,6,1,2,1
ADAIKKAN V,2549592.0,3,1,1,1
SARPANCH OF KERAGHAREYA,2549394.0,9,1,1,1
OM laxmi construction company,2548947.0,6,1,1,1
Jay Cee Industries,2548800.0,16,1,1,2
J B S Construction,2548560.0,6,1,2,1
Pushkar sahakari majoor sanstha maryadit,2548063.0,2,1,1,1
SASTHI NANDAN,2548047.0,3,1,1,1
Sunil Roy,2547228.0,6,1,2,1
NATIONAL ENTERPRISE,2546592.0,17,1,1,1
MS BASANG TRADERS,2545044.0,3,1,1,1
LIZA ENTERPRISE,2544924.0,6,1,1,1
Lotus Medical Systems,2544500.0,5,2,2,2
SRUTI ENTERPRISE,2541240.0,6,1,2,1
Santhoshkumar P,2537649.0,3,1,1,2
KALAWATI DEVI,2533635.0,13,2,4,2
SHRI SHIV SHAKTI KRISHI YANTRA,2528576.0,29,1,1,1
JAI INTERLOCK and BUILDING MATERIAL STORE,2527150.0,59,1,2,1
HADOTI POKRA MAHAJAN SAMAJ,2526480.0,3,1,1,1
NOVA SPORTS AND FITNESS,2524631.0,4,1,2,2
Dhirendra C Patel,2521272.0,13,1,1,1
EXECUTIVE ENGINEER RES DIVISION BALODABAZAR,2520977.0,6,2,2,1
KHUSI ENTERPRISE,2520921.0,6,2,2,2
Punjab Tubewell Store,2518869.0,9,2,2,1
Sameer Enterprises,2518801.0,4,1,1,2
RAM BHAWAN YADAV,2516403.0,3,1,1,1
R RAVICHANDIRAN,2514270.0,3,1,1,1
Turaka Raja,2513811.0,3,1,1,1
BHADRIA CONSTRUCTION,2511108.0,6,1,1,1
Hemlata Enterprise,2507874.0,3,1,1,1
Royal Coop L and C Society,2505731.0,4,1,1,1
Minpong Hallang,2505000.0,6,1,1,1
MS SHIVAM BUILDING MATERIAL,2500002.0,12,1,2,1
GRAM PANCHAYAT TARAWALIKHURD,2500000.0,2,1,1,1
GP CHHILPA,2500000.0,5,1,2,1
GP DEORI JAGIR JP SILWANI,2500000.0,4,1,1,1
GRAM PANCHAYAT BITKULI,2500000.0,4,1,1,1
GP RAFEEQUEGANJ S,2500000.0,4,1,1,1
gram panchayat kachhaua,2500000.0,5,1,1,1
JUNTIAR K MARAK,2500000.0,5,1,1,1
Bhushan Ramdas Tulsavadekar,2500000.0,5,1,1,1
Subansiri Traders Ziro,2500000.0,6,1,1,1
sarpanch gp haranbhata,2500000.0,5,1,1,1
GRAM PANCHAYAT GALHATHA JP BURHAR,2500000.0,5,1,2,1
JAYADRATHA GIRI,2500000.0,5,1,1,1
Valki Raju,2500000.0,25,1,1,1
Narasimman S,2500000.0,1,1,1,1
SILME K MARAK,2500000.0,5,1,1,1
MS ANAND ENTERPRISES KEWALI,2500000.0,8,1,2,1
SASHIKALA ENTERPRISES,2500000.0,5,1,1,1
Yeshwant Majoor Sahakari Sanstha Maryadit Pathrud Taluka Bhoom Dist Dharashiv,2500000.0,5,1,1,1
GAYAM SREENIVASULU,2500000.0,1,1,1,1
JE LAXMIPUR RAJANI KANTA PANIGRAHI,2500000.0,8,1,2,1
MS LAL PRATAP SINGH,2500000.0,12,1,2,1
GUJARAT LOKSEVA CHARITABLE TRUST,2500000.0,5,1,1,1
GODAVARISH DEEP,2500000.0,5,1,1,1
Gram Panchayat Dabpali,2500000.0,10,1,1,1
KHIJADIYA RADADIYA GRAM PANCHAYAT,2500000.0,8,1,1,1
Sunilal Basumatary,2500000.0,4,1,1,1
Star Enterprises,2500000.0,4,1,1,2
Late Jiyani Devi Harivansh Chaudhary Inter College Ghughasa Makdoompur Bankati Basti,2500000.0,2,1,1,1
Gram Panchayat Aankia,2500000.0,2,1,1,1
SANDHASAL,2500000.0,5,1,1,1
Executive officer,2500000.0,4,1,2,1
JAY SHREE OM BANNA,2500000.0,4,1,1,1
SARASWATI SHIKSHA MANDAL,2500000.0,4,1,2,1
Gram Panchayat Bodhwada janpad Panchayat Tirla,2500000.0,5,1,2,1
MS Smart Tech,2500000.0,3,1,1,1
Gram Panchayat Belai,2499980.0,4,1,1,1
AKHIL BHARTIYA BISHNOI MAHASABHA,2499935.0,2,1,1,1
KAMARAJ AYYAVU,2499736.0,1,1,1,1
Gram panchayat Pabusar,2499500.0,4,1,1,1
K MURUGANANTHAM,2499460.0,1,1,1,1
SHITAL V KURAPE,2499405.0,10,1,1,1
SARPANCH SACHIV GRAM PANCHAYT CHHIPON,2499110.0,5,1,1,1
SDMC GOVT SCHOOL DESHWAL,2499000.0,4,1,1,1
SARPANCH SACHIV GRAM PANCHAYT UMRI,2499000.0,5,1,1,1
GRAM PANCHAYAT NAWAPARA,2499000.0,4,1,1,1
GRAM PANCHAYAT CHANDKHURI,2499000.0,5,1,1,1
Sohan Shivaji Mote,2499000.0,2,1,1,1
GRAM PANCHAYAT JAMDI,2498977.0,4,1,2,2
GRAM PANCHAYAT RASODA,2498800.0,5,1,1,1
Ramkaran shushil kumar  construction company,2498759.0,2,1,1,1
Vijay Traders,2498340.0,10,1,2,1
Sathyanarayanan,2498185.0,5,1,1,1
Whitestar Infrastructure,2498104.0,1,1,1,1
ESHIKA ENTERPRISES,2498104.0,1,1,1,1
MS ANSARI SHARIQ IQBAL AHMED,2498104.0,1,1,1,1
Jaya Lcs Ltd,2498104.0,1,1,1,1
GRAM PANCHAYAT SANKARI,2498005.0,4,1,1,1
GRAM PANCHAYAT LOHARINDIPA,2498000.0,5,1,1,1
Jeeva S,2497826.0,1,1,1,1
GRAM PANCHAYAT JANGDA,2497712.0,4,1,1,1
Jibin Jacab,2497610.0,2,1,1,1
GRAM PANCHAYAT KOLUKHEDIKALAN,2497600.0,2,1,1,1
SAMEER SHANKARAO PATIL,2497486.0,4,1,1,1
Kaveri Mazoor Sahakari Sanshan Maryadit,2497221.0,1,1,1,1
GRAM PANCHAYAT KOLIHADEORI,2496982.0,10,1,1,1
SARPANCH SACHIV GRAM PANCHAYAT NAWAPARA,2496495.0,17,1,1,1
RAJ KUMAR SAGAR,2496031.0,8,1,1,1
Krishna Corporation,2495700.0,5,1,1,1
GRAM PANCHAYAT DURUG,2495584.0,4,1,2,2
Lokesh C,2495309.0,1,1,1,1
K VANARAJ,2495217.0,5,1,1,1
UPENDRA CHOUDHRY JE ZP LATEHAR,2495035.0,11,1,1,1
AK Singh,2495000.0,2,1,1,1
K M HARISH KUMAR,2494773.0,5,1,2,1
ANIL KUMAR HEGDE P,2494351.0,5,1,1,1
Rekhapalli Veera Venkata Krishnarjunarao,2493640.0,5,1,1,1
Malluri Sreelakshmi,2492625.0,6,1,2,1
AZEEM CONSTRUCTION COMPANY,2491932.0,7,1,1,2
AK ENTERPRISES,2491662.0,6,1,1,1
ROFIKUL ISLAM,2490439.0,4,1,1,1
PHURBA SHERPA,2489721.0,3,1,1,1
kAVACH GROUP ASHISH,2489568.0,5,1,1,1
karun raj balaseety,2489194.0,5,1,1,1
Y srinivas,2488868.0,2,1,1,1
Mohini borewell and construction company,2487546.0,4,1,1,1
Umesh S,2487158.0,1,1,1,1
JJ ENTERPRISES,2485940.0,5,1,1,1
DUNABOYINA BABULU,2485492.0,5,1,1,1
SARPANCH SACHIV KODAR,2485469.0,20,1,1,1
JYOTI SHARMA,2484000.0,15,1,1,1
Jay Ambika  Enterprises,2483886.0,1,1,1,1
S KANNAN,2483104.0,4,1,1,1
Ravi Realcon Pvt Ltd,2482831.0,1,1,1,1
SRI LAKSHMI NARASIMHA ENTERPRISES,2481620.0,5,2,2,1
AYAAN ENTERPRISE,2481105.0,3,1,1,1
SDO S U S D No 2 Bhiwani,2480470.0,13,2,2,1
Sai Brothers and Co,2480390.0,6,1,1,1
Gram Panchayat Bharuhi,2480382.0,25,1,1,1
Sarpanch Shree Grampanchayat Lavarpur,2480000.0,5,1,1,1
JOBIN GEORGE,2479020.0,3,1,1,1
KRISHNA TRADERS,2478544.0,14,3,4,4
AK ASSOCIATES,2475488.0,4,1,1,1
Arjunsinh Deepak Atigre,2475320.0,2,1,1,1
SOURAV SARKAR,2475240.0,3,1,1,1
Ajit singh contractor,2474760.0,6,1,1,1
SUDHAKAR S,2473354.0,8,1,2,1
PRASANNA KUMAR B P,2472980.0,10,1,2,1
PAYAL CONSTRACTION,2468002.0,5,1,2,1
MS HAZRA COSTRUCTION,2467827.0,9,1,2,1
VIRPAR GRAM PANCHAYAT,2466922.0,5,2,2,2
DHARMENDRA KUMAR RAO,2466722.0,5,1,1,1
BHUPENDRA RAMANBHAI PATEL,2466000.0,12,1,1,1
KAARTHIKEYAN S,2465323.0,5,1,1,1
S Yogambal,2464758.0,2,1,1,1
MANDA RAJITHA,2464008.0,5,1,1,1
VISHAL CONSTRUCTION,2463351.0,6,1,1,1
MALOTHU SARITHA,2463261.0,3,1,1,1
Gram Panchayat Khalbujurg janpad Panchayat Dharmpuri District Dhar,2461567.0,2,1,1,1
ABDUL MAJEED,2461500.0,7,1,1,1
SAGAR CONSTRUCTION COMPANY,2461362.0,4,1,1,1
DISHA ENTERPRISES,2461292.0,3,1,1,1
T A S C Group Co op L and C Society Toba,2460721.0,6,1,2,1
Bandaru satyanarayana,2460492.0,3,1,1,1
Kailas Majur STY Ghoyagaon,2459796.0,5,1,1,1
VIP CONSTRUCTION,2459710.0,4,2,2,1
VIJAYARAM CONSTRUCTIONS,2458293.0,1,1,1,1
Binod Chetry,2457452.0,19,1,1,1
AMARPURA,2455411.0,15,1,1,1
Edd 2nd Jaunpur,2455200.0,6,1,2,1
CHOUDHARY CONSTRUCTION,2454651.0,6,1,1,1
KRISHNADI RAMESH,2453949.0,12,1,2,1
Progressive Automobiles private limited,2453802.0,6,1,1,1
KAILASH SINGH,2452974.0,9,2,2,2
SRI SAI BALAJI CONSTRUCTIONS,2451095.0,1,1,1,1
Meenatchi Construction,2450340.0,2,1,1,1
Bruce M Sangma,2450000.0,10,1,1,1
YMA Sub Headquarters Hnahthial,2450000.0,4,1,2,1
KHAN ENTERPRISE,2450000.0,10,1,1,1
BHUVALDI GRAM PANCHAYAT,2449962.0,6,1,1,2
SELVAKUMAR R,2448451.0,3,1,2,1
DHANSHREE GANGARAM PATIL,2447691.0,1,1,1,1
Dinesh kumar,2447204.0,4,1,1,1
BISHT CONSTRUCTION,2444872.0,20,1,1,1
BABLI DEVI,2444670.0,16,2,2,2
ASSISTANT ENGINEER TEKARI,2443421.0,6,1,3,1
Rajinder singh Randhawa,2440900.0,2,1,1,1
TAKDE RAMESH,2439467.0,9,1,2,1
K VENKATA SHYLENDRA BABU,2439360.0,5,1,2,1
RAGHVEER SINGH JANGID CONTRCTOR,2439061.0,8,1,1,1
SHREE CHHANYATI BRAHMIN MAHASANGH,2438237.0,4,1,2,1
DASHMESH TILES,2437098.0,12,2,2,1
NarSingh Maurya,2435630.0,4,1,1,1
SHREE SHYAM CONSTRUCTION COMPANY,2433705.0,3,1,1,1
NIRANJAN SARKAR,2432088.0,6,1,1,1
INDIAN RED CROSS SOCIETY REWA,2430000.0,6,1,1,2
Krishan Lal Contractor,2428076.0,4,1,1,1
ARUN KUMAR MONDAL,2427285.0,3,1,2,1
NIDHI KUMARI,2425424.0,3,1,1,1
krishna enterprises,2423130.0,3,1,1,1
ASSISTANT ENGINEER GHOSI,2420600.0,8,1,1,1
PRAVEENA YENNAPUSALA,2416889.0,5,1,1,1
RAMESH P M,2416510.0,2,1,1,1
MAALAXMI,2414454.0,19,1,1,1
JAMUNA MEHER ENTERPRISES,2411918.0,4,1,1,1
Sudhir Kumar singh,2409442.0,3,1,1,1
Green Hill Trader,2408334.0,3,1,2,1
Satish Kumar Contractor,2405301.0,5,1,1,2
R C ENTERPRISES,2405075.0,4,1,1,1
THE BOORA CO OP LC SOCIETY,2404644.0,3,1,1,1
SSR Enterprises,2403091.0,4,1,1,1
ASHIM BALI,2402736.0,3,1,1,1
PRED BELLARY,2402532.0,11,1,2,1
GP TOBRIKHEDA,2400000.0,5,1,2,1
INDHU ENTERPRISE,2400000.0,12,1,2,2
GP IKLOD,2400000.0,6,1,1,1
Gram Panchayat Jamadi,2400000.0,6,1,2,1
Gram Panchayat Jetapur janpad Panchayat Dharmpuri District Dhar,2400000.0,6,1,2,1
GRAM PANCHYAT BJAAMGAON,2400000.0,6,1,2,1
BHAGAWATI ENTERPRISE,2400000.0,1,1,1,1
LADOL GRAM PANCHAYAT,2400000.0,10,1,1,1
SARPANCH SCHIV GRAM PANCHAYAT LAHRAUNI,2400000.0,6,1,1,1
gp parwati baroda,2400000.0,6,1,1,1
GP SARANGPUR,2400000.0,6,1,1,1
RAJYA PARIVARTIT YOJNA GP KUTESARNAGOI,2400000.0,12,1,1,1
GRAM PANCHAYAT BARDAND,2400000.0,6,1,2,1
GP LADPURA,2400000.0,6,1,1,1
RAGHUNATHJI MATERIAL SUPPLIERS,2400000.0,3,1,2,1
JPM ENTERPRISES,2400000.0,3,1,1,1
GP SIMRAI,2400000.0,6,1,1,1
NARMADA SWAIN,2400000.0,6,1,1,2
Block Develpoment Office Kupvi Lok Sabha,2400000.0,16,1,2,1
VASANTHA B,2400000.0,7,1,1,1
GP DADHWA JP RAIPUR KARCHULIYAN REWA,2400000.0,3,1,1,1
MS NP ENTERPRISES,2400000.0,3,1,1,1
SOUMYA RANJAN SAHOO,2400000.0,3,1,1,2
GRAM PANCHAYAT CHOPRA KHURD,2400000.0,4,1,1,1
CHIDA ORAM,2400000.0,3,1,2,2
PANCH PARMEHSWAR GRAM PANCHAYAT NIMANIYA,2400000.0,6,1,1,1
Medical Superintendent CSS Scheme GGH Khammam,2400000.0,3,1,1,1
ADHYAKSH GRAMKOSH SFC MUNDADI,2400000.0,5,1,2,1
YOGA CONSTRUCTION,2400000.0,6,1,1,1
ARADHANA BULDGING MATERIAL,2400000.0,9,1,1,1
SARPANCH GRAM PANCHAYAT RAIPURA,2400000.0,6,1,2,1
YASHIKABA,2400000.0,3,1,1,1
GORKHI GRAM PANCHAYAT SWABHNDOL,2400000.0,6,1,1,1
Gram Panchayat Barwala Rajiya,2400000.0,3,1,2,1
GRAM PANCHAYAT KHANDORA,2400000.0,3,1,1,1
Dharusan Gram Panchayat,2400000.0,6,1,1,1
Construction of Classroom at Dakhinpat Educational welfare Society,2400000.0,2,1,1,1
S N ENTERPRISE,2400000.0,6,1,1,1
GRAM PANCHAYAT KHERI MOTLA,2400000.0,3,1,1,1
GRAM PANCHAYAT DUAR,2400000.0,3,1,1,1
YANGA HANE,2400000.0,6,1,1,1
MS BRK ENTERPRISE,2400000.0,6,1,1,1
PRED SAGARA,2400000.0,6,1,1,1
K F ENTERPRISE,2400000.0,10,1,1,1
B SUNDAR,2400000.0,3,1,1,1
UCHARPI GRAM PANCHAYAT,2400000.0,6,1,1,1
SAILENDU KUMAR BAL,2400000.0,3,1,1,2
Mahalaxmi Construction and Building Material,2400000.0,3,1,2,1
Lavi Agriculture Works,2400000.0,12,1,2,1
SASMITA NAYAK,2400000.0,9,1,2,2
SARPANCH GRAM PANCHAYAT GHIVARA,2400000.0,6,1,2,1
SARPANCH GRAM PANCHAYAT GUCHKULIYA,2400000.0,6,1,2,1
Gram Panchayat Mehgaon janpad Panchayat Dharmpuri District Dhar,2400000.0,4,1,2,1
BUKOLI GRAM PANCHAYAT,2400000.0,6,1,1,1
sarpanch sachiv gram panchayat sulauni,2400000.0,6,1,2,1
DEHRI,2400000.0,6,1,1,1
SARPANCH GRAM PANCHAYAT GALGALADIH,2400000.0,6,1,2,1
SANTOSH KUMAR MUND,2400000.0,9,1,1,1
MS T P Enterprise,2400000.0,3,1,1,1
David Lalengzauva,2400000.0,6,1,2,1
VIKASH KUMAR SINHA,2400000.0,6,1,2,1
Deb Kumar Sports,2400000.0,3,1,1,1
SARPANCH AND SACHIV GRAM PANCHAYAT SENDRIMUNDA,2400000.0,6,1,2,1
SARPANCH GRAM PANCHAYAT BHOTHIYA,2400000.0,6,1,2,1
DT ENTERPRISE,2400000.0,6,1,1,1
Jangba Enterprise,2400000.0,6,1,1,1
Drishti Construction Company,2399991.0,6,1,1,1
GRAM PANCHAYAT GANDHAR,2399910.0,6,1,1,1
SURENDRA GUPTA,2399904.0,6,1,2,1
Gram panchayat Jarhadih,2399898.0,4,1,2,1
GP Kateli,2399874.0,6,1,2,2
G P Mouhadhodha,2399865.0,4,1,2,2
Shyam Enterprises,2399805.0,3,1,2,1
GP SYAMPUR,2399793.0,6,1,1,1
INDRANIL CHAUDHURI,2399694.0,6,1,2,1
SELVAKUMAR,2399592.0,3,1,1,1
Yogesh Kumar Mangla,2399355.0,3,1,1,1
MM CONSTRUCTIONS,2399340.0,7,2,2,2
M Rajkumar,2399286.0,8,1,1,1
GP Andola,2399259.0,6,1,2,2
MS AB CONSTRUCTION,2399250.0,3,1,1,1
Chandrabhan Singh Convent Schooll,2399190.0,2,1,2,1
CHAUDHARY CONTRACTOR,2399142.0,6,1,2,1
Sunil Shrawan Kumar,2399100.0,3,1,2,1
Krishnamoorthy,2399028.0,3,1,2,1
GRAM PANCHAYAT TARADEHI JP TENDUKHEDA,2399000.0,4,1,1,1
SARPANCH ISHAKPURA JUTH,2399000.0,5,1,1,1
Elumalayan Construction,2398770.0,6,1,1,1
SARPANCH GRAM PANCHAYAT LAWSRA,2398686.0,6,1,2,1
SARPANCH SACHIV GRAM PAN SALHEGHORI,2398614.0,6,1,1,2
G Dakshinamoorthy,2398533.0,6,1,2,1
UTSHA ENTERPRISE,2398424.0,8,1,1,1
vijaypal singh,2398332.0,6,1,2,1
AADHAVAN CONSTRUCTION,2398176.0,9,1,1,1
RANGAMATI ENGINEERS CO OPERATIVE SOCIETY LTD,2398150.0,3,1,1,1
Mani V,2398146.0,3,1,1,1
SKV CONTRACTOR,2397912.0,3,1,1,1
MegaaStarConstructions,2397759.0,9,1,1,1
DEEBA CONTRACTOR,2397666.0,3,1,2,1
Samarth Infrastructure,2397497.0,1,1,1,1
DATTATRAYA ASHOK SHELAR,2397000.0,3,1,1,1
GP Parsada Chhote,2396877.0,6,1,2,2
SEKH ALIF HOSSAIN,2396589.0,3,1,1,1
PRAVIN KUMAR ROY,2396479.0,3,1,1,1
Renuka Devi Majur Co Oprative Society Limited,2396307.0,3,1,1,1
ZONE COMMISSIONER ZONE 07,2396243.0,6,1,1,1
SAKSHATH SHETTY,2396235.0,6,1,1,1
GRAM PANCHAYAT UMARBANKHURD JANPAD PANCHAYAT UMARBAN,2395467.0,6,1,2,1
MS Suresh Chauhan,2394796.0,2,1,1,1
ISHWAR Steel Industries,2394254.0,21,1,1,1
J KUMAR,2393997.0,12,1,1,1
JS AND CO,2393573.0,4,1,1,1
SEIKH MIRAJ,2393457.0,3,1,2,1
M W ENTERPRISE,2393436.0,6,1,1,1
KRISHNA SUPPLIERS,2392812.0,3,1,1,1
THOKALA BALA KISHAN,2392122.0,6,1,1,1
B DAS CONSTRUCTION,2392029.0,3,1,1,1
GRAM PANCHAYAT SURPUR R,2392000.0,5,1,2,2
SELVARAJ R,2391516.0,2,1,1,1
GRAM PANCHAYAT KUDRI J P PENDRA,2390724.0,9,1,1,2
HARSHA CONSTRUCTIONS,2390200.0,2,1,1,1
G RAMESH,2390112.0,12,1,1,1
S S Traders,2389000.0,1,1,1,1
NAVNEET TRADERS,2388780.0,6,1,2,1
VIRAT MODY SOLAR SITY,2388016.0,4,1,1,1
SARPANCH SACHIV GRAM PANCHAYAT KATHILA,2388000.0,6,1,1,1
SARPANCH KUMBHARFALIYA GRAM PANCHAYAT,2388000.0,9,1,1,1
Sri Ramalingeshwara Enterprises,2386140.0,6,1,1,1
ACD Baramulla,2385000.0,6,1,1,1
EXECUTIVE ENGINEER OP DIVISION NO 1 DHBVN,2384648.0,7,1,1,1
DINESH N,2384496.0,18,1,1,1
ABDUL MAJEED WANI,2384200.0,7,1,1,1
LOKVIKAS MAJOOR SAH SANT LTD,2384145.0,6,1,2,1
Ahmed Meera Mohiddin,2384027.0,1,1,1,1
JOY GURUDEB BUILDERS,2383836.0,3,1,1,1
BISWAJIT GHOSH,2383671.0,3,2,2,2
INNOMATICS INFO PRIVATE LIMITED,2383428.0,6,1,1,1
C RAVI CHANDRAN,2383419.0,12,1,2,1
Gram Panchayat Khamhi,2380449.0,10,1,1,1
GOTTUMUKKALA SURYA NARAYANA RAJU,2380388.0,5,1,1,1
GANAPATHY,2380143.0,6,1,2,1
Mallik Enterprise,2378328.0,6,1,2,1
R K AGENCIES,2376000.0,4,1,1,1
SHRIDHARA AMIN,2375398.0,5,1,1,1
TIPPANNA HALAGATTI,2375000.0,7,1,1,1
RAJU S KOMAR,2375000.0,9,1,1,1
Singla Iron Store,2373654.0,19,1,1,1
RUPESH AND HAWA SINGH SALES,2373612.0,1,1,1,1
SAROJ KUMAR MOHANTY,2371520.0,6,1,1,2
GOTHAVA GRAM PANCHAYAT,2370000.0,15,1,1,1
SHRI BABA RAMAPEER CONSTRUCTION AND SUPPLIER,2368779.0,5,1,1,1
Gram Panchayat Koulinja,2368080.0,10,1,1,1
NAGARAJ PRAKASH PATTAR,2367817.0,11,1,2,1
ELECT DIV II AZM EXP AC CNO 24 ETD II,2366946.0,3,1,1,1
RAGHUKUL CONSTRUCTION,2366136.0,3,1,1,1
SHIVAIAH NIRALAGI HIREMATH,2362734.0,9,1,1,1
DEV KRIPA TRADERS,2362080.0,3,1,1,1
Pantani Naresh Kumar,2360067.0,4,1,1,1
MG CONSTRUCTION,2359173.0,3,1,1,1
ASSISTANT ENGINEER KEOTI,2359032.0,4,1,1,1
Mahesh singh,2357295.0,5,1,1,1
MEHERIN ENTERPRISE,2357151.0,3,1,2,1
BASAVARAJ,2355472.0,9,2,2,2
BANUMATHI RAMANATHAN,2354910.0,7,1,1,1
PRABHAKARAN K,2353898.0,1,1,1,1
J S INTERLOCK TILES,2353720.0,15,1,1,1
SHRI RAMDEV CONSTRUCTION,2353311.0,12,1,1,1
SHOBHARANI K,2351176.0,19,1,1,1
Shihora juth gram panchayat,2350000.0,5,1,1,1
Block Development Office Chopal Rajya Sabha,2350000.0,11,1,2,1
SARSWATI SHISHU MANDIR PADRA CHANAKYAPURI REWA,2350000.0,1,1,1,1
GP fatehpur JP begamganj,2350000.0,4,1,1,1
VISHWANATHA GOWDA B N,2349253.0,15,1,2,1
D GANESAN ALANGADU,2346132.0,3,1,1,1
Shreeji Developers,2345960.0,4,1,1,1
THIRUMOORTHY CONSTRUCTION,2345610.0,7,1,1,1
Baba Farid Tile Factory,2345436.0,54,1,1,1
renuka enterprise,2345176.0,10,1,1,1
Rajen Dihingia,2345122.0,10,1,1,1
NEELAPPA G BADIGER,2345110.0,7,1,1,1
S Antony Amala Unida TUFF CONSTRUCTION,2341272.0,3,1,1,1
shree shyam interlock tile,2339544.0,3,1,1,1
OM NAMAH CONSTRUCTION,2337981.0,4,1,1,1
Modalavalasa Ramesh,2337814.0,1,1,1,1
SUNEERA,2337731.0,7,3,3,2
MS GAUTAM TRADERS,2337676.0,3,1,1,1
Bharat Sahu,2335271.0,7,1,2,2
ASSISTANT ENGINEER KUSHESHWAR ASTHAN,2333982.0,3,1,1,1
NARNARAYAN CERAMICS,2332800.0,2,1,1,1
RAJASEKAR V,2330427.0,3,1,1,1
SEEMA ENTERPRISES,2330410.0,4,1,1,1
VRM CONTRACTOR,2329830.0,3,1,1,1
Rajaram,2329671.0,3,1,1,1
Dinesh Rai,2329519.0,4,1,1,1
DARSH BUILDCON,2328152.0,3,1,1,1
Ajantha Construction,2327460.0,3,1,1,1
KS AND CO,2325000.0,3,1,1,1
Shri Neelambika Constructions,2324949.0,3,1,1,1
SIDHU TRADERS,2324550.0,9,2,3,1
SHIVAM ENTERPRISES,2324386.0,14,2,2,2
Rakesh kumar Contractor,2322900.0,3,1,2,1
NORDEN LEPCHA,2322594.0,6,1,1,1
Gogaji Construction Company,2322057.0,9,1,1,1
MANIRUL HAQUE ANSARI,2320017.0,5,1,1,1
Executive Engineer Operation APEPDCL Peddapuram,2319000.0,3,1,1,1
Punam Das,2318159.0,17,1,1,1
Bejawada Seenaiah,2317829.0,5,1,2,1
NAGIREDDY CHANDRASEKHAR REDDY,2317490.0,2,1,1,1
Rajeev Kumar singh,2317256.0,4,1,1,1
KSK ENGINEERS,2317226.0,2,1,1,1
Shanmuhanantham M,2315719.0,3,1,2,1
SHRI RAM AVTAR YADAV INTER COLLEGE GOIJI AZAMGARH,2313594.0,4,1,2,1
CIMECON ENTERPRISES,2313400.0,2,1,1,1
KIRAN,2312940.0,10,2,2,2
B G ENTERPRISE,2311917.0,6,1,1,1
M RAMESH REDDY,2310193.0,10,1,1,1
BHANDU GRAM PANCHAYAT,2310000.0,12,1,1,1
BHASWATI ENTERPRISE,2305650.0,5,1,1,1
Vinod Kumar,2305067.0,14,5,5,6
THE RR COOPERATIVE LABOUR AND CONSTRUCTION,2302435.0,7,1,1,1
MARNYA RINA,2300990.0,9,1,1,1
GRAM PANCHAYAT BANJI,2300000.0,8,2,3,2
Apun Ghar,2300000.0,14,1,1,1
M Perumal,2299065.0,1,1,1,1
Satyanarayan soni,2298813.0,7,1,2,2
ASSISTANT ENGINEER AC CHAKAI,2298664.0,5,1,2,1
Yogesh Ashok Burdkar,2298006.0,2,1,1,1
GRAM PANCHAYAT HALDARWA,2297870.0,5,1,1,1
MS SUMOTI CONSTRUCTION,2297581.0,4,1,1,1
G J TRADING COMPANY,2295306.0,6,1,2,1
SK FARIJUL,2294145.0,9,1,1,1
PURABI INDUSTRIES,2294069.0,12,1,1,1
Garhwal Construction Company,2292358.0,4,1,1,1
PRESIDENT VILLAGE LEVEL COMMITTEE VATHALUR GP,2291757.0,5,1,1,1
Sathi Venchers OPC Private LIMITED,2291201.0,2,1,1,1
Punam Blocks and Construction,2290674.0,3,1,1,1
SKYTECH INFRASTRUCTURE,2289306.0,3,1,1,1
Rakesh N,2288265.0,2,1,1,1
K Kesavulu,2287896.0,12,1,2,1
KSS Enterprises,2285790.0,53,2,2,1
BOPARAI ENTERPRISES,2284530.0,9,1,1,1
Om Construction Rohat,2284436.0,8,1,1,1
PREET AND COMPANY,2281500.0,3,1,1,1
The Gabi Nagar Co Op LC Society Ltd,2281067.0,5,1,1,1
Bidyut Bharali,2280979.0,29,1,1,1
CHARBHUJA ENTERPRISES,2278464.0,6,1,1,1
MAHENDRA KUMAR SINGH,2275866.0,3,1,1,1
Golden Enterprises,2274921.0,3,1,1,1
AMANDU KRUSHNA,2274555.0,9,1,1,1
Shree Bhomiyaji Interprises,2273649.0,14,1,1,1
J M CONSTRUCTIONS,2273409.0,4,1,2,1
MOPURI MOHAN DURGA,2271509.0,5,1,1,1
Ravichandran S,2270505.0,3,1,2,1
Dey Construction,2270388.0,6,1,1,1
MICHAEL RONGPI,2269563.0,6,1,2,1
UDAY KIRAN PROJECTS,2268521.0,3,1,1,1
UDGIRI RAVI KUMAR,2268156.0,12,1,1,1
SARPANCH SHREE GRAM PANCHAYAT SATEM,2268000.0,9,1,1,1
GRAM PANCHAYAT GARABAND KHURD,2266132.0,7,1,2,1
M M SAJU,2266046.0,2,1,1,1
KAUSHAL DEVIDAS HARPALANI,2265713.0,13,1,1,1
MS RAJENDRA KUMAR SINGH,2264203.0,3,1,1,1
CHOPRA ENTERPRISE,2263745.0,4,1,1,1
KISHAN SINGH,2263635.0,6,2,2,2
MILAP SINGH,2262372.0,6,1,1,1
MURLIDHAR BUILDERS,2261792.0,3,1,1,1
ATANU KUMAR PAIRA,2260686.0,3,1,2,1
SANDHIYA CIVIL AND ELECTRICAL CONTRACTOR,2259494.0,8,1,1,1
The Mahavir Society,2255936.0,16,1,1,1
Rajendar Pandey Contractor,2255703.0,6,1,1,1
SHAJU T,2255292.0,3,1,2,1
DARAVATH KISHAN,2254900.0,5,1,1,1
MAA TARA ENTERPRISE,2254361.0,3,2,2,2
RADHIKA CO OP L AND C SOCIETY LIMITED,2252943.0,9,1,2,1
Ms The Kurali Coop L C Society Ltd,2251279.0,2,1,1,1
TRUE VISION INC,2250654.0,22,1,2,1
SHREE RANA BAI CONSTRUCTION,2250150.0,9,1,2,1
GOKULA CHANDRA NAYAK,2250000.0,6,1,2,1
gram panchayat shrikot,2250000.0,3,1,2,2
MAHARSHI ARVIN BAL KALYAN SAMITI,2250000.0,3,1,1,1
SARPANCH GRAM PANCHAYAT TILAI,2250000.0,3,1,2,1
Lalthangmawia,2250000.0,3,1,2,1
GRAM PANCHAYAT DATRENGA,2250000.0,3,1,1,1
GRAM PANCHAYAT NAVAKHEDA,2250000.0,3,1,2,1
Rocky Kylla,2250000.0,9,1,1,1
THALAVANIMUTHU,2250000.0,1,1,1,1
Om Shiv chaklan Construction Company,2250000.0,3,1,1,1
CEO JANPAD PANCHAYAT SHUJALPUR,2250000.0,5,1,2,1
Khareda Gram Panchayat,2250000.0,6,1,1,1
VAVADI GROUP GRAM PANCHAYAT,2250000.0,6,1,1,1
VC MIPUI THAWHLAWM,2250000.0,6,1,2,1
RAJASHEKARAIAH N,2250000.0,3,1,1,1
GRAM PANCHAYAT MADIYAPAR,2250000.0,3,1,1,1
GRAM PANCHAYAT HATHBAND,2250000.0,3,1,1,1
GRAM PANCHAYAT BANSANKARA,2250000.0,3,1,1,1
SWAMI VIVEKANAND INTERMEDIATE COLLEGE,2250000.0,3,1,3,1
Gram Panchayat Ghoghara,2250000.0,3,1,1,1
GRAM PANCHAYAT BANSAJHAL,2250000.0,3,1,2,1
NAGAR PANCHAYAT KESHKAL,2250000.0,6,1,2,1
GARAM PANCHAYAT TUTA,2250000.0,5,1,1,1
GRAM PANCHAYAT BASOHARA,2250000.0,3,1,1,1
GANGADAS BANTU,2250000.0,6,1,1,1
GRAM PANCHAYAT KODEGAON RY,2250000.0,6,1,1,1
G P NAWAGAON SALKA,2250000.0,8,1,1,1
VR MURUGAN,2250000.0,3,1,1,1
BANSIYA,2250000.0,6,1,1,1
Gram Panchayt Kachnar,2250000.0,3,1,2,1
GRAM PANCHAYAT BHAVARPUR,2250000.0,3,1,1,1
GRAM PANCHAYAT SEMARIYA,2250000.0,6,1,1,1
Gram Panchayat Naogon,2250000.0,3,1,1,1
Gram Panchaya Paunsari,2250000.0,3,1,1,1
gram panchayat jamuniha,2250000.0,3,1,1,1
MATAJI HARDWARE AND TILES,2249997.0,3,1,1,1
SRI BUILDERS,2249990.0,4,1,1,1
SHIV SHAKTI CEMENT AND STEEL,2249880.0,30,1,2,1
GRAM PANCHAYAT NANDOURA,2249625.0,24,1,1,1
GRAM PANCHAYAT NANDIDA,2249365.0,7,1,1,1
Manikandan A,2249364.0,3,1,1,1
ajmconstructions,2248866.0,3,1,1,1
GP GIRSA,2248797.0,5,1,1,1
RAJESH M,2248785.0,3,1,1,1
SARITHA S,2248776.0,3,1,1,1
MA TARA ENTERPRISE,2248770.0,6,1,1,1
AAthavan construction,2248642.0,4,1,1,1
TECHNIQUE CONSTRUCTION,2248338.0,6,1,2,1
MAHENDRA HARI PATIL,2248219.0,3,1,1,1
Narayanasamy S,2247882.0,3,1,1,1
MS SUNIL YADAV,2247111.0,3,1,1,1
Shubham Bhau Jagtap,2247000.0,6,1,1,1
PANCHIRI VENKATESHAM,2246676.0,9,1,1,1
DROUPADI ENTERPRISE,2246199.0,6,1,2,1
BHEEMAPPA,2245083.0,6,1,1,1
GARMPANCHAYAT BHUNGALIYA,2244345.0,9,1,1,1
Ch Rama Krishna,2244183.0,6,1,1,1
Shree kapura mandali,2243700.0,6,1,1,1
SP CONSTRUCTION CO,2243619.0,6,1,1,1
K P Srikantha Anekannambadi,2242817.0,8,1,1,1
SWETA KUMARI,2242794.0,5,1,1,1
VAISHAK,2241750.0,6,1,1,1
SHIVAKUMAR B PUJAR,2241537.0,10,1,1,1
ST ENTERPRISE,2240760.0,6,1,1,1
The Karam Singh Co op Ltd,2239002.0,9,1,1,1
GURJEET SINGH,2235871.0,4,2,2,2
MPS CONSTRUCTION COMPANY,2234684.0,3,1,1,1
MAA VAISHNO KRIPA,2233986.0,4,1,1,1
SILAWAT CONSTURATION COMPANY GAGRANA,2233125.0,9,1,1,1
Shree Sarneshwar Construction,2232374.0,4,1,1,1
RAJESH CHAUHAN,2232355.0,3,1,1,1
SK CONSTRUCTION AND ENGINEERS,2232133.0,1,1,1,1
SINGLA INDUSTRIES,2231550.0,9,3,4,4
KAMLESHKUMAR RAMANLAL NAIK,2231000.0,19,1,1,1
SRI BABA VISHWANATH ENTERPRISES,2228877.0,3,1,1,1
NAGOUR,2227500.0,9,1,1,1
Sri Balaji Electricals,2226471.0,2,1,1,1
EE EDD TANDA AMBEDKAR NAGAR,2225254.0,10,1,1,1
PS Contractor,2225124.0,3,1,1,1
GP BAWADIYACHOR IC,2225000.0,4,1,1,1
SURYA TRANSFORMER AND SWITCHGEARS,2224934.0,8,1,2,1
Gram Panchayat Korta,2224458.0,5,1,2,1
Gram Panchyat Runkheda,2224347.0,6,1,2,1
CHANDRASHEKHAR K KATNUR,2224221.0,10,1,1,1
AMARESH JALAWADI,2222606.0,8,1,2,1
RABIN SHOW,2221474.0,2,1,2,1
RK ENTERPRISES,2220997.0,25,1,1,1
K N HARSHA,2220313.0,1,1,1,1
SAI KRIPA ENGINEERS ASSOCIATES SATNA,2220154.0,14,1,1,1
GP PAPRAUDI,2220000.0,3,1,2,1
THE SAMRATHAL CO OP LC SOCIETY,2218731.0,4,1,1,1
gram panchayat jamodikala,2217603.0,3,1,1,1
RAIKHEDI,2217000.0,14,1,1,1
MR RAJESWARAN LOHIYADASAN,2214985.0,1,1,1,1
Punjab Tubbewall,2214700.0,19,1,2,1
TIRUPATI BALAJI CONSTRUCTION COMPANY,2212706.0,4,1,2,1
REENA BAGH,2212419.0,6,1,2,2
RAVICHANDRA V,2212098.0,9,1,2,2
VENUS COMPUTECH,2208368.0,13,1,2,1
M G CONSTRUCTION,2206834.0,14,1,1,1
ELLAPPAN,2204378.0,4,1,2,1
STAR DEALERS,2203457.0,3,1,1,1
SK ASRAFUL AHMED,2202901.0,5,1,1,1
M A construction,2201356.0,1,1,1,1
Binay Ranjan SAhoo,2200256.0,40,1,1,2
TANKARIYAPANTH,2200000.0,4,1,2,1
GRAM PANCHAYAT AMLAWADBEEKA,2200000.0,4,1,2,1
JRR Construction,2200000.0,2,1,1,1
Gp atrar chh,2200000.0,4,1,2,1
DASHMESH ENGG WORKS,2200000.0,8,2,3,2
Gp Sipawra,2200000.0,4,1,2,1
Sarvesh Gajanan Chorge,2200000.0,4,1,1,1
DEEPAK RATHORE,2200000.0,4,1,1,1
MS CONSTRUCTION OF RAISE PLATFORM AT KANCHANPUR PUB S,2200000.0,4,1,1,1
const of cultural stage at pachania,2200000.0,4,1,1,1
MAHADEV PRASAD MEMORIAL SCHOOL SAMITI,2200000.0,4,1,1,1
PIPLODADWARKADISH,2200000.0,4,1,2,1
SRI NIRANJANI CONSTRUCTION,2200000.0,2,1,1,1
SHRI RAM KUMAR MOHONI DEVI ADARSH SHIKSHAN SANSTHAN,2199971.0,4,1,1,1
RAJENDRA PATEL SHIKSHAN SANSTHAN,2199780.0,4,1,1,1
KR CONSTRUCTIONS,2199451.0,2,1,1,1
AKA CONSTRUCTION,2199176.0,4,1,1,1
GEHLOT CONSTRUCTION COMPANY,2199046.0,5,1,1,1
SRI SWAMI DAYAL MEMORIAL PUBLIC SCHOOL,2199037.0,4,1,1,1
BDO Nagrota Bagwan,2199013.0,23,1,1,1
P S CONSTRUCTION,2198816.0,3,1,1,1
GRAM PANCHAYAT AAMKHEDASUKHA,2198328.0,4,1,1,1
Tottadi Manikanta,2198098.0,5,1,1,1
MASUM CONSTRUCTION,2198054.0,8,1,1,1
MS JHARNA ENTERPRISE,2197716.0,12,1,1,1
K C SEETHARAMAPPA,2196858.0,10,1,2,1
VIJAYA S,2196430.0,4,1,1,1
Yuvraj Construction,2196405.0,2,1,1,1
GANGADURAI CONTRACTOR,2196347.0,3,1,1,1
SRI RAJALAKSHMI ENTERPRISES,2196300.0,6,1,2,1
S LASKAR ASMA ENTERPRISE,2195277.0,6,1,2,1
PAYAL BROTHERS,2195064.0,5,1,1,1
J V Traders,2194939.0,2,1,1,1
SAHIDALI CONSTRUCTION,2194250.0,2,1,1,1
ARJUN KUMAR SINGH,2194227.0,9,1,1,1
JAIPUR VIDYUT VITRAN NIGAM LIMITED,2191248.0,1,1,1,1
Lalit Kumar Sharma Electric Contractor Contractor Sirsa,2190605.0,5,1,1,1
SKY SPEECH HEARING CARE,2190000.0,3,1,1,1
BHIMARAYA YAMANAPPA,2190000.0,3,1,2,1
HOSSAIN CONSTRUCTION,2189810.0,5,2,2,2
Techoy Motors India Pvt Ltd,2188878.0,3,1,1,1
OMKAR CHAND,2187000.0,15,1,1,1
Poonia Construction,2186967.0,3,1,1,1
MP STATE AGRO INDUSTRIES DEVELOMENT CORPORATION LTD,2185953.0,11,1,2,1
NAGAR PARISHAD MEGHNAGAR,2184000.0,8,1,2,1
PAWAN KUMAR SHAM LAL,2181252.0,13,1,1,1
RANAWAT CONSTRUCTION,2181216.0,8,1,2,1
SHIVANI SOLAR SYSTEM,2177079.0,3,1,1,1
Ace Motors Pvt Ltd Tirur,2177000.0,21,2,2,2
VIRBHAN SINGH GOVT CONTRACTOR,2175634.0,2,1,1,1
YUMI ENTERPRISES,2175000.0,12,1,1,1
Raghav Enterprises,2173796.0,2,1,1,1
KAVITHA,2170600.0,6,1,2,1
GRAM PANCHAYAT GAGLA DEVELOPMENT BLOCK MEHLA,2170092.0,21,1,1,1
RAMDEV TRANDING COMPANY SANCHORE,2169500.0,11,1,1,1
ASIT BISWAS,2168004.0,1,1,1,1
Suresh,2167455.0,7,3,3,3
RAJ TRADING,2166000.0,7,1,1,1
BABA RAMDEV CONSTRUCTION CO,2164942.0,3,1,2,1
Narayan Contractor and supplier,2163611.0,6,1,1,1
Dhamras Infrastructure Private Limited,2162415.0,5,1,1,1
GP PURWA CHH,2160000.0,3,1,2,1
NET RAM MANI RAM ELECTRICAL CARPORATION,2160000.0,26,1,1,1
garm panchayat laloni,2160000.0,3,1,2,1
Gram Bharti Shiksha Samiti,2160000.0,4,1,1,1
Kuber Industries,2158809.0,18,1,1,1
Gram Panchayat Mohalai Navin,2158000.0,8,1,2,1
SIDDHI VINAYAK ENTERPRISES,2156606.0,9,1,1,1
EXECUTIVE OFFICER MUNICIPAL COUNCIL NURPUR DISTT KANGRA HP 176202,2156537.0,6,1,1,1
AASHA DEVI,2156178.0,11,1,1,1
KOHINOOR ENTERPRISE,2154426.0,6,1,2,1
ANADI JALAPATHI REDDY,2153514.0,9,1,1,1
Tarun Singh,2152000.0,2,1,1,1
SOBIN SABU,2150279.0,1,1,1,1
SHYAMANTA GOGOI,2150000.0,35,1,1,1
CEO JANPAD PANCHAYAT SITAMAU,2150000.0,14,1,1,1
GRAM PANCHAYAT JAMPANI,2150000.0,11,1,1,1
KAPRUPUR GRAMPANCHAYAT,2150000.0,7,1,1,1
Block Development Office Chhohara Lok Sabha,2150000.0,16,1,2,1
USP ENTERPRISE,2149375.0,1,1,1,1
Shree Gukan Construction,2147162.0,4,1,1,2
Prabhav Gupta,2146353.0,3,1,1,1
SURABHI KUMARI,2146228.0,2,1,1,1
BEERENDRA RANA,2145090.0,5,1,1,1
HARADHAN ENTERPRISE,2144891.0,7,1,1,1
Barg Enterprises,2144122.0,9,1,1,1
M C Shimla Lok Sabha,2140000.0,10,1,2,1
MAHADEV ASSOCIATES,2139568.0,7,1,1,1
VAIBHAV LAXMI PIPE,2139335.0,15,2,2,1
MAHENDRA AGARWALA,2138451.0,3,1,1,1
KADATHALA SWAMY REDDY,2138097.0,7,1,1,1
J K D V PRASADA RAJU,2137740.0,3,1,1,1
PRASENJIT GHOSH,2137502.0,5,1,2,1
DE OP TSNPDCL KNR,2135175.0,9,1,1,1
SHWET BARANI,2132538.0,3,1,2,1
BAVALIYA NATHUBHAI VAGHABHAI,2132340.0,16,1,1,1
THE NAKKI CO OP LC SOCIETY LTD,2131718.0,4,1,1,1
THE YASHIKA CO,2131580.0,4,1,1,1
A B CONSTRUCTION,2127508.0,11,1,1,1
gram panvhyat madhota 2,2126025.0,5,1,2,1
SHAHIN ENTERPRISE,2125641.0,3,1,1,1
NATH ENTERPRISE,2124296.0,17,1,1,1
Biju Francis,2121660.0,3,1,1,1
VINAY ENTERPRISES,2121313.0,8,1,1,1
The Tarkanwali Beniwal Cooperative labour and Construction Society Limited,2118492.0,3,1,2,1
ANILKUMAR N,2113804.0,4,2,2,2
The Golden Cooperative society ltd,2112233.0,6,1,1,1
SWAMINATHAN S,2109499.0,2,1,1,1
Bishnu Dutta,2109281.0,8,1,1,1
BADRI PRASAD,2107807.0,1,1,1,1
Shiv Shakti Iron and Cement Store,2102057.0,29,1,1,1
MUKHYA KARYAPALAN ADHIKARI JANPAD PANCHAYAT PONDI UPRODA,2101305.0,15,1,1,1
SHAHU AGRO SALES,2101270.0,8,1,1,1
PADMASRI ELECTRICAL AND ENGG,2100000.0,6,1,1,1
HARANIYAV GRAM PANCHAYAT,2100000.0,6,1,1,2
VARATHAN A,2100000.0,3,1,1,1
gram panchayat chandershekharpur,2100000.0,3,1,2,1
RAJESH VELU,2100000.0,3,1,1,1
GP Sarol,2100000.0,6,1,1,1
Babachiya,2100000.0,2,1,1,1
JUNIOR ENGINEER GOP BHABANI SANKAR POTHAL,2100000.0,9,1,2,1
APPALA BHUMANNA,2100000.0,6,1,1,1
Nagarajan,2100000.0,3,1,1,1
Biran,2100000.0,3,1,1,1
ATHKHOL GRUP GRAM PANCHAYAT,2100000.0,6,1,1,1
SUN ENGINEERING ENERGIES,2100000.0,3,1,1,1
GRAM PANCHAYAT HATHGADA,2100000.0,3,1,2,1
Boundary wall of Niramay HC,2100000.0,6,1,1,1
DORBAR IAW MUKSOW MOWKAIAW,2100000.0,6,1,1,1
MAHESH SHIKSHA PARISHAD,2100000.0,6,1,1,1
Construction of stage at Community Centr,2100000.0,4,1,1,1
HOLA KOTAR GROUP GRAM PANCHAYAT,2100000.0,12,1,1,1
GP CHUNARI JP TEOTHER,2100000.0,3,1,1,1
SCHOOL WELFARE FUND GOVT HIGH SCHOOL MAQ,2100000.0,9,1,1,1
UMRA GRAM PANCHAYAT,2100000.0,6,1,1,1
MOYAD NATHAJI GRAM PANCHAYAT,2100000.0,6,1,1,1
Sarpanch Golwada Group Gram Panchayat,2100000.0,6,1,1,1
Deeptimayee Bhatalabhadra,2100000.0,3,1,2,1
Jitpur GROUP GRAM PANCHAYAT,2100000.0,6,1,1,1
Aakoli Thakor Vas Gram Panchayat,2100000.0,6,1,1,1
GRAM PANCHAYAT BHANDARPURI,2100000.0,7,1,1,1
Temsuwati,2100000.0,3,1,1,1
SHRIAWADHSHARANTIWARISMARAKPUBLICSCHOOL,2100000.0,9,1,1,1
Gram panchayat narayanpur,2100000.0,9,2,2,3
ADVALA GURUVAIAH,2100000.0,6,1,1,1
GRAM PANCHAYAT NANDOURKHURD,2100000.0,6,1,2,1
GRAM PANCHAYAT SUNEDA,2100000.0,5,1,2,1
GRAM PANCHAYT BHAMA,2100000.0,12,1,2,1
GRAM PANCHAYAT BARKHERA DURGADAS JP PATHARIYA,2100000.0,3,1,1,1
GP KATHBADODA,2100000.0,6,1,2,1
RAMITA DEVI,2100000.0,9,1,1,1
Banalari World Cars Showroom,2100000.0,3,1,1,1
SARPANCH GRAM PANCHAYAT DHAMANI,2100000.0,6,1,2,1
SARPANCH GRAM PANCHAYAT DOMA,2100000.0,6,1,1,1
Eatneni Ramesh,2100000.0,6,1,1,1
GRAM PANCHAYAT LINJIR,2100000.0,6,1,2,2
GRAM PANCHAYAT BOIRDEEH,2100000.0,6,1,1,1
GRAM PANCHYAT PRSODA,2100000.0,6,1,2,1
Gram Panchayat Semrahat,2100000.0,6,1,1,1
PANUGANTI SATHISH,2100000.0,6,1,1,1
CHASVAD GRAM PANCHAYAT,2100000.0,6,1,1,1
SHANTANU VASUDEVRAO NAVGHARE,2099871.0,3,1,1,1
S kumar construction company,2099817.0,3,1,1,1
Surendran,2099808.0,3,1,1,1
MANNA ENTERPRISE,2099805.0,2,1,1,1
ASSISTANT ENGINEER SULTANGANJ,2099748.0,3,1,1,1
GRAM PANCHAYAT DEROL,2099706.0,6,2,2,2
Neeraj Contractor Co Bhir,2099661.0,3,1,1,1
Deeplaxmi construction Pro Dilip Rajebhau Kale,2099553.0,3,1,1,1
SHANIRANJAN KUMAR SINGH,2099463.0,2,1,1,1
AKASH VIJAY KARALE,2099427.0,3,1,1,1
COMPUTER HOUSE,2099220.0,11,1,1,1
GRAM PANCHAYAT GAGRA,2099181.0,6,1,1,1
S Valarmathi,2099180.0,5,1,1,1
GRAM PANCHAYAT SILLI,2099043.0,12,1,1,1
M THILLAI NATARAJAN,2098980.0,3,1,1,1
AMS Constructions,2098923.0,3,1,1,1
J K SRINIVASAN,2098824.0,3,1,1,1
GAURAV SUNIL MORE,2098653.0,3,1,1,1
R VIGNESH,2098638.0,3,1,2,1
R PADMAVATHY,2098551.0,3,1,1,1
Satyajeet Sanjay Patil,2098533.0,3,1,1,1
SARAVANAMURUGAN M,2098431.0,3,1,1,1
Jai Bholenath Majoor Sahakari Sanstha Maryadit,2098407.0,1,1,1,1
MALLIK CONSTRUCTION,2098260.0,3,1,1,1
MS NILIMA ENTERPRISE,2097777.0,3,1,1,1
Bingi suresh,2097738.0,3,1,1,1
GRAM PANCHAYAT KANCHRI,2097558.0,6,1,1,1
CH JAIKISAN MAJUR SAHAKARI SANTSHA LTD IRLE,2097492.0,3,1,1,1
D BABU,2097483.0,6,1,2,1
Deepak Bhausaheb Deshmukh,2097000.0,3,1,1,1
MANOGARAN P,2096685.0,4,1,2,1
SINDHEKAR RAGHAVENDER,2096508.0,6,1,1,1
K K MANGLIYA CONSTRUCTION COMPANY,2096502.0,5,1,1,1
Gram Panchayat Bamber,2096134.0,2,1,1,1
SARPANCH GRAM PANCHAYAT KUTRA,2096100.0,6,1,2,1
KHABIR ALI,2095887.0,3,1,1,1
md khobiar rahaman enterprise,2095851.0,3,1,1,1
SANTOSH KUMAR SINGH,2095725.0,12,2,2,2
Ranju Devi Jain,2095557.0,12,1,1,1
VIJI GOVINDARAJ,2095203.0,3,1,1,1
tak construction,2095122.0,6,1,1,1
BHODAR GRAM PANCHAYAT,2094900.0,6,1,1,1
MANVI TRADERS,2094348.0,6,1,1,1
GRAM PANCHAYAT KARAD,2094135.0,6,1,1,1
BALAJI MAZUR SAHAKARI SANSTHA LTD FATTEPUR,2093739.0,3,1,1,1
Medica Enterprises,2092800.0,1,1,1,1
S KRISHNAKANTH,2092404.0,12,1,1,1
sudarshan sushikshit Bekar Majur Sahakari Sanstha Ma Barmgaon,2090976.0,3,1,1,1
Anusayadevi Majoor Sahakari Sanstha Maryadit,2090226.0,3,1,2,1
MDFA,2090000.0,4,1,2,1
MAHADEV CONSTRUCTION COMPANY,2088986.0,2,2,2,2
NEMINATH ELECTRICALS,2088674.0,10,1,1,1
Gajanan Majur Sahakari Sanstha Soyanjana,2088615.0,3,1,1,1
GARRISON CONSTRUCTIONS,2087410.0,3,1,1,1
SAHU TRADERS,2086590.0,19,1,2,1
GP GANDHWANI,2085795.0,14,1,2,1
SATHIYANATHAN,2084676.0,3,1,1,1
GP SHELU KHURD,2084277.0,3,1,1,1
M ENTERPRISE,2083040.0,7,2,2,2
Khaja Garib nawaz Majoor Co Op Soc Ltd,2082300.0,3,1,1,1
IMRAN GULABKHA PATHAN,2082300.0,3,1,1,1
Ch Ingonda Majur Sahakari Sanstha M Ingonda Tq Paranda Dist Dharashiv,2081685.0,3,1,1,1
MULTI PURPOSE TRADE CENTRE,2080800.0,12,1,1,1
SIDDHI VINAYAK CONSTRUCTION,2079750.0,5,1,1,1
shiv construction company,2079728.0,4,1,1,1
GANTHOLIYA ENTERPRISES,2078837.0,4,1,2,1
ANAND PRAVIN WARUDKAR,2077815.0,3,1,2,1
vishwakarma majoor sahakari sanstha mary,2077500.0,3,1,1,1
PATAN MAHABOOB BASHA,2076813.0,6,1,2,1
N B ENTERPRISE,2076261.0,3,1,1,1
VADLAKONDA PARAMESH,2076096.0,12,1,1,1
GRAMPANCHAYAT KARYALAYA SANGUCHIWADI,2075067.0,3,1,2,1
Gill Electric and Hardware,2074337.0,6,1,1,1
kamla prasad singh,2074325.0,3,1,1,1
SAMBANA SRNINIVASA RAO,2072832.0,2,1,1,1
kalpesh harishchandra pawar,2071264.0,7,1,1,1
GRAM PANCHAYAT MARALA NAGRAMA,2070795.0,17,1,1,1
PRATIKSHYA CONSTRUCTION,2069969.0,1,1,1,1
MS DUTTA CONSTRUCTION,2068419.0,9,1,2,1
KS KUNDAN INFRA PRIVATE LIMITED,2065983.0,3,1,1,1
Mittal Book Agency,2065000.0,192,1,2,1
SAGISHETTY JAGAN,2063579.0,3,1,1,1
NAGESH J,2062173.0,2,1,1,1
THE RAHAN COOPERATIVE LABOUR AND CONSTRUCTION SOCIETY LIMITED,2062155.0,12,1,1,1
SPA LABOUR CONTRACT COOPERATIVE SOCIETY LTD,2060354.0,2,1,1,1
CEO JP Pali sansad mad 18th,2060308.0,15,1,1,1
Jagat Singh Contractor,2059749.0,12,1,1,1
GRAM PANCHAYAT DUGGABEBGAL RAJYA PRAVARTIT YOJNA,2058000.0,6,1,2,1
SARPANCH SACHIV TERDUL,2056410.0,6,1,2,1
We R,2056040.0,2,1,1,1
ARIFUDDIN MOHAMMAD,2054758.0,6,1,1,1
BAGUI CONSTRUCTION,2053686.0,3,1,1,1
D VINOTH,2053569.0,3,1,2,1
RK ENTERPRISE,2053222.0,12,1,1,1
GUDISEVA NAGENDRAM,2052886.0,3,1,1,1
Thamilarasan,2051227.0,1,1,1,1
The Himansh Cooperative L and C Society,2051154.0,2,1,1,1
THE JANYA COOPERATIVE LABOUR AND CONSTRUCTION SOCIETY LTD,2050539.0,9,1,1,1
JITUMONI SUTRADAR,2050050.0,12,1,1,1
GP BEDAR,2050000.0,4,1,2,1
GULLE MAHIPAL,2050000.0,5,1,1,1
GRAM PANCHAYAT MANJHIPUR,2050000.0,8,1,2,1
GP LILGAWAN JP GAIRATGANJ,2050000.0,9,1,1,1
COMMISSIONER MUNICIPALI CORPORATION SANSA,2050000.0,9,1,1,1
ASHOK MAHATO,2050000.0,11,1,1,1
R K ENTERPRISES,2050000.0,4,1,1,1
Sridhar Ram Tripathi,2050000.0,4,1,1,1
BDO pragpur,2050000.0,25,1,3,1
A ARUCHAMY,2050000.0,4,1,1,1
Lali Gram Panchayat,2049543.0,7,1,1,1
Ms Krishan Lal Contractor,2049433.0,50,1,1,1
BALAJI P,2049280.0,4,1,1,1
SATNAM MOTOCORP PVT LTD,2049090.0,6,1,1,1
OM ENTERPRISE,2046713.0,44,2,2,2
GRAM PANCHAYAT BHATHA,2045036.0,26,1,1,1
DUDUUKUNTA NARESH REDDY,2044072.0,14,1,1,1
MAA VINDHYAVASINI CONSTRUCTION,2042934.0,3,1,1,1
THE KHERI GULAM ALI COOP L AND C,2041715.0,4,2,2,2
The Quality CO LC Society,2040888.0,3,1,1,1
SP ENTERPRISES,2039200.0,3,1,1,1
Executive Engineer electricty Distribution Division Kushinagar,2038182.0,6,1,1,1
K   MOHAN REDDY,2037956.0,6,1,1,1
Avuthu Narayana Reddy,2035425.0,3,1,1,1
GARWAL CONSTRUCTION COMPANY,2035254.0,6,1,1,1
RSR CONSTRUCTIONS,2033693.0,2,1,1,1
P KISHORE,2033598.0,6,1,1,1
AMAZING CONSTRUCTIONS,2029365.0,3,1,1,1
Sai Manjula Agencies,2029346.0,7,2,3,1
Baljeet Singh,2029266.0,7,1,1,1
MRINMOY BANERJEE,2028486.0,3,1,1,1
GRAM PANCHAYAT TURANGUR,2027961.0,6,1,2,1
AMASA MOHAN,2025285.0,6,1,1,1
SURENDRA,2025052.0,9,4,4,4
GRAM PANCHAYAT LAFA,2025000.0,12,1,1,1
GP Sanooh,2025000.0,21,1,1,1
SANJIV CONSTRUCTION,2022577.0,4,1,1,1
Patapalli Raghuramaiah,2021725.0,5,2,3,1
GP GHORAN,2020000.0,16,1,1,1
THE NEW GOYAT CO OP LANDC SOCIETY,2019960.0,3,1,1,1
om fhoji construction,2018862.0,6,1,1,1
MOHIT BUILDING CONSTRUCTIONS,2016972.0,1,1,1,1
GOVERDHAN ENTERPRISES,2014993.0,4,1,1,1
GRAM PANCHAYAT KHAPRIDIHKHURD,2013765.0,6,1,1,1
AWDHESH KUMAR PANDEY,2012887.0,2,1,1,1
SOHAN LAL ROAT,2012716.0,4,1,2,1
DHIBIN E S,2010855.0,1,1,1,1
MS SAFI CONSTRUCTION,2010620.0,4,1,1,1
Voice Tech,2010000.0,3,1,1,1
MS Prem Buliding Material,2009285.0,8,2,2,2
Priority Autoriders Private Ltd,2006269.0,17,1,1,1
Shiva Cement Store Kotdunna,2005902.0,49,2,2,2
Somnath Sasmal,2004120.0,3,1,1,1
CHIRASMITA BEHERA,2000000.0,6,1,2,1
Gram Panchayat Basiya Bhoti,2000000.0,13,1,1,1
D Parushuramulu,2000000.0,4,1,1,1
Narendran Builders,2000000.0,1,1,1,1
ARUNA,2000000.0,2,1,1,1
SARPANCH SACHIV GRAM PANCHAYT BAJRANGARH,2000000.0,4,1,1,1
SFC MULBHOOT MUNJ,2000000.0,8,1,2,1
GRAM PANCHAYAT KOHKA,2000000.0,4,1,1,1
GP Changori,2000000.0,4,1,1,1
SAHAYA THATHEYOUSH S,2000000.0,1,1,1,1
Boni Tamen,2000000.0,1,1,1,1
SARPANCH GRAM PANCHAYAT DARGAON,2000000.0,4,1,1,1
GP GOPISUR SATKUNDA JP SANCHI,2000000.0,4,1,1,1
VASANTHARAM ENTERPRISES,2000000.0,10,1,1,1
RI WAR JAINTIA COLLEGE,2000000.0,4,1,1,1
Kegom Bole,2000000.0,4,1,1,1
SARASWATI SISHU MANDIR BHAIROGANJ SEONI,2000000.0,2,1,1,1
RATANPURASHI GRAM PANCHAYAT,2000000.0,4,1,1,1
PRINCE ENTERPRISES,2000000.0,8,1,1,1
GRAM PANCHAYAT BIGRI,2000000.0,4,1,1,1
JUNIOR ENGINEER POTTANGI BLOCK 2,2000000.0,7,1,2,1
GRAM PANCHAYAT GADA,2000000.0,6,2,3,2
TAPABANTA SAHOO,2000000.0,4,1,1,1
T Vijayakumar,2000000.0,1,1,1,1
Oinam Premjit Singh,2000000.0,4,1,2,1
GRAM PANCHYAT goratila,2000000.0,4,1,1,1
Dhanora Gram Panchayat,2000000.0,4,1,1,1
GRAM PANCHAYAT KAPSDA,2000000.0,4,1,1,1
Dashrath Gram Panchayat,2000000.0,4,1,1,1
GP BAMADADIH,2000000.0,4,1,1,1
SARPANCH SECRETARY GRAM PANCHAYAT SHYAMATORI,2000000.0,4,1,1,1
MS MINONG ENTERPRISE,2000000.0,2,1,1,1
GP BEEDPURA JP SANCHI,2000000.0,4,1,1,1
R Moorthi,2000000.0,4,1,1,1
GRAM PANCHAYAT MUJGAHAN,2000000.0,4,1,1,1
MS K P Enterprise,2000000.0,4,1,1,1
Nagpal Agro Industries,2000000.0,5,1,1,1
Jaban Gram Panchayat,2000000.0,4,1,1,1
P KUMAR,2000000.0,2,1,1,1
SHREYAS CONTRACTORS,2000000.0,2,1,1,1
Rajasthan Electronics And Instruments Limited,2000000.0,2,1,1,1
SARPANCH GRAM PANCHYAT PAHANDA A,2000000.0,10,1,1,1
GRAM PANCHAYAT KACHNARIYA,2000000.0,2,1,1,1
Gram Panchayat Hathnawar janpad Panchayat Dharmpuri District Dhar,2000000.0,7,1,2,1
MAK AND SONS Enterprises,2000000.0,4,1,1,1
gram panchayat khiod,2000000.0,4,1,1,1
DEBASISH SAHOO,2000000.0,2,1,2,1
GRAM PANCHAYAT ITARWA,2000000.0,4,1,2,1
Panchavada Gram Panchayat,2000000.0,4,1,1,1
Don Bosco College,2000000.0,1,1,1,1
Mota Bhadiya gram panchayt,2000000.0,4,1,2,1
R R KUDARI CIVIL CONTRACTOR,2000000.0,8,1,1,1
Sri Periyandichiamman Constructions,2000000.0,1,1,1,1
C Ashok,2000000.0,2,1,1,1
Kandhasamy N,2000000.0,1,1,1,1
Geyum Padu,2000000.0,2,1,1,1
Gram Panchayat Khirkhit,2000000.0,4,1,1,1
Lunkhoneh,2000000.0,2,1,1,1
PURAN CHOUDHARY CONSTRUCTION COMPANY,1999998.0,4,1,1,1
Chirayu Prakash Mungad,1999984.0,2,1,1,1
Gram Panchayat Mandwi jp Manawar,1999878.0,4,1,2,1
KALAPATI SURESH,1999842.0,4,1,2,1
RLatha,1999836.0,1,1,1,1
GRAM PANCHAYAT KOPRA,1999805.0,4,1,2,1
YUVARAJ KUMAR SHETTY M,1999800.0,4,1,1,1
CHEJARLA BHASKAR REDDY,1999760.0,4,1,2,1
Sangey Norbu Sermu,1999759.0,2,1,1,1
GRAM PANCHAYAT NISHALIYA,1999700.0,7,1,1,1
NARRAVULA ASMATH KUMAR,1999688.0,4,1,2,1
MS ASHOK ENTERPRISE,1999663.0,3,1,1,1
GRAM PANCHAYAT DURGAPALI,1999600.0,4,1,1,1
SUBH LABH ENTERPRISES,1999550.0,2,1,1,1
N SARAVANAN,1999433.0,4,1,2,1
SANDHYA RANI ENTERPRISE,1999375.0,5,1,1,1
SRILA CONSTRUCTION,1999309.0,10,1,1,1
GRAM PANCHAYAT BHAISAKHURI,1999300.0,4,1,1,1
GH SCAFFOLDERS,1999276.0,30,1,1,1
GRAM PANCHAYAT Chhipon,1999229.0,4,1,1,1
Senthil C,1999210.0,5,1,2,1
Gram panchayat Singhanpur,1999100.0,4,1,1,1
B C Enterprises,1999060.0,6,1,1,1
NARAYANA SHETTY,1999002.0,4,1,1,1
SIR VISHVESHWARAYYA SUSHIKSHIT BEROJGARABHIYANTA SEVA,1999000.0,1,1,1,1
RIDDHI VILAS PATIL,1999000.0,4,1,1,1
SARPANCH GRAM PANCHYAT Kikirmeta,1998960.0,4,1,1,1
GRAM PANCHAYAT SHAHWAJPUR,1998910.0,4,1,1,1
Saraswati Shishu Mandir Samiti Shahdol,1998900.0,4,1,2,1
BHUMIKA BUILDING MATERIAL AND SUPPLIERS,1998830.0,2,1,1,1
GRAM PANCHAYAT RUPAPALI,1998800.0,4,1,1,1
H Srihari,1998780.0,2,1,1,1
GRAM PANCHAYAT BODESRA,1998778.0,4,1,1,1
PALASH ALAM,1998723.0,4,1,1,1
UGHROJ GRAM PANCHAYAT,1998652.0,4,1,1,2
M Rajendran,1998601.0,1,1,1,1
Mss ASHAPURA CONSTRUCTION COMPANY SINER,1998568.0,2,1,1,1
Renuka Co Op Lcs Ltd,1998482.0,1,1,1,1
Jay Hanuman Co Op Lcs Ltd,1998482.0,1,1,1,1
Gangotri majoor sahakari sanstha maryadidt,1998481.0,1,1,1,1
Om Sakthi Majoor Sahakari Sanstha Maryadit,1998481.0,1,1,1,1
Ashok Construction Co,1998481.0,1,1,1,1
Vinayaga Constructions and Earth Movers,1998477.0,1,1,1,1
S IMMANUVEL,1998443.0,2,1,1,1
Sarpanch Gram Panchayat LONIKALA,1998400.0,4,1,1,1
SARPANCH SACHIV GRAM PANCHAYT DHURDHURU,1998267.0,4,1,1,1
Narayan Ramrao Tamanna,1998028.0,2,1,1,1
SARPANCH SACHIV GRAM PANCHAYAT KHIRKHIRI,1998000.0,5,1,1,1
DIPESH SUDHIR PARAB,1998000.0,2,1,1,1
gram panchyat jhadel,1997937.0,4,1,1,1
Janta Majoor Sahakari Sanstha Maryadit Patoda,1997796.0,2,1,1,1
The Malad Cp Op Labour Society Ltd,1997775.0,1,1,1,1
SELVAM,1997509.0,1,1,1,1
T Rajalingaiah,1997156.0,4,1,1,1
gram panchayat badagaon,1997056.0,4,1,1,1
Sakthivel A,1997016.0,2,1,1,1
HAPA GRAM PANCHAYAT,1996926.0,4,1,1,1
RAJESHWARI R,1996846.0,2,1,1,1
ANUJ KUMAR CHANDAN,1996439.0,5,1,1,2
Gram Panchayat Budhi Barod,1996291.0,4,1,1,1
SIMHADRI AYYAPPA,1996010.0,4,1,2,1
ANIL KUMAR JAISWAL,1996008.0,4,1,2,1
Om Deepak Deshmukh,1996000.0,2,1,1,1
GRAM PANCHAYAT MALIYA HATINA,1995956.0,4,1,1,1
A JOHNROBERTSON,1995568.0,2,1,1,1
GANESH MAJUR SAHAKARI SANSTHALTD LINGNOOR,1995413.0,2,1,1,1
ROHIT KUMAR,1995153.0,4,3,3,3
VEERBHADRA,1995064.0,4,1,1,1
MANTHAN MORESHWAR JADHAV,1995014.0,4,1,1,1
Sarpanch Sachiv Gram Panchayat Devalkho,1995000.0,4,1,1,1
Gram Panchayat Udaypur,1995000.0,4,1,2,1
MILAN SAHAKARI MAJUR SANSTHA MARYADIT SOLAPUR,1993976.0,2,1,1,1
KASHTKARI M K SAHA STY LTD,1993305.0,2,1,1,1
BASANAGOUDA RUDRAGOUDA MALAGINAHALLI,1993101.0,6,1,1,1
Haneefa Construction,1992832.0,2,1,1,1
polimera chinna nagireddy,1992620.0,4,1,1,1
MANOB DUTTA,1992570.0,20,1,1,1
B RAVI,1992254.0,2,1,1,1
G CHANDRA SEKHAR,1992248.0,4,1,1,1
KHIMALIYA GRAM PANCHAYAT,1991994.0,4,1,1,1
BHERUNATH CONTRACTOR AND TRADERS,1991673.0,4,1,1,1
H H INFRASTRUCTURE,1991645.0,2,1,1,1
GRAM PANCHAYAT KRUSHNUR TQ NAIGAON,1991572.0,2,1,1,1
Buddha Singh,1991356.0,8,1,1,2
SHAHIL CONSTRUCTION,1991060.0,1,1,1,1
SALGARE SUJIT MAHARUDRA,1991059.0,1,1,1,1
Ch Panchmukhi Maruti MSS Ltd,1990614.0,2,1,1,1
vividha vikas yojana grampanchyat mandavi,1990554.0,2,1,1,1
Sar Schiv Silwati rampur,1989971.0,4,1,1,1
Sarpanch Secretary Gram Panchayat Badrikheda,1989836.0,4,1,1,1
PARAG BALIRAM SHIRSATH,1989086.0,2,1,1,1
RUBI M S S LTD,1988440.0,4,1,2,1
DEEPAK TOMAR,1988278.0,6,1,1,1
NITIN DNYANDEV RADE,1987914.0,2,1,1,1
SIPRA ART,1987417.0,7,1,1,1
A K ENTERPRISES PROP ABHISHEK KUMAR,1987084.0,2,1,2,1
Y N Enterprises,1987000.0,1,1,1,1
A K Contractor,1986976.0,2,1,1,1
HARIPRASAD K,1986776.0,4,1,1,1
JAGANATH PRADHAN,1986699.0,7,1,1,1
K SRINIVASULU,1986123.0,4,2,3,2
digambar vitthal koradkar,1984755.0,2,1,1,1
DALIA ENTERPRISE,1984692.0,6,1,1,1
GYALCHEN TAMANG,1984523.0,4,1,1,1
SHILA RANI CONSTRUCTION,1984515.0,9,1,2,1
ISHA ENTERPRISES PRO  POOJA KUMARI,1984076.0,2,1,1,1
VIKI VITHALRAO BHADE,1983888.0,2,1,1,1
ETHAYAVANAN D,1983807.0,5,1,1,1
SHUBHAM VILASRAO CHAVHAN,1983152.0,2,1,1,1
Veterinary Equipment Technologies,1983000.0,3,1,1,1
VINDHYA SOLAR AND LIGHTING SOLUTIONS,1982860.0,2,1,1,1
SHRI LAXMI ENTERPRISES,1982751.0,3,1,2,1
GRAM PANCHAYAT HATKONGERA,1982742.0,4,1,2,1
KANDAKATLA MAHENDER,1982552.0,1,1,1,1
Jai hind penting plumber road v building works majur,1981405.0,1,1,1,1
Acadamic hight the childrane academy,1980000.0,4,1,1,1
GP LAHDARA,1980000.0,4,1,2,1
SOMESWAR NARZARY,1980000.0,2,1,1,1
RINKESH KUMAR,1979746.0,2,1,2,1
MANOJ KUMAR PASWAN,1979714.0,2,1,2,1
VEDANT ENTERPRISES PROP RANJEET KUMAR,1979502.0,2,1,2,1
INFRAPOWER,1979387.0,2,1,1,1
BALACHANDRAN R,1979029.0,1,1,1,1
SURYANSH ENTERPRISES,1978926.0,3,1,3,1
PUTALAI MAJOR SAHAKARI SANSTHA MARYAD NAVISHEMALI,1978912.0,2,1,1,1
Gajanan Gangadharrao Barke,1978744.0,3,1,1,1
SARPANCH  GRAMSEVAK GRAMPANCHAYAT HIRADPURI TQ PAITHAN,1978714.0,3,1,1,1
ms RP CONSTRUCTION PRO VIJAY BAHADUR PANDEY,1978471.0,3,1,1,1
VARGHESE CHACKO,1978152.0,3,1,1,1
Thuvva Bhageeratha Reddy,1977126.0,4,1,1,1
Executive Engineer Panchayati Raj Rupnagar   Division Ropar,1976800.0,2,1,1,1
SUJAY SUNIL AROTE,1976000.0,2,1,1,1
vishal ramdas nikam,1975824.0,2,1,1,1
Giridhar Digambar PatilDakore,1975637.0,1,1,1,1
JOSEPH JOSE,1975243.0,3,1,1,1
GRAM PANCHAYAT NOGAMA,1974742.0,7,2,2,2
Kollati Veera Swamy Naidu,1974144.0,4,1,2,1
JAYESH SHAHAJI GHUGE,1973986.0,2,1,1,1
PHUTELA COMPUTER KINGDOM,1973888.0,2,1,1,1
NALLA KRISHNA CHAITANYA,1973727.0,4,1,1,1
BITUL SAIKIA,1973596.0,27,1,1,1
SHRISHAIL BUDDAPPA HONNAKORE,1973421.0,8,1,2,1
Sri Amman Construction,1973111.0,2,1,1,1
INDRANIL CONSTRUCTION,1972737.0,3,1,2,1
Gram Panchayat Dorli tq Bhokar,1971560.0,2,1,1,1
SHRI BALAJI MAJUR VA BANDHKAM SAHAKARI SANSTHA,1971528.0,2,1,1,1
JYOTI RANJAN BEHERA,1970958.0,2,1,1,1
Ummed Enterprises,1970420.0,4,1,1,1
Ms Poonam Construction Company,1969656.0,4,1,1,1
LOVELY AUTOS,1969404.0,8,1,2,1
JASPAL TRADING CO,1968351.0,59,1,1,1
MS KUNAL ELECTRICALS CONTRACTOR YAVATMAL,1968307.0,5,1,1,1
K S Construction,1967994.0,1,1,1,1
MS Ashutosh Electricals Yavatmal,1967839.0,5,1,1,1
NARSINGH KUMAR CONTRACTOR,1967532.0,28,1,1,1
PINKI KRISHI UDYAMI SEVA KENDRA PROP PINKI KUMARI,1967350.0,2,1,1,1
Patel Associates,1965693.0,1,1,1,1
Jeyaraman S,1965471.0,2,1,1,1
Pankaj Saikia,1965439.0,4,1,1,1
assistant engineer sahpur,1965342.0,2,1,1,1
Narsinga Srinivas,1964986.0,1,1,1,1
The Aaditya cooperative labour and consruction society,1964309.0,3,1,1,1
BPA CONSTRUCTION,1963560.0,2,1,1,1
GANGADHAR SIRIGADE,1963289.0,5,1,1,1
MAA KALIKA CONSTRUCTION,1963009.0,6,1,1,1
ABDUL HAMID,1961900.0,1,1,1,1
KUKATI KAILASAM,1961232.0,4,1,2,1
YELSHETTIAPPAGOUDA,1960000.0,8,1,2,1
SOCIAL AND ECONOMIC LIFE DEVELOPMENT DISTRICT KHATARSHNONG,1960000.0,7,1,1,1
G Ravichandran,1958741.0,2,1,1,1
BHARGAVA RAM ENTERPRISES,1958636.0,4,1,1,1
MPEB Dewas,1957832.0,13,1,2,1
Guru Nanak Tiles,1953833.0,32,2,3,2
SECRETARY G.P. NAYGAON,1953650.0,2,1,1,1
NITUL BARUAH,1953550.0,13,1,1,1
Pravin W Kale,1952726.0,3,1,1,1
MUNMUN ENTERPRISE,1952000.0,5,1,1,1
GRAM PANCHAYAT DAMAKHEDA,1950000.0,6,1,1,1
R MUTHUSAMY,1950000.0,6,1,1,1
SONIA BAI MITTAL,1950000.0,4,1,1,1
GRAM PANCHAYAT BATRA,1950000.0,10,1,1,1
MGNREGS CONVERGENCE FUND,1950000.0,3,1,1,1
MGNREGS Convergence Fund BDO VPts Gandarvakottai,1950000.0,3,1,1,1
GRAM PANCHAYAT KHERAI,1950000.0,9,1,1,1
BDO TISSA,1950000.0,15,1,1,1
SAMARPADA GROUP GRAM PANCHAYT,1950000.0,6,1,1,1
PONNIAMMAN ENTERPRISES,1949958.0,3,1,1,1
T Shyam Enterprises,1949889.0,3,1,1,1
Cantilever Engineers,1949850.0,2,1,1,1
shree balaji treders,1949817.0,6,1,2,1
V Murali,1948743.0,3,1,1,1
DEGAM GRAM PANCHAYAT,1947986.0,12,1,1,1
ARGHYA CONSTRUCTION,1947942.0,3,1,1,1
pushpa majoor k s sty,1947772.0,2,1,1,1
SAO MANNROW CONSTRUCTIONS PRIVATE LIMITED,1947249.0,1,1,1,1
GRAM PANCHAYAT HUNKRA,1947210.0,12,1,1,1
SOURODIP SARKAR,1946100.0,6,1,2,1
KALLEM MALLA REDDY,1945266.0,6,1,1,1
UNTADI GRAM PANCHAYAT,1944721.0,4,1,1,1
V KARUTHIRUMAN,1944524.0,1,1,1,1
Mohd Waseem Raja Batloo,1943895.0,3,1,1,1
MS SHRI SIDH JI CONTRACTOR,1943667.0,3,1,1,1
Venu A,1943205.0,3,1,1,1
RANGDAS SWAMI M S S LTD POKHARI,1942986.0,2,1,1,2
Khutal Vibhag Mkss,1942730.0,4,1,1,1
ASSISTANT ENGINEER DINARA,1941312.0,3,1,1,1
ARPAN ENTERPRISE,1938396.0,6,1,1,1
BDO BARANGA MP LAD AC,1938232.0,5,2,2,1
MAJUMDER ENTERPRISE,1937886.0,6,2,3,1
Neeraj Electricals,1937734.0,3,2,2,2
SOVAN CONSTRUCTION,1935627.0,3,1,1,1
Shiva Builders,1935390.0,9,1,1,1
vishal vilas gholap,1934940.0,4,1,1,1
MUNDARA Construction Company,1934910.0,3,1,1,1
JDVVNL,1934714.0,11,1,1,1
ehrar kha,1934688.0,2,1,1,1
GILL BUILDING MATERIAL,1930158.0,25,1,2,1
K SAJEEVAN,1929300.0,1,1,1,1
THE OM,1929132.0,6,1,1,1
P P MUSTHAFA,1926704.0,2,1,1,1
MANOJ KUMAR PANDA,1926057.0,6,1,2,1
RAGHAV TRADERS,1925640.0,15,1,2,1
RAMA KANT,1925326.0,15,1,1,1
GRAM PANCHAYAT AMBHETA,1925000.0,7,1,1,1
Farooq Ahmad Wani,1925000.0,1,1,1,1
AKHIL ANIL PALKAR,1923708.0,3,1,1,1
Bajwa Interlock Tile Factory Building Material,1923560.0,15,1,1,1
JANUGAMA RAMESH,1923204.0,6,1,1,1
G SRINIVAS,1922234.0,5,1,1,1
shree pitra krpa,1922161.0,4,1,1,1
PAWAN ANANTU JARIYE,1922000.0,2,1,2,1
The Sukhmani Co Op LC Society Ltd,1921545.0,7,1,1,1
ANIL KUMAR,1920648.0,7,3,3,3
BUILDGOOD COUNSTRUCTION AND DOVELOPMENT,1920564.0,4,1,2,1
JEEVA ENTERPRISES,1920483.0,3,1,2,1
L VEERABHADRAIAH,1919084.0,11,1,1,1
MS SUBRATA SAHA,1918541.0,1,1,1,1
Shayam Enterprises,1918535.0,2,1,1,1
S P Construction,1918246.0,4,1,1,1
THE ELIZA COOP L AND C SOCIETY LTD,1916980.0,5,1,2,1
ASSISTANT ENGINEER JAGDISHPUR,1916576.0,2,1,1,1
SAHAYAK ABHIYANTA RAFIGANJ BIDHANSHABHA KSHETRA,1915343.0,4,1,3,1
ms om construction company,1915131.0,3,1,1,1
Sarpanh gram panchyat ilmidi,1914640.0,4,1,2,1
MUKHERJEE ENTERPRISE,1913664.0,3,1,1,1
JNANENDRA DOLEY,1912644.0,18,1,1,1
VINIT KUMAR,1912393.0,2,1,1,1
SANGRAM KESHARI PARIDA,1912000.0,8,1,1,1
SHAHID SAINIK CONSTRUCITON COMPANY,1911770.0,4,1,1,1
GRAM PANCHAYAT DONGARIYA,1911246.0,6,1,1,1
MUHAMMAD IMTIYAZ KHAN,1911050.0,5,1,1,1
Pro lite India,1909527.0,1,1,1,1
Balveer Singh Rathore,1909136.0,1,1,1,1
The Ramgarhia Road Society Limited,1908000.0,12,1,1,1
VASANTHAM ENTERPRISES,1906712.0,1,1,1,1
OISHI MULTI SERVICES,1906614.0,5,1,1,1
MAA GAYATRI ENTERPRISES,1905706.0,5,1,1,1
SASMITA HEMBRAM,1904628.0,6,1,2,1
BAJRANG CONSTRUCTION,1903217.0,7,1,1,1
Devid PROP OF GOOWILL FIRMS,1903166.0,4,2,3,1
Shiv Construction,1900000.0,4,1,1,1
SARPANCH GRAM PANCHAYAT KODAPAR,1900000.0,4,1,1,1
VIGNESHWARAN,1900000.0,1,1,1,1
KONDH GRAM PANCHAYAT,1900000.0,5,1,1,1
SARASWATI SHISHU MANDIR HINDORIYA,1900000.0,7,1,1,1
GRAM PANCHAYAT NANDELI,1899976.0,8,2,3,2
Dattatray Damodar Niphade,1899888.0,2,1,1,1
Gram Panchayat Borigaon,1899717.0,4,1,2,1
TS SEKAR,1899126.0,1,1,1,1
BASPA GRAM PANCHAYAT,1899100.0,5,1,1,1
SASTHA ELECTRICAL WORKS,1899048.0,4,1,1,1
A GURIVI REDDY,1899023.0,4,1,1,2
PARKLANDS SOLAR PRIVATE LIMITED,1899000.0,19,1,1,1
Ms Surya Mssm,1897047.0,1,1,1,1
GRAM PANCHYAT SIMALIA,1897000.0,5,1,1,1
Mushtaq Ahmed,1897000.0,2,1,1,1
SD TRADING COMPANY,1896548.0,35,1,1,1
SIVANESH T,1895964.0,2,1,1,1
ABDO UTHIRAMERUR,1895235.0,3,1,2,2
shiv shakti construction and order supplier,1895080.0,1,1,1,1
JAI SINGH,1895063.0,8,3,4,3
VRS ENTERPRISES,1894952.0,3,2,2,2
V MURUGAN,1892959.0,4,1,1,1
MS JUNIOR ENGINEER LAMTAPUT BLOCK SUNIL KUMAR MAHAPATRA,1892215.0,7,1,2,1
GRAM PANCHAYAT SIHOT CHHOTI,1891617.0,6,1,1,1
GOKUL VASANT ILAG,1891082.0,2,1,1,1
Chairman Shramjivi Majoor Sahakari Sanstha Tuljapur,1890945.0,3,1,1,1
SHRINIVAS S MAVINAKAI CONTRACTOR,1889768.0,4,1,1,1
KESHYAP ENTERPRISE,1888872.0,3,1,1,1
Sweety Construction,1888785.0,1,1,1,1
ANOOP KUMAR SINGH SACHIN CONSTRUCTION,1887600.0,5,1,1,1
THE SAKSHAM CO OP LABOUR AND  CONSTRUCTION SOCIETY  LIMITED  SANKHOL,1887572.0,2,1,1,1
THE KUNDU CO OP SOCIETY LTD,1887359.0,3,1,1,1
RAJ CONSTRUCTION COMPANY,1887075.0,3,1,1,1
SARAPANCH SHREE GRAMPANCHAYAT MOTIPURA,1885000.0,4,1,1,1
Madhu J,1884066.0,3,1,1,1
NEW TODAWATA CONSTRUCTION,1883501.0,2,1,1,1
KESHRI NANDAN SAINI,1880485.0,4,1,1,1
Bhagwan Baba Mss Ltd Manepuri,1879540.0,2,1,1,1
NKT AND CO,1878429.0,3,1,1,1
Simla Cool Makers,1878264.0,4,1,1,1
SOLERGY SOLUTIONS,1877920.0,11,2,4,2
A V PANDU,1876700.0,10,1,1,1
RAJU SHARMA,1875000.0,24,1,2,1
mahendra kumar sharma,1875000.0,5,1,2,1
Mr MAHANTA NARZARY,1875000.0,2,1,1,1
AVINASH HADIMANI,1875000.0,5,1,1,1
SAPTSHANKARI PRIVATE LIMITED,1875000.0,3,1,1,1
PRASHANTKUMAR N GAYKAWAD,1875000.0,9,1,1,1
Surbhi Goubans Sewa and Paryavarn sansthan orchha,1875000.0,3,1,2,1
Gram Panchayat Aamet,1875000.0,7,1,1,1
Gram Panchayat Nimlai,1875000.0,6,1,1,1
VIJAYANAGARA NIRMITHI KENDRA,1875000.0,1,1,1,1
ekikrut budget vitran yojna hasnabaad,1875000.0,3,1,1,1
Himalya Boring Company,1874353.0,7,1,1,2
ARUN RAMAPPA BEVOOR,1874313.0,7,1,1,1
SHRI GANESH MAJUR SAHAKARI SANSTHA MARYADIT,1873909.0,2,1,1,1
Mr NAGARAJU MUMMADI,1873008.0,9,1,1,1
DEVAKUMARI D,1872711.0,5,1,1,1
BIJEPI BAGH,1871802.0,6,1,1,2
RAJYA VITTYA AAYOG GRAM PANCHAYAT KOHKADEVER,1871353.0,22,1,1,1
Rajesh Kumar S,1870560.0,2,1,1,1
Surinder Kumar Gupta,1870476.0,4,1,1,1
Aggarwal Steel Traders Malout,1869343.0,13,1,1,1
R G SUPLLIER,1869120.0,18,1,1,1
Aslam Sekh,1868568.0,1,1,1,1
Sanjeev Choudhary Contractor,1866990.0,6,2,2,2
CRYSTAL GROUP OF CONSTRUCTION,1866673.0,30,1,1,1
DHANJIBHAI VITHALBHAI ZAPADIYA,1866285.0,9,1,1,1
Buddha Enterprises,1865906.0,1,1,1,1
SEELAM ANIL,1863744.0,2,1,1,1
Bellum Sanath Kumar,1863438.0,9,1,2,1
Gold Enterprises,1862193.0,8,1,1,2
Samridhi Traders,1860930.0,8,1,3,1
Balakumar R,1860394.0,1,1,1,1
sri balaji enterprises,1859873.0,3,1,1,1
hariom interprizez,1858856.0,3,1,1,1
SIVARAMAN,1856409.0,3,1,1,1
const of cc block road from Kathalguri PWD road to mohen ray house,1856000.0,3,1,1,1
T ASHOK KUMAR,1855798.0,2,1,1,1
SHAJI M S,1855509.0,3,1,1,1
Badwar iron store,1854128.0,25,1,1,1
LIPIKA ENTERPRISE,1853498.0,4,1,1,1
Yelma Kalyan Reddy,1850054.0,4,1,2,1
Block Development Office Narkanda Lok Sabha,1850000.0,8,1,2,1
GRAM PANCHAYAT HARDI,1849800.0,8,2,2,2
ADITYA VISHWAKARMA,1848595.0,1,1,1,1
SAGEER AHMAD,1848099.0,3,1,1,1
A Ramamoorthy,1844601.0,5,1,2,1
Madan Lal Sham Lal,1843928.0,8,2,3,1
ANUPMA RAI MEMORIAL COLLEGE OF EDUCATION,1843353.0,3,1,2,1
SOHAM SATISHBHAI AMIN,1843349.0,2,1,1,1
ANITA TRADERS,1842687.0,6,1,1,1
RAI ENTERPRISE,1841518.0,4,2,3,1
THE SAIFALI CO OPERATIVE LABOUR AND CONSTRUCTION SOCIETY,1839580.0,9,1,1,1
Shri Dauji construction company,1838628.0,3,1,1,1
SHRI NAGNECHIYA MATA CONSTRUCTION,1838214.0,7,1,1,1
THEPS COOPERATIVE SOCIETY,1837580.0,8,2,2,3
JK CONSTRUCTION,1836966.0,3,1,1,1
Hind Motors Sikar,1836000.0,3,1,1,1
SIL BUILDING MATERIAL ENTERPRISE,1834788.0,3,1,1,1
MS ABHI CONTRACTOR SUPPLIERS,1834738.0,4,1,1,1
D R AND COMPANY,1833330.0,3,1,2,1
RAATH AUTOMOTIVES PVT LTD,1833174.0,1,1,1,1
VIVEK BRICKS CENTRE BKO,1832500.0,11,1,2,1
GP Sarahan,1830000.0,18,1,2,1
A K CONSTRUCTIONS,1827997.0,3,1,2,1
Executive engineer division phoolpur revenue,1825500.0,6,1,2,1
CC for Bhetapara Boundary wall,1820000.0,7,1,1,1
Gp Bhilkhedha,1820000.0,10,1,2,1
Bandita Nayak JE,1819482.0,3,1,1,1
Chawla Enterprises,1818970.0,27,1,2,1
SHREE CHAUDHARY CONTRACTOR,1818567.0,12,1,2,1
Hisana Thasni KV,1818309.0,1,1,1,1
SAI KRIPA CONSTRUCTION WORK,1817980.0,5,1,1,1
THE BAJRUR CO OP L C SOCITEY LTD,1817795.0,3,1,1,1
THURO TIKHAK,1816500.0,21,1,1,1
UMESH K MAHAPATRA,1816359.0,6,1,1,2
MALATI CONSTRUCTION PROP SOMA GHOSH,1815142.0,7,1,1,1
JATINDRA ENGINEERING CO,1812047.0,6,1,1,1
ANUPKUMAR V DESAI,1812000.0,6,1,1,1
THE BHARAT LABOUR AND CONSTRUCTION SOCIETY LTD PUNDRI,1811812.0,4,1,1,1
Saarthi Enterprises,1811390.0,10,1,1,1
Avuthu Vinod Reddy,1810148.0,2,1,1,1
Radha Construction Niwari,1809226.0,4,1,2,1
K Ramakrishna Reddy,1808642.0,2,1,1,1
Maruti Enterprise,1808112.0,3,1,1,1
MAA ASHAMBARI CONSTRUCTION COMPANY,1806810.0,3,1,1,1
HAKIMA BEGUM,1806483.0,3,1,1,1
PRABHUJI CONSTRUCTION,1806232.0,1,1,1,1
ALAN UTHUPPAN,1804754.0,2,1,1,1
Lalit Chauhan,1803636.0,2,1,1,1
Khedapati builder,1803484.0,7,1,2,1
REETA SINGH,1803481.0,1,1,1,1
PRADEEP KUMAR,1802354.0,2,1,1,1
G parandhamaiah,1802276.0,2,1,2,1
MASUD ENTERPRISE,1802028.0,10,2,2,2
Construction of road from Nabajeeban Sangha to Kailash Nagar Chowk Noonmat,1800000.0,2,1,1,1
GRAM PANCHAYAT PASID,1800000.0,6,1,2,1
GRAM PANCHAYAT PINKAPAR,1800000.0,6,1,1,1
GP UMRAI BAHRA JP BADI,1800000.0,6,1,1,1
Sohan and sons,1800000.0,12,1,2,1
GP GUDRA,1800000.0,6,1,2,1
KHANDABAD B,1800000.0,6,1,1,1
GRAM PANCHAYAT GOREGHAT,1800000.0,6,1,1,1
S D Enterprises,1800000.0,6,1,1,1
GAGDISH CONSTRUCTION COMPANY,1800000.0,3,1,1,1
Construction of road at Milijuli Path Bhaskar Nagar,1800000.0,2,1,1,1
Gram Panchayat Aston,1800000.0,3,1,2,1
SARPANCH GRAM PANCHAYAT ZARNA,1800000.0,6,1,1,1
CC Community hall at 28A Industrial Eastate,1800000.0,3,1,1,1
sarpanch GP bamori,1800000.0,3,1,1,1
Gram Panchyat Nagjhiri,1800000.0,4,1,2,1
GRAM PANCHAYAT DETHALI,1800000.0,9,1,1,1
V Lakshmipathi,1800000.0,1,1,1,1
gram panchayat khujji,1800000.0,12,1,1,1
BACCHI DEVI SHIVRAJ SINGH SIKSHA SEWA SANSTHAN SA,1800000.0,3,1,1,1
Gram Panchyat Amlavdiya,1800000.0,3,1,2,1
BIBHUTI BHUSAN BEHERA,1800000.0,2,1,1,2
CC Construction of Community hall at Sonapur Public Crematorium Development Committee,1800000.0,3,1,1,1
Gram Panchyat Rupeta,1800000.0,3,1,2,1
SITARAM PRASAD SETHI,1800000.0,3,1,2,1
Mondal Hardwares and Builders,1800000.0,3,1,1,1
GP SANKHWAS,1800000.0,16,1,1,1
SANALIYA GRAM PANCHAYAT,1800000.0,6,1,1,1
PARSURAM KANHAR,1800000.0,6,1,1,1
CC for krishna Nagar Unnayan Samiti,1800000.0,3,1,1,1
CC for Construction of boundary wall at Ujjal Nagar Namghar,1800000.0,3,1,1,1
BKID0009100,1800000.0,4,1,2,1
CONST OF WOODEN BADMINTON COURT UNDER NORTH SALMARA DISTRICT ASSOCIATION,1800000.0,3,1,1,1
MOLLA SAFIKUL ALAM,1800000.0,3,1,2,1
Zonunsanga,1800000.0,12,1,2,1
CONSTRUCTION OF CULTURAL PROJECT AT PANCHAGRAM,1800000.0,3,1,1,1
Pingot gram panchayat,1800000.0,6,1,1,1
JASNATH CONSTRUCTION CO,1800000.0,3,1,1,1
GP KHIRWA,1800000.0,3,1,2,1
DHANA VIMAL,1800000.0,3,1,1,1
Providing 1 Ambulance Facilities for in Simlitola Char Primary Health Center,1800000.0,2,1,1,1
Rajeev Kumar Trivedi,1800000.0,1,1,1,1
SWYANG PRAKASH MOHANTY,1800000.0,6,1,2,1
garam panchayat machanpar,1800000.0,3,1,1,1
GRAM PANCHAYAT PARASKOL,1800000.0,5,2,3,2
GRAM PANCHAYAT BARROHI,1800000.0,3,1,2,1
JAI SHREE OM BANNA,1800000.0,4,1,1,1
GRAM PANCHAYAT KASHIPURA,1800000.0,3,1,2,1
Executive Engineer Electrical Division Pallom,1800000.0,4,1,1,1
NAGAR PARISHAD THIKARI,1800000.0,4,1,2,1
MANDIRA ENTERPRISE,1800000.0,10,1,1,1
RAMSNAIHI CONSTRUCTION AND SUPPLIERS,1800000.0,3,1,1,1
Payara Singh Rajinder Singh,1800000.0,9,2,4,3
GRAM PANCHAYAT PARSADA,1800000.0,6,1,1,1
GRAM PANCHAYAT PANGAO,1800000.0,6,1,2,1
VINAYAGA ELECTRICALS,1800000.0,3,1,1,1
Construction of Additional Room near Kubreswar Mandir at Moishkhuli,1800000.0,6,1,1,1
GP BANSKHEDI,1800000.0,4,1,2,1
GRAM PANCHAYAT LUGASI,1800000.0,3,1,2,1
GRAM PANCHAYAT KALGAMAR,1800000.0,6,1,1,1
BDO Solan MPLAD LS,1800000.0,9,1,2,1
GRAM PANCHAYAT NAYKA,1799990.0,12,1,1,1
PURUSHOTHAMAN M,1799989.0,1,1,1,1
SHRI SARYU PRASAD UCCHTAR MADHYAMIK VIDYALAYA SAMITI,1799955.0,3,1,1,1
SRUNGARAM NARENDHAR,1799925.0,6,1,1,1
SANKAR LAL AGARWALLA,1799910.0,12,1,1,1
MSS INFRA,1799838.0,3,1,1,1
C Loganathan,1799832.0,3,1,1,1
VIJAYA,1799829.0,3,1,1,1
AZHAGU MURUGAN and CO,1799778.0,3,1,1,1
DEVAGI,1799733.0,3,1,2,1
KOLEY ELECTRIC,1799565.0,12,1,1,1
SUBRAMANI A,1799485.0,1,1,1,1
PALANISAMY R,1799478.0,1,1,1,1
Kuldevi Construction,1799340.0,3,1,1,1
GRAM PANCHAYAT TAPIPLYA,1799337.0,6,1,1,1
ADYAKSH SACHIV JAL SAMITI DANORA,1799300.0,4,1,1,1
VIMALRAJ,1799292.0,3,1,2,2
DEIVASIGAMANI,1799292.0,3,1,2,2
S SUBRAMANIAN,1798962.0,3,1,1,1
CHANDRABHAGA CONSTRUCTIONS,1798858.0,2,1,1,1
GP KOKODI,1798745.0,4,1,2,1
MEELU CEMENT AND HARDWARE STORE,1798728.0,16,1,1,1
Shyam co operative labour society ltd,1798633.0,1,1,1,1
Shailendra Hindurao Umbarkar,1798633.0,1,1,1,1
Utkasharsha Majoor Sahakaari Sanstha Maryadit,1798633.0,1,1,1,1
NORTH EAST POWERLINE INDUSTRIES,1798500.0,3,1,1,1
SAVARIMUTHU THAINESH,1798485.0,3,1,1,1
Palanichamy C,1798482.0,3,1,1,1
GRAM PANCHAYAT AMERI,1798458.0,6,1,1,1
NAVEEN CONSTRUCTION,1798440.0,3,1,1,2
BHAVYA CONSTRUCTION COMPANY,1798415.0,4,1,1,1
JP Lendhara,1798398.0,4,1,2,2
Gram panchayat bhima,1798314.0,3,1,1,1
UNITED CONSTRUCTION,1798098.0,9,1,2,1
RUNA CONSTRUCTION,1798047.0,9,1,2,1
THIRUMALAIYAN CONSTRUCTION,1798024.0,1,1,1,1
DEHGAM GRAM PANCHAYAT,1797831.0,6,1,1,1
AMUTHA TRADERS,1797828.0,3,1,1,1
HAZI LN ENTERPRISE,1797786.0,3,1,2,1
GP SONABEDA,1797695.0,4,1,2,1
GRAM PANCHAYAT CHHIRRA,1797690.0,6,1,2,2
RAVINDRA GRAM PANCHAYAT,1797642.0,6,1,1,1
Gram Panchayat Amjhera janpad Panchayat sardarpur,1797456.0,10,1,2,1
SARPANCH GRAM PANCHAYAT BHATMAHUL,1797282.0,6,1,2,1
THIRAVIDAMURUGAN,1797147.0,3,1,1,1
GRAM PANCHAYAT SEVD BADI,1797114.0,6,1,1,1
SANDESHWAR MAJOOR SAHKARI SANSTHA,1797052.0,2,1,1,1
SARPANCH GRAM PANCHAYAT BAMHNIDIH,1796946.0,6,1,2,1
C K Ravikumar,1796898.0,3,1,1,1
SOUMEN KUMAR DAS,1796577.0,3,1,2,1
Baba Narayan Construction,1796544.0,4,1,1,1
BRIENSHI SONOWAL,1796544.0,21,1,1,1
new todawata construction,1796218.0,3,1,1,1
SHREE DEVNARAYAN CONSTRACTION,1796127.0,3,1,1,1
R Mani Sankaran,1796025.0,3,1,1,1
SAYON CONSTRUCTION,1795959.0,3,1,2,1
Sar Et Ingti,1795526.0,2,1,2,1
APAR CONSTRUCTION COMPANY,1795449.0,3,1,1,1
MAA KALI ENTERPRISE,1795363.0,1,1,1,1
GADESHWARI CONSTRUCTION COMPANY,1795287.0,3,1,1,1
SK KHEBIBUR RAHAMAN,1795128.0,3,1,1,1
NARASIMHA MURTHY ANANTHA,1795076.0,4,1,1,1
GRAM PANCHAYAT MANIKPUR,1795053.0,9,2,3,2
B NANDHAKUMAR,1795050.0,3,1,1,1
GRAM PANCHAYAT DARRI,1794683.0,4,1,1,1
HEMANTH KUMAR,1794582.0,9,1,1,1
SRIKANTH T,1794507.0,3,1,2,2
RAMKUMAR M,1794246.0,4,1,2,1
AGAM SINGH SUBBA,1792518.0,3,1,1,1
ASM CONSTRUCTION,1792062.0,9,1,1,1
THE LOTUS ENTERPRISE,1791745.0,5,1,1,1
PUNJAB CEMENT AND IRON STORE,1791262.0,29,1,1,1
R M Engineering,1791159.0,6,1,1,1
SUBENDU MONDAL,1789971.0,3,1,2,1
jai ambey ties and material suppliers,1789602.0,6,1,2,1
RAMLAL GURJAR,1788700.0,6,1,1,1
Renuka Mata MSS Salegaon Ner,1788568.0,2,1,1,1
ANDAVAR BUILDERS,1787451.0,2,1,1,1
Dey Electric,1786467.0,3,1,1,1
HARPREET SINGH,1785650.0,23,3,3,3
Vijay Kumar,1785400.0,4,1,1,2
YOGENDRA PRASAD,1784722.0,2,1,1,1
SAPNA ENTERPRISES,1784301.0,3,1,1,1
Shri moti fafni nani fafni juth gram panchayt,1783461.0,6,1,1,1
brother traders,1782778.0,13,1,1,2
SURAJ PASWAN,1782669.0,3,1,2,1
VIRAAT CONSTRUCTIONS,1782294.0,3,1,2,1
SHREE BALAJI ENTERPRISES,1780782.0,21,2,3,2
S E A ENTERPRISE,1780098.0,6,1,1,1
BALACHANDAR,1779620.0,4,1,2,1
H R CONSTRUCTION COMPANY,1779546.0,6,1,1,1
Anurupa Enterprise,1779366.0,6,1,1,1
Index Electronics,1778234.0,10,2,2,2
S P ENTERPRISE,1777749.0,4,1,1,1
Auto K Sales and Services LLP,1777219.0,18,1,1,1
N K TRADERS,1776312.0,6,1,2,1
Monson Issac,1776254.0,4,2,3,2
JOYTARA CONSTRUCTION,1776030.0,1,1,1,1
SHREE KSHEMAKRI CONSTROCTION,1775136.0,4,1,1,1
MAHENDRA PRATAP YADAV,1775073.0,3,1,1,1
CHHODVANI JUTH GRAM PANCHYAT,1775000.0,7,1,2,1
RAVINDRA PRATAP YADAV,1774855.0,5,1,1,1
H D ENTERPRISE,1771488.0,6,1,1,1
KRISHNA ENTERPRISES AND SUPPLIERS,1771005.0,3,1,1,1
GRAM PANCHAYAT KARYALAYA SHEKAPUR KANDHAR NANDED,1769682.0,3,1,2,1
Nava India Pathipagam,1769325.0,3,3,3,3
ASSISTANT ENGINEER  BAHADURPUR,1767727.0,3,1,1,1
sanaya construction company,1766163.0,3,1,2,1
V K CONTRACTORS,1765852.0,6,2,2,2
ASSISTANT ENGINEER DARBHANGA GRAMIN,1765347.0,3,1,1,1
guru nanak iron store,1764302.0,49,1,1,1
BADRODDAJA MONDAL,1763443.0,4,1,1,1
MS ANDHANA CONTRACTOR,1762578.0,3,1,2,1
Sidhu and Company,1761623.0,19,2,2,1
Construction of Sanitary Toilets and Portion of Boundary Wall,1760000.0,4,1,1,1
ratohre construction,1759950.0,3,1,1,1
Gram Panchayat Kujriadih,1759800.0,6,1,2,2
RADHAKRISHNAN B,1759342.0,2,1,1,1
Zuba Engineering and Technology,1758180.0,6,1,1,1
SHIVKUMAR SHIVHARE,1757224.0,8,1,1,1
Logtech Infoway Pvt Ltd,1756650.0,3,1,1,1
The Bajarangbali CoOp L and C Society LTD,1756186.0,20,1,1,1
AKASH AGENCY,1755546.0,4,1,2,1
Gram Panchayat Tikkar,1755000.0,20,1,2,1
JOY MAA TARA ENTERPRISE,1754487.0,4,1,1,1
PAVAN KUMAR S J,1754419.0,11,1,1,1
D Kamalakannan,1754202.0,4,1,1,1
SL Enterprise,1754134.0,10,1,1,1
Sandeep Cemment STore,1753228.0,38,1,2,1
SARPANCH SACHIVA GRAM PANCHAYAT SOANBACHARWAR,1752630.0,6,1,1,2
JP ENTERPRISES,1751356.0,2,1,1,1
Gram Panchayat Karpawand,1750000.0,7,1,2,1
kadaiyachanwar,1750000.0,1,1,1,1
pra infra projects,1750000.0,7,2,2,2
SARPANCH GRAM PANCHAYAT JHEET,1750000.0,9,1,1,1
SARPANCHSHRI BRAHMANVADA GRAM PANCHAYAT,1750000.0,7,1,1,1
jp bhagwanpura,1750000.0,10,1,2,1
Gram Panchayat Mahgod,1750000.0,6,1,1,1
THWAI SYIEM SOCIETY MOOPALA,1750000.0,5,1,1,1
SEMRAKALA,1750000.0,1,1,1,1
GRAM PANCHYAT Hirankhedi,1750000.0,1,1,1,1
Sarpanch Gram Panchayat Lebada,1750000.0,5,1,2,1
VELACHHA GRAM PANCHAYAT,1750000.0,4,1,2,1
MOHD RAHIM AND CONSTRUCTIONS,1750000.0,11,1,1,1
DEWALKHEDA,1750000.0,1,1,1,1
GRAM PANCHAYAT KHAIRA,1749754.0,20,1,1,1
Gram Panchayat Nalpawand,1749485.0,4,1,2,1
Gram Panvjayat Sumredi,1749333.0,4,1,1,1
SANGAMESH PARAPPA GANI,1749204.0,6,1,1,1
Gram Panchayat Malganv,1749000.0,6,1,2,1
SUNDU RAMANAIAH,1748430.0,6,1,1,1
Ms Sudheer Traders,1747830.0,1,1,1,1
SK HOSSAIN ALI,1747125.0,3,1,2,1
GRAM PANCHAYAT AMRAPURGIR,1746479.0,5,1,1,1
GRAM PANCHAYAT RALIYATI,1745076.0,7,1,2,2
SANGRAMPUR,1744853.0,9,1,1,1
RASHMI RANJAN DASH,1744524.0,10,1,1,2
jaswanth S P,1743346.0,8,1,1,1
SHIV SHAKTI TRADERS,1740933.0,4,2,2,2
MS SHRI RAM CONSTRUCTION SUPPLIER,1740563.0,8,1,1,1
Anand Engg Works,1740348.0,11,1,2,1
SAR AND SAC GRAM PANCHAYAT SEMRA,1739700.0,9,1,1,2
N ANANDHAKUMAR,1739236.0,2,1,1,1
Sham Electrical Engineering Works,1738758.0,4,1,1,1
VRAJ JAYANTIBHAI PATEL,1738413.0,3,1,2,1
SRI RAM PROMOTERS,1737977.0,1,1,1,1
Aman Traders,1737000.0,6,1,1,1
aman interprises,1736539.0,4,1,1,2
ROYAL ENTERPRISES,1735884.0,7,2,3,2
ANSH BUILDING MATERIAL,1734700.0,5,1,2,1
Ms Jyoti Construction and Suppliers,1733564.0,2,1,2,1
TAMAL MONDAL,1732781.0,4,1,1,1
MADRAS ENT RESEARCH FOUNDATION P Ltd,1731000.0,3,1,1,1
Chahak Construction Co,1730661.0,3,1,1,1
MILIND CHOUDHARY,1730100.0,2,1,1,1
Vikas Majur Sahakari Sanstha Maryadit Malkapur,1729872.0,2,1,1,1
THE SAIN CO OPERATIVE MULTIPURPOSE SOCIETY,1729864.0,1,1,1,1
MRINAL KANTI AMAITY,1729648.0,5,1,1,1
ABBAVARAM MALLIKARJUNA REDDY,1726406.0,21,1,1,1
SARPANCH GRAM PANCHYAT Dewada,1725000.0,6,1,1,1
Gram Panchayat Muhli,1725000.0,6,1,1,1
K Sudhakar Reddy,1724220.0,3,1,2,1
SRINIVAS CHILLAMCHARLA,1720916.0,17,1,1,2
M Saravanan,1720039.0,1,1,1,1
ODE GRAM PANCHAYAT,1719815.0,4,1,1,2
NARAYAN ENTERPRISES,1718362.0,2,1,1,1
TEHADKIYA ENTERPRISES,1717610.0,2,1,1,1
MsTRISHAKTI COVIL INDUSTRIES,1717469.0,4,1,1,1
Mangal Bey,1717018.0,7,1,1,1
GRAM PANCHAYAT TOYNAR,1714356.0,6,1,2,1
GOPAL RANJAN ENTERPRISES,1713993.0,4,1,1,1
SUBHASMITA BEHERA,1713983.0,16,1,1,1
B G Traders,1712937.0,3,1,1,1
K K ENTERPRISES,1712640.0,2,1,1,1
gram panchayat bharritola,1711655.0,4,1,1,1
SANGAMESHWARA HEALTH AIDS AND SURGICAL AGENCIES,1710000.0,3,1,2,1
ASHAPURA INFRATECH,1709218.0,1,1,1,1
BORAH ENTERPRISE,1709045.0,6,1,1,1
RAJEEV K R,1708107.0,3,1,1,1
Raj Kumar,1707291.0,3,1,1,1
Ravindra Singh,1706467.0,2,1,1,1
NIRANJAN PANDA,1705449.0,3,1,1,2
JALADHARA TECHNOLOGIES,1704885.0,5,1,1,1
MUTHUKRISHNAN D,1702966.0,2,1,1,1
DUDA MUZAFFARNAGAR,1702804.0,29,2,2,1
Arvind Kumar Yadav,1702117.0,1,1,1,1
DAN BHUSAN XAXA,1701999.0,3,1,2,2
RD INDUSTRIES,1701351.0,46,1,1,1
vipin tiwari,1701281.0,4,1,1,1
AMIT KUMAR YADAV CONTRACTOR SUPPLIERS,1700352.0,1,1,1,1
GRAM PANCHAYAT RAHAD,1700000.0,4,1,1,1
DHUNDHWAL ENTERPRISES BARMER,1700000.0,2,1,1,1
gram panchayat tumbdibod,1700000.0,14,1,1,1
JAY BAJARANG BALI BUILDING MATERIAL AND SUPPLIER PANNUGANJ,1700000.0,3,1,2,1
Sushanta Patel,1700000.0,3,1,2,2
Sarpach gram panchyat murkinar,1700000.0,4,1,2,1
SVS ENTERPRISES,1700000.0,4,1,1,1
GREEN VALLEY CONSTRUCTION COMPANY,1700000.0,2,1,1,1
Angun Enterpise,1700000.0,4,1,1,1
Mand Electrical Works,1700000.0,7,1,2,1
Samakhiali Gram Panchayat,1700000.0,4,1,2,1
GRAM PANCHAYAT RANGMATIYA,1699900.0,4,1,1,1
Tapan Jana,1699748.0,2,1,2,1
RAJASEKARAN C,1699260.0,7,1,1,1
KETI KRISHNA REDDY,1699198.0,4,1,2,1
TIRUPATI cONSTRUCTION,1699052.0,3,1,1,1
SRINIVAS KG,1699010.0,7,1,1,2
AM Construction,1698580.0,3,2,2,2
SARPANCH SACHIV GRAM PANCHAYAT VINAYAKPUR,1698535.0,8,1,1,1
A VIGNESHWARAN,1698456.0,2,1,1,1
RAVALIYAVADAR GRAM PANCHAYAT,1698260.0,4,1,1,1
PRABANDAK NAVMEET SINGH VILL SARAI,1698000.0,8,1,1,1
Alexander C,1696662.0,2,1,1,1
EDAYAMOORTHY,1693635.0,3,1,2,1
DORA GRAM PANCHAYAT,1692921.0,4,1,1,1
DILLIP KUMAR ROUT,1692424.0,7,1,1,1
Kancheshwar Majur Sahakari Sanstha Maryadit,1692262.0,2,1,1,1
DEVANAND ALLAPURAM,1691280.0,2,1,1,1
VEERARAGAVAN  M,1691019.0,2,1,1,1
AMIYA KUMAR PANDA,1690842.0,7,1,1,1
SANJEEVIYAR PATHIPPAGAM,1690000.0,3,1,1,1
K R Ramachandrappa,1689899.0,4,1,1,1
NAIM ENTERPRISE,1689108.0,6,1,1,1
CHANDRA SEKHAR VADLA GURUMURTHY,1688544.0,6,1,1,1
GAJJU CONSTRUCTION COMPANY,1688485.0,4,1,1,1
KHARAD GRAM PANCHAYAT,1686637.0,4,1,1,2
Dyamanna Basappa Waddar,1686447.0,11,1,2,1
GAYATRI KHATUA,1685532.0,12,1,1,2
Rajendra Engineers,1685215.0,2,1,1,1
SANGANAGOUD BIRADAR,1685098.0,10,1,1,1
KOHINOOR TRADERS,1681020.0,9,1,1,2
MAA SARADA ENTERPRISE,1679202.0,6,2,3,2
VIKASH UDYOG,1678809.0,3,1,1,1
BLUESTONE INFRATECH,1677956.0,2,1,1,1
MS S R CONSTRUCTION,1677324.0,6,1,2,1
TRIDIB POWER,1677168.0,15,1,1,1
Rehovot Groups,1675272.0,1,1,1,1
HARI SHANKAR SINGH,1675086.0,2,1,1,1
Ajje Channappa,1675053.0,2,1,1,1
EE MPPKVVCL MANDSAUR AE MPPKVVCL RATLAM,1672640.0,1,1,1,1
Mahima Enterprise,1672500.0,3,1,1,1
THR SHRI RAM CO OP L C SOCIETY LTD,1672263.0,6,1,1,1
R SIVAKUMAR,1671465.0,1,1,1,1
KHUSHI CONSTRUCTION COMPANY,1669392.0,4,1,1,1
Jai Badrivishal Construction and Traders,1667823.0,4,1,1,2
Andhra Pradesh Medtech zone Ltd,1665000.0,3,1,1,1
Katakam Veereswararao,1664113.0,1,1,1,1
Pradeep Kumar V,1663901.0,1,1,1,1
R R CONSTRUCTION,1663502.0,3,1,1,1
THE ADITYA CO OP SOCIETY,1662982.0,8,1,1,1
RIDIP DUTTA,1662731.0,27,1,1,1
RAMA SHAMYA CONT,1660694.0,3,2,2,1
Pichilli Sankaraiah,1659199.0,4,1,1,1
SURINDER SHARMA,1659000.0,14,1,1,1
JOGINDER SINGH,1658700.0,3,1,1,1
The Kaushik Singhana Coop LC Society Ltd,1658118.0,36,1,1,1
KATHALAPOOR MAHESH,1654629.0,9,1,1,1
SINGH TRADERS,1654124.0,3,1,1,1
MCK  CONSTRUCTION,1653634.0,2,1,1,1
SAI SHARAN CONSTRUCTION CO,1653180.0,3,1,1,1
Mageshwari,1651296.0,4,1,1,1
GRAM PANCHAYAT ROYAL,1650430.0,5,1,1,1
BALAJI CONSTRUCTION COMPANY,1650099.0,3,1,1,1
S Prabakar,1650000.0,3,1,2,1
SEJPUR GROUP GRAM PANCHAYAT,1650000.0,9,1,1,1
VC New W phaileng,1650000.0,14,1,2,1
GAAM PANCHAYAT VARAMA,1650000.0,6,1,1,1
Gram Panchayat Badhana,1650000.0,9,1,2,1
GRAM PANCHAYAT KARTALA,1650000.0,6,1,1,1
JNS Enterprises,1650000.0,1,1,1,1
Sarpanch Sachiv Gram Panchayat Tendumuda,1650000.0,12,1,1,2
KAMAMA GRAM PANCHAYAT,1650000.0,9,1,1,1
DHAMEL GRAM PANCHAYAT,1650000.0,6,1,1,1
GRAM PANCHAYAT NANUDI,1650000.0,6,1,1,1
GP Katekoni,1649946.0,6,1,2,2
HELP LINE MULTIPURPOSE ENTERPRISE,1649424.0,9,1,1,1
SREE ENTERPRISE,1649337.0,3,1,1,1
MEENASEKARI N,1648838.0,1,1,1,1
Virvuru Chenchaiah,1648068.0,6,1,2,1
SALAM ENTERPRISE,1647936.0,6,1,2,1
NISATHKHAN H,1647832.0,4,1,1,1
HARJEET SINGH,1647779.0,18,2,3,2
R2V Constructions,1647462.0,3,1,1,1
ARIHANT TRADERS,1647344.0,2,1,1,1
ASANVAD GRAM PANCHAYAT,1647000.0,6,1,1,1
JALAMKHANT NA MUVADA GRAM PANCHAYAT,1647000.0,6,1,1,1
EASTERN ENTERPRISE,1646952.0,6,1,1,1
MAMONI ENTERPRISE,1646646.0,6,1,2,1
V U ASSOCIATES,1646598.0,1,1,1,1
MANASH JYOTI BORUAH,1644762.0,6,1,1,1
Jeevan Sharma,1644132.0,9,1,1,1
EMPYREAL ENGINEERING AND CONSTRUCTION PVT LTD,1644000.0,3,1,2,1
MOHD ASLAM,1643000.0,3,1,1,1
Matta Phani Bhushana Rao,1642866.0,1,1,1,1
The AD Group Co Operative Labour and Construction Society L,1641554.0,1,1,1,1
Anghadi Gram Panchayat,1641225.0,6,1,1,1
P R V ENTERPRISES,1640000.0,8,1,1,1
OM CONSTRUCTION COMPANY,1638102.0,3,1,1,1
Guru Constructions,1637613.0,9,1,2,1
SAMARENDRA BEHERA,1636927.0,9,1,1,2
SATAPAR GRAM PANCHAYAT,1634289.0,4,2,2,2
HSH Interlock,1632165.0,6,1,1,1
MALAICHAMY P,1631555.0,3,1,1,1
Balam Singh,1631499.0,18,1,1,1
GANESAN VEERANAYAKAR,1630839.0,3,1,1,1
Kulvindra Enterprises,1630078.0,4,1,1,1
Mohit Construction And Building Material,1629945.0,4,1,1,1
SALUN VANTO GRAM PANCHAYAT,1629344.0,11,1,1,1
YRAL DISTRIBUTORS,1627500.0,6,1,1,1
Ajithkumar P,1627026.0,3,1,1,1
KRIDL BHUSIRI ACCOUNT,1625000.0,4,2,2,2
GRAM PANCHAYAT CHICHPOL IGR VRIDDHAWASTHA,1625000.0,5,1,1,1
SARITA BEHERA,1624747.0,2,1,1,1
shri Lumbha Gram Panchayat,1624731.0,6,1,1,1
KUCHADI GRAM PANCHYAT,1623558.0,5,1,1,1
GRAM PANCHAYAT APRUJI,1622801.0,12,1,1,1
The Kisan CoOp L AND C Society LTD,1622034.0,6,1,1,2
V MUTHAIAH,1621380.0,2,1,1,1
SRINIVASA BOREWELLS,1621200.0,9,1,1,1
M RATHNA DEVI,1620322.0,3,1,1,1
Sonu Hardware,1620000.0,7,1,1,1
The Shiv Cooperative Labour and Construction Socity Limited,1619900.0,5,1,1,1
Mathrubhumi printing and Publishing Co Ltd,1618621.0,13,1,1,2
VIDHYA SINGH,1618491.0,2,1,1,1
B N ENTERPRISES,1618488.0,6,1,1,1
DUDA,1618101.0,30,1,1,1
R B ENTERPRISE,1616956.0,13,1,1,1
SARPANCH GRAM PANCHAYAT DEMAR,1615921.0,7,1,1,1
ASIR BARAN ROY,1615346.0,1,1,1,1
JAI MAA VAISNO INFRATECH PRO AMIT KUAMR GOYAL,1614959.0,1,1,1,1
SANTOSH Y KAPSIKAR,1613949.0,4,1,1,1
RAMESH CHANDRA JANI,1611351.0,11,1,1,2
Sree Sreenivasa Enterprises Madanapalle,1607688.0,6,1,1,1
BHARAT CONSTRUCTIONS,1607068.0,7,1,1,1
KAILASH CONSTRUCTION COMPANY,1607055.0,3,1,1,1
GRAM PANCHAYAT LIMTARA,1605317.0,5,1,1,1
ASSISTANT ENGINEER 1 PREETIMAYEE,1601634.0,2,1,1,1
BABA RAMDEV MATERIAL SUPPLIERS,1601055.0,6,1,1,1
SANDHIYA and CO,1600000.0,1,1,1,1
VRL  supporters,1600000.0,1,1,1,1
Anburaja V,1600000.0,1,1,1,1
GRAM PANCHAYAT TORLA,1600000.0,4,1,1,1
Sarpch And Sachiv Gram Panchayat MATHA,1600000.0,4,1,1,1
GP RNAWAD,1600000.0,4,1,1,1
SHREE GOREWALI JUTH GRAM PANCHAYAT,1600000.0,4,1,2,1
Margam Mahender,1600000.0,4,1,1,1
GP Nasogi,1600000.0,4,1,1,1
GP MEHTOUL,1600000.0,8,1,2,1
KASWAN NIRMAN COMPANY,1600000.0,4,1,1,1
Navakhijadiya Gramapanchayat,1600000.0,5,1,1,1
GP KHITARPAL,1600000.0,4,1,1,1
VRL supporters,1600000.0,1,1,1,1
New Ramesh Fabrication,1600000.0,1,1,1,1
Sanjay Parihar,1600000.0,16,1,1,1
PRASAD SHANTARAM DARADE,1600000.0,2,1,2,1
SALIKRAM TRADERS,1600000.0,2,1,2,1
GP KANDO BHATNOL,1600000.0,14,1,2,1
NIAMTRE SAPHAI,1600000.0,4,1,1,1
dolatgung,1600000.0,4,1,2,1
GRAM PANCHAYAT RAKADIH,1600000.0,4,1,2,1
GRAM PANCHAYAT SUKLA,1599948.0,11,1,1,1
T SIVACHANDRAN,1599925.0,1,1,1,1
ASHOK CONSTRUCTIONS,1599870.0,1,1,1,1
SASI BUILDERS,1599796.0,3,1,1,1
DHARMENDRA KUMAR SAHU,1599772.0,5,1,1,1
Nazrul Enterprise,1599668.0,2,1,2,1
GRAM PANCHAYAT BICHHIYA,1599400.0,4,1,1,1
SUBRAMANI V,1599376.0,2,1,1,1
KANAGARAJ S,1599370.0,2,1,1,1
JOHNY JOSEPH,1599210.0,2,1,1,1
KANDASAMY V,1599112.0,2,1,1,1
ALAGU V,1599074.0,2,1,1,1
Marimuthu,1598689.0,3,1,1,1
Gram Panchayat Virsad,1598611.0,4,1,1,1
NARALI GRAM PANCHAYAT,1597852.0,4,1,1,1
VALAM GRAM PANCHAYAT,1597797.0,9,1,1,1
SHREE SHYAM ENTERPRISE,1597177.0,9,1,2,1
GRAM PANCHAYAT Sundara,1597000.0,4,1,1,1
GBM ENGINEERING AND CONSTRUCTION,1595952.0,4,1,1,1
USG AUTOMOBILES PVT LTD,1595360.0,2,1,1,1
RAJESH KUMAR,1594779.0,12,4,4,4
GIRIJA TRADING COMPANY,1593638.0,2,1,2,1
S S ENTERPRISE,1593067.0,4,2,2,2
ANAMICA ENTERPRISE,1592158.0,2,1,1,1
BASANTI ENTERPRISE,1591836.0,5,1,2,1
shyam singh,1591641.0,3,1,2,1
The MH CO OPETATIVE LABOUR AND CONSTRUCTION SOCIETY LTD,1591098.0,9,1,1,1
The Rampur ganda CoOp L and C society Lmt,1590843.0,10,1,2,1
Banshi Construction Co,1590794.34,6,1,1,1
M P Constructions,1590000.0,4,1,1,1
GRAM PANCHAYAT KADALU,1590000.0,11,1,1,1
AMIT GAUTAM,1587417.0,3,1,1,1
GRK CONSTRUCTION COMPANY,1585872.0,2,2,2,1
Choudhary Associates,1585858.0,2,1,1,1
Dipak Gam,1584956.0,10,1,1,1
Madasamy C,1584908.0,1,1,1,1
INDIAN CONSTRUCTION COMPANY,1584595.0,3,1,1,1
Bhushan Suresh Taori,1583723.0,1,1,1,1
PONNAR SANKAR CONSTRUCTIONS,1579870.0,2,1,1,1
SAYED HASAN,1578814.0,7,1,1,1
RAJAN V,1578297.0,1,1,1,1
MOSALI RAJASHEKAR REDDY,1577425.0,5,1,1,1
SHRI GANPATI BUILDTECH,1576220.0,10,1,1,1
The ARYA COOp L and C Society LTD,1575781.0,3,1,2,1
THE JIVAN JYOT MAJUR KAMDAR SAHAKARI MANDALI LIMITED,1575000.0,3,1,1,1
sompura gram panchayat,1575000.0,6,1,2,1
Arnaz Hardware,1573320.0,14,1,1,1
A   ANIL KUMAR,1571296.0,5,1,1,1
Prabhat Changmai,1570676.0,25,1,1,1
Davindra Cement Agency,1570335.0,38,1,1,1
Sat Paul Choudhary,1568649.0,3,1,1,1
MURUGESAN V,1567311.0,1,1,1,1
WEST BENGAL MEDICAL SERVICES CORPORATION LIMITED,1566966.0,5,1,1,1
MS GKK INFRA AND ASSOCIATES,1566133.0,1,1,1,1
RAMAN ENTERPRISES,1565000.0,9,1,2,1
Jai Maa Enterprises,1565000.0,1,1,1,1
SUMANTI KULLU,1564622.0,3,1,1,1
Maa Manosha Enterprise,1564131.0,14,1,1,1
TANVEER ABIDALI LASHKARI,1563750.0,5,1,1,1
s g enterprise,1563466.0,5,1,1,1
The WAHEGURU COOP L AND C SOCIETY LTD,1562145.0,3,1,1,1
Chandan Kumar,1561971.0,6,2,2,2
GRAM PANCHAYAT METPUR,1560000.0,6,1,1,1
Gram Panchyat Ser Tandula,1560000.0,17,1,2,1
Construction of Road from Kakorpara Ghorapota  Maa Kali Mandir to Residence of Daroga Rabha at Cho,1560000.0,1,1,1,1
Shirish Majoor sahakari sanstha maryadit,1559790.0,1,1,1,1
PORWAL AGENCIES,1559234.0,2,1,1,1
TATA  PASSENGER ELECTRIC MOBILITY LIMITED,1559025.0,1,1,1,1
CHELUVARAJU D,1558971.0,4,1,1,1
EE RES CHHATARPUR,1558599.0,4,1,2,1
Gram Panchayat Parwaliya,1558500.0,3,1,2,1
BANDI SIVARAM REDDY,1558121.0,4,1,1,2
KRISHNA PAL,1557714.0,6,1,2,1
SARO OVERSEAS PRIVATE LIMITED,1557710.0,7,1,1,1
NIKHIL MANDAL,1556904.0,3,1,1,1
dipak saha,1556478.0,6,1,1,1
Mukesh Mahato,1556250.0,7,1,1,1
Jagat Gogoi,1555278.0,18,1,2,1
ASHAPURA CONSTRUCTION CO,1555146.0,3,1,2,1
SHRI RAM CONSTRUCTION,1554600.0,7,1,1,1
Parashuram singh yadav,1554572.0,4,1,1,1
gurbax singh chet singh,1554325.0,7,1,2,1
DEGAVATH RAJU NAIK,1554215.0,13,1,1,1
DHBVN nathusari,1551711.0,1,1,1,1
AGRIMA TRADERS,1551161.0,5,1,1,1
MARUTI ENTERPRISES,1551078.0,38,2,2,2
ankit singh chhauhan,1550748.0,6,1,2,1
LATHISH,1550000.0,4,1,1,1
BHUVAL GRAM PANCHYAT BHUVAL,1550000.0,4,1,1,2
ZONE COMMISSIONER ZONE 06,1550000.0,3,1,1,1
GRUP GRAM PANCHAYAT KOLIVADA,1550000.0,10,1,1,1
MS HARIOM CONSTRUCTION COMPANY,1549792.0,5,1,1,1
GRAM PANCHYAT BANKA MUKASA,1549790.0,7,1,1,1
Chandralok construction company,1549278.0,3,1,1,1
t m enterprise,1548864.0,6,1,1,1
KARNIAL SINGH AND SONS,1545246.0,4,1,1,1
Anil Kumar Majhi,1543608.0,6,1,2,1
LOKNATH BORAH,1542651.0,20,1,1,1
Jai durga,1542618.0,8,1,1,1
PRABIR KUMAR MANDAL,1541577.0,3,1,1,1
MADAPALA THIRUPATHI RAO,1540649.0,2,1,1,1
TAJ MOHAMMED KAYAMKHANI,1538616.0,4,1,1,1
KRISHNA PRASAD R S,1536873.0,3,1,1,1
SRI VRR CIVIL CONTRACTORS,1536442.0,2,1,1,1
Gangasaram Srinivas Reddy,1536202.0,4,1,1,1
BISWA JIT GOGOI,1532125.0,22,1,1,1
SANJIB MAJHI,1530694.0,5,1,1,2
V K CONSTRUCTION,1530251.0,5,1,1,1
New Malwa Pipe Industries,1530228.0,37,2,2,2
Gurpreet Singh,1530208.0,36,5,6,7
JOGINDER KUMAR,1530000.0,6,1,1,1
JJ MOTORS,1529990.0,11,1,2,1
NOVELTY ENGINEERING AND CONSTRUCTION,1527200.0,5,1,1,1
DILBAHAR SEKH,1526940.0,3,1,2,1
Gram Panchayat Mirkhedi,1524866.0,7,1,1,1
BIKASH KOLEY,1521916.0,4,1,2,1
SIYARAM CONSTRUTION AND GENERAL ORDER,1521009.0,2,1,1,1
UMTA GRAM PANCHAYAT,1520000.0,4,1,1,1
M SENTHILKUMAR,1519842.0,1,1,1,1
VADIHBOINA CHENCHU REDDY,1519767.0,4,1,1,1
Avtar Singh,1518637.0,14,2,2,2
ANILKUMAR S,1518474.0,3,1,1,1
JODHPUR VIDYUT VITARAN NIGAM LTD,1518126.0,6,2,2,2
ALOK RANJAN CHOUDHURY,1517273.0,7,1,1,2
PABAN BORAH,1513593.0,6,1,1,1
KAPIL DEV SINGH,1512941.0,2,1,1,1
ARSENAL CONSTRUCTION,1511738.0,9,1,1,1
HARI CONSTRUCTION,1511391.0,4,2,2,2
Deba Kumar Kutum,1507833.0,11,1,1,1
MAA NARMADA CONSTRUCTION,1506795.0,3,1,1,1
SHREE LAXMI CONTRACTOR,1506636.0,6,1,1,1
RAMBHA DEVI,1506306.0,2,2,2,2
THE MAHESHWARI CO OP LC SOC LTD KKR,1504456.0,3,1,1,1
The Kaushal CoOp L and C Society LTD,1504322.0,3,1,2,1
Bharat Building Material,1503790.0,41,1,1,1
SHRI PANDURANG HARI MAJOOR VA BANDHKAM SAH SSANSTHA,1502356.0,2,1,1,1
PRESIDENT HWC THELLAGUNDLAPALLI,1501287.0,4,1,1,1
THE FRIENDS GULIANA COOP L AND C SOC LTD,1500841.0,9,1,1,1
M J ENTERPRISE,1500402.0,3,1,1,1
GRAM KOSH NEGAI,1500000.0,3,1,2,1
RADODARA GRAM PANCHAYAT,1500000.0,6,1,1,1
SLR CONSTRUCTION MOHAN S,1500000.0,3,1,1,1
SMC PRESBYTERIAN SECONDARY SC BARATO,1500000.0,6,1,1,1
mota mandva gram panchayat,1500000.0,3,1,1,1
Sarpanch Gram Panchayat Piproud,1500000.0,2,1,1,1
GRAM PANCHAYAT MATAPADA,1500000.0,6,1,2,1
Gram Panchayat Gajnod janpad Panchayat badnawar,1500000.0,3,1,2,1
Gram Panchayat Gajora,1500000.0,3,1,1,1
KOLITHAD GRAM PANCHAYAT,1500000.0,3,1,1,1
Alangaram E,1500000.0,1,1,1,1
VEC Bunghmun,1500000.0,3,1,2,1
Aklima Khatun,1500000.0,2,1,1,1
GRAM PANCHAYAT KURCHUNDI,1500000.0,6,1,1,1
GRAM PANCHAYAT LADER,1500000.0,6,1,2,1
AKSHAYA KUMAR SAHOO Junior Engineer Lamtaput Block,1500000.0,3,1,2,1
BIJAY KUMAR BAHALI,1500000.0,3,1,2,1
Sarpanch Gram Pnahchayat Loharshi Son,1500000.0,6,1,1,1
Sarpanch Sachiv Gram Panchayat Podi,1500000.0,6,1,1,2
Benbin Marak,1500000.0,12,1,1,1
Sarpanch Chitroda Gram Panchayat,1500000.0,3,1,1,1
GOODNESH MARAK,1500000.0,6,1,1,1
GREPOLINE SHIRA,1500000.0,6,1,1,1
Rajpura gram panchayat,1500000.0,3,1,1,1
Mr IMLICHUBA,1500000.0,6,1,1,1
Kartar Enterprises,1500000.0,6,1,1,1
AGGARWAL IRON AND CEMENT STORE,1500000.0,3,1,1,1
Mota Jampur,1500000.0,3,1,1,1
Chakkaparani P,1500000.0,3,1,1,1
MEVDA GROUP GRAM PANCHAYAT,1500000.0,3,1,1,1
Mr ALBERT R SANGMA,1500000.0,6,1,1,1
Ramsan Gram Panchayat,1500000.0,3,1,1,1
GRAMPANCHAYAT PARRIKHURD,1500000.0,6,1,1,1
Gram panchayat Darima,1500000.0,6,1,2,1
RYMBAI VILLAGE ECO TOURISM SOCIETY,1500000.0,6,1,1,1
SONISAR GRAM PANCHAYAT,1500000.0,3,1,1,1
The Fitness Store,1500000.0,3,1,1,1
abhishek suresh sathe,1500000.0,3,1,1,1
GP BAMHANI,1500000.0,3,1,2,1
GP BAREKEL,1500000.0,3,1,1,1
Penta Ravi Prasad,1500000.0,3,1,2,1
LATIPURTIMBU GRAM PANCHAYAT,1500000.0,3,1,1,1
GRAM PANCHAYAT DHANAPALI,1500000.0,3,1,1,1
NP Trade and Agency,1500000.0,3,1,1,1
Rasana Mota Gram Panchayat,1500000.0,3,1,1,1
Rashi Traders,1500000.0,6,1,1,1
Rangbah Shnong Upper Lumparing,1500000.0,3,1,1,1
GRAM PANCHAYAT RANAKPOR,1500000.0,3,1,2,1
BACHAR GRAM PANCHAYAT,1500000.0,3,1,1,1
BADODRA GRAM PANCHAYAT,1500000.0,3,1,1,1
Robinus Sangma,1500000.0,6,1,1,1
Bawitluanga,1500000.0,6,1,2,1
GRAM PANCHAYAT RATAMBA,1500000.0,6,1,2,1
Changa Grup Gram Panchayat,1500000.0,4,1,1,1
YMA SAIPUM,1500000.0,6,1,2,1
Repairing and Renovation of Balajan Fish Market,1500000.0,6,1,1,1
GIRISH KUNDAPUR NAYAK,1500000.0,3,1,1,1
ANJALU BASUMATARY,1500000.0,4,1,2,1
ANNAPPA,1500000.0,3,1,1,1
GRAM PANCHAYAT DHALAM,1500000.0,3,1,1,1
GRAM PANCHAYAT DHAMNA,1500000.0,3,1,1,1
GRAM PANCHAYAT CHORBHATTI,1500000.0,6,1,1,1
Mr Sarpanch Sachiv GP Jalpur,1500000.0,3,1,1,1
YMA Khuangthing,1500000.0,6,1,2,1
AR ENTERPRISE,1500000.0,3,1,1,1
YATHISH SHETTY,1500000.0,3,1,1,1
Community Hall Rani Gaidinliu,1500000.0,2,1,1,1
Community Hall near Narsing Akhra,1500000.0,2,1,1,1
MITANA GRAM PANCHAYAT,1500000.0,3,1,1,1
Gram Panchayat gudrukala,1500000.0,6,1,2,1
Con Comm HL Tlpra Wkly Mrkt Nr Mdl Schl,1500000.0,6,1,1,1
PURNACHANDRA ROUT,1500000.0,3,1,2,1
Nabam Tatum,1500000.0,1,1,1,1
GRAM PANCHAYAT DONGARGAON,1500000.0,6,1,1,1
Ruchir C Marak,1500000.0,6,1,1,1
GHACHELI GRAM PANCHAYAT,1500000.0,3,1,1,1
Cheviance K Sangma,1500000.0,6,1,1,1
MHIP PHAINUAM BRANCH,1500000.0,6,1,2,1
GHUNDA S GRAM PANCHAYAT,1500000.0,3,1,1,1
GRAM PANCHAYAT PIPARBHAWNA TE,1500000.0,6,1,2,2
GRAM PANCHAYAT POPATVAV,1500000.0,3,1,1,1
GRAM PANCHAYAT DWARTARAKALA,1500000.0,6,1,1,1
GRAM PANCHAYAT SADAKPOR,1500000.0,3,1,1,1
LAPPINGSON D MARAK,1500000.0,6,1,1,1
TARUN KUMAR BARIHA,1500000.0,3,1,1,2
AEROSE INFRA,1500000.0,3,1,1,1
SOSANGLEMBA,1500000.0,3,1,1,1
Gram panchayat Lalitpur,1500000.0,6,1,2,1
GP BHAISAYA JP BADI,1500000.0,5,1,1,1
RUDRA MADHAB SAHU,1500000.0,3,1,1,2
Ms K P SON AND SONS INFRA,1500000.0,6,1,1,1
GRAM PATHRAUDA,1500000.0,3,1,1,1
JODHPAR NADI GRAM PANCHAYAT,1500000.0,3,1,1,1
GRAM PANCHAYAT FATEHPUR,1500000.0,6,1,1,1
Medi Nana Mandvada Gram Panchyat,1500000.0,3,1,1,1
GRAM PANCHAYAT CHATUAMAR,1500000.0,6,1,2,1
GRAM PANCHAYAT CHHINDA,1500000.0,4,1,2,1
Pawan Kumar Uppal,1500000.0,3,1,2,1
CL Buanga,1500000.0,6,1,2,1
CMO NAGAR PAN MUNGAOLI,1500000.0,3,1,1,1
CONST OF BOUNDARY WALL OF BALARCHAR MATRAGHOLA HS,1500000.0,6,1,1,1
CONST OF BOUNDARY WALL OF PLAYGROUND NEAR CHATPARA CHAR KABARSTHAN,1500000.0,6,1,1,1
GRAM SWACHATA SAMITI GRAM PANCHAYAT TARPONGI,1500000.0,6,1,1,1
NIRMAL SHARMA,1500000.0,12,1,1,1
Banneboyina Poshetty,1500000.0,3,1,2,1
Construction of Boundary Wall at Chirakuti Girls HS School,1500000.0,6,1,1,1
Construction of Boundary Wall at Joypur MPHC under Rowmari GP,1500000.0,6,1,1,1
Construction of Boundary Wall with Iron Gate near Play ground of Goalpara Eidgah Filed,1500000.0,6,1,1,1
KUTHOOS CONSTRUCTIONS,1500000.0,3,1,1,1
S Murugan,1500000.0,3,1,1,1
Construction and Renovation of Central Library cum Auditorium Hall at Jaleswar,1500000.0,6,1,1,1
Pra Infra Projects,1500000.0,6,1,1,1
Sapavat Parshya,1500000.0,3,1,1,1
Ms N G Enterprise,1500000.0,3,1,1,1
Katakam Abhilash Reddy,1500000.0,3,1,1,1
AMOL MARUTI PATIL ADAMAPUR TAL BHUDARGAD,1500000.0,3,1,1,1
GP Bhaleta,1500000.0,12,1,1,1
RINGU KAYUM,1500000.0,3,1,1,1
BHARADIA GRAM PANCHAYAT,1500000.0,7,1,1,1
S RAJAKUMARI,1500000.0,1,1,1,1
ARJUN B N,1500000.0,3,1,1,1
ARJUN KAMBLE,1500000.0,6,1,1,1
JESANGPURA GRAM PANCHAYAT,1500000.0,3,1,1,1
Secretary Rajasthan Sahitya academy,1500000.0,3,1,1,1
Bandhu Enterprise,1500000.0,3,1,1,1
AHEMMED SHERIF,1500000.0,3,1,1,1
AHILYA BAI PAL UCHCHATAR MADHYMIC VIDYALAY,1500000.0,6,1,1,1
Tweel K Marak,1500000.0,6,1,1,1
Gram Panchayat Semra Charkhara,1500000.0,6,1,1,1
Gram Panchayat Shergarh,1500000.0,3,1,1,1
Gram Panchayat Simgaon,1500000.0,6,1,1,1
SABITRI DAS,1500000.0,3,1,1,1
GRAM PANCHAYAT PATSENDRI,1500000.0,3,1,1,1
Sentilila Ao,1500000.0,3,1,1,1
Construction of Open Stage at Thabalpara Youth Club Thabalpara Kukurkata,1500000.0,6,1,1,1
Timjim Momin,1500000.0,6,1,1,1
ThiruMurugaConstruction,1500000.0,5,1,1,1
Gram Panchayat Sundrel J P Dharmpuri Dhar,1500000.0,3,1,2,1
Gram Panchayat Tanda Kheda janpad Panchayat sardarpur,1500000.0,3,1,2,1
Construction of Community Hall at Birshing Natun Bazar,1500000.0,6,1,1,1
Construction of Community Hall near Charantola Kali Mandir at Dhamar Gaon,1500000.0,6,1,1,1
MAA KALAWATI PS,1500000.0,3,1,2,1
Postling Dkhar,1500000.0,6,1,1,1
Prasad Ananta Nivangune,1500000.0,3,1,1,1
GRAM PANCHAYAT BORGAONKHURD,1500000.0,3,1,1,1
Bhassen Sports Pvt Ltd,1500000.0,3,1,2,1
NILOY BANERJEE,1500000.0,3,1,1,1
CHITRASEN SENAPATI,1500000.0,3,1,1,2
Kebom Buchi,1500000.0,3,1,1,1
GP DEEH JP TEONTHAR,1500000.0,3,1,1,1
SRI RAKHAN G MOMIN,1500000.0,6,1,1,1
GP DHAKHRA JP TEONTHER,1500000.0,3,1,1,1
K R Entertprises,1500000.0,6,1,1,1
GRAM PANCHAYAT GHOGRE,1500000.0,6,1,1,1
Nava Grampanchayat,1500000.0,3,1,1,1
Haryana Renewable Energy Development Agency HAREDA,1500000.0,3,1,2,1
Construction of open community hall at Sri Sri Niranjan Mahaprubhu Pith Bakaitari,1500000.0,6,1,1,1
Muh Sherali Madina Mahaviddyalay,1500000.0,3,1,1,1
Khanodar Gram Panchayat,1500000.0,3,1,1,1
GRAM PANCHYAT MOTIWADA NEW,1500000.0,3,1,1,1
Tamar Nilling,1500000.0,3,1,1,1
ADHARSHILA SEWA SANSTHAN,1500000.0,6,1,1,1
T R Enterprise,1500000.0,1,1,1,1
HASANPAR GRAM PANCHAYAT,1500000.0,3,1,1,1
PRATAPPURA JUTH GRAM PANCHAYAT,1500000.0,3,1,1,1
G P Banabel,1500000.0,9,1,1,1
SAGHANKALA JP HANUMANA DIST MAUGANJ,1500000.0,3,1,1,1
KASTURBA DHAM GRAM PANCHAYAT,1500000.0,3,1,1,1
Manas Kumar Kar,1500000.0,3,1,1,2
GADHULA GRAM PANCHAYAT,1500000.0,3,1,1,1
KATPAR GRAM PANCHAYAT,1500000.0,3,1,1,1
GP CHAPANI,1500000.0,3,1,2,1
GRAM PANCHAYAT BIRKOL,1500000.0,3,1,1,1
SALATPUR NANISIHOLI GRAM PANCHAYAT,1500000.0,3,1,1,1
Madhada Gram Panchyat,1500000.0,3,1,1,1
Vidhya prasar samiti pandhurna,1500000.0,3,1,1,1
GRAM PANCHAYAT GOVINDA SAANSAD MAD,1500000.0,6,1,2,1
PRASHANTH,1500000.0,3,1,1,1
BHASKAR BRAHMA,1500000.0,2,1,1,1
Shillong Commerce College,1500000.0,3,1,1,1
MOTA,1500000.0,3,1,2,1
DAKTAR MURMU,1500000.0,3,1,1,1
D and P Enterprise,1500000.0,3,1,1,1
Gram Panchayat Ratapalli,1500000.0,3,1,1,1
MORAD GRAM PANCHAYAT,1500000.0,3,1,1,1
MORISHETTY LAKSHADI,1500000.0,3,1,1,1
AITHA SRINIVAS,1500000.0,3,1,1,1
cmo kolaras,1500000.0,3,1,1,1
NIKODIYA GRAMPANCHAYAT,1500000.0,3,1,1,1
Samagra Siksha Govt HMS Kataipali C,1500000.0,3,1,2,1
LAKHAPADAR GRAM PANCHAYAT SWABHAN,1500000.0,3,1,1,1
TECHNO SOLUTIONS,1500000.0,3,1,1,1
TEJA TREADER,1500000.0,3,1,2,1
GP Dhanpuri,1500000.0,2,1,2,1
GP Dunkhrigahar,1500000.0,6,1,1,1
GP GHADWA JP JAWA REWA,1500000.0,3,1,1,1
GP GHATEHA JP TEONTHAR,1500000.0,3,1,1,1
GP HARDIHAI HANUMANA,1500000.0,3,1,1,1
GP ITARPAHAD JP RAIPUR KARCHULIYAN REWA,1500000.0,3,1,1,1
TUSHAR ACHARYA,1500000.0,3,1,1,1
BALOL GRAM PANCHAYAT,1500000.0,3,1,1,1
KESHARPURA GRAM PANCHAYAT,1500000.0,3,1,1,1
Vaprumu Demo,1500000.0,6,1,1,1
Awadh Bihari Bal Kalyan Samiti Saraswati Shishu Mandir,1500000.0,3,1,2,1
Project Clean surrounding,1500000.0,3,1,1,1
Proloy Rabha,1500000.0,6,1,1,1
AMINPUR GRAMPANCHAYAT,1500000.0,3,1,1,1
KALING MOYONG,1500000.0,6,1,1,1
GRAM PANCHYAT JAGTARA,1500000.0,6,1,2,1
GRAM PANCHAYAT SILARI SFC,1500000.0,3,1,1,1
PRASAD S SHETTY,1500000.0,3,1,1,1
GRAM PANCHAYAT HATHANIKALA,1500000.0,6,1,1,1
BHATIYA Gram PANCHAYAT,1500000.0,3,1,1,1
Balappa Patil,1500000.0,6,1,1,1
Gram Panchayat Nimola janpad Panchayat Dharmpuri,1500000.0,3,1,2,1
Gram Panchayat Pagara janpad Panchayat dharmpuri,1500000.0,3,1,2,1
UMESH KUMAR,1500000.0,9,1,1,1
MUZAFAR SHAREEF,1500000.0,3,1,1,1
Gram Panchayat Nani Sanjeli,1500000.0,3,1,2,2
GRAM PANCHAYAT PASAN,1500000.0,6,1,1,1
DEDHROTA GRAM PANCHAYAT,1500000.0,3,1,1,1
Gram Panchayat Mothi,1500000.0,6,1,1,1
MA Durga Traderds,1500000.0,6,1,1,1
PRAKASH SHETTY,1500000.0,3,1,1,1
Nimble T Sangma,1500000.0,6,1,1,1
Baba Sohan Singh Govt Senior Secondary School Bhakna kalan,1500000.0,3,1,1,1
SAMRA GRAM PANCHAYAT,1500000.0,3,1,1,1
MURUGAN ENTERPRISES,1500000.0,1,1,1,1
UMESH POOJARY,1500000.0,3,1,1,1
UMIYANAGAR GRAM PANCHAYAT,1500000.0,3,1,1,1
Gram Panchayat Pandhanya janpad Panchayat Dharmpuri,1500000.0,3,1,2,1
DAYANANDA NAYAK,1500000.0,3,1,1,1
FELINA GABIL MOMIN,1500000.0,6,1,1,1
CHHASIA GRAM PANCHAYAT,1500000.0,3,1,1,1
jiyapar gram panchayat,1500000.0,3,1,2,1
GRAM PANCHAYAT BHAPEL,1500000.0,6,1,1,1
Saiphai Farming Cooperative Society,1500000.0,6,1,2,1
MAHADEVA YALLAPPA ASODI,1500000.0,6,1,1,1
HARBATIYALI GRAM PANCHAYAT,1500000.0,3,1,1,1
Gundala Jam Gram Panchayat,1500000.0,3,1,1,1
GP KIRGI,1500000.0,3,1,2,1
TRIPTI ENTERPRISE,1500000.0,1,1,1,1
RAMITA PARHI,1500000.0,3,1,2,1
NAB KUMAR BEHERA,1500000.0,3,1,1,1
Gulia Traders,1500000.0,9,1,1,1
RAMESH PATIL,1500000.0,6,1,1,1
SUDHIR KUMAR NATH,1500000.0,3,1,1,2
BARAVALA GRAM PANCHAYAT,1500000.0,3,1,1,1
BUKUL CHANDRA MURMU,1500000.0,3,1,2,1
NAVALPUR GRAM PANCHAYAT,1500000.0,3,1,1,1
Edmund S Sangma,1500000.0,6,1,1,1
Executive Engineer Rural Engineering Service Division Mahasamund,1500000.0,3,1,1,1
BARONDA,1500000.0,6,1,1,1
GRAM PANCHAYAT TILRI,1500000.0,6,1,2,1
L S Enterprise,1500000.0,3,1,1,1
GRAM PANCHAYAT BASIYA GANGE,1500000.0,6,1,1,1
MANGALARAM SUMALATHA,1500000.0,3,1,1,1
GRAM PANCHAYT NIONGALA,1500000.0,3,1,1,1
BHABANI SHANKAR MOHANTA,1500000.0,3,1,2,1
GRAM PANCHAYAT BANSULA,1500000.0,3,1,1,1
NEW JANHIT SEVA SAMITI,1500000.0,3,1,1,1
sayra gram panchayat,1500000.0,3,1,2,1
Juna pipaliya gram panchayat,1500000.0,3,1,1,1
Gram Panchayat Madogarh,1500000.0,6,1,2,1
ETA GRAM PANCHAYAT,1500000.0,3,1,1,1
MUDHASANA GRAM PANCHAYAT,1500000.0,6,1,1,1
Gram Panchayat Matalabpura janpad Panchayat Dharmpuri District Dhar,1500000.0,6,1,2,1
DERDI JANBAI GRAM PANCHAYAT,1500000.0,3,1,1,1
gram panchayat barana,1500000.0,6,1,1,1
RAMAKANTA DANGUA,1500000.0,3,1,2,1
RAMAKRISHNA YADAV,1500000.0,4,1,2,1
GP LAXMIPUR,1500000.0,3,1,1,1
GP Lani Borad,1500000.0,6,1,2,1
RAMCHARAN RAMAWADH SMARAK INTER COLLEGE BHIKHUPUR,1500000.0,6,1,1,1
BASANTI SUPPLIER,1500000.0,3,1,2,1
VISHAL JAYARAMA SALIAN,1500000.0,3,1,1,1
GRAM PANCHAYAT JHAVLIYA,1500000.0,6,1,2,1
GRAM PANCHAYAT KAHANI,1500000.0,6,1,2,1
GRAM PANCHAYAT KAILASHPUR,1500000.0,6,1,1,1
ODHA GRUP GRAM PANCHAYAT,1500000.0,3,1,1,1
GRAM PANCHAYAT NAWADA,1500000.0,6,1,2,1
Ardoi Gram Panchayat,1500000.0,3,1,1,1
EE RWS AND S P DIVISION NANDYAL,1500000.0,6,1,1,1
Nitya Sanitary And Hardware,1500000.0,18,1,1,1
E SATYANARAYANA,1500000.0,3,1,1,1
PIPLI GRAM IDBI,1500000.0,3,1,1,1
PMS CONSTRUCTION,1500000.0,3,1,1,1
OM MURUGA CONSTRUCTIONS,1500000.0,3,1,1,1
PIDUGU RAMESH,1500000.0,3,1,2,1
MS THONGDOK ASSOCIATES,1500000.0,1,1,1,1
DHAMDI GRAM PANCHAYAT,1500000.0,3,1,1,1
MR SADASIBA SAHOO,1500000.0,6,1,1,2
MR SARPANCH SACHIV GP MACHEWA,1500000.0,3,1,1,1
Gram Panchayat Lotani,1500000.0,6,1,1,1
MS Swaraswati Enterpries,1500000.0,6,1,1,1
KHAREDA GRAM PANCHAYAT,1500000.0,3,1,1,1
gram panchayat ghortalab,1500000.0,6,1,1,1
gram panchayat Netanar 1,1500000.0,3,1,2,1
gram panchayat TONGPAL,1500000.0,3,1,2,1
AMAR SHAHEED GULAB SINGH LODHI SHIKSHA SAMITI,1500000.0,6,1,1,1
NAGARAJAN S,1500000.0,1,1,1,1
R Kottishwarn,1500000.0,1,1,1,1
Huma Enterprises,1500000.0,3,1,1,1
GP Manali,1500000.0,3,1,1,1
NANA BHELA GRAMPANCHAYAT,1500000.0,3,1,2,1
NANDANVAN GRAM PANCHAYAT,1500000.0,3,1,2,1
GP Murtonda,1500000.0,3,1,2,1
CHACHAPAR GRAM PANCHAYAT,1500000.0,3,1,1,1
GRAM PANCHAYAT SUKULIYA,1500000.0,3,1,2,1
MS SHRIDEVI ASSOCIATS PROP DEEPAK PATIL,1500000.0,4,1,1,1
Gourav Kumar Contractor,1500000.0,3,1,1,1
SARAPANCH SHREE GRAM PANCHAYT VAJAPUR,1500000.0,3,1,1,1
KHODLA GRAM PANCHAYAT,1500000.0,4,2,2,1
Aakash Treders,1500000.0,6,1,1,1
Umarali gram panchayat,1500000.0,3,1,1,1
Gram Panchayat Kudari,1500000.0,6,1,1,1
Gp Kalesar,1500000.0,4,1,2,1
Gp Panbihar,1500000.0,4,1,2,1
Gram Panchayat Khiriya Nikhar,1500000.0,6,1,1,1
Gram Panchayat Khajuriya,1500000.0,6,1,1,1
KRATIKA MATERIAL SUPPLIERS,1500000.0,6,1,2,1
Dulal Ch Sangma,1500000.0,6,1,1,1
PERIYADURAI,1500000.0,3,1,1,1
VIJESH I,1500000.0,3,1,1,1
MS SEEMA ENTERPRISES,1500000.0,1,1,1,1
DHARADHARA GRAM PANCHAYAT,1500000.0,3,1,1,1
SHIKA GROUP GRAM PANCHAYAT,1500000.0,3,1,1,1
SARAYA GRAM PANCHAYAT,1500000.0,3,1,1,1
VILLAGE COUNCIL LONGSA,1500000.0,3,1,1,1
SARASWATI SHISHU MANDIR ANUPPUR,1500000.0,3,1,2,1
GRAM PANCHAYAT KANERA NIKHAR,1500000.0,6,1,1,1
LUMSHYIAP UPPER PRIMARY SCHOOL,1500000.0,6,1,1,1
JARU GRAM PANCHAYAT,1500000.0,3,1,2,1
SARPANCH GRAM PANCHAYAT DHOURABHATHA,1500000.0,3,1,1,1
SARPANCH GRAM PANCHAYAT GANAUD,1500000.0,3,1,1,1
MS REMGONG ENTERPRISES,1500000.0,3,1,1,1
SARPANCH GRAM PANCHAYAT PARSADIH,1500000.0,6,1,2,1
Gram PAnchayat Ranipura,1500000.0,6,1,1,1
Gram Pancchayat Rumkera,1500000.0,3,1,2,1
MS RHINO ENTERPRISE,1500000.0,9,1,1,1
MS Roonie Panyang,1500000.0,3,1,1,1
Dinesh P K,1500000.0,3,1,1,1
SHARPANCH SHACHIV GP SIRPUR,1500000.0,3,1,1,1
DHATRAWADA,1500000.0,6,1,2,1
DHAWA TIWARIYAN JP HANUMANA DIST MAUGANJ,1500000.0,3,1,1,1
Gra Panchayat Ishurwara,1500000.0,6,1,1,1
SARPANCH GRAM PANCHAYAT ACHHOLI,1500000.0,3,1,1,1
Donbosh N Sangma,1500000.0,6,1,1,1
Sigireddy Sagar reddy,1500000.0,3,1,1,1
Sunil Shrimant Nadure,1500000.0,2,1,1,1
gram panchayat gadi barod,1500000.0,3,1,1,1
gram panchayat gajni,1500000.0,6,1,1,1
gram panchayat ghiyar,1500000.0,3,1,1,1
Kotra,1500000.0,2,1,1,1
RAJYA PARIVARTIT YOJNA GP AMJHAR,1500000.0,6,1,1,1
NANNAN M MARAK,1500000.0,6,1,1,1
GRAM PANCHAYAT VIJAPUR,1500000.0,3,1,1,1
GP PIPLAD,1500000.0,2,1,1,1
GP Pendarwani,1500000.0,6,1,2,1
GP Prini,1500000.0,3,1,1,1
RAJENDRAN G,1500000.0,1,1,1,1
Jonathan Thangliana Care of BDO Thingsulthliah,1500000.0,2,1,1,1
SARPANCH GRAM PANCHAYAT KALER MANGAT,1500000.0,21,1,1,1
JAROD GRAM PANCHAYAT,1500000.0,3,1,1,1
MS Brothers Constructions,1500000.0,3,1,1,1
SGS CONSTRUCTION,1500000.0,3,1,1,1
SARPANCH GRAM PANCHAYAT TARRA,1500000.0,6,1,1,1
Legam Ngomle,1500000.0,3,1,1,1
Leitan Ramthar Local Council,1500000.0,4,1,2,1
M PRABAKAR REDDY,1500000.0,3,1,1,1
GRAM PANCHAYAT MOHANPUR,1500000.0,3,1,2,1
PARTHA BHOWMICK,1500000.0,3,1,1,1
SARPANCH GRAM PANCHAYAT VISHRAMPURI,1500000.0,3,1,2,1
SARPANCH GRAM PANCHAYAT KOHALA,1500000.0,3,1,1,1
SARPANCH GRAM PANCHAYAT NANDELI,1500000.0,6,1,2,1
SARPANCH GRAM PANCHAYAT PAKHARPURA,1500000.0,3,1,1,1
Gram Panchayat Kathoda Fazalpur,1500000.0,6,1,1,1
V Prathi constructions,1500000.0,1,1,1,1
V RAMULU,1500000.0,3,1,1,1
V KRISHNAMOORTHY,1500000.0,1,1,1,1
GP SADALATPUR JP SANCHI,1500000.0,3,1,1,1
Gram Panchayat Bildhav,1500000.0,6,1,1,1
MAKANSAR GRAM PANCHAYAT,1500000.0,3,1,1,1
THODUPUNURI RAMESH,1500000.0,3,1,1,1
ALINA GRAM PANCHAYAT,1500000.0,6,1,1,1
gram panchayat harnachaka,1500000.0,6,1,1,1
NARESH GORE,1500000.0,9,1,1,1
CC Construction of bye lane ONE Ujjwal nagar kahilipara,1500000.0,6,1,1,1
GP SAKOLA,1500000.0,3,1,2,1
GRAM PANCHAYAT ASAWTA,1500000.0,6,1,2,1
SARPANCH GRAM PANCHYAT Manikchauri,1500000.0,6,1,1,1
Smit College,1500000.0,3,1,1,1
BOJADARA GRAM PANCHAYAT,1500000.0,3,1,1,1
GRAM PANCHAYAT KHOHRI,1500000.0,6,1,2,1
Gram Panchayat KHAIROD,1500000.0,3,1,2,1
Gram Panchayat Kaliba,1500000.0,6,1,2,1
R P R N PUBLIC SCHOOL RAMPUR SAKARWARI AKABARPUR AMBEDKARNAGAR,1500000.0,6,1,1,1
GRAM PANCHAYAT BADE MORATHPAL,1500000.0,3,1,2,1
GRAM PANCHAYAT BADNARA,1500000.0,6,1,1,1
gram panchyat lotna,1500000.0,3,1,1,1
RAJARAM MAHAKUD,1500000.0,3,1,2,1
GRAM PANCHAYAT UKTA,1500000.0,3,1,2,1
GRAM PANCHAYAT UTRAJ,1500000.0,3,1,1,1
MAILO WASH DALBOT SHIRA,1500000.0,6,1,1,1
RAJ CONSTRUCTION AND DEVELOPMENT,1500000.0,4,1,1,1
GP Tarekela,1500000.0,3,1,1,1
GRAM PANCHAYAT TODA GAUTAMIA,1500000.0,6,1,1,1
Gram Panchayat Jarakhiya,1500000.0,3,1,1,1
Jirto Padung,1500000.0,3,1,1,1
P K ENTERPRISES,1500000.0,6,1,1,1
Devpar yax juth gram panchayat,1500000.0,3,1,2,1
Gram Panchayat Bardi,1500000.0,3,1,1,1
Gram Panchayat Chartoriya,1500000.0,6,1,1,1
SARPANCH SHREE GRAM PANCHAYAT ENDHAL,1500000.0,3,1,1,1
MS GM ENTERPRISES,1500000.0,3,1,1,1
VARAHI JOOTH GRAM PANCHAYAT,1500000.0,3,1,1,1
ZONE COMMISSIONER ZONE 04,1500000.0,2,1,1,1
GRAM BHARTI DAMOH,1500000.0,5,1,1,1
HUSANAPPA HARIJAN,1500000.0,6,1,1,1
GRAM PANCHAYAT KOTMI,1500000.0,9,1,1,1
SARPANCH SACHIV GRAM PANCHAYT DHAMNAR,1500000.0,3,1,1,1
Gram Panchayat Hirankheda,1500000.0,6,1,1,1
DIVYA TRADERS,1500000.0,3,1,1,1
MS N ENTERPRISE,1500000.0,6,1,1,1
Gram Panchayat Bhalesar,1500000.0,6,1,1,1
DILMAMUD SK,1500000.0,3,1,1,1
SFC MULBHOOT GOYAL,1500000.0,6,1,2,1
GRAM PANCHAYAT ASTOL,1500000.0,3,1,2,1
HRIDLOI BASUMATARY,1500000.0,2,1,1,1
SUPRAVA BEHERA,1500000.0,3,1,1,2
JUKANTI RAGHAVENDER REDDY,1500000.0,3,1,1,1
GRAM PANCHAYAT TOURENGA,1500000.0,2,1,2,1
Boundary Wall of Nath Chatrabash,1500000.0,2,1,1,1
MAHESH,1500000.0,3,1,1,1
HANOL GRAM PANCHAYAT,1500000.0,3,1,1,1
GRAM PANCHAYAT AAMAMUDA,1500000.0,6,1,1,1
R SELVARAJ,1500000.0,3,1,2,1
GRAM PANCHAYAT ANGARA,1500000.0,6,1,1,1
GRAM PANCHAYAT MASER,1500000.0,6,1,1,1
SARPANCHAY GRAM PANCHAYAT HIRRI,1500000.0,6,1,1,1
MS Lego Enterprises,1500000.0,3,1,1,1
Gram Panchayat Bhankodar,1500000.0,3,1,1,1
Gram Panchayat Bhayavadar,1500000.0,3,1,1,1
JULHAS ALOM SIKDER,1500000.0,3,1,1,1
DUDHALA GRAM PANCHAYAT,1500000.0,3,1,1,1
Lothpur Gram Panchayat,1500000.0,3,1,1,1
A RUKMINI,1500000.0,8,1,1,1
8.03105E+11,1500000.0,2,1,1,1
PANEY AKASH,1500000.0,3,1,1,1
Dakmo Karlo,1500000.0,3,1,1,1
Gram Panchayat Chandamau,1500000.0,6,1,1,1
SARVESHWAR VIDYUT MAJOOR VA BANDHKAM SAHAKARI SANSTHA MARYA,1500000.0,3,1,1,1
Gram Panchayat Girol,1500000.0,6,1,1,1
Gram Panchayat Gumdel,1500000.0,3,1,2,1
Gram Panchayat Gunnotha,1500000.0,6,1,1,1
SEIN RAIJ BATAW,1500000.0,4,1,1,1
P Manogaran,1500000.0,3,1,1,1
GRAM PANCHAYAT MANIKCHAURI,1500000.0,6,1,1,1
GPDamyana,1500000.0,6,1,2,1
GRAM PANCHAYAT ANSODAR,1500000.0,3,1,1,1
RENITH CONSTRUCTIONS KARIMNAGAR,1499997.0,3,1,1,1
AKULETI ASWATHA NARAYNA SWAMY,1499997.0,3,1,1,1
Phurba Narbu Dukpa,1499997.0,3,1,1,1
RAMAKRISHNA ACADAMY,1499994.0,6,1,1,1
MANJUNATH AIDAMANI,1499994.0,6,1,1,1
HARIPRASAD B V,1499991.0,3,1,1,1
HABIBUR RAHMAN,1499988.0,3,1,1,1
SIVAPRAKASAM,1499985.0,3,1,2,1
MODINSAB D MULLA,1499976.0,6,1,1,1
SATHEESH CONSTRUCTION,1499972.0,2,1,2,1
AYYANNA NAGULA,1499970.0,3,1,2,1
SARPANCH GRAM PANCHAYAT TUSMA,1499967.0,6,1,2,1
KAIPU SIVA REDDI,1499964.0,3,1,2,1
JAGADISHA C,1499955.0,3,1,1,1
PRADEEP K S,1499955.0,3,1,1,1
SANTOSH B TIMMAPUR,1499952.0,6,1,1,1
EKSAL GRAM PANCHAYAT,1499946.0,5,1,1,1
SATYA ENTERPRISES,1499946.0,3,1,1,1
YANGALA MARIYAMMA,1499943.0,3,1,1,1
BALA RAVI,1499937.0,3,1,2,1
gram panchayat gorana,1499937.0,3,1,1,1
GRAM PANCHAYAT KOHKA MO,1499925.0,12,1,1,1
D PRABHAKAR REDDY,1499922.0,3,1,1,1
SD ATEEQ,1499919.0,3,1,2,1
gram panchayat thoriyadi,1499919.0,3,1,1,1
MS MAA VINDHYAVASANI BUILDING MATERAIL,1499904.0,3,1,3,1
Ch Shrikrupa Majur Co Op Society,1499900.0,1,1,1,1
FZ FITNESS INDIA,1499898.0,15,1,2,1
RAMDHENU ENTERPRISES,1499877.0,3,1,1,1
LAXMAN MALIYAPPA MARUTAGI,1499874.0,6,1,1,1
RAMANATHAN,1499871.0,3,1,1,1
Rekulapally Santhosh reddy,1499865.0,3,1,1,1
YANKAPPA SHANKRAPPA KARIYALLAVVAGOL,1499862.0,6,1,1,1
Lilapur Gram Panchayat,1499853.0,3,1,1,1
KALIYAMMAL JOTHI,1499850.0,3,1,1,1
BBC TRIANGLE,1499847.0,3,1,1,1
J K ENTERPRISES,1499847.0,3,1,2,1
RAISUM SEIKH,1499844.0,3,1,2,1
TUMMALAPALLY JYOTHSNA,1499838.0,3,1,2,1
GRAM PANCHAYAT PECH KI BAORI,1499835.0,3,1,1,1
Gram panchayat mata,1499820.0,27,1,1,1
D RAGHU RAMI REDDY,1499814.0,3,1,2,1
RADHA SWAMI TRADERS,1499805.0,6,1,1,1
CHANDAN K K,1499805.0,3,1,1,1
Kajli Gram Panchayat,1499796.0,3,1,1,1
GANGAVARAPU MADHAN,1499790.0,3,1,2,1
JAYANANDA,1499775.0,3,1,1,1
NARAYANAN J,1499772.0,3,1,2,1
ravilla swathi,1499769.0,3,1,2,1
ARAVINTHAN G,1499757.0,1,1,1,1
Mohammed Alim Uddin Mondal,1499757.0,3,1,1,1
D COMPANY,1499754.0,3,1,1,1
K RAMU,1499742.0,3,1,1,1
GRAM PANCHAYAT BAKWA,1499730.0,18,1,1,1
GRAM PANCHAYAT BHUIGAON,1499718.0,6,1,2,1
GRAM PANCHAYAT DAYADARA,1499706.0,3,1,1,1
Gram Panchayat Chavaj,1499706.0,3,1,1,1
SPD CONSTRUCTION,1499700.0,3,1,1,1
SARPANCH GRAM PANCHAYAT SARSENI,1499697.0,6,1,1,1
Vairamani,1499691.0,3,1,1,1
NEW SUN ASSOCIATES,1499685.0,3,1,1,1
Sheela M,1499676.0,3,1,1,1
T Raja,1499676.0,3,1,1,1
DINESH A,1499670.0,3,1,2,1
Gram panchayat Tihpatra,1499670.0,6,1,2,1
K DORAIRAJ,1499664.0,3,1,2,1
Annu Hills Traders,1499658.0,6,1,2,1
Maa Tara Enterprise,1499655.0,3,1,1,1
Ghana Saikia,1499634.0,3,1,1,1
SATISH KAKARADDI,1499622.0,6,1,1,1
Benny VP,1499619.0,3,1,2,1
Vishal Pandit Shinde,1499618.0,1,1,1,1
K SATHISH RAI,1499601.0,3,1,1,1
MIB CONSTRUCTION,1499601.0,3,1,1,1
SHREEKANTH SHARANAPPA TUMBAGI,1499580.0,6,1,1,1
RAVIDAS,1499571.0,3,1,1,1
Ramaliya Gram Panchayat,1499571.0,3,1,1,1
BADKUWAN,1499568.0,6,1,1,1
GRAM PANCHYAT KHERHA SGVY,1499565.0,6,1,1,1
BHIMAPPA ARAKERI,1499562.0,6,1,1,1
S MUNEESWARAN,1499556.0,3,1,1,1
GRAM PANCHAYAT SATOHARI,1499550.0,6,1,1,1
ELANGOVAN,1499550.0,3,1,1,1
K ELUMALAI,1499550.0,1,1,1,1
ANANTHA GIRI BABU,1499541.0,3,1,1,1
Y VENKATESHWARLU,1499527.0,3,1,1,1
RAJASTHAN KHADI SANGH,1499517.0,3,1,1,1
Decorators Raju and Rajib Basu,1499511.0,3,1,2,1
AVULA SRINIVASULU,1499508.0,3,1,1,1
Shivshankar Majoor Sahkari Sanstha Maryadit,1499500.0,1,1,1,1
Kunta Mahipal Reddy,1499493.0,3,1,2,1
SUKESH SHETTY,1499490.0,3,1,1,1
GRAM PANCHAYAT TIKARIYA JP MANDLA,1499469.0,6,1,2,1
RAMLAL YADAV,1499468.0,3,1,2,1
UBUN2,1499460.0,3,1,2,1
PADASAN GRAM PANCHAYAT,1499439.0,3,1,1,1
AKILESH R,1499427.0,3,1,2,1
Gram panchayat Karra,1499424.0,6,1,2,1
Pushpa Subba,1499403.0,3,1,1,1
SUBRAMANIAN,1499401.0,1,1,1,1
GRAM PANCHAYAT CHANDAINI,1499400.0,6,1,1,1
AVINASH P,1499400.0,3,1,1,1
Bhusan Rai,1499400.0,3,1,1,1
SARPANCH,1499400.0,6,1,1,1
SHIV SHAKTI BULDING MATERIAL SUPPLIERS,1499400.0,3,1,2,1
HARYANA COMPUTER,1499397.0,6,1,1,1
PANKAJ BORGOHAIN,1499361.0,6,1,1,1
NITHEESH K,1499355.0,3,1,1,1
RICHARD HARDSON K,1499336.0,1,1,1,1
SIDCO,1499328.0,3,1,1,1
Varatharajan Ramasamy,1499319.0,3,1,2,1
DAYANANDA SHETTY,1499277.0,3,1,1,1
UNITY ENTERPRISES,1499277.0,3,1,1,1
KILARI KONDAPA NAIDU,1499277.0,3,1,2,1
GRAM PANCHAYATSANKHYAD,1499271.0,3,1,1,1
G RAJESH SHETTY,1499265.0,3,1,1,1
SADUM NAGARAJA,1499262.0,3,1,1,1
MAYUR GANPAT UBHE,1499255.0,2,1,1,1
Sowmiya Construction,1499250.0,3,1,1,1
GP Charbhantha,1499247.0,6,1,1,1
THEJAS TRADERS,1499214.0,3,1,2,1
U KARTHICK,1499211.0,3,1,1,1
PASUPULETI DAMODARA,1499199.0,3,1,1,1
EARANNA,1499187.0,6,1,2,1
GIREESH PANDU RATHOD,1499184.0,6,1,1,1
MUTHUVEL N,1499142.0,3,1,1,1
MANDAL GRAM PANCHAYAT,1499139.0,3,1,1,2
DINESH M,1499130.0,3,1,1,1
MAHESWARI,1499100.0,3,1,1,1
GRAM PANCHAYAT CHIMERKEL,1499100.0,6,1,1,1
R Prabhu,1499087.0,2,1,1,1
SANJIB MALLIK,1499052.0,3,1,1,1
SUJANGADH GRAM PANCHAYAT,1499046.0,3,1,1,1
Ms Girraj Trading company,1499037.0,3,1,2,1
A Ravi Kumar,1499004.0,3,1,1,1
shreyash bandhu patil,1499000.0,3,1,1,1
C SIVAKUMAR,1498968.0,1,1,1,1
Sanchu Maya Rai,1498966.0,1,1,1,1
BALAKRISHNA SHETTY,1498965.0,3,1,1,1
Creative Construction,1498941.0,1,1,1,1
DEVANABOYINA CHINA VENKATA SUBBAIAH,1498884.0,3,1,2,1
VADLA MONAIAH,1498863.0,3,1,1,1
kalpesh vasant vichare,1498862.0,1,1,1,1
nandanvn majoor sahakari sanstha maryadit,1498862.0,1,1,1,1
Shivneri Co Op Lcs Ltd,1498861.0,1,1,1,1
RONALD CRASTA,1498860.0,3,1,1,1
Swadesh Ranjan Bera,1498857.0,3,1,1,1
SRINGESH,1498839.0,3,1,1,1
GRAM PANCHAYAT GANESHPURA,1498827.0,9,1,1,1
MUSKAN KUMARI,1498817.0,1,1,1,1
Shri Ram Traders Bela,1498800.0,6,1,1,1
CHANDAN BHUYAN,1498791.0,3,1,1,1
GP Rapagula,1498740.0,6,1,2,2
SARIKA,1498740.0,3,1,1,1
SAURABH HARDWARE,1498734.0,9,1,1,1
BASUDEV BEHERA,1498707.0,6,1,1,2
BALAJI PRECAST AND CONSTRUCTION COMPANY,1498701.0,3,1,1,1
Gangadharan V K,1498694.0,1,1,1,1
BOINI VENKATAPPA,1498692.0,3,1,1,1
GRAM PANCHAYAT SURAJPURA,1498680.0,6,1,1,1
Pampa Paul,1498680.0,3,1,1,1
Sri Venkateshwara Mahila Podupu Sangem,1498671.0,3,1,2,1
KOMMALAPATI TELLAIAH,1498635.0,3,1,2,1
SHREE CONSTRUCTION COMPANY,1498629.0,3,1,1,1
gram panchayat sukli,1498599.0,6,1,1,1
SRI VARI CONSTRUCTION MELSATHAMANGALAM,1498572.0,3,1,1,1
GRAM PANCHAYAT KHAREDI,1498560.0,6,1,2,2
HUSANAPPA S MADAR,1498539.0,6,1,1,1
MSV Constructions,1498500.0,3,1,1,1
Anil Saket,1498500.0,6,1,1,1
KOUNDINYA,1498500.0,3,1,1,1
QUADRI SAYYAD JALAL ALI AHAMAD,1498500.0,3,1,1,1
GRAM PANCHAYAT TAALPUR,1498500.0,6,1,1,1
NAVEEN KUMAR H P,1498497.0,3,1,1,1
YALAGURDAPPA APPANNA BANDI,1498494.0,6,1,1,1
GRAM PANCHAYAT KAMTA,1498488.0,6,1,1,1
GRAM PANCHYAT BHESHA,1498452.0,6,1,1,1
Sk Mustak Ali,1498440.0,3,1,1,1
MST CONSTRUCTION,1498437.0,3,1,2,1
SARSWATI VIDYA MANDIR INTER COLLEGE,1498436.0,1,1,1,1
SHANKARAGOUDA V AGASIMUNDIN,1498371.0,6,1,1,1
RAJRATH ENTERPRISE,1498362.0,3,1,1,1
Jarimari labour co op society ltd,1498335.0,1,1,1,1
CHAGAN LAL JAT,1498308.0,3,1,1,1
NITHIN ARAS,1498275.0,3,1,1,1
JANUDA GRAM PANCHAYAT,1498197.0,3,1,1,1
YALLAPPA KARIYAPPA KARIGAR,1498173.0,6,1,1,1
ALAMGIR SK,1498164.0,6,1,2,1
GRAM PANCHAYAT MALHARI,1498131.0,6,1,2,1
VISHNU H,1498116.0,3,1,2,1
Lingam Enterprises,1498110.0,3,1,1,1
BOJANNA DINESH,1498095.0,3,1,1,1
KUSHAL N J,1498095.0,3,1,1,1
H RAMANJANAPPA,1498095.0,3,1,2,1
Mallikarjuna,1498083.0,6,1,2,1
NABAGOPAL BHANDARI,1498059.0,6,1,2,1
Narasimhan N,1498020.0,3,1,1,1
ALAGAPPAN C,1497996.0,3,1,1,1
sarpanch sakarpatal,1497990.0,3,1,2,2
MADHIRAJU RAMABADRA RAJU,1497963.0,3,1,1,1
BALASHANMUGAM T,1497945.0,3,1,1,1
GRAM PANCHAYAT SANKARA,1497942.0,6,1,2,1
ALAMELU ENTERPRISES,1497936.0,3,1,2,1
GRAM PANCHAYAT SALHEDANDA,1497918.0,6,1,2,1
BDO MPLAD PERNAMALLUR,1497906.0,3,1,1,1
MARUTI YANDIGERI,1497879.0,6,1,1,1
GRAM PANCHAYAT DHARMAPUR,1497870.0,3,1,1,1
SHREE CONSTRUCTION,1497864.0,3,1,1,1
B K AGENCY,1497837.0,6,1,1,1
SHREE SUNDARGADH GRAM PANCHAYAT,1497828.0,3,1,1,1
THOTA RAMESH CONTRACTOR,1497810.0,3,1,2,1
GP CHHIBARRA SARAIPALI,1497783.0,6,1,1,1
SK ABUL KASHAM,1497750.0,3,1,1,1
RAVI KUMAR REDDY BADEPALLI,1497681.0,3,1,1,1
PUSHPENDRA SINGH,1497678.0,3,1,1,2
VARALAXMI DEVELOPER,1497663.0,3,1,1,1
GRAM PANCHAYAT LAMBAR,1497600.0,6,1,1,1
Gram panchyat pathrohi,1497600.0,18,1,1,1
NEMIRAJU,1497600.0,12,1,1,1
Y SRINIVASULU,1497576.0,3,1,1,1
FUNG PENG NAMCHOOM,1497555.0,3,1,1,1
I S ENTERPRISE,1497549.0,3,1,1,1
M VENKATESH,1497507.0,3,1,1,1
KUDA GRAM PANCHAYAT,1497507.0,3,1,1,1
RBH ENTERPRISE,1497444.0,6,1,2,1
Ganesh Majoor Sahakari Sanstha Ltd,1497324.0,2,1,1,1
Shri RK Construction,1497285.0,3,1,1,1
THE BHAGAT SINGH CO OP L AND C SOCIETY LTD,1497240.0,3,1,1,1
satyam balasaheb udage,1497230.0,1,1,1,1
SAFIULLA ENTERPRISE,1497222.0,3,1,1,1
ADVIK ENTERPRISES PRO RAHUL PRATAP,1497134.0,1,1,1,1
Rajarshi Dev Nath,1497066.0,23,1,1,1
gram panchayat manoharpur,1497060.0,6,1,1,1
MANJUNATH VAJJARMATTI,1497000.0,6,1,1,1
Vyshnavi Paraspara Sahayaka Sahakara Podupu Parapathi and MS,1497000.0,3,1,2,1
Spoorthy Mahila Podupu Sangem,1497000.0,3,1,2,1
smc gups indokali,1497000.0,6,1,1,1
NAGARAJAVARMA R,1497000.0,3,1,1,1
GRAM PANCHAYAT BHAGOHAR,1496950.0,9,1,1,1
Demai Gram Panchayat,1496925.0,3,1,1,1
Abhishek Rathod,1496916.0,4,1,1,1
VST GLOBAL STEELS PRIVATE LIMITED,1496871.0,3,2,2,1
SAYED TARIQUE AZIZ,1496820.0,3,1,1,1
GRAM PANCHAYAT KHANDELSAR,1496781.0,6,1,1,1
PADNAVATI CONSTRUCTION,1496748.0,3,1,2,1
Mein Enterprises,1496667.0,3,1,1,1
KOTAKONDA TIRUPATI,1496655.0,3,1,2,1
BHASKAR CONSTRUCTION SERVICES,1496537.0,6,1,2,1
SANKETGOUDA BASANAGOUDA PATIL,1496535.0,6,1,1,1
ANKUSH PRADIPRAO NACHONE,1496534.0,2,1,1,1
C Dinesh,1496526.0,3,1,2,1
Gram panchayat sakaria,1496478.0,6,1,2,1
DEBABRATA PAL,1496433.0,3,1,2,1
SEKH AYOB ALI,1496415.0,3,1,2,1
ADARSH TRADERS MAJHAULI,1496374.0,18,1,1,1
Sunilkumar D,1496361.0,3,1,1,1
SANTOSH GOURSHETTY,1496250.0,4,1,1,1
THE MODERN PUBLIC INTER COLLEGE SAMAISA MAHUL AZA,1496241.0,3,1,2,1
OM SHREE SATYA SAI CONSTRUCTION,1496151.0,3,1,1,1
TAPAN DUTTA,1496121.0,3,1,2,1
Gram panchayat Baroli,1496100.0,6,1,1,1
GRAM PANCHAYAT BARTIYABHATA,1496100.0,6,1,1,1
K TECH SYSTEMS,1496100.0,3,1,1,1
PAVANKUMAR RAMAPPA SHIRUR,1496082.0,6,1,1,1
GRAM PANCHAYAT CHHIRARI,1496082.0,6,1,1,1
jagdamb industries,1496058.0,3,1,1,1
SHREE CONSTRUCTION PRO SHIRKANT VIKRAM GAIKWAD,1496058.0,3,1,1,1
JAYANTA CHAKRABORTY,1495881.0,3,1,2,1
GRAM PANCHAYAT SAJAPANI,1495818.0,6,1,1,1
CHANCHAL KR ROY,1495815.0,3,1,2,1
MOHAMMAD MOHIMUDDIN,1495761.0,3,1,2,1
GORANTLA RAJESH BABU,1495732.0,1,1,1,1
MARPINA SRINIVASA RAO,1495665.0,3,1,1,1
SHANKARGOUDA GOUDAR,1495623.0,6,1,1,1
GRAM PANCHAYAT NAWAPARA D,1495599.0,6,1,2,1
gram panchayat amethi,1495518.0,6,1,1,1
Gram Panchayat Gambhiriya Hat,1495509.0,6,1,1,1
NISHANTH CONSTRUCTIONS,1495494.0,4,1,1,1
GRAM PANCHAYAT KOYLARI,1495470.0,6,1,1,1
NENAVATH RAVINDER NAIK,1495449.0,3,1,1,1
DECORUM FURNITURES INTERIORS,1495448.0,6,1,1,1
D A Enterprises,1495386.0,3,1,1,1
RAMYA D,1495378.0,12,1,1,1
gram panchayat Bankodi,1495287.0,3,1,1,1
SRI CHENNAMBIKA CONSTRUCTION,1495221.0,3,1,1,1
sarpanch nadagchond,1495137.0,3,1,2,2
Nirmala Enterprise,1495065.0,3,1,2,1
Nitin Construction Company,1494999.0,3,1,1,1
S Kamalakar Rao,1494984.0,3,1,1,1
Subhas Chandra Dey,1494960.0,3,1,2,1
GP Kapisda B,1494954.0,6,1,2,2
Indhira construction,1494897.0,3,1,1,1
G VIGNESHKANNA,1494837.0,3,1,1,1
Shri Jaitai Enterprises Sharda Katore,1494800.0,4,1,1,1
DADAPOR GRAMPANCHAYAT,1494750.0,3,1,1,1
Satish Chandrakanth Meti,1494711.0,6,1,1,1
NUR AMIN,1494690.0,3,1,2,1
PRADDEP  MANE,1494640.0,1,1,1,1
PRADDEP MANE,1494640.0,1,1,1,1
PRAVEEN SIDDAKATTE,1494630.0,3,1,1,1
Dhoni Mahadevakumarsowri,1494540.0,3,1,1,1
MOTA PANCHA DEVDA GRAM PANCHAYAT,1494531.0,3,1,1,1
K MANJUNATHA KAMATH,1494450.0,3,1,1,1
SAT LIGHT AND POWER,1494360.0,3,1,1,1
SHRI BHERU NATH BUILDING MATERIAL SU,1494318.0,6,1,1,1
SK MUNSEF ALI,1494315.0,3,1,2,1
GP BELIYABADI,1494300.0,6,1,2,1
Shivanand P Madar,1494273.0,3,1,1,1
UMANG RAI,1494207.0,3,1,1,1
RAJESH K V,1494044.0,2,2,2,1
Sobder Ali Khan,1494012.0,3,1,2,1
Harshadbhai Jamubhai Patel,1494000.0,3,1,2,1
JITENDRA KUMAR  CONTRACTOR,1494000.0,2,1,1,1
Matadi Marble And Tiles,1493988.0,3,1,1,1
GRAM PANCHAYAT KANSKHEDA,1493910.0,6,1,2,1
PRABHU M BALIKAI,1493841.0,6,1,1,1
GRAM PANCHAYAT MEDINIPUR,1493700.0,6,1,1,1
VATESHWAR MAJOOR AND BANDHKAM SAHAKARI SANSTHA,1493673.0,1,1,1,1
M ANJENAYA REDDY,1493662.0,3,1,1,1
MS CRYSTAL ENTERPRISES,1493619.0,3,1,1,1
LEELADHAR,1493490.0,3,1,1,1
MULLU RAMBABU,1493478.0,3,1,1,1
The RD coop l c society bgarh,1493445.0,3,1,1,1
NEELKANTH TRADERS AND SUPPLIERS,1493400.0,3,1,1,1
GRAM PANCHAYAT KARYALAY TAKBID TQ NAIGAON,1493374.0,1,1,1,1
VIJAY KUMAR AMIN,1493115.0,3,1,1,1
Jagannath Enterprise,1493091.0,3,1,1,1
VARULA SWAROOPA,1493046.0,3,1,1,1
CHOWDHURY ENTERPRISE,1493010.0,3,1,1,1
UDDYOG,1492929.0,3,1,1,1
GRAM PANCHAYAT PANVA,1492698.0,3,1,2,1
Bandaru Narasimha rao,1492660.0,3,1,1,1
SARAD SUBBA,1492584.0,3,1,1,1
BASAVARAJ JADRAMAKUNTI,1492518.0,6,1,1,1
Omkar Navnath Thorat,1492304.0,2,1,1,1
SOMANAYAKA,1492188.0,6,1,1,1
NAGARAJA B,1492170.0,6,1,1,1
DEVARAJ,1492143.0,6,1,1,1
Pradip Saha,1492141.0,3,1,2,1
BIBI NASRIN,1492019.0,1,1,1,1
SUNILKUMAR DESAI,1491948.0,6,1,1,1
K K THAMBAN NAMBIAR,1491603.0,3,1,1,1
NAVEEN KUMAR,1491261.0,6,1,1,2
SARPANCH GRAM PANCHAYAT PARSADAKISAN,1491231.0,6,1,1,1
TADKESHVAR GRAM PANCHAYAT,1491048.0,3,1,2,1
VAVDI GRAM PANCHAYAT,1490976.0,3,1,1,1
GRAM PANCHAYAT KHADGAWANKALA,1490901.0,6,1,2,1
HARISH METI,1490841.0,6,1,1,1
IMRAN B,1490745.0,6,1,1,1
NUR MAHAMMAD,1490514.0,3,1,1,1
Barakam Ravi Kumar Reddy,1490481.0,1,1,1,1
KANHA JI CONSTRUCTION,1490460.0,6,1,1,1
Amaresh Channappa Meti,1490454.0,6,1,1,1
SHAIK AND CONSTRUCTION,1490445.0,3,1,2,1
MALLIKARJUN NANDAPUR,1490223.0,6,1,1,1
Gram panchyat luhari,1490196.0,6,1,1,1
M V VENKATASWAMY CNT,1490127.0,6,1,2,1
NARAYANPUR,1490001.0,5,1,2,1
SHREE YOGESHWAR SAHAKARI MAJOOR BANDHKAM SANSTHA LTD,1489900.0,1,1,1,1
VISHAL JAISWAL,1489881.0,3,1,1,1
SARPANCH G G P AHWA,1489833.0,3,1,2,2
MS Dhanvika Constructions,1489812.0,3,1,1,1
Swapnil Raghunath Thorat,1489610.0,1,1,1,1
SANTOSHKUMAR MYAALAMANI,1489602.0,6,1,1,1
ABDUL SALAM,1489590.0,3,1,2,1
SURANA ASSOCIATES,1489500.0,1,1,1,1
S SELVI,1489479.0,1,1,1,1
GRAM PANCHAYAT SURERA,1489211.0,4,1,1,1
ROYAL COLLECTION,1489136.0,2,1,1,1
GRAM PANCHAYAT POUNDI,1488900.0,6,1,1,1
DHIRAJ RAJENDRA BULLE,1488757.0,1,1,1,1
KONDRU HAREESH,1488648.0,6,1,1,1
ABHILASH BALKRUSHNA DARWATKAR,1488370.0,3,1,1,1
Pappula Lakshmi Narayana,1488276.0,3,1,1,1
R C TRADERS,1488000.0,3,1,1,1
NIRAJ KUMAR,1487959.0,1,1,1,1
BOSS ENTERPRISES,1487876.0,34,1,2,1
SUDHANSHU KUMAR,1487721.0,1,1,1,1
SARPANCH GRAMPANCHAYAT GONDHANKHEDA KAMKHEDA,1487715.0,1,1,1,1
sanjeet kumar,1487418.0,3,1,1,1
B A Contractor,1487340.0,6,1,1,2
Srinivas Reddy Boyella,1487270.0,1,1,1,1
Reddys Engineeering Contractors,1487226.0,3,1,1,2
gram panchayat ghogari tq hadgaon,1487075.0,1,1,1,1
RAVI K,1486983.0,3,1,1,1
SARPANCH GRAMSEVAK GRAMPANCHAYAT WAKAD TQ KANAND,1486882.0,1,1,1,1
Manjunath Bhimappa Godikatti,1486881.0,3,1,1,1
GRAM PACHAYAT KOTMER,1486800.0,10,1,1,1
MD NAYEEM UDDIN,1486653.0,3,1,1,1
EE EDD Hata,1486569.0,6,1,1,1
GRAM PANCHAYAT NEBUHA WEST,1486539.0,24,1,1,1
AZAD CONSTRUCTION,1486455.0,3,1,2,1
AYYAN CONSTRUCTION,1486280.0,4,2,2,2
THE GHAGGAR COP L C SOCIETY LTD ROPAR R,1486278.0,3,1,1,1
Manjunath S Pawar,1485960.0,3,1,1,1
GOVIND SHRIRAM MUNGAL,1485959.0,1,1,1,1
JAYANTH M J,1485957.0,6,1,1,1
DIPANGKOR DOLEY,1485849.0,6,1,1,1
Sarpanch Hanvantchond,1485735.0,3,1,2,2
Gram Panchayat Motapondha,1485630.0,3,1,2,1
NaniPaniyaliGramPanchayt,1485516.0,6,1,1,1
Xavier Prabhu,1485403.0,1,1,1,1
SATYENDRA SINGH,1485277.0,1,1,1,1
RESHAMIYA GRAM PANCHAYAT,1485267.0,3,1,1,1
ANAND TANAJI DURGAI,1485093.0,3,1,1,1
Gram Panchayat Bhutparasi,1485000.0,6,1,1,1
BAMURIYA,1485000.0,9,1,1,1
BATTINI SHANKAR GOUD,1485000.0,3,1,1,1
THURPU LINGESHWAR,1485000.0,3,1,1,1
JHAKHRIPURA GRAM PANCHAYAT,1485000.0,3,1,1,1
Gram panchayat jogigufa,1485000.0,6,1,2,1
ANIL KUMAR CONTRACTOR,1485000.0,3,1,1,1
SIRIPURAPU RAMBABU,1485000.0,3,1,1,1
GUPALA BHUPENDER,1485000.0,3,1,1,1
CHEPPALA RAKESH,1485000.0,3,1,1,1
DEROL STATION GRAM PANCHAYAT,1485000.0,3,1,1,1
EEGA SUDHAKAR,1485000.0,3,1,1,1
Gram Panchayat Khejdasultan,1485000.0,6,1,1,1
NALLA MOHAN REDDY,1485000.0,3,1,1,1
GRAM PANCHAYAT ZUMAVADI,1485000.0,3,1,2,1
JAIDI CHINNA REDDY,1485000.0,3,1,1,1
BALRAJ MAKTAL,1484997.0,3,1,1,1
SRI RAJARAJESHWARA INFRA,1484997.0,3,1,1,1
LAXUMAN GURUNG,1484997.0,3,1,1,1
NEERADI PADMAIAH,1484997.0,3,1,1,1
KASHAPAGA ABRAHAM,1484997.0,3,1,1,1
Gram panchyat Amai Batka,1484907.0,6,1,2,1
PURNA BAHADUR DHOLI,1484871.0,3,1,1,1
Rahul Kumar Govt Contractor,1484847.0,3,1,1,1
BARKHEDI KIRAR,1484541.0,6,1,1,1
Manjunath Madivalappa Katterkar,1484493.0,3,1,1,1
BAJRANG SUPPLIERS BORWAT,1484400.0,6,1,2,1
Govidula Srinivas,1484382.0,3,1,1,1
BISHWESHWARI CONSTRUCTION,1484379.0,3,1,1,1
Gram Panchayat Nathanpur,1484289.0,6,1,1,1
Yellanki Sai Ram,1484035.0,8,1,1,1
MALUNJA BDK WADR MAJUR SAH SANSTHA MAR YADIT,1484014.0,3,1,1,1
EURO CARE ENTERRISES,1484000.0,2,1,1,1
RAMPURA JAGIR,1483896.0,6,1,1,1
KARTHIK K V,1483518.0,6,1,2,1
SAMPATH KUMAR M S,1483512.0,6,1,2,1
MUSKU RAJA REDDY,1483440.0,3,1,1,1
AROCKIADASS SUSAI MANICKAM,1483296.0,3,1,1,1
ANKAJ TRADERS,1483253.0,2,1,1,1
RAMANI CONSTRUCTION,1483191.0,3,1,1,1
GRAM PANCHAYAT KARYALAYA BALANTWADI,1482891.0,3,1,2,1
KASTHURI SHANMUGAM,1482790.0,1,1,1,1
gurudev construction,1482587.0,7,1,1,1
Ganne Narender Reddy,1482552.0,3,1,1,1
PANDIAN V Contractor,1482499.0,1,1,1,1
JOGIKIRRODA,1482000.0,9,1,1,1
S Mahipal Goud,1482000.0,3,1,1,1
MAUDRA SHERPUR,1482000.0,9,1,1,1
GRAM PANCHAYAT KARYALAYA NANDANVAN KANDHAR,1482000.0,3,1,2,1
POWER ENGINEERING WORKS,1481813.0,2,1,1,1
NAVYUWAK MAJOOR SAH SANTHA,1481788.0,4,1,2,1
SURAJ SHIVAJI SHINDE,1481367.0,3,1,1,1
jay khanderiya majur sahakari sanstha ltd,1481266.0,2,1,1,1
THE BN CO OPERATIVE LAND C SOCIETY LTD,1480887.0,6,1,1,1
HARVINDERJIT SINGH,1480794.0,6,1,1,1
SHRI TANOTRAY PUBALIC ACCEDMI SANSTHA HADAN,1480557.0,3,1,2,1
SAILU PANDI MUKKULA,1480173.0,4,1,1,1
JEEVIKA TRADERS,1480059.0,22,2,2,1
DHAN KUMAR LAMA,1479990.0,3,1,1,1
ASSISTANT ENGINEER CHERIYABARIYARPUR,1479734.0,2,1,1,1
BABAR ENTERPRISE,1479510.0,3,1,1,1
BHANWAR LAL GURJAR,1479022.0,3,1,1,1
TMB Enterprise,1478928.0,3,1,1,1
advance technology india,1478880.0,3,1,2,1
NAVAGAM CHOTILA GRAM PANCHAYAT,1478772.0,3,1,1,1
Bollampalli Raja Kumar,1478304.0,3,1,2,1
MS G T CONSTRUCTION,1478229.0,1,1,1,1
GRAM PANCHAYAT LUHERI,1478160.0,3,1,2,1
tushar satish rawale,1478076.0,2,1,1,1
gram panchayat kallutola,1477599.0,6,1,1,1
Hokap Sangam,1477500.0,3,1,1,1
MS Dawa Enterprises,1477491.0,1,1,1,1
MADDI SUDHARSHAN,1477338.0,3,1,1,1
CHANDRA R,1477221.0,3,1,1,1
PALLE BALAVARDHAN REDDY,1476492.0,3,1,1,1
RUBY SINGH,1476306.0,2,1,1,1
DILLIP UDDIN JE,1476278.0,8,1,1,2
KAMANNA K,1475964.0,6,1,2,1
G L KRISHNA REDDY,1475964.0,6,1,2,1
LAKSHMAN,1475904.0,6,1,1,1
NARBIR CHHETRI,1475676.0,3,1,1,1
NIDIMUSALI VENU GOPAL REDDY,1475385.0,3,1,2,1
Tirth Agro industries,1475000.0,5,1,1,1
BHANGADA GRAM PANCHAYAT,1474173.0,3,1,1,1
The Mahakal Coop L and C Society ltd,1474136.0,6,2,3,2
UMESH ANANTA NAYKAR,1473954.0,3,1,1,1
Dinesh Kumar Cont,1473771.0,3,1,1,1
SARPANCHSHRI PALI GRAM PANCHAYAT,1473582.0,3,1,1,1
GRAM PANCHAYAT PATPAR SINGARPUR,1473000.0,6,1,2,1
KAMANTI RAI,1472405.0,4,1,1,1
Dawa Lepcha,1472304.0,3,1,1,1
Dhiraj Periwal,1471536.0,3,1,1,1
MS PAKHIJA ENTERPRISE,1471494.0,3,1,1,1
ADAPA THAMMANNA NAIDU,1471175.0,3,1,1,1
MADADI VENKAT SHYAM SUNDER REDDY,1471053.0,3,1,2,1
Shree Ganesh Traders,1470930.0,6,1,1,1
KAMLESHKUMAR LABHUBHAI GONDALIYA,1470000.0,3,1,2,1
REBOT ORTHOCARE,1470000.0,3,1,2,1
MUP Vaivakawn,1470000.0,3,1,2,1
Pentagon Tech Fusion Services Pvt ltd,1470000.0,3,1,1,1
Zohmingliana Care Of Tuithiang Local Council,1470000.0,3,1,2,1
CC Construction of Community hall at Ganesh Nagar Rajohuwa Bor Namghar Ganesh Nagar Basista,1470000.0,4,1,1,1
Gram Panchayat Bhadran,1470000.0,3,1,1,1
CHANDRASEKAR NAIDU POTHALA,1469982.0,3,1,1,2
SEGVA GRAM PANCHAYAT,1469718.0,3,1,1,1
SLR ENTERPRISES,1469460.0,3,1,1,1
GRAM PANCHAYAT ANTHARA,1468566.0,6,1,1,1
B LAKSHIDEVI,1468545.0,3,1,1,1
ANVI CONSTRUCTION,1468277.0,4,1,2,1
PULLA REDDY G,1468167.0,3,1,1,1
NABAB CONSTRUCTION,1468119.0,3,1,1,1
LAVLESH KUMAR PANDEY,1467538.0,3,1,1,1
SURYANARAYANA REDDY VARA,1467531.0,3,1,1,2
MORTHALA GRAM PANCHAYAT,1467434.0,4,1,1,1
NUTAN KAMGAR SAHAKARI SANSTHA,1466928.0,1,1,1,1
NAKKA GURRAPPA,1466766.0,3,1,1,2
Biswa Ranjan Borah,1466250.0,9,1,1,1
EDWIN LEPCHA,1465494.0,3,1,1,1
HARSHIT MATERIYAL SUPPLIER,1465100.0,16,1,2,1
LAKHANKA GRAM PANCHAYAT,1465092.0,3,1,1,1
nonghanchora gram pacnhayat,1464759.0,3,1,1,1
MK AND CO,1464476.0,1,1,1,1
BALVEER SINGH NEGI,1464260.0,1,1,1,1
SHRI DEVKRUPA COMSTRUCTION COMPANY,1464070.0,2,1,1,1
MS PUSHPENDRA KUMAR RAI CONTRACTOR,1464026.0,2,1,1,1
yogesh suresh farde,1463967.0,1,1,1,1
Sri Sivarama Constructions,1463784.0,3,1,1,1
Yarramasu Siva Rama Krishna,1463767.0,1,1,1,1
BISWAS CONSTRUCTION,1463573.0,1,1,1,1
Sudarshan TilesIndustries,1463465.0,36,1,1,1
MS RABIN CON,1463079.0,1,1,1,1
NARENDRA MEENA,1463046.0,3,1,1,1
Sk Mosaraf Hossain,1463005.0,1,1,1,1
ANITA NAIK,1462496.0,5,1,1,2
Jindal Tubewell Store,1462374.0,3,1,1,1
The VLC Chairman Devarapalli Baski,1462151.0,3,1,1,1
SHERPA ENTERPRISE,1462146.0,3,1,1,1
GREEN TARA CONSTRUCTION,1462008.0,3,1,1,1
SARASWATI PIPE HOUSE,1461600.0,3,1,1,1
NALLAPPA N,1461474.0,3,1,1,1
V GOMATHI CIVIL CONTRACTOR,1461351.0,3,1,1,1
Assistant Engineer Rajpur,1461282.0,3,1,1,1
THALLAPELLY RAJA GOUD,1460655.0,3,1,1,1
MAHESH KUMAR,1460573.0,5,2,2,2
DHRUBA JYOTI BARUAH,1460090.0,8,1,1,1
Dheeraj Kumar,1459401.0,12,2,3,2
SOMA ENTERPRISE,1458990.0,3,1,1,1
BAMPALLY GANGA REDDY,1458967.0,4,1,1,1
DHUPENDRA PRASAD,1458930.0,1,1,1,1
Shri Nath Trading Company,1458678.0,3,1,1,1
RADHE KRISHNA ENTERPRISES,1458122.0,4,1,1,1
JILHA VARSHIK YOJANA G P SATHAGAON,1457701.0,1,1,1,1
GP BURDI,1457403.0,6,1,2,1
Bhukya Ramesh,1457298.0,3,1,1,1
KRISHNA PRASAD SHETTY BK,1457118.0,3,1,1,1
CHANDIRI NARSIMHA REDDY,1456812.0,3,1,1,1
Padavala Gram Panchayat,1455465.0,3,1,1,1
JERPANU LEPCHA,1455240.0,3,1,1,1
RAMESH RAI,1455105.0,3,1,1,1
GRAM PANCHAYAT PIPALGABHAN,1455000.0,6,1,1,1
SANGAM CEMENT AGENCY,1454862.0,3,1,1,1
THE BROTHERS GROUP LABOUR AND CONSTRUCTION SOCIETY LTD SHAHBAD,1454778.0,6,1,1,1
GP VARUD,1454772.0,3,1,1,1
Bharanikkavu Labour Contract Society,1454721.0,3,1,2,1
RANGASWAMY,1454430.0,6,1,1,2
JANGID CONSTRUCTION COMPANY,1453992.0,3,1,1,1
SA ASSOCIATES,1453524.0,3,1,1,1
PRUTHVI BUILDERS,1453443.0,1,1,1,1
CHOGEL SHERPA,1453317.0,3,1,1,1
KUSANTINI PING JE,1453151.0,4,1,1,2
GRAM PANCHAYAT BHELWADEEH,1452987.0,6,1,2,2
radhika traders,1452822.0,3,1,1,1
PHUPU TSHERING BHUTIA,1452600.0,3,1,1,1
SINHA ENTERPRISE,1451796.0,3,1,2,1
MS TRADERS,1451064.0,2,1,1,1
JAY SHRIKRUSHNA MAJOOR KAMGAR SAHKARI SANSTHA,1450809.0,3,1,1,1
Prem Enterprises,1450449.0,3,1,1,1
Jaydeb Kundu,1450407.0,3,1,1,1
Zonaal Construction,1450353.0,3,1,1,1
KESIMPA GRAM PANCHYAT,1450000.0,5,1,1,1
SMC GPS SONNAGAR,1450000.0,7,1,1,1
MORNING FOOTBALL CLUB,1450000.0,5,1,1,1
THAKRI MATTI,1450000.0,16,1,1,1
GRAM PANCHAYAT KHADGAWAN,1449977.0,7,1,1,2
Gram Panchayat Masroond,1449964.0,10,1,1,1
PUNA RAM BORA,1449542.0,17,1,1,1
GP CHHINDGARH,1449357.0,6,1,2,1
MUKHTIAR SINGH AND BROS,1449189.0,23,1,1,1
ARINDOM SEN,1449180.0,3,1,2,1
ARIJIT SEN,1449180.0,3,1,2,1
SAMANTA ENTERPRISE,1449144.0,3,1,1,1
SELVAKUMAR  R,1449048.0,2,1,1,1
The Arvy CoOp L and C Society LTD,1449013.0,4,2,2,1
KHADI BHANDAR DUNGARPUR,1449000.0,6,1,2,1
SREE INFRA,1448933.0,4,1,2,1
ESWARA RAO KADAMA,1448880.0,3,1,1,1
GOUTAM KUMAR DEY,1448748.0,3,1,2,1
Varre Venkanna,1447953.0,3,1,2,1
Chitikela Veera Venkata Mohan babu,1447749.0,3,1,2,1
Raj Enterprise,1447305.0,3,1,1,1
SAI VEGETABLE AND FRUIT GROWERS MACS,1446666.0,3,1,1,1
MS TRIMURTY ENTERPRISE,1446614.0,14,1,1,1
ABHINAY BHURTEL,1446435.0,3,1,1,1
Ashok Kumar M A,1446093.0,3,1,1,1
DIVYA ENTERPRISES,1445942.0,1,1,1,1
The Basant Nagar Coop Society,1445868.0,3,1,1,1
KUMMATHI NARAYANA REDDY,1445388.0,3,1,1,1
BABITA PATEL,1445286.0,3,1,2,2
KHAIKHEDA,1445000.0,7,1,1,1
SHAIK MOULALI,1444728.0,6,1,2,1
SUMI  CONSTRUCTION,1443305.0,5,1,1,1
The Jainish Cooperative Labour and Construction Society Limited,1443212.0,4,1,2,2
JEET BRICKS,1443111.0,3,1,2,1
PRASUN BHATTACHARYA,1443111.0,3,1,2,1
ADARSH SPORTS,1443030.0,3,1,1,1
Tina Enterprise,1442823.0,3,1,2,1
Suvrasmita Barala JE,1442349.0,3,1,2,1
Mamilla Suresh,1442178.0,3,1,1,1
M S Satish construction,1441734.0,9,1,1,1
M Rajanarsaiah,1440304.0,8,1,1,1
GANESH HARDWARE,1440000.0,3,1,1,1
Palaniappan,1440000.0,3,1,2,1
GP BHOLDIYA,1440000.0,4,1,2,1
Construction of Stage at Japorigog Janajati Yubak Sangha,1440000.0,2,1,1,1
Gram Panchayat Jhirniya,1440000.0,2,1,1,1
CONST OF COMMUNITY HALL IN FRONT OF LARUKHOWA MANDIR BORIGAON,1440000.0,3,1,1,1
BEEO AJNALA 1 STATE FUND,1440000.0,3,1,1,1
Gram Panchayat Saleha,1440000.0,2,1,1,1
GP MUNDLI,1440000.0,4,1,2,1
GRAM PANCHAYAT HASUWA,1440000.0,3,1,2,1
Nellai Motor Vehicle Private Limited,1440000.0,3,1,1,1
Const Of Community Hall Near Choukihali Ras Field,1440000.0,2,1,1,1
GRAM PANCHAYAT DARGAHAN,1439600.0,5,1,2,1
Suraj construction,1439378.0,2,1,1,1
Republic Motors,1437000.0,3,1,1,1
T Muni Raju,1436709.0,3,1,1,1
SHREE VINAYAK ENTERPRISES,1436426.0,4,1,1,1
SIMON P M,1435541.0,3,1,1,1
Rahul Enterprises,1435102.0,1,1,1,1
G VENU GOPAL,1434000.0,3,1,1,2
MD RAZZAK,1433337.0,3,1,1,1
BUILD UP CONSTRUCTION,1433049.0,3,1,1,1
SHRI DONGARI DEVI MAJUR SAHAKARI SANSTHA,1432750.0,1,1,1,1
THE TANYA CO OPERATIVE CONSTRUCTION SOCIETY LIMITED,1430796.0,3,1,1,1
CHANDRASHEKAR N S,1430226.0,6,1,1,2
TATA MOTORS LIMITED,1430000.0,1,1,1,1
MS KAJLA CONTRACTOR,1429494.0,3,1,1,1
KULDIP KUSHWAHA,1429323.0,6,1,1,1
SOBHIT RAI,1428297.0,3,1,1,1
GRAM PANCHAYAT BANSKHEDI ASPAL,1428000.0,5,1,1,1
Ms M B Enterprises,1426563.0,3,1,1,1
GARDHARI LAL,1426500.0,3,1,1,1
AMIT ANIL MUDBAKHE,1426075.0,1,1,1,1
ASHOK SARDER,1425938.0,5,1,1,1
Give for Society,1425480.0,4,1,2,1
CHANDR PRABHA DEVI,1424723.0,1,1,1,1
Deepak Trading,1424235.0,1,1,1,1
ASIF SK,1423329.0,3,1,1,1
AAYAT ENTERPRISE,1423233.0,4,1,1,1
DCS CONTRACTOR,1423212.0,6,1,2,1
Gp Baleer,1422946.0,16,1,1,1
PORIKA VENUGOPAL,1422270.0,3,1,1,1
SHREE SHYAM INTERLOCK TILE,1420998.0,31,1,1,1
G NAGABHUSHANA REDDY,1420776.0,9,1,1,1
INAKONA SURYAPRAKASHARAO,1420283.0,1,1,1,1
RANJEET SINGH,1419963.0,13,3,3,3
KAMAL HOSSEN MONDAL,1419849.0,6,2,2,1
Debendra Prasad Mohapatra,1419724.0,9,1,1,2
RAN BAHADUR RAI,1419402.0,3,1,1,1
ASHISH CONSTRUCTION,1418941.0,4,2,2,2
TANDRA TRADERS,1418860.0,5,1,1,1
MS RAJLAXMI ENTERPRISE,1418797.0,2,1,1,1
NORBU DHENDUP BHUTIA,1418598.0,3,1,1,1
swastika construction co,1417227.0,4,1,1,1
JOGINDER SINGH CONTRACTOR,1417221.0,4,1,1,1
SALLEPALLE VENKATA RAMI REDDY,1417092.0,3,1,1,1
MURTAZA HUSSAIN DAR,1417000.0,2,1,1,1
SMIT MAJUR SAHAKARI SANSTHA MARYA RAJURA,1416321.0,1,1,1,1
ISAROLI,1415877.0,3,1,2,1
G S TRADERS,1415374.0,29,1,1,1
DEE OP TSNPDCL MAHABUBABAD,1414896.0,6,1,1,1
SAJIR A,1414366.0,1,1,1,1
MAHIPAL REDDY MALLEPALLY,1413934.0,15,1,1,1
Gurala Surender Reddy,1412997.0,9,1,1,1
SAGARIKA SWAIN,1412871.0,2,1,1,1
CHAND PASHA,1412211.0,9,1,1,1
Sukhlipura Gram Panchayat,1411635.0,3,1,1,1
SAHARA INFRASTRUCTURES,1411024.0,2,1,1,1
ajay kumar,1410666.0,4,1,1,1
BATTU YELLAM,1410375.0,3,1,1,1
SIRAJ SK,1410000.0,3,1,1,1
OM HARDWARE,1409853.0,14,1,1,1
PRANJAL BORGOHAIN,1407489.0,21,1,1,1
MS SATYADEEP HEIGHTS,1406324.0,2,1,1,1
Fayaz Ahmad Dar,1405735.0,2,1,1,1
GRAM PANCHYAT MANGLI,1404544.0,1,1,1,1
M Siva Krishna Reddy,1404282.0,3,1,1,1
PATHFINDER ENGINEERS CO OPERATIVE SOCIETY LTD,1402551.0,3,1,1,1
GP Chandai,1402546.0,7,1,2,2
AAKANKSHA SINGH,1401046.0,2,1,1,1
Muhammed Rafeek KT,1400085.0,1,1,1,1
Balashan Syiem,1400000.0,4,1,1,1
RANDHIYA GRAM PANCHAYAT,1400000.0,4,1,1,1
SAKHVANIYA GROUP PANCHAYAT,1400000.0,4,1,1,1
Sun Enterprises,1400000.0,2,1,1,1
Gram panchayat mengra naveen,1400000.0,1,1,1,1
GRAM PANCHAYAT RAHEJ,1400000.0,5,1,1,1
MONPUR GRAM PANCHAYAT,1400000.0,4,1,1,1
SK STEEL FABRICATORS,1400000.0,4,2,3,1
Gram Panchayat mudlachand,1400000.0,1,1,1,1
SUBHASMITA SAHU,1400000.0,7,1,2,1
KLESTAR SYIEM,1400000.0,8,1,1,1
LALAVADAR GRAMAPANCHAYAT,1400000.0,4,1,1,1
Chendurlites,1400000.0,4,1,1,1
ARBINGSTONE SHYLLA,1400000.0,4,1,1,1
SVK Borewell Traders,1400000.0,5,1,1,1
BAHANAGA BLOCK JUNIOR ENGINEER IV,1400000.0,7,1,2,1
Shilpi Traders Pahadi,1400000.0,5,1,1,1
Kritika Traders Supplier,1400000.0,5,1,1,1
GP Chalahal,1400000.0,8,1,2,1
RAVIYANA GRAM PANCHAYAT,1400000.0,4,1,1,2
nava rajpipla,1400000.0,4,1,1,1
HIMANSHU SONWANI,1400000.0,6,1,1,1
GRAM PANCHAYAT SIMROL SHU,1400000.0,4,1,2,1
JVG ENTERPRISES,1400000.0,7,1,2,1
Khatakhedi,1400000.0,1,1,1,1
BIJOY KRISHNA SUPPLIERS,1399976.0,4,1,1,1
SHYAM KANTA  GHOSH,1399957.0,1,1,1,1
SHYAM KANTA GHOSH,1399957.0,1,1,1,1
SANDHIYA OTHISAMY,1399943.0,1,1,1,1
DHANDAPANI A,1399935.0,1,1,1,1
markfed,1399790.0,5,1,1,1
JAINULABDEEN N,1399651.0,1,1,1,1
RT Enterprise,1399556.0,12,1,1,1
gram panchayat gopalpur,1399500.0,6,1,1,2
RAHAMAN CONSTRUCTION,1399456.0,1,1,1,1
Bathmasingh Selva Meeran,1399456.0,2,1,1,1
NOUFAL P P,1399411.0,3,1,1,1
SABIBUR ENTERPRISE,1399204.0,4,1,2,1
Somendra Singh,1399200.0,5,1,1,1
SRI KUBERALAKSHMI CONSTRUCTION,1399020.0,1,1,1,1
KIRAN ANIL BHAGAT,1399000.0,4,1,1,1
POOGNANASIGNPRABU,1398996.0,2,1,1,1
RADHAKRISHNAN,1398880.0,1,1,1,1
LAKSHMINARAYAN MAJUR SAHKARI SANSTHA MARYADIT,1398856.0,1,1,1,1
SABNAM CONSTRUCTION,1398820.0,2,1,2,1
MAIHER SHAKTI ENTERPRISES,1398772.0,2,1,1,1
SAHARA ENTERPRISE,1398624.0,4,1,1,1
NAGARAJAN,1398516.0,2,1,1,1
RR ENGINEERING CONSTRUCTION,1398388.0,1,1,1,1
SATHEESH R,1398360.0,1,1,1,1
Gram Panchayat Khuteli,1398236.0,22,1,1,1
Bose,1398071.0,2,1,1,1
KESHAV ENTERPRISES,1398051.0,5,1,1,1
Gram Panchayat Kanek,1398046.0,5,1,1,1
MUNGI NAVEEN REDDY,1397974.0,2,1,1,1
gram panchayt ghupsal ku,1397959.0,4,1,1,1
SAHEBJAN SHAIK,1397525.0,3,1,1,1
Shaik Shoyab Ahamed,1397146.0,3,1,1,1
RANI A,1397064.0,5,1,1,1
Srinivasa Reddy Karnati,1396912.0,3,1,1,1
ELURI GOPALARAO,1396663.0,1,1,1,1
jai maa construction and material suppliers,1396648.0,2,1,1,1
ABHIJIT SARKAR,1396636.0,5,1,1,1
MESVAN GRAM PANCHAYAT,1396398.0,4,1,1,1
RASMIKANTA PATTNAYAK,1395918.0,9,1,1,2
Shivchandra Kumar Pandit,1395806.0,3,1,1,1
shree Kanha Ji,1395117.0,4,1,1,1
GRAM PANCHAYAT AMARWAH,1394925.0,25,1,1,1
SUN POWER TECNOLOGY AND ELECTICALS,1394850.0,4,1,1,1
S MAGENDREN,1394781.0,3,1,2,1
MS BALVEER SINGH YADAV CONTRACTOR,1394694.0,2,1,1,1
GRAM PANCHYAT ADEGAON,1394658.0,1,1,1,1
ira enterprise,1394586.0,5,1,1,1
UPCL Pithoragarh,1394406.0,3,1,2,1
CEO JP KARTALA,1393974.0,6,1,1,1
GRAM PANCHAYAT TILKHAIRI,1393300.0,4,1,2,1
SHREE LODAI JUTH GRAM PANCHAYAT,1393110.0,3,1,2,1
Gram Panchayat Takhlakhurd,1392875.0,7,1,1,1
ASHOK INFRAVENTURE,1392400.0,2,1,1,1
NAVA GRAM PANCHAYAT,1392053.0,4,1,1,2
DREAM SKETCH CO,1391793.0,3,1,1,1
HEMRAJ NIROULA,1391697.0,3,1,1,1
VARSANG GRAM PANCHAYAT,1391594.0,5,1,1,1
GP Shalin,1391220.0,6,1,1,1
Saikat Dey,1390396.0,2,1,2,1
MANOJ TENCHIPA RAI,1388196.0,3,1,1,1
KISHAN INFRASTRUCTURE,1387500.0,2,1,1,1
ARP MOTERS PVT LTD,1386900.0,1,1,1,1
A R BUILDCON CONSTRUCTION,1386774.0,3,1,1,1
DIL KUMAR RAI,1386672.0,3,1,1,1
JOYTIRMAYA ENTERPRISES,1386583.0,11,1,1,1
Jai Singh and Sons,1385247.0,29,1,2,1
Vaka Venkateswarulu,1385194.0,3,1,1,1
BABLU PRAMANIK,1384970.0,4,1,2,1
THE RAJDHAN CO OP L C SOCIETY LTD,1384696.0,8,2,3,2
Bakharla Gram Panchayat,1384392.0,3,1,1,1
Shiv Shankar Building Material Supplier,1384198.0,12,1,1,1
SK RIYAJ AHMED,1384075.0,4,1,1,1
The Baba Daulatgiri Co op L C Society Ltd Jind,1383792.0,6,1,1,1
Meerai Electricals,1383775.0,3,1,1,1
BAHUBALI ASSOCIATES,1383762.0,4,1,1,1
MS S K CONSTRUCTION AND SUPPLIRE,1383000.0,2,1,1,1
TEJ KUMAR KHARGA,1382526.0,3,1,1,1
Rajesh P,1381642.0,2,1,1,1
MANISH RAI,1380825.0,3,1,1,1
MS JE VI ATTABIRA BLOCK,1380000.0,5,1,1,2
KADA GRAM PANCHAYAT,1380000.0,11,1,1,1
MS SURENDRA SINGH THEKEDAR,1379448.0,2,1,1,1
Santhosh M D,1379405.0,1,1,1,1
E P SIVAKUMAR,1379250.0,3,1,1,1
Shri Suvishwa Electricals,1378582.0,3,1,1,1
JIWAN SINGH SAWAI SINGH KUMPAWAT,1378293.0,3,1,1,1
DILIP CHHETRI ACHARYA,1378191.0,3,1,1,1
Guru Gobind Iron Store,1377399.0,18,1,2,1
CONSONA HEALTHCARE,1377000.0,1,1,1,1
CHITANYA CONSTRUCTION,1375779.0,3,1,1,1
YERRAGUDI RAVISEKHAR REDDY,1375674.0,3,1,1,1
VITTALAGOUD HANAMANTGOUD PATIL,1375000.0,5,1,1,1
GRAM PANCHAYAT BASRIYA,1375000.0,5,1,1,1
Gram Panchayat Borirampur,1375000.0,5,1,1,1
Gram Panchayat Airan Mirjapur,1375000.0,5,1,1,1
HANAMANT LIGADE,1374832.0,5,1,1,1
Anil Kmar Saket,1374600.0,5,1,1,1
V P UPPAR,1374486.0,5,1,1,1
DUGGAPPA E,1374034.0,5,1,2,1
M JANARDHAN REDDY,1373922.0,11,1,1,1
Gram Panchayat Nivodiya,1373800.0,5,1,1,1
YALLAPPA T,1373696.0,5,1,2,1
HANAMANT GOUDAR,1373650.0,5,1,1,1
Remi Elektrotechnik Limited,1373520.0,3,1,2,1
TODA GRAM PANCHAYAT,1373423.0,4,1,1,1
Gram Panchayat Ausankhedi,1373262.0,5,1,1,1
ROSHAN POKHREL,1372245.0,3,1,1,1
ANAND  KUMAR,1371604.0,1,1,1,1
Kodati Kanukaiah,1371219.0,3,1,1,1
VENKTESH PAMMAR,1370924.0,5,1,1,1
PRAVEEN JOGIN,1370730.0,5,1,1,1
GRAM PANCHAYAT GODAHI,1370694.0,28,1,1,1
RUDRAGOUDA DEVARAMANI,1370408.0,5,1,1,1
MUINUDDIN CONTECTER,1370138.0,2,1,1,1
BHIMAPPA LANKESH BANDIVADDAR,1370037.0,5,1,2,1
Gavisiddappa,1369426.0,5,1,1,1
bharati construction,1369032.0,4,1,1,1
ABS ENTERPRISE,1365284.0,2,1,1,1
Mansukh Enterprises,1365228.0,3,1,1,1
ADC Cum CPO NRE Panipat,1365000.0,3,1,1,1
GRAM PANCHAYAT MUNGAPAR,1365000.0,5,1,2,1
sidhu enterprises,1364199.0,35,1,1,1
SAKIREVU PALLI PRASANNA KUMAR REDDY,1363422.0,3,1,1,1
A R Enterprise,1362854.0,4,1,1,1
MUJIBUR RAHAMAN,1362807.0,3,1,2,1
Gram Panchayat Manesia,1362500.0,5,1,1,1
REHMAT IRON STORE,1362201.0,27,1,1,1
ABHIJIT DAS,1361673.0,9,1,1,1
GRAM PANCHAYAT BADAJUNGERA,1360800.0,3,1,2,1
ABBASALI SHAHUSSAIN KOGANOLE,1360777.0,3,1,1,1
VINITA,1360488.0,6,1,2,1
DURGESH M K,1360360.0,5,1,2,1
Webel Technology Limited,1360167.0,3,1,1,1
Kanpur Electricity Supply Company Limited,1359360.0,3,1,1,1
THE THAYRA RANGI CO OP L AND C SOCIETY,1358718.0,3,1,1,1
BURDAK CONSTRUCTION COMPANY,1358526.0,3,1,1,1
Classic Tiles,1358130.0,12,1,1,1
AMAR MANGAR THAPA,1358079.0,3,1,1,1
Star Construction Company,1357465.0,84,1,1,1
TATIPELLY GANGADHAR,1357036.0,4,1,1,1
KHELARAM MURMU,1356855.0,6,1,2,1
SHREE BHAI CONSTRUCTION COMPANY,1356357.0,3,1,1,1
GURURAJ GULAPPA ANGADI,1355392.0,5,1,1,1
The Panvi Dangi Co op L and C Society Ltd,1355109.0,3,1,1,1
somy shree enterprises,1354269.0,3,1,1,1
Assistant Engineer Rural AVVNL Sikar,1354137.0,6,1,1,1
KOMMI SIDDULUNAIDU,1353181.0,3,1,1,1
Gram Panchayat Waglawat Mohaniya,1353000.0,6,1,2,1
RITESH RAI,1352445.0,3,1,1,1
Sankholia Trading company Lachadsar,1351957.0,2,1,1,1
Sulata Baroi,1350689.0,1,1,1,1
KPCC ENTERPRISE,1350528.0,4,1,1,1
MANTROJ GRAM PANCHAYAT,1350300.0,3,1,1,1
GRAM PANCHAYAT NANI,1350000.0,3,1,1,1
JUPU BHUMANNA,1350000.0,3,1,1,1
dhobikuva panchayat,1350000.0,3,1,2,1
brahmanvasi,1350000.0,3,1,2,1
S PANDIARAJAN,1350000.0,3,1,1,1
SOYFUL MOLLAH,1350000.0,6,1,1,1
DANSOLI GRAM PANCHAYAT,1350000.0,6,1,1,1
Gram Panchayat Pandrer,1350000.0,6,1,1,1
Gram Panchayat Tankal,1350000.0,6,1,1,1
GRAM PANCHAYAT TANTWAS,1350000.0,3,1,2,1
VIRJAI GRAAM PANCHAYT,1350000.0,3,1,1,1
CHALALI GRAM PANCHAYAT,1350000.0,6,1,1,1
GRAM PANCHAYAT UNDEL,1350000.0,3,1,1,1
RAJA SHEKHAR ANGU,1350000.0,3,1,1,1
GP Mahog,1350000.0,3,1,2,1
MAHADEVPURA GROUP GRAM PANCHAYAT,1350000.0,3,1,1,1
GRAM PANCHAYAT RETA,1350000.0,3,1,1,1
BENILLA K SANGMA,1350000.0,12,1,1,1
GRAM PANCHAYAT NEELEGODI BODENAR,1350000.0,3,1,2,1
GRAM PANCHAYAT MAWLIPADAR 2,1350000.0,3,1,2,1
sarpanch gram panchayat mandar,1350000.0,3,1,2,1
SHYAM KUMAR HEMBROM,1350000.0,16,1,2,1
JABARULLA M,1350000.0,3,1,2,1
S Q TECHNOLOGIES,1349985.0,5,1,1,1
HADAPPA ENTERPRISE COMPANY,1349979.0,6,1,1,1
GODHANA GRAM PANCHAYAT,1349955.0,6,1,1,1
puran singh,1349700.0,10,2,2,2
VIJAYABALAN,1349643.0,1,1,1,1
GRAM PANCHAYAT SANDHANA,1349563.0,4,1,1,1
GARM PANCHAYAT SALBA,1349526.0,6,1,1,1
Rais Uddin Ahmed,1349518.0,5,1,1,1
SHAHED UDDIN AHMED,1349499.0,3,1,1,1
GRAM PANCHAYAT RANGPUR,1349397.0,8,2,2,2
SUHANI ENTERPRISES,1349392.0,17,1,1,1
Abul Hussain,1349289.0,6,1,1,1
MAYAPUR GRAMPANCHAYAT,1349118.0,3,1,1,1
BHATTACHARJEE GROUP AND CO,1348848.0,3,1,1,1
SADHANA INFRA CONSTRUCTION,1348746.0,3,1,1,1
BP SWEET WATER TECHNOLOGIES,1348740.0,3,1,1,1
SAWMI ENTERPRISE,1348704.0,3,1,1,1
Ranu Gram panchayat,1348491.0,3,1,2,1
Rajasekar Mathivanan,1348358.0,1,1,1,1
V SELLAPPAN,1347826.0,1,1,1,1
Khyati Sports,1347750.0,13,1,1,1
GRAM PANCHAYAT KANGRERI,1347622.0,11,1,1,1
NYAYMURTI BANWARILAL PURVA MADHYAMIK VIDYALAY ITAURI KHALISPUR,1347378.0,3,1,2,1
INDUPURU ACHYUTHA SANKAR REDDY,1347077.0,1,1,1,1
Yashvi Traders,1347000.0,13,1,1,2
BHANDARI ENTERPRISE,1346472.0,3,1,1,1
DIVI GRAM PANCHAYAT,1346100.0,3,1,1,1
MUNIYASAMY J,1346004.0,1,1,1,1
KR KUMAR,1345050.0,3,1,2,1
N G ELECTRIC AND PIPE LINE,1344922.0,7,1,1,1
MD AHSAN REZA,1344381.0,3,1,1,1
bechari gram panchyat newww,1344219.0,3,1,1,1
THE QADIAN MOHALLA AKALGARH CO OP L AND C SOCIETY LTD,1343998.0,3,1,1,1
KARUNAKARA REDDY GUJJALA,1343697.0,3,1,1,2
Kerala Artisans Development Corporation LTD,1343316.0,3,1,1,1
ASSISTANT ENGINEER LAMTAPUT BLOCK SANTOSH KUMAR MAHANTY,1343283.0,6,1,2,1
SHIVA JI BKO,1341402.0,58,1,1,1
BHAGYADHAR SAHOO,1340703.0,1,1,1,1
Sewa kaur Sons,1338500.0,32,1,2,1
DEVARAJULU NAIDU B,1337600.0,4,1,1,1
EE EDD HARRAIYA,1337574.0,5,1,1,1
SUNDARI CONSTRUCTION,1336947.0,6,1,2,1
Munna Husain,1336260.0,6,1,2,1
GRAM PANCHAYAT GUNDLAI,1336000.0,2,1,2,1
DEE OPERATION TSNPDCL THORRUR,1335666.0,6,1,1,1
Sant Construction Company,1335450.0,3,1,1,1
KRISHNA CONSTRUCTION COMPANY,1335324.0,2,2,2,2
SATISH AGGARWAL AND COMPANY,1334724.0,3,1,2,1
PUSHPRAJ SONSTRUCTION,1333800.0,25,1,1,1
MAGA BUILDERS,1333598.0,1,1,1,1
JAGMOHAN KATARA,1333545.0,3,1,2,1
P Anjaneyulu,1332618.0,3,1,1,1
Managing Director HPSEDC,1332239.0,2,1,1,1
KERALA FINANCIAL CORPORATION,1331991.0,2,1,1,1
P AND J CONSTRUCTION,1330550.0,7,1,1,1
DENAP GRAM PANCHAYAT,1330000.0,10,1,1,1
BRANCH EARMARKED CAPITAL RECEIPT AC,1329800.0,4,2,2,1
Mantu Kumar basumatary,1329214.0,14,1,1,1
SARPANCH SHRI GRAM PAN KHAJURDI,1328808.0,3,1,2,1
ANAND CONSTRUCTION COMPANY,1328601.0,3,1,1,1
Rohit Dipak Chavan,1328564.0,2,1,1,1
KOTTALA NARESH GOUD,1328463.0,6,1,1,1
RP and RP Constructions,1327422.0,3,1,1,1
AASHDEEP ASSOCIATES,1326975.0,3,1,1,1
Pspcl West Sub Div Chheharta,1326879.0,10,1,1,1
HARAPRASAD JENA,1326000.0,11,1,1,1
E.RATHIKA,1325933.0,1,1,1,1
VISHU ELECTRICALS,1325055.0,3,1,1,1
SELVAM M,1325046.0,3,1,1,2
BABU SINGH RAJPUT,1324725.0,3,1,1,1
GP Junas,1324200.0,7,1,1,1
E MAX COMPUTER EDUCATION,1323600.0,2,1,1,1
MS Prerona Enterprise,1323159.0,6,1,2,1
AJAY KUMAR,1323107.0,13,5,5,6
MIttak Concrete Industry,1323000.0,11,1,1,1
ANUSKA ENTERPRISE,1321839.0,6,1,2,1
SARILLA RATHAN RAJU,1321821.0,3,1,1,1
SHRI SARNESHWAR CONSTRUCTION CO,1321800.0,3,1,1,1
Veer Tajaji Construction Compancy,1320917.0,1,1,1,1
ASSISTANT ENGINEER NAYAGARH BLOCK,1320428.0,18,1,1,2
RIHAN BUILDING MATERIAL AND SANITARY,1320345.0,3,1,2,1
JAY BAJRANG BALI CONSTRUCTION,1320039.0,9,1,1,1
SSS Kalyanpur,1320000.0,4,1,1,1
KUMMARI MADHU,1319823.0,3,1,2,1
DILIP BAL,1318944.0,3,1,1,1
CHETPALLY RAJESH,1318849.0,3,1,1,1
Indomite Venture,1318232.0,16,1,1,1
Sri Venkata Neha Infra,1317880.0,1,1,1,1
THE SHRI GANESH CO OP SOCIETY,1317330.0,3,1,1,1
SHREJAL ASSOCIATE,1316791.0,2,1,1,1
SHRI GANESH INTERLOCK TILES AND BRICKS,1316561.0,7,1,1,1
WARAICH SPUN PIPE INDUSTRIES,1315680.0,3,1,2,1
DURGAWATI CONSTRUCTION CO,1314048.0,3,1,1,1
Gram Panchayat Guraiya,1312500.0,3,1,1,1
J G AND CO SHASHANK J G,1312500.0,6,1,1,1
RAMACHANDRA,1312478.0,7,3,3,3
pratap cement articals udhyog,1311441.0,3,1,2,1
Paras Nath Yadav,1311151.0,1,1,1,1
CHABILE RAM,1310940.0,6,1,2,1
Arup Saikia,1310871.0,24,1,1,1
YOGESH KUMAR C,1310607.0,7,1,1,2
AMIN MANDAL,1310526.0,3,1,1,1
RATU MONI SARMAH,1310430.0,10,1,1,1
The Patti Sekhwan Road Society,1309518.0,4,1,1,1
M P  AGRO DHAR,1309276.0,12,1,1,1
MODERN PAVER INDUSTRIES,1309251.0,12,1,1,1
SAI ENTERPRISE,1308600.0,3,1,1,1
JAMES AUGUSTINE,1307175.0,3,1,1,1
LEKHRAAJ,1306563.0,3,1,2,1
DM CONSTRUCTION,1306248.0,3,1,1,1
The Bhagwati Co op L and C Society Ltd,1305597.0,3,1,1,1
SADHA CONSTRUCTION,1305000.0,3,1,2,1
VSA ENTERPRISES,1305000.0,3,1,2,1
Sri Srinivasa Electricals,1305000.0,3,1,2,1
JSK ENTERPRISES,1304574.0,3,1,2,1
Rati ram Contractor and Suppliers,1304403.0,3,1,1,1
Gram Panchayat Davol,1304169.0,3,1,1,1
Malwa Tile Industries Bathinda,1304127.0,4,1,1,1
THIRUVENGADAM K B,1303767.0,3,1,2,1
OS AND CO,1303494.0,3,1,2,1
MS JAGDAMBE ENTERPRISES,1303415.0,13,1,1,1
RPS Enterprises,1302750.0,2,1,1,1
Rajpal Trading Company,1302672.0,39,1,1,1
RAM CHANDAR YADAV,1302458.0,1,1,1,1
PRIYA AND PIYUSH ENTERPRISE,1302432.0,3,1,1,1
SHRI DEV INFRA,1301836.0,2,1,1,1
GURMEET SINGH,1301307.0,15,3,3,3
PURNIMA CONSTRUCTION,1300785.0,6,1,2,1
R MALLICK CONSTRUCTION,1300008.0,3,1,1,1
bagri Traders Mahuta,1300000.0,4,1,1,1
GRAM PANCHAYAT HIRRI,1300000.0,2,1,2,1
YMA Falkland East,1300000.0,4,1,2,1
SATI PRASAD SMARAK INTER COLLEGE BANGAOVN DIHWA,1300000.0,5,1,1,1
ANBARASU,1300000.0,1,1,1,1
Maya soren,1300000.0,2,1,1,1
DHOLAVANI GRAM PANCHAYAT,1300000.0,4,1,1,1
SARPANCH GRAM PANCHAYAT FARFAUD,1300000.0,4,1,1,1
sarpanch gp ridhora,1300000.0,7,1,1,1
PERUMAL MANIKANDAN,1300000.0,1,1,1,1
GP NOGANWA,1300000.0,5,1,2,1
RAM AVADH JANTA INTER COLLEGE BARIYAWAN AMBEDKARNAGAR,1300000.0,5,1,1,1
GRAM PANCHAYAT LINGA,1300000.0,10,1,1,1
THEETHAPILLAI P,1300000.0,1,1,1,1
JAGAT BANDHU MEHER,1300000.0,6,1,1,2
Rohit Garg,1299781.0,4,1,1,1
Jagdamba Construction company,1299450.0,3,1,1,1
MALJINJAVA GRAM PANCHAYAT,1299372.0,3,1,1,1
PONMURUGAN,1299260.0,1,1,1,1
SIBSANKAR CHOWDHURY,1299000.0,1,1,1,1
GODARA CONSTRUCTION COMPANY,1298892.0,1,1,1,1
PERUMALSAMY,1298855.0,5,1,1,1
SIYARAM CLOTH STORE,1298811.0,4,1,2,1
T Enterprise,1298732.0,4,1,1,1
DS ENTERPRISE,1298280.0,4,1,1,1
Rajpal Trading co,1298061.0,36,1,1,1
M A ENTERPRISE,1297658.0,15,1,1,1
Jeyamani,1297509.0,1,1,1,1
Ms Rajveer Singh Contractor,1297211.0,1,1,1,1
MS ALCON ENTERPRISE,1296432.0,3,1,1,1
MS KANSAL CEMENT AND MACHINERY STORE,1296340.0,6,1,2,1
KANNUSAMY AND CO,1296034.0,1,1,1,1
RAMAMOORTHY K S,1295996.0,1,1,1,1
SUBAM ENTERPRISES,1295616.0,1,1,1,1
SHIV SHAKTI CONSTRUCTION,1295592.0,1,1,1,1
ARIJIT CHAUDHURY,1295226.0,2,1,2,1
N R Construction,1294803.0,4,1,1,1
R MUTHUKUMAR,1294675.0,1,1,1,1
SHIV CONSTRUCTICN KATSOORA,1294105.0,5,1,1,1
Ganesh Samb Vharkat,1293928.0,1,1,1,1
JAESH SINGH,1293000.0,3,1,1,1
DILLIP KUMAR BEHERA,1292000.0,8,1,1,2
AMIT GOVT CONTRACTOR,1291801.0,1,1,1,1
NIRA DEVI,1291631.0,1,1,1,1
Divya Construction Company,1291600.0,2,1,1,1
aashirwad builders and contracter,1290405.0,3,1,1,1
MPPKVV COM LTD,1289504.0,4,1,1,1
Ms Ritik Tiles and Traders Village Sagran,1289414.0,22,1,2,1
RAJAT MONDAL,1288854.0,6,1,2,1
ASHOK SUNAM,1288479.0,3,1,1,1
PRATIBHA ENTERPRISES,1287766.0,2,1,1,1
Shree Bkn Fabrication And Idustrial Soln,1286343.0,3,1,1,1
B K M CONSTRUCTIONS,1286232.0,3,1,1,1
GRAM PANCHAYAT VATADRA,1284183.0,6,1,1,1
Gram Panchayat Khedi,1284000.0,3,1,2,1
P,1282056.0,3,1,1,1
shanti devi bricks udhyog,1281000.0,3,1,2,1
Karan Contractor,1280852.0,16,1,1,1
Mrs Rashu Sharma Wo Akshay Kumar Ro Haldnu Thopal Batote Tehsil Batote District Ramban Contractor,1280800.0,8,1,1,1
VIJAY BAJETHA,1280181.0,6,1,2,1
jodhpur vidhyut vitran nigam ltd,1279833.0,3,1,1,1
Dashmesh Iron store,1278072.0,12,1,1,1
MANJUNATH N,1278000.0,3,1,1,1
M Anand,1277562.0,4,1,1,1
Shri Brahmani Enterprises,1276965.0,12,1,1,1
AVINESH KUMAR OJHA,1276416.0,1,1,1,1
G K Construction,1275488.0,4,1,1,1
MASHOODKHAN J,1275086.0,2,1,1,1
MS DHANRAJ ENTERPRISES,1275000.0,3,1,1,1
SIANG GARAGE,1275000.0,6,1,1,1
MS LOWKHO ENTERPRISES,1275000.0,3,1,1,1
Gram Panchayat Basahari,1275000.0,4,1,1,1
Gp Kiri,1275000.0,11,1,1,1
GRAM PANCHAYAT BODWANK,1275000.0,6,1,1,1
GRAM PANCHAYAT BANDAHU,1275000.0,6,1,1,1
DHABHAI CONSTRUCTION,1275000.0,3,1,1,1
SK NAWAJ SARIF,1274886.0,6,1,1,1
Dashmesh Spun Pipe Factory,1274449.0,31,1,1,1
Gurukripa Info System,1273273.0,4,1,1,1
JK Interlock,1273150.0,6,2,2,1
THE MANGAWAS COOPERATIVE LABOUR AND CONSTRUCTION SOCIETY LTD,1272464.0,2,1,1,1
DHBVN,1272000.0,6,1,1,1
AWNEESH KUMAR SINGH,1271715.0,3,1,1,1
MALGANI NARENDER GOUD,1271016.0,3,1,1,1
YEDIRE SRISAILAM,1270500.0,3,1,1,1
girdhar,1270365.0,9,1,2,1
Kramsa Agency,1270356.0,9,1,2,1
N ANJAN GOUD,1270287.0,3,1,1,1
Manager Principal Bhagwati Prasad Mahavidyalaya,1270173.0,3,1,1,1
Saji K Abraham,1269874.0,2,1,1,1
arvind kumar singh,1269756.0,2,1,1,1
om traders babubur,1269000.0,3,1,1,1
SARDAR INTERLOCK TILES,1268793.0,12,2,3,3
KHURSHEED TRADING COMPANY AND SUPPLIERS,1268598.0,3,1,2,1
MS Alpana Industry and Hardware Shop,1265937.0,6,1,1,1
GRAM PANCHAYAT FAREEDPUR,1265000.0,5,1,1,1
RJP ENTERPRISE,1264790.0,7,1,1,1
SHREE CHARBHUJA CONSTRUCTION,1264736.0,5,1,1,1
MANSHA SERVICE CONSTRUCTION,1264473.0,3,1,1,1
Ms PRAKASH CHANDRA RATHORE,1264317.0,6,1,1,1
SHREE SANWALIYA ENTERPRISES,1263684.0,4,1,1,1
Lucky Construction,1262193.0,3,1,1,1
MS LOVELY ENTERPRISES,1260800.0,31,1,2,1
Sardar Vallabhbhi Patel Samiti,1260000.0,3,1,1,1
rajarshi chhtrapati sahuji siksha and jan jagran samiti,1260000.0,1,1,1,1
Gp Behariya,1260000.0,3,1,2,1
GRAM PANCHYAT BHAJIPANI,1260000.0,10,1,1,1
gram panchayat bital,1260000.0,4,1,1,2
GRAM PANCHAYAT BAHORANBHEDI,1259800.0,4,1,1,2
Adil Farooq Bhat,1259364.0,6,1,1,1
BANGRA CONSTRUCTION,1258590.0,3,1,1,1
GRAM PANCHAYAT DAUTOLA,1257213.0,4,1,1,2
kamal construction,1256742.0,1,1,1,1
Shaji Andrews,1255555.0,2,1,1,1
CHEMIND CHEMICALS,1255500.0,3,1,2,1
PS CONSTRUCTION,1254000.0,3,1,2,1
The Sanvi Co Op LC Society Ltd,1253086.0,4,1,1,1
TRATIYA RAJYA VITTA AYOG GRAM PANCHYAYAT RAMGARI,1253000.0,10,1,1,1
PRAKASH KUMAR NAYAK,1252792.0,3,1,2,2
Executive Engineer Operation Town 2 APCPDCL Guntur,1250274.0,3,1,1,1
GRAM PANCHAYAT KONDRAMAL NARAYANGANJ,1250000.0,5,1,2,1
MOKHDI GRAM PANCHAYAT,1250000.0,7,1,1,1
Kitbok Shadap,1250000.0,5,1,1,1
GRAM PANCHAYAT SERWASA,1250000.0,4,1,1,1
GRAM PANCHAYAT BARDWAR,1250000.0,5,1,1,1
HIMUDA,1250000.0,5,1,1,1
R Kawlzidinga,1250000.0,4,1,2,1
RAMOS GRAM PANCHAYAT,1250000.0,4,1,1,1
Dombe K Marak,1250000.0,5,1,1,1
Con Boun Wal Play Ground near Iddgah,1250000.0,4,1,1,1
GP Chukan,1250000.0,1,1,1,1
Construction of Boundary Wall with renovation of class room of 1999 No Umacharan Banipith Bidyalay,1250000.0,4,1,1,1
LIPIKA LOPAMUDRA,1250000.0,5,1,2,1
Khatla East Local Council,1250000.0,5,1,2,1
GRAM PANCHAYAT RIKOTAR,1250000.0,5,1,2,2
GRAM PANCHAYAT KHOUNA,1250000.0,5,1,1,1
GRAM PANCHAYAT PAREWA,1250000.0,5,1,2,1
Emlangki Sapooh,1250000.0,5,1,1,1
Gram Panchayat Barbaspur,1250000.0,4,1,2,1
UMRALA GRAM PANCHAYAT,1250000.0,4,2,2,2
Construction of Community Hall at Salkata Super Market,1250000.0,4,1,1,1
G P NEVRA,1250000.0,5,1,1,1
DEBABRATA BISWAL,1250000.0,2,1,1,1
PARASHURAM HANCHATE,1250000.0,4,1,1,1
MULBHUT YOJANA G P SARBHOKA,1250000.0,7,1,1,1
EVANNASSAR SHYLLA,1250000.0,5,1,1,1
GRAM PANCHAYAT DEELWARA,1250000.0,5,1,2,1
Borsing Syiem College,1250000.0,5,1,1,1
Sarpanch Gram Panchayat Bahurta,1250000.0,5,1,1,1
GRAM PANCHAYAT BACHHAURDIH,1250000.0,5,1,2,2
EE RES RAIPUR,1250000.0,1,1,1,1
N N TALAWAR,1249998.0,4,1,1,1
MALLAPPA GURUPAD GALAGALI,1249990.0,4,1,1,1
GRAM PANCHAYAT DHEENGPUR,1249951.0,4,1,1,1
JAYARAJ KAMAT,1249935.0,4,1,1,1
SARPANCH SACHIV GRAM PANCHAYAT UMARPOTI,1249918.0,7,1,1,1
P B INFRASTRUCTURE,1249874.0,4,1,1,2
GRAM PANCHAYAT AMARPUR J P PENDRA,1249839.0,4,1,1,2
S K REVADI CONSTRUCTION,1249767.0,4,1,1,1
Gram Panchayat Hanotaparichit,1249653.0,4,1,1,1
DEVARAJ BASAVANNI PASCHAPURE,1249645.0,4,1,1,1
SANGAPPA SHEKARAPPA RAMADAND,1249563.0,4,1,1,1
GRAM PANCHAYAT SALHAIYA S B M,1249400.0,5,1,1,1
M S A R group,1249400.0,4,1,1,1
GRAM PANCHAYAT BANDHA,1249252.0,5,1,1,1
POSWAL CONTRACTION,1249242.0,3,1,2,1
RADHEY GLOBAL INDUSTRIES,1249167.0,4,1,1,1
GRAM PANCHAYAT GUDA ANJANIYA,1249132.0,5,1,2,1
Gram Panchayat Silari,1249125.0,4,1,1,1
BIBASH CHHETRI,1249083.0,3,1,1,1
GRAM PANCHAYAT DODHATARAI,1249064.0,5,1,1,1
GRAM PANCHAYAT VAGRA,1248995.0,4,1,1,1
GRAM PANCHAYAT BANTIPATHRA,1248872.0,5,1,1,1
GRAM PANCHAYAT BHURSIPAKARI,1248856.0,5,1,1,1
Gram panchayat BHURKONI,1248358.0,5,1,1,1
GRAM PANCHAYAT MUDGHUSARI,1248320.0,5,1,1,1
GRAM PANCHAYAT SARI,1248100.0,5,1,1,1
Tahira Begum,1248000.0,3,1,1,1
Sharanappa,1247263.0,4,1,1,1
Abhishek Naik I L,1247095.0,4,1,1,1
PALADI GRAM PANCHAYAT,1247000.0,3,1,1,1
MS SHRI SHARDA INFRA GROUP SIDHI,1246968.0,8,1,1,1
AKANSHA ASSOCIATES,1246434.0,4,1,1,1
udit enterprises,1246167.0,4,1,1,1
Ansh Enterprises and Furnishers,1246080.0,3,1,1,1
KASANA CONSTRUCTIONS,1245800.0,4,1,1,1
SYED SUHEL GUTTI,1245555.0,4,1,1,1
GRAM PANCHAYAT CHHOTUPRA,1245400.0,5,1,1,1
SIMA ENTERPRISE,1245309.0,3,1,1,1
Gram Panchayat Bamora,1245000.0,4,1,1,1
moriya,1245000.0,5,1,2,1
LOKESH M R,1244879.0,4,1,1,1
P S ELECTRICAL,1244832.0,6,1,1,1
KIRAN RADDER,1244696.0,4,1,1,2
Suryansh Associate,1244576.0,2,1,1,1
Sigma Agro,1244100.0,3,1,1,1
SANWARIYA,1243836.0,3,1,1,1
GRAM PANCHAYAT DOOGOLI,1243533.0,4,1,1,1
SHREE BHERUNATH TRADERS,1243215.0,3,1,1,1
Sardar Belavalli colony ASK,1243102.0,5,1,1,1
Santu Ahirwar,1242490.0,19,1,1,1
Executive Engineer HPPWD Division Bhawarna,1242274.0,5,1,1,1
Patel Brothers,1242215.0,5,1,1,1
Nava Chitanya MPS,1242042.0,6,1,2,1
MAHAROOF P A,1241940.0,2,1,1,1
SRINIVASA GM,1241883.0,5,1,2,1
GRAM PANCHAYAT RAYAN,1241391.0,4,1,1,1
HARISH KUMAR G,1241390.0,10,1,1,1
ACME ENTERPRISE,1241229.0,3,1,1,1
BHUKYA NARESH,1240830.0,8,1,1,1
MRUTYUNJAYA PAHI,1240753.0,4,1,2,1
ASHOK KUMAR,1240145.0,30,5,7,5
TALARI SRIKANTH,1239942.0,9,1,1,1
SHAINE ENTERPRISES,1239519.0,6,1,1,1
GHOSH SUPPLIERS,1238733.0,3,1,1,1
Gram Panchayat Ghutradhih,1238637.0,4,1,2,2
SMV Infrastructure,1238013.0,3,1,1,1
P LALLIANHLUNA,1237500.0,5,1,2,1
Shashwat constrution,1237466.0,5,1,1,1
JOY J S,1236975.0,1,1,1,1
AMBARISH V,1236919.0,4,1,2,1
VENKATAREDDY,1236919.0,4,1,2,1
LAKSHMINARAYANA K S,1236919.0,4,1,2,1
BENGAL CONSTRUCTION,1235774.0,1,1,1,1
KESHAV L JADHAV,1235391.0,4,1,2,1
GRAM PANCHAYAT SINGARPUR JANGAL,1235000.0,5,1,1,1
GUPTA STEEL TRADERS,1234986.0,6,1,1,1
ms balaji consruction,1234634.0,2,1,1,1
JUNIOR ENGINEER VII NAYAGARH BLOCK,1233910.0,13,1,1,2
Rana Electrical Works,1233496.0,1,1,1,1
Pandith Sai kiran,1232861.0,5,1,1,1
HLWC President C Gopulapuram GP Kamalapuam Mandal,1232463.0,3,1,1,2
SAIL ENTERPRISE,1230607.0,3,1,2,1
THE RENUKA CO OP L AND C SOCIETY,1230450.0,1,1,1,1
IDRISH MANSOORI,1230394.0,3,1,1,1
C P Muralidharan,1229874.0,1,1,1,1
DHAMODHARAN M,1229625.0,1,1,1,1
S K CONSTRUCTION CO,1229616.0,3,1,1,1
MURALEEDHARAN NAIR PK,1228464.0,3,1,1,1
GRAM PANCHAYAT DHANKHORI,1228112.0,33,1,1,1
STRUGGLE CONSTRUCTION,1228008.0,3,1,1,1
POOSINI PRAVEEN GOUD,1227612.0,1,1,1,1
ANIKET KUMAR SINGH,1227383.0,1,1,1,1
SARPANCH SACHIV GRAM PANCHAYT BILONIYA,1225500.0,3,1,1,1
MT ENTERPRISE,1225416.0,3,1,1,1
CHIEF EXCUTIVE OFFICER JANPAD PANCHAYAT MALHARGARH,1225000.0,6,1,1,1
GRAM PANCHAYAT PATAN IGR VRIDDHAWASTHA PENSION,1225000.0,3,1,1,1
NAGARAJU,1224812.0,4,1,1,2
SUTRAPU RAJENDRA PRASAD,1224088.0,7,1,1,1
vijaya kumar S,1223328.0,1,1,1,1
Krishna Traders,1223153.0,5,2,2,2
GRAM PANCHAYAT GAMADI,1222800.0,5,1,2,2
M SATYARAO AND CO,1222344.0,1,1,1,1
CHANDAN GHOSH,1221543.0,3,1,2,1
PARKASH PIPE INDUSTRIES,1221300.0,9,1,2,1
The Kartik Co op L and C Society Limited Kachrouli,1220933.0,1,1,1,1
SEKH NASIRUDDIN,1220652.0,3,1,2,1
MIR RAJU,1219674.0,3,1,2,1
Shree Sainath Construction,1218537.0,2,1,1,1
Roy Mathew,1216770.0,4,1,1,1
ARHAN ENTERPRISE,1216515.0,3,1,1,1
BAYYA ENT Hospital,1216200.0,3,1,1,1
Suyog Suresh Thakur,1213485.0,1,1,1,1
SK AJAHAR,1212984.0,3,1,2,1
Rock Stone Construction,1212130.0,9,1,2,1
ISHWARBHAI R PRAJAPATI,1212000.0,9,1,1,1
Kang Brothers,1210780.0,5,1,1,1
Narinder Singh,1210492.0,9,2,2,2
Uday Khulal,1208890.0,3,1,1,1
PRASANTA PINGUA,1208387.0,5,1,2,1
CHUNDAWAT SUPPLIERS,1208233.0,4,1,1,1
SHARMA CONSTRUCTION,1208028.0,2,1,1,1
THE JAT MATA DI COOP L AND C SOCIETY LTD,1207368.0,2,1,1,1
MS DIVYANSH CONSTRUCTION PRO PRAMOD KUMAR SINGH,1207264.0,2,1,1,1
Peesu Rajendar,1206990.0,3,1,1,1
GOPI M,1206770.0,4,2,2,2
The Karian Co op Society Ltd,1205000.0,17,1,1,1
Nav Rattan Industry,1204630.0,7,1,2,1
BHAWANI STEELS,1204014.0,6,1,2,1
D M Traders,1203802.0,1,1,1,1
HT ENTERPRISES,1203600.0,5,1,2,1
The Balaji Cooperative LC Society Ltd,1203098.0,3,1,2,1
JR Enterprise,1202904.0,6,1,1,1
DIVYANSH YADAV,1202495.0,1,1,1,1
SHYAM KUMAR SARMA,1201950.0,12,1,1,1
SUREN CHETIA,1200211.0,16,1,1,1
MATESHWARI CONSTRUCTION,1200063.0,3,1,1,1
Sub Divisional Soil Conservation officer Dharamshala,1200000.0,6,1,1,1
Ganta Rajeshwar,1200000.0,3,1,1,1
Madharolla Sanjeev Kumar,1200000.0,3,1,1,1
BHUTAVAD GRAM PANCHAYAT,1200000.0,3,1,1,1
SHRI DUMRA GRAM PANCHAYAT,1200000.0,3,1,2,1
MANDLA GRAM PANCHAYAT,1200000.0,3,1,1,1
Pratappur gram panchayat,1200000.0,3,1,1,1
NOMULA SAYA REDDY,1200000.0,3,1,1,1
WAHEH SHNONG BARATO,1200000.0,6,1,1,1
Puda gram panchayat,1200000.0,3,1,2,1
ISARVA GRAM PANCHAYAT,1200000.0,3,1,1,1
GOVENSTAR D MARAK,1200000.0,6,1,1,1
GOVT ELEMENTARY SCHOOL MEERANKOT KALAN,1200000.0,6,1,1,1
Sengprang R Sangma,1200000.0,6,1,1,1
RAVANA GRAMPANCHAYAT,1200000.0,3,1,1,1
Shidhhi Vinayak Tradars,1200000.0,3,1,1,1
RANSIKI GRAMPANCHAYAT,1200000.0,3,1,1,1
MULBHUT G P PANDRIPANI,1200000.0,6,1,1,1
NAGAR PARISHAD ANJAD,1200000.0,8,1,2,1
GRAM PANCHAYAT TARSADABAR,1200000.0,3,1,2,1
SULTANPUR GRAM PANCHAYAT,1200000.0,3,1,1,1
KEDARU SANGMA,1200000.0,6,1,1,1
ARIGELA CHINNA GANGADHAR,1200000.0,3,1,1,1
GRAM PANCHAYAT BARBANDHA,1200000.0,3,1,2,1
GRAM PANCHAYAT BHARKUNDA,1200000.0,6,1,1,1
GRAM PANCHAYAT SAJAPALI,1200000.0,3,1,1,1
CHELLO YACHAP,1200000.0,3,1,1,1
SRI SRI BHAGAWATI MANDIR COMMITTEE,1200000.0,1,1,1,1
GRAM PANCHAYAT ROBA,1200000.0,6,1,1,1
GRAM PANCHYAT SAHPURA,1200000.0,2,1,1,1
Grenalish N Marak,1200000.0,6,1,1,1
KANNAN M,1200000.0,3,1,1,1
KANUR KUMMARI RAMESH,1200000.0,3,1,1,1
GRAM PANCHAYAT SARAIYA,1200000.0,6,1,1,1
Gurcharan Agro Industries,1200000.0,3,1,1,1
GRAM PANCHAYAT DALOLI,1200000.0,3,1,1,1
CHANDIRA RAMESH,1200000.0,1,1,1,1
SFC MULBHOOT TALOD,1200000.0,3,1,2,1
SFC MULBHOOT BHOJAKHEDI,1200000.0,3,1,2,1
ARUTLA RAMESH,1200000.0,3,1,1,1
Chief municipal officer mandsaur,1200000.0,3,1,1,1
MOTASAKHPAR GRAM PANCHAYAT,1200000.0,3,1,1,1
GAJULA SUDHAKAR,1200000.0,3,1,1,1
BHILO KI KHIDE,1200000.0,6,1,2,1
sarpanch gram panchayat birra,1200000.0,3,1,2,1
Gram Panchayat Partapur,1200000.0,6,1,1,1
DARSHADI GRAM PANCHAYAT,1200000.0,3,1,2,1
TEN,1200000.0,3,1,2,1
PANEY YANA,1200000.0,3,1,1,1
HETILSON MARAK,1200000.0,6,1,1,1
SACHIN S.N,1200000.0,3,1,1,1
GRAM PANCHAYAT MADANPUR,1200000.0,6,2,2,2
shree amarapra gram panchayat,1200000.0,3,1,1,1
PANESAR AGRICULTURE WORKS,1200000.0,3,1,1,1
Jangvad gram panchayat,1200000.0,3,1,1,1
Gram panchayat salheghori,1200000.0,3,1,1,1
GP LAKSHMANPURA,1200000.0,3,1,1,1
Sarpanch Gram Panchayat Garhi,1200000.0,3,1,1,1
Sarpanch Gram Panchayat Luchgaon,1200000.0,4,1,1,1
Sarpch And Sachiv Gram Panchayat SUKHWAS,1200000.0,3,1,1,1
SARPACH SACHIV GP PADMI,1200000.0,6,1,1,1
Gram Pamchayat Shogi,1200000.0,10,1,2,1
Sarpch And Sachiv Gram Panchayat NITANWAS,1200000.0,3,1,1,1
Sarpanch Shri Jindava,1200000.0,3,1,1,1
Assistant Engineer Electrical section Tirurangadi,1200000.0,3,1,1,1
GRAM PANCHYAT AMRUTPUR,1200000.0,4,1,1,1
Gram Panchayat Deurmar,1200000.0,3,1,2,1
SARPANCHSHRI JAGNNATHPURA GRAM PANCHAYAT,1200000.0,3,1,1,1
GRAM PANCHAYAT BADMAR,1200000.0,6,1,1,1
SHARAT GRAM PANCHAYAT,1200000.0,3,1,1,1
NORTAVATA GRAM PANCHAYAT,1200000.0,4,1,1,1
Thervada Grampanchayat,1200000.0,4,1,1,1
GRAM PANCHAYAT DHILAPUR,1200000.0,6,1,2,1
SHAIK ASAD,1200000.0,3,1,1,1
SRI THIRUMAL CONSTRUCTION,1200000.0,1,1,1,1
RATNAGARI RAJA SHEKAR GOUD,1200000.0,3,1,1,1
GP GOPALPUR,1200000.0,3,1,1,1
Tripathi Traders,1200000.0,3,1,1,1
GP DHORIWABADI,1200000.0,3,1,1,1
Halapar Gram panchayat,1200000.0,3,1,2,1
ELLAPPAN CONTRACTOR,1200000.0,1,1,1,1
SANTHOSH KUMAR RAMARTHI,1200000.0,3,1,1,1
GP CHETIKHEDA,1200000.0,3,1,1,1
SHILAM SANTHOSH REDDY,1200000.0,3,1,1,1
Meenugu Anjaiah,1200000.0,3,1,1,1
Shri INGORALA DAND GRAM PANCHAYAT,1200000.0,3,1,1,1
Lienmang Gangte,1200000.0,2,1,1,1
GRAM PANCHAYAT GADADONGRI MAL,1200000.0,3,1,2,1
ASSISTANT ENGINEER PANCHAYAT SAMITI POTTANGI,1200000.0,5,1,2,1
VONDH GRAM PANCHAYAT,1200000.0,3,1,2,1
BIKASH KUMAR ADHA,1200000.0,3,1,1,2
MS Leggong Enterprise,1200000.0,6,1,1,1
const of boundary wall at kirtanpara high school,1200000.0,2,1,1,1
MR RAYAVADA GROUP GRAM PANCHAYAT,1200000.0,3,1,1,1
MASITALA GRAM PANCHAYAT,1200000.0,3,1,1,1
JORAJINA MUVADA GRAM PANCHAYAT,1200000.0,3,1,1,1
SONAM BOSE AE,1200000.0,3,1,1,2
VALIA GRAM PANCHAYAT,1200000.0,3,1,1,1
Ambika Prasad Bisoyi,1200000.0,3,1,1,1
Amblun Gram Panchayat,1200000.0,6,1,1,1
GOBLAJ GRAM PANCHAYAT,1200000.0,3,1,1,1
endala gram panchayat,1200000.0,3,1,1,1
MAU GRAM PANCHAYAT,1200000.0,3,1,1,1
Abhishek Sanjay Patil Kasaba Tarale Tal Radhanagari,1200000.0,1,1,1,1
KIDI GROUP GRAM PANCHAYAT,1200000.0,3,1,1,1
C Lalchhuanpuia,1200000.0,6,1,2,1
SARPANCH SHREE GRAMPANCHAYAT TARAPUR,1200000.0,7,1,1,1
CONST OF CULTURAL STAGE INFORNT OF COSMOS CLUB,1200000.0,2,1,1,1
Gram Panchayat Majhauli,1200000.0,6,1,1,2
Grama Panchayat Lundra,1200000.0,4,1,2,1
DHANASARA GRAM PANCHAYT,1200000.0,3,1,1,1
Gram Panchayat Chhal,1200000.0,3,1,2,1
CC Krishna Nagar Unnayan Samittee,1200000.0,3,1,1,1
Manu Krishi Udyog,1200000.0,3,1,1,1
TARH YATU,1200000.0,3,1,1,1
Nagar nigam Dewas,1200000.0,6,1,2,1
Nagireddy Rajireddy,1200000.0,3,1,1,1
TARH SINIA,1200000.0,3,1,1,1
TARH YAMA,1200000.0,3,1,1,1
gram panchayat mainpur khurd,1200000.0,3,1,1,1
KAKARAVA GRAM PANCHAYAT,1200000.0,3,1,2,1
SHREE FOTDI GRAM PANCHAYAT,1200000.0,3,1,2,1
SHREE KHIRSARA VI GRAM PANCHAYAT,1200000.0,4,1,2,1
DEVLA GRAM PANCHAYAT,1200000.0,3,1,1,1
DESHALPAR GU GRAM PANCHAYAT,1200000.0,3,1,2,1
MR METTRINSON G MOMIN,1200000.0,6,1,1,1
gram panchayat gajadharpur,1200000.0,1,1,1,1
SUNGJEMMENBA,1200000.0,6,1,1,1
KHAMBHA GRAM PANCHAYAT,1200000.0,6,1,1,1
Body Fit Line International,1200000.0,4,1,1,1
KOLHAPUR GRAM PANCHAYAT,1200000.0,3,1,1,1
Akshya Kumar Mohapatra,1200000.0,6,1,1,1
jakha gram panchayt,1200000.0,3,1,1,1
MEGHPAR GRAM PANCHAYAT,1200000.0,3,1,2,1
SMT LACHI DEVI SAMAJ KALYAN INTERMEDIATE COLLAGE JATAHA BAZAR,1200000.0,6,1,1,1
Maharashtrian Swarnkar Samaj,1200000.0,5,1,1,1
Supriya A Sangma,1200000.0,6,1,1,1
SARPANCH GRAM PANCHAYAT KHANDSA,1200000.0,3,1,2,1
GRAM PANCHAYT KHAMUBKHEDI,1200000.0,3,1,2,1
GP BIJALI,1200000.0,6,1,1,1
M S HARSHA BARDHAN PRAHARAJ,1200000.0,3,1,1,1
BRAMMAROUTHU NARESH KUMAR,1200000.0,3,1,1,1
Gandra yathindra Rajeev,1200000.0,6,1,1,1
GP BINAURI,1200000.0,6,1,1,1
GP Badai,1200000.0,9,1,2,1
BUDDE SAVITHRI,1200000.0,3,1,1,1
Gram Panchayat Bhagani,1200000.0,4,1,2,1
LIMB GRAM PANCHAYAT,1200000.0,3,1,1,1
GARMPANCHAYAT KOSAM,1200000.0,3,1,1,1
GP SIRRIKHURD,1200000.0,6,1,1,1
SHREE NANA LAYJA GRAM PANCHAYAT,1200000.0,3,1,2,1
GP SUCHAI,1200000.0,5,1,2,1
KOTDA ROHA GRAM PANCHAYAT,1200000.0,3,1,2,1
Albin Lamare Memorial Secondary School Nangbah,1200000.0,6,1,1,1
Gram Panchayat Balwarikalan janpad Panchayat gandhwani,1200000.0,3,1,2,1
Sanjay Singh,1200000.0,3,1,1,1
Agrawal navyuvak mandal satna,1200000.0,3,1,1,1
SYNRANG SHAHKHAIN RYMBAI,1200000.0,6,1,1,1
SARPANCH GRAM PANCHYAT PONCH,1200000.0,6,1,2,1
Lalthlamuana Care of ramhlun Sports Complex Local Council,1200000.0,3,1,2,1
Chhasara Juth Gram Panchayat,1200000.0,3,1,2,1
K MUTHURAMAN,1200000.0,3,1,1,2
SHRI AASHAPAR JUTH GRAM PANCHAYAT,1200000.0,3,1,2,1
K NARENDHER,1200000.0,3,1,1,1
G P Poolan,1200000.0,6,1,1,1
SAHEB PRADHAN,1200000.0,4,1,1,2
SARPANCH GRAMPANCHAYAT MOTABHANDARIYA,1200000.0,5,1,1,1
Kottala Mohan Reddy,1200000.0,3,1,1,1
Siyot Gram panchayat,1200000.0,3,1,2,1
SHRI RAM SUPPLIER GORAIYA RAMPUR,1200000.0,3,1,1,1
INDRAMANA GRAM PANCHAYAT,1200000.0,3,1,1,1
NANA RAMPAR GRAM PANCHAYAT,1200000.0,3,1,1,1
RAJYA PARIVARTIT YOJNA GP MALDA,1200000.0,6,1,1,1
NAMITA SATPATHI,1200000.0,3,1,2,1
JAKKOJU SRINIVAS,1200000.0,3,1,1,1
ADHYAKSH GRAMKOSH SFC KOTHADI,1200000.0,3,1,2,1
GRAM PANCHAYAT KANDANARA,1200000.0,3,1,2,1
Gram Panchayat Sevni,1200000.0,3,1,2,1
Gram Panchayat Sankota janpad Panchayat Dharmpuri District Dhar,1200000.0,3,1,2,1
ITAVAKHURD NS,1200000.0,4,1,1,1
GRAM PANCHAYAT KUTENA,1200000.0,3,1,1,1
GRAM PANCHAYAT KOSAMBUDA,1200000.0,3,1,1,1
AANANDNAGAR GRAM PANCHAYAT,1200000.0,3,1,1,1
vV SIDDESHA,1199958.0,3,1,2,1
ZUBER ALEEM SIDDIQUI,1199936.0,2,1,1,1
Mandaloju Rajendra Prasad,1199919.0,6,1,1,1
ghosh traders,1199907.0,3,1,1,1
SARPANCHSHRI KANTHRAVI GRAM PANCHAYAT,1199901.0,7,1,1,1
SAMNAVA GRAM PANCHAYAT,1199886.0,3,1,1,1
GRAM PANCHYAT KHOJABAL,1199880.0,3,1,1,1
GRAM PANCHAYAT SADATHALA,1199880.0,3,1,1,1
GRAM PANCHAYAT SAYKHA,1199880.0,3,1,1,1
GRAM PANCHAYAT VILAYAT,1199880.0,3,1,1,1
ASIM MANDAL,1199880.0,3,1,2,1
GRAM PANCHAYAT NANDARKHA,1199880.0,3,1,1,1
GP KALIPITH JP RAJGARH,1199853.0,6,1,1,1
SATHISH,1199832.0,3,1,2,1
HINGALLA GRAM PANCHAYAT,1199826.0,3,1,1,1
GP TILAWAD,1199806.0,5,1,2,1
T ASHOKKUMAR,1199784.0,3,1,1,1
SARPANCH SHRI PALUNDRA,1199721.0,3,1,1,1
GRAM PANCHAYAT JURTELA,1199700.0,3,1,2,1
RK AGROTECH,1199700.0,3,1,1,1
GRAM PANCHAYAT DUDHIYA,1199691.0,3,1,2,2
HARIPAR GRAM PANCHAYAT,1199670.0,3,1,1,1
LAXMIKANT ANIL SOMANI,1199641.0,1,1,1,1
RENGAMALAI PERUMALTHEVAR,1199609.0,1,1,1,1
SHREE BHERUNATH ENTERPRISES,1199598.0,3,1,1,1
GRAM PANCHAYAT KOTHIYA,1199577.0,3,1,1,1
Rajendran,1199568.0,2,1,1,1
SAIRAM CONSTRUCTIONS,1199568.0,3,1,1,2
SARPANCHSHREE GRAM PANCHAYAT DEVALIYA,1199538.0,3,1,1,1
ASRAFUL BAIDYA,1199526.0,3,1,1,1
AKASH ENTERPRISE,1199421.0,3,1,1,1
G GOURI SANKAR RAJU PRESIDENT VLC BOMMAVARAM GP,1199364.0,3,1,1,1
KAZI INAMUL AKBAR,1199352.0,6,1,1,1
PALAIAPPA MOTOR WORK AND PIPES,1199349.0,3,1,1,1
SHAIK AHAMAD BASHA,1199343.0,3,1,2,1
KOTHAPALLI KESAVULUREDDY,1199337.0,3,1,1,1
H G DEVENDRA,1199277.0,3,1,1,1
RAJ KUMAR GUITA,1199268.0,3,1,1,1
TRENT GRAM PANCHAYAT,1199250.0,3,1,1,2
GRAM PANCHAYAT MAKHIYALA,1199235.0,3,1,1,1
NALAM RAVI TEJA CONTRACTOR,1199137.0,1,1,1,1
GRAN PANCHAYAT BHANDARKHOL,1199124.0,6,1,1,1
SAMBHOI GRAM PANCHAYAT,1199100.0,3,1,1,1
MARIRAJA N,1199097.0,1,1,1,1
BABARI GRAM PANCHAYAT,1199073.0,6,1,1,1
Longsing Engti,1199037.0,6,1,2,1
P RAJAMANI,1199025.0,1,1,1,1
SHRI SIDH INFRA,1199007.0,18,1,1,1
SARPANCH SHRI HATHIJAN,1198980.0,3,1,1,1
CHEKHLA GRAM PANCHAYAT,1198887.0,4,1,1,1
P2G NETWORK,1198824.0,3,1,1,1
Devbhumi Devaliya Gram Panchayat,1198800.0,3,1,1,1
GORRELA SRIRAMULU,1198635.0,3,1,1,1
Thirupathi Chandanagiri,1198623.0,3,1,1,1
ARVIND KUMAR PASWAN,1198612.0,1,1,1,1
RAMBEER SINGH,1198571.0,2,1,1,1
Pavithra A,1198536.0,3,1,1,1
GRAM PANCHAYAT OCHCHHAN,1198527.0,4,1,1,1
C T THULSEGOWDA,1198488.0,3,1,1,1
PRAKASH P,1198367.0,1,1,1,1
JASMATPUR GRAMPANCHAYAT,1198344.0,3,1,1,1
Daryapur Majoor Kamgar sahakari sanstha,1198341.0,2,1,1,1
GRAM PANCHAYAT UMRALA,1198287.0,3,1,1,1
SHREE KUNARIYA JUTH GRAM PANCHAYAT,1198245.0,3,1,2,1
Kandari Assocaite,1198209.0,3,1,1,1
KOYALIYA GRAM PANCHAYAT,1198200.0,3,1,1,1
SUHANA ENTERPRISE,1198140.0,3,1,1,1
A S T Constructions,1198047.0,3,1,1,1
GOLDEN ENTERPRISE,1197969.0,6,1,2,1
BONGURULA RAMCHANDER RAO,1197966.0,3,1,1,1
Adavayya Hiremath,1197912.0,3,1,1,1
RaoMpmkvvcl,1197795.0,6,1,1,1
S G CONSTRUCTION,1197732.0,3,1,1,1
AMARSINGH CHAUHAN CONTRECTOR,1197711.0,3,1,1,1
GNANASEKAR R,1197597.0,6,1,1,1
SAR AND SAC GRAM PANCHAYAT PATERKONI,1197572.0,5,1,1,2
PONNI CONSTRUCTION,1197486.0,2,1,1,1
ARVINDRAJ CONTRACTORS,1197450.0,3,1,1,1
KARUPPAIAH K,1197350.0,2,1,1,1
Rudresh Vijapur,1197312.0,3,1,1,1
M S SUNIL Traders,1197300.0,3,1,1,1
SADODAR GRAM PANCHAYAT,1197210.0,3,1,1,1
PERUMAL S,1197156.0,3,1,1,1
Sesha Construction,1197042.0,6,1,1,1
TANA GRAM PANCHAYAT,1197021.0,3,1,1,1
GHOGHA GRAM PANCHAYAT,1196994.0,3,1,1,1
GRAM PANCHAYAT CHANDORI,1196975.0,2,1,1,1
SARPANCH SHRI BARIYA,1196958.0,3,1,1,1
Shivanagouda Janagoudra,1196865.0,3,1,1,1
Nisar T P,1196857.0,3,1,1,1
Mohammad Jamal,1196790.0,6,1,2,1
JIGIRI MOUNIKA,1196788.0,1,1,1,1
GRAM PANCHAYAT SUTREL,1196757.0,3,1,1,1
P P CONSTRUCTION,1196563.0,1,1,1,1
Shaukath Hashmi,1196562.0,3,1,1,1
RAGHAVENDRA K T,1196283.0,3,1,1,1
MS RABIJIT HAZRA,1196222.0,2,1,1,1
Arunachaleswarar Construction,1196125.0,1,1,1,1
JALISANA GRAM PANCHAYAT,1196049.0,3,1,1,2
J D LOKESH,1195914.0,3,1,1,1
SARPANCH GORGAM GRAM PANCHAYAT,1195791.0,3,1,2,1
GRAM PANCHYAT DHANORI,1195791.0,3,1,2,1
Tokala Maruthi,1195686.0,6,1,2,1
Hukam Chand,1195454.0,2,1,1,1
RAJENDRA KUMAR YADAV,1195245.0,1,1,1,1
Julakanti Saidi Reddy,1195203.0,3,1,1,1
GHODA JOLI GRAM PANCHAYAT,1195000.0,4,1,1,1
Bamangam Gram Panchayat,1194792.0,9,1,1,1
JUNA NAVDA GRAM PANCHYAT,1194774.0,3,1,1,1
Mora Sathish,1194549.0,3,1,1,1
GUNDALA SURESH REDDY,1194519.0,3,1,2,1
GRAM PANCHAYAT PAKHAAJAN,1194426.0,3,1,1,1
SAHA ENTERPRISE,1194216.0,3,1,1,1
MALLAPPA BASAPPA HARIJAN,1194027.0,3,1,1,1
Premier Health Care,1194000.0,3,1,1,1
BHAMADIA GRAM PANCHAYAT,1194000.0,6,1,1,1
SAYED NOOR PASHA,1193814.0,6,1,1,1
SARPANCH SACHIV GRAM PANCHAYAT RISAMA,1193784.0,8,1,1,1
MS Samriddhi Enterprises,1193391.0,3,1,1,1
DHARA CONSTRUCTION,1193354.0,6,1,1,1
CHINDAM SRINIVAS,1193193.0,3,1,1,1
OM KALESHWAR TRADERS,1193088.0,2,1,1,1
Sangram Ramdas Pawar,1192810.0,2,1,1,1
JAYA POOJARY,1192515.0,3,1,1,1
Harish L Koneri,1192506.0,3,1,1,1
PANDURANG K KUNKUR,1192437.0,3,1,1,1
Ch Saptshrungi Mata Wadar MSS Ltd Akole,1192335.0,2,1,1,1
AKASH DHYANESWAR RATHOD,1192287.0,1,1,1,1
MAHANTHESH H,1191999.0,3,1,2,1
Soumya Basavaraj Chikkaharakuni,1191195.0,3,1,1,1
GRAM PANCHAYAT GUMANPURA,1190958.0,6,1,1,1
AASHA SINGH OM CONSTRUCTION,1190760.0,4,1,1,1
SUDHAN RAI,1190292.0,3,1,1,1
SANDEEP VASANT GOKHALE,1189704.0,3,1,1,1
ABHISHEK KALE,1189368.0,3,1,1,1
gram panchyat madhota 2,1189200.0,3,1,2,1
ANANTH CONTRACTOR,1188885.0,1,1,1,1
GRAM PANCHYAT NAWAGOAN TE SGVY,1188524.0,5,1,1,1
Ashok G Dodawad,1188462.0,3,1,1,1
GRAMPANCHAYAT LOHDONGRI,1188142.0,1,1,1,1
Chief Executive Officer JAKEDA SRINAGAR,1188000.0,3,1,1,1
Sarvabhwman P P,1187847.0,3,1,1,1
GUMMULA PRAKSH,1187748.0,3,1,1,1
Shree Moraya Majur Sahakari Santha Maryadit Kotul,1187277.0,2,1,1,1
THE LAKSHIT CO OP SHIMLA KAITHAL,1187148.0,2,1,2,1
S AND O CONSTRUCTION,1186596.0,6,1,1,1
BRIGHT INFOSIS,1186500.0,3,1,1,1
SHREE RAYDHANPAR JUTH GRAM PANCHAYAT,1186293.0,3,1,2,1
Jay durge Poorve Madhymik vidhyalay,1186060.0,2,1,1,1
THIRUMALAI T,1185774.0,3,1,1,1
SIBANI ENTERPRISE,1185310.0,2,1,1,1
SHRI GURU JAMBHESHWAR CONSTRUCTION COMPANY,1184961.0,3,1,2,1
MEMBER SECY OB AND OC WWB BBSR,1184827.0,537,12,15,14
YMJ Enterprise,1184640.0,3,1,1,1
HP ASSOCIATES,1184484.0,2,1,1,1
Brother Enterprise,1184145.0,3,1,1,1
GRAM PANCHAYAT BHIYAL,1184007.0,3,1,1,1
GRAM PANCHAYAT CHALTHAN,1183800.0,3,1,2,1
BRAHMAROUTHU RAMA KRISHNA,1183251.0,3,1,1,1
SHREE RAWAT BHOJ ENTERPRISES,1182980.0,5,1,1,1
SHRI SANT GAJANAN MAHARAJ MAJUR SAHAKARI SANSTHA MARYA PACHGAON,1181239.0,1,1,1,1
RAJ KUMAR MONDAL,1180155.0,3,1,1,1
ROSE ENTERPRISE,1179966.0,3,1,1,1
AK ENTERPRISE,1179579.0,3,1,1,1
ASSISTANT ENGINEER  KEOTI,1179516.0,2,1,1,1
LIPI MOHAPATRA,1178974.0,5,1,1,1
METROCONSTRUCTION,1178619.0,3,1,1,1
GOLLENA RAMESH,1178139.0,3,1,1,1
BHOLENATH CONSTRUCTION,1177986.0,3,1,1,1
RAMASHIS YADAV,1177863.0,3,1,1,1
surendra singh contractor,1177437.0,3,1,1,1
MS INDRANI POWER,1176892.0,1,1,1,1
KANIJ GRAM PANCHAY,1176723.0,3,1,1,1
DODWADIYA CONSTRUCTION,1176615.0,3,1,1,1
Shakti It Infoteh and Consultants,1176452.0,2,1,1,1
VEMUNDLA KUMAR,1176048.0,6,1,1,1
GUPTA CONSTRUCTIONS AND CONSULTATIONS,1175945.0,3,1,1,1
PARNAPALLI KIRAN KUMAR,1175343.0,3,1,1,2
SARPACH SACHIV BHATPAL,1175158.0,5,1,2,1
BHINGRAN GRAM PANCHAYAT,1174113.0,3,1,1,1
Mahatma Fule lcs markanda,1173428.0,2,1,1,1
Bath Interlock Tiles,1173172.0,7,1,1,1
Pushpa M,1172833.0,4,1,2,1
EXECUTIVE ENGINEER UPPCL EDD III EXP,1172256.0,6,1,1,1
KUMAWAT LABOUR SUPPLIERS,1171695.0,3,1,1,1
BHAGYASHREE CONSTRUCTION,1171485.0,6,1,1,1
Samar Apsara Infratect,1170757.0,1,1,1,1
Ms BT Enterprise,1170000.0,3,1,1,1
WARAICH PIPE AND TILE FACTORY,1169940.0,7,1,1,1
REZABUL MALLICK,1169490.0,3,1,2,1
GREENS CONSTRUCTION,1169244.0,3,1,1,1
EXECUTIVE ENGINEER ELECTRICITY DISTRIBUTION DIVISION 2nd,1169200.0,4,1,1,1
MS ABHI CONTRACTOR  SUPPLIERS,1168800.0,2,1,1,1
Venkatesh R,1167926.0,2,1,1,1
Rouf Ahmad Shah,1167807.0,2,1,1,1
MOTA DESAR GRAM PANCHAYAT,1167084.0,3,1,1,1
SAURABH CONSTRUCTION AND TRADERS,1166759.0,1,1,1,1
Sahoo Construction,1166738.0,4,1,1,1
MS J B PRADHAN,1166181.0,7,1,1,1
SM MAIDUL ISLAM,1165755.0,3,1,1,1
SANDHYA ENTERPRISE,1165221.0,6,2,3,1
DHAMADOD LUMBHA,1165103.0,4,1,2,1
Lavudya Narahari,1164669.0,5,1,1,1
Sanjay Tanty JE Bisra Block,1163793.0,3,1,2,2
Aji K,1163662.0,3,1,1,1
Aanandha kamatchi Builders,1163556.0,1,1,1,1
SHIV TRADERS,1163014.0,2,1,1,1
podamekala manoj kumar,1162690.0,3,1,1,1
PK ENTERPRISE,1161486.0,1,1,1,1
boparai building material,1161216.0,22,1,2,1
Venna Veera Venkata Satyanarayana,1160765.0,1,1,1,1
POKALA MALLESWARA REDDY,1160505.0,6,1,1,2
SHREE NIWAS FURNITURE,1160100.0,41,1,1,1
umashankar verma construction,1159709.0,3,1,1,1
SARPANCH GRAM PANCHAYAT NAWAGAON,1159093.0,9,1,1,2
GRAM PANCHAYAT DINDOURI CHI,1159012.0,5,1,1,1
VALLI SARAVAN CONSTRUCTION,1158837.0,1,1,1,1
B K Appanna,1158750.0,5,1,1,1
FISHCO,1158618.0,2,1,1,1
LEKH RAJ,1158600.0,9,1,1,1
RABIN TAMANG,1158480.0,3,1,1,1
KUCHIPUDI BANGARU BABU,1158273.0,1,1,1,1
MAHAMMAD FARDUSH,1158172.0,4,1,2,1
CRDS CONSTRUCTION COMPANY,1158113.0,1,1,1,1
Bajwa Construction Co,1157733.0,3,1,1,1
Guchhait Enterprise,1157656.0,4,1,1,1
PRANAB HATUI,1157481.0,3,1,1,1
KULDEVI TRADERS,1157146.0,4,1,2,1
MOHANAN E G,1156605.0,1,1,1,1
Shri Guru Nanak Interlocking Cement Tile,1155750.0,6,2,4,2
Dukhi Ram,1155456.0,6,1,1,1
Anvar Sadique PC,1154111.0,3,1,1,1
t n enterprise,1153491.0,4,1,1,1
THE AVIGHNA COOPERATIVE LABOUR AND CONSTRUCTION,1152850.0,5,1,1,1
Dhanaula Pump Store,1152557.0,38,1,1,1
BISHAL CHOWHAN,1151461.0,7,1,1,1
The Kalayat Shri Shryam Ji Co Op LC Society Ltd,1150596.0,3,1,1,1
PUNJAB TRADERS,1150353.0,12,2,3,2
SATYAPRIYA SETHA,1150000.0,4,1,1,2
HIRAPOR GRAM PANCHAT,1150000.0,5,1,1,1
SECRETARY KERALA STATE BOOKMARK,1150000.0,8,2,2,2
GP mangrol JP badi,1150000.0,4,1,1,1
KRANKACH GRAM PANCHAYAT,1150000.0,4,1,1,1
UMARECHA JUTH GRAM PANCHAYAT,1150000.0,4,1,1,1
Kesireddy Ramreddy,1149921.0,6,1,1,1
GRAM PANCHAYAT RAMPUR,1149870.0,8,2,2,2
RAJESH KUMAR GHOSH,1149539.0,1,1,1,1
Vijayaseelan,1148734.0,4,1,2,1
Dutt Brother and Company,1147860.0,1,1,1,1
JAY BHAVANI ENTERPRISE,1146813.0,3,1,2,1
SURENDRA BABU C,1145621.0,2,1,1,1
GP Cheog,1144250.0,10,1,2,1
Guru Nanak Tiles Factory,1144120.0,8,1,1,1
REETUMONI SATOLA PHUKON,1144051.0,18,1,1,1
CHIRIKI RAMA MURTHY,1142688.0,3,1,1,1
SHIVSHAKTI AND RAJAL CEMENT PRODUCTS,1142400.0,3,1,1,1
Ms Shiv Construction,1142234.0,2,1,2,1
SHRAMA CONSTRUCTION,1141964.0,2,1,1,1
Umesh Shrivastava,1140024.0,9,1,1,1
GP SIDHIPURNIPANIYA,1140000.0,4,1,2,1
SUTHAR CONSTRUCTION COMPANY DHANDHELA,1139822.0,6,1,1,1
DISTRICT DISABLED SENIOR CITIZEN WELFARE OFFICER,1139497.0,7,1,1,1
NEETU INTERPRISES,1139367.0,2,1,1,1
PATEL CONSTRUCTION AND SUPPLIERS,1138759.0,8,1,1,1
Ohm Pipes Pvt Ltd,1138164.0,2,1,1,1
RAJDEEP ENTERPRISE,1138158.0,3,1,2,1
MOURIN ENTERPRISE,1138091.0,2,1,1,1
DEWAN ENTERPRISE,1137444.0,9,1,1,1
Maa Kali Suppliers,1137169.0,4,1,1,1
KUMAWAT CEMENT AGENCIEY ABHAWAS,1135500.0,3,1,1,1
SUNIL KUMAR,1135498.0,15,4,4,4
Sharda Enterprises,1135050.0,2,1,1,1
The RUDRA CO OP L AND C SOCIETY LTD,1134620.0,4,1,1,1
Singla Tiles Industry,1134594.0,29,2,3,2
BENGAL ASSOCIATE,1133544.0,3,1,2,1
ALLAMPALLI SURIBABU,1133219.0,2,2,2,1
SANJAI TRADERS,1132140.0,2,1,1,1
Sandeep Saini,1132000.0,3,1,1,1
MUJAFFAR AHMED MOLA,1131243.0,6,1,2,1
HARSH ENTERPRISES,1130220.0,12,3,3,3
K THIAGARAJAN,1130174.0,1,1,1,1
Sarpacnh Sachiv Gram Panchayat Latkonikhurd,1129985.0,11,1,1,2
ALI P B,1129210.0,1,1,1,1
Surinder Cement Store,1128080.0,19,1,2,1
THE HAR HAR MAHADEV COOP LC SOCIETY TLD,1128000.0,3,1,1,1
MANAGER SHREE SATNESHWAR VIDYA MANDIR,1127546.0,4,1,1,1
LAXMI RMC,1126400.0,4,1,1,1
RAJU ENTERPRISE,1126146.0,3,1,1,1
Sanjay Goel,1126111.0,1,1,1,1
MS SHIV SHAKTI ENTERPRISES,1125699.0,2,1,1,1
Gram Panchayat Masurhai,1125000.0,3,1,1,1
CON TOILET REST ROOM NR DHUBRI HARISABHA,1125000.0,3,1,1,1
GRAM PANCHAYAT BALWADA,1125000.0,3,1,1,1
Gram Panchayat Garpahra Muhal,1125000.0,3,1,1,1
Thanghuliana,1125000.0,1,1,1,1
CHAUTGI UMESHA,1125000.0,1,1,1,1
Banaj gram panchayat,1125000.0,3,1,2,1
Durtlang Local Council,1125000.0,3,1,2,1
GRAM PANCHAYAT KULHAR,1125000.0,3,1,1,1
GRAM PANCHAYAT MADAI,1125000.0,6,1,1,1
M S RAVI,1125000.0,3,1,2,1
hakim singh,1125000.0,3,1,2,1
Construction of Boundary Wall near Airanjongla Pt I Namapara Kobrostan,1125000.0,3,1,1,1
MUTTAPPA WADDAR,1125000.0,3,1,1,1
Con Com Hall Sagunchara Simanta Library,1125000.0,3,1,1,1
gram panchayat muradpur,1125000.0,3,1,1,1
GRAM PANCHAYAT DOHANA,1125000.0,3,1,2,2
BIJIT BRAHMA,1125000.0,1,1,1,1
Con Boun Wal Satduburi RAR Graveyard,1125000.0,3,1,1,1
Con Wait Shed Birat Nagar Chairali,1125000.0,3,1,1,1
SARPANCH OF GRAM PANCHYAT MAKHANPUR,1125000.0,9,1,1,1
GRAM PANCHAYAT DHADHNI,1125000.0,3,1,1,1
MS Ka Kur Le Kyllung Jowai,1125000.0,3,1,1,1
Construction of Boundary Wall of Play ground near Bargirarpar Iddgha,1125000.0,3,1,1,1
Mualkawi VC,1125000.0,1,1,1,1
GP Bhamnoli,1125000.0,9,1,2,1
SHIVUKUMAR SARAGANACHARI,1125000.0,3,1,1,1
Con of Community Hall at Raniganj,1125000.0,3,1,1,1
Gram Panchayat Naukhrda,1125000.0,3,1,1,1
SUBHASAGOUDA PATIL,1124976.0,3,1,1,1
SYED GH RABBANI,1124655.0,6,1,1,1
GRAM PANCHAYAT KADRO,1124400.0,3,1,2,1
Gora Cooperative L and C Society,1124294.0,4,1,1,1
Gp SARAHAN general account,1124280.0,12,1,1,1
GADDAM SRINIVASA PRASAD,1123567.0,2,1,1,1
PRADEEPA S V,1123500.0,3,1,1,1
OTIS ELEVATOR COMPANY LTD,1123258.0,2,1,1,1
Kosnam Venkatram Reddy,1123200.0,9,1,1,1
T A V SIVA PRASAD,1123023.0,1,1,1,1
RIYAZ AHMED,1122750.0,3,1,1,1
ARUN,1122750.0,3,1,1,1
Manikprabhu,1122750.0,3,1,1,1
G PAVAN KUMAR,1122690.0,6,1,1,1
Jai Mahakal Trders,1122623.0,3,1,1,1
Sri Vinayaka Constructions,1122373.0,2,1,1,1
Rampaul,1122000.0,9,1,1,1
SRINIVAS REDDY PATIL,1122000.0,3,1,1,1
NADA GRAM PANCHAYAT,1121322.0,3,1,2,1
RAJA ENTERPRISE,1121168.0,5,2,2,2
MANJUNATHA L,1120509.0,3,1,2,1
JAI MAA DURGA AND BANDHU CONSTRUCTION,1120416.0,3,1,1,1
Jasvir Singh,1120056.0,3,1,1,1
Prethington Marak,1120000.0,7,1,1,1
HAMAR BASTAR,1120000.0,1,1,1,1
KHADALPUR GRAM PANCHAYAT,1120000.0,4,1,1,1
GRAM PANCHAYAT RAMPUR DHILA,1120000.0,5,1,2,1
SARPANCH SACHI BHALESAR,1120000.0,4,1,1,1
THE AMIT COOP L C SOC LTD SONGAL,1118113.0,5,1,1,1
ADS SOLUTION,1118000.0,5,1,2,1
EE HPPWD PALAMPUR,1117462.0,9,1,1,1
CHOUDARY ENTERPRISES,1117089.0,3,1,1,2
kuncham Madavarao,1116888.0,3,1,1,1
Ramchandra Yadav,1116344.0,1,1,1,1
global devlopmant,1116107.0,3,1,1,1
SHIV SHAKTI CONSTRUCTION PRO SMT INDU SINGH,1115325.0,2,1,1,1
IRFAN AHMED,1115239.0,2,1,1,1
SUNIL LAL S,1115161.0,4,1,1,1
Gram Panchayat Karkali,1114899.0,3,1,2,2
PANJA ENTERPRISE,1114821.0,4,1,1,1
MOHAMMED TAIYAB,1113750.0,3,1,1,1
SAMTA MAJOOR SAHKARI SANSTHA MARYA RAJURA,1113514.0,1,1,1,1
Gram Panchayat Chainpur,1113141.0,3,1,2,2
KARTHIK D R,1112817.0,3,1,2,1
DEBASISH BISWAS,1112706.0,3,1,1,1
Chief Veternary Officer Haridwar,1112500.0,1,1,1,1
AASHDEEP CONSTRUCTION PROP ASHA TIWARI,1112418.0,2,1,1,1
PRASHANT SONKAR,1112271.0,5,1,1,1
JAGADEESHA Y B,1112186.0,6,1,1,1
RAMESHKUMAR M,1111905.0,3,1,2,1
Aytri,1111346.0,2,1,2,1
Gaddam Mallareddy,1110632.0,4,1,1,1
GP Dinger Kinner,1110000.0,14,1,2,1
Riddham Construction,1109907.0,3,1,2,1
SAMA SURENDER,1109475.0,3,1,1,1
SEENIMOHAMED M,1109072.0,1,1,1,1
Alal Uddin,1108200.0,6,1,1,1
Ravi Dc,1107025.0,11,2,2,3
Alpha Sports Centre,1106436.0,7,1,1,2
SANKAR LAL VAISHNAV,1105992.0,3,1,1,1
MITASMITA MAHAPATRA,1105989.0,9,1,1,2
MS SURENDRA MAURYA THIKEDAR,1105836.0,1,1,1,1
RADHA GOBINDA SUPPLIER,1105473.0,5,1,2,2
BHAIRAV CONSTRUCTION AND MATERIAL SUPPLIER,1105473.0,3,1,1,1
Dhayal Enterprises,1104336.0,3,1,1,1
M G  CONSTRUCTION,1103417.0,7,1,1,1
Gram Panchayat Korandha,1103079.0,3,1,2,2
THE GAJUWALA SOLAN COOPERATIVE LABOUR AND CONSTRUCTION SOCIETY LTD,1101556.0,5,1,1,1
RASHEED S A,1100546.0,1,1,1,1
SKYLINE CONSTRUCTION,1100490.0,3,1,1,1
BANGASREE ENTERPRISE,1100064.0,3,1,1,1
BABA PREMDAS U M VIDYALAYA KARMAINI MAHBAL AMBEDKARNAGAR,1100000.0,4,1,1,1
GRAM PANCHAYAT MANIYAWADA,1100000.0,4,1,2,1
K Asoka Kumar Senapaty,1100000.0,2,1,1,1
KARSAD GRAM PANCHAYAT,1100000.0,5,1,1,1
Gram Panchyat Pagara,1100000.0,4,1,2,1
GUNAI,1100000.0,4,1,2,1
SDR Technology,1100000.0,2,1,1,1
GP Chikani,1100000.0,7,1,2,1
BALAKRUSHNA JENA,1100000.0,2,1,1,1
Temsuzulu Jamir,1100000.0,1,1,1,1
CONSTRUCTION OF BOUNDARY WALL AT GARALA HIGH SCHOOL,1100000.0,4,1,1,1
BADARKHA BERASIA,1100000.0,4,1,2,1
Construction of Community Hall at Dekdhowa Majar Sharif,1100000.0,4,1,1,1
GP NAYARIYA,1100000.0,4,1,2,1
GRAM PANCHAYAT RATANPUR,1100000.0,7,2,2,3
NISHWANTH CONSTRUCTION,1100000.0,2,1,1,1
KANDARIYA,1100000.0,4,1,2,1
GRAM PANCHAYAT GHIRGHOL,1100000.0,5,1,2,1
amba prasad rotary charitable trust,1100000.0,5,1,1,1
Gram Panchyat Malikhedi,1100000.0,4,1,2,1
G D INTERNATIONAL SCHOOL BHATAULI ASGAVA AMBEDKARNAGAR,1100000.0,4,1,1,1
Supreme Mobiles Pvt Ltd,1100000.0,1,1,1,1
JUNIOR ENGINEER BEGUNIAPADA BLOCK II,1100000.0,2,1,1,1
Construction of Boundary Wall near Darul Ulam Taritul Koran Hafizi Madrassa near Simlabari Bazar,1100000.0,4,1,1,1
BOLASA,1100000.0,4,1,2,1
GRAM PANCHAYAT PADARIYA BICHHIYA,1100000.0,4,1,2,1
Construction of Community Hall at Gournagar Junior College,1100000.0,4,1,1,1
Const of Boundary Wall with Iron Gate near Kismatpur Rajhuwa Janaza Math,1100000.0,4,1,1,1
PIPLYARAGHO,1100000.0,4,1,2,1
GRAM PANCHAYAT NARELAKALAN,1100000.0,4,1,2,1
Construction of Community Hall at Krishnai Weekly Market,1100000.0,4,1,1,1
Gp Dhuletiya,1100000.0,4,1,2,1
Construction Of Community Hall For Shakti Clf,1100000.0,4,1,1,1
Gp Gunawa,1100000.0,4,1,2,1
Gp Khedhachitawliya,1100000.0,4,1,2,1
Digitech Electronic Systems Private Limited,1099975.0,1,1,1,1
Royal builders,1099868.0,1,1,1,1
PUSHPA K,1099820.0,4,1,1,1
BANUPRIYA TRADERS,1099818.0,1,1,1,1
Sunil Kumar Contractor,1099708.0,1,1,1,1
RENUKA DEVI R,1099641.0,1,1,1,1
SEKARAN VENGADESAN,1099556.0,1,1,1,1
R K CONSTRUCTIONS,1099545.0,1,1,1,1
K SURESH,1099471.0,1,1,1,1
NOOKA CHANDRAKANTH,1099064.0,4,1,1,1
DAMPAT GRAM PANCHAYAT,1098659.0,8,1,1,1
MS KARNI KRIPA CONSTRUCTION CO,1096972.0,2,1,1,1
MS SK CONSTRUCTION AND SUPPLIER,1096266.0,3,1,1,1
GURU TEG BHADUR CEMENT PIPE INDUSTRIES,1095812.0,12,1,1,1
SHARATH S G,1095776.0,4,1,1,1
GRAM PANCHAYAT KADAVIYA,1095000.0,4,1,1,1
PRIYA RONGHANGPI,1093353.0,6,1,2,1
SHIVA TRADERS,1092723.0,2,1,1,1
VIVEK HANS CONTRACTOR,1092422.0,1,1,1,1
PRAKHYATH RAJ SHETTY,1092265.0,4,1,1,1
RAZA ENTERPRISES,1091106.0,6,1,1,1
KHAGEN BORAH,1090620.0,7,1,1,1
CHRISTHUDAS,1090459.0,4,1,1,1
NANJAPPA E,1088818.0,5,1,2,1
GRAM PANCHAYAT GUNGARADI,1087460.0,4,1,2,2
MUJAPUR GRAM PANCHAYAT,1087119.0,5,1,1,1
RAMASHISH SINGH,1086914.0,2,1,1,1
JATINDER KHAJURIA,1086000.0,6,1,1,1
A S H TRADERS,1085880.0,10,1,2,1
KAJEM ENTERPRISE,1085814.0,9,1,1,1
VADALA GRAM PANCHAYAT,1085740.0,5,2,2,2
SHRI MURUGA AGENCY,1085000.0,1,1,1,1
SINADA GRAM PANCHAYAT,1085000.0,4,1,1,1
NOUSHAD T V,1084671.0,5,1,1,1
Pullalacheruvu Rajasekhar Reddy,1083924.0,3,1,1,2
G Mohammad Iliyas Basha,1083603.0,3,1,1,1
ARVIND KUMAR,1083484.0,14,2,2,2
Adharshila Potteries,1080813.0,4,1,1,1
SIMHARAYULU BELLAMKONDA,1080000.0,3,1,1,1
CC Construction of Community hall at Dharapur Majarbahar pratham khel,1080000.0,3,1,1,1
Ms R B Construction Co,1079886.0,18,1,1,1
P K Traders,1079183.0,1,1,1,1
JAI MAA VADIKHAND CONSTRUCTION AND BUILDING MATERIAL SUPPLIERS,1077983.0,4,1,1,1
Micro Sales and Servises,1077000.0,7,1,1,1
KRISHNA ELECTRIC CO,1075557.0,3,1,1,1
GRAM PANCHAYAT RAKH,1075137.0,10,1,1,1
Nitul Bora,1075104.0,3,1,1,1
CEO JANPAD PANCHAYAT GAROTH AND AAO,1075000.0,9,1,1,1
Pallab Jyoti Nath,1075000.0,7,1,1,1
GRAM PANCHAYAT TAMNAR,1074976.0,7,1,2,1
ISRAT CONSTRUCTION,1074948.0,6,1,1,1
jangid brahaman vishwakarma marwadi suta,1074821.0,4,1,2,1
AMRUTVEL GRAMPANCHAYAT,1073334.0,3,1,1,1
BABA RAMDEO CONSTRUCTION,1072934.0,2,1,1,1
MARGAM SHARTH BABU,1072881.0,3,1,1,1
Pallikonda Poshaiah,1072881.0,3,1,1,1
Gram Panchayat Morjhari,1072500.0,3,1,2,1
N Satya Narayana Reddy,1071000.0,3,1,1,1
ANITA ENTERPRISE,1070681.0,1,1,1,1
The Royal Madanpur Coop Lab And Con Soc Lt,1070175.0,3,1,1,1
Bilal Ahmad Dar,1069601.0,2,1,1,1
SAMIRUL CONSTRUCTION,1069194.0,3,1,2,1
THE SHREE BALA JI COOP LABOUR AND CONSTRUCTIO SOCIETY,1068984.0,3,1,1,1
SEKH GOLAMRASUL,1068741.0,3,1,2,1
GRAM PANCHYAT GHAR,1068735.0,10,1,1,1
VEE ESS ENTERPRISES,1068711.0,3,1,1,1
BAHAUDDIN MALLICK,1068585.0,3,1,2,1
ATIYAR RAHAMAN,1068336.0,3,1,2,1
Uttam Kumar Maity,1068206.0,4,1,1,1
NASIRUDDIN MIRZA,1067775.0,3,1,2,1
ARUP KUMAR MONDAL,1067694.0,3,1,2,1
AKULA SRINIVAS,1065621.0,3,1,2,1
SHRI SHYAM CONSTRUCTION COMPANY,1065046.0,5,1,1,1
S N ENTERPRISES,1063164.0,2,2,2,1
AJAY KUMAR AGARWAL,1062509.0,1,1,1,1
MOGA CONSTRUCTION,1062396.0,3,1,1,1
J Mondal Electric,1062112.0,4,1,1,1
PROVA CONSTRUCTION,1061733.0,3,1,1,1
Sendhuran,1061534.0,2,1,1,1
PREMIER ENGINEERING WORKS,1061086.0,1,1,1,1
UPNEDA,1060000.0,1,1,1,1
ANAND SWETT,1060000.0,2,1,1,1
C,1059898.0,2,2,2,2
VENKATESH,1059599.0,4,2,2,2
Assistant Engineer Water Resources Department,1059400.0,2,1,1,1
SHRI GANGE TRADERS,1058773.0,7,1,1,1
NEPTUNE ENTERPRISE,1058589.0,7,1,1,1
SHREE SANKALP KRUPAMKSSM,1058131.0,2,1,1,1
TAPAN KUMAR DHAR,1057226.0,1,1,1,1
Vijay Dabas,1057116.0,1,1,1,1
The Sarswal CoOp L and C Society LTD,1055879.0,11,1,2,1
MARPALLY VIJAYENDAR REDDY,1055838.0,6,1,1,1
AVTAR SINGH GURDIP SINGH,1054959.0,3,1,1,1
SATYENDRA KUMAR PRASAD,1053119.0,5,1,1,1
jai singh,1052439.0,3,1,2,1
SARPANCH GRAM PANCHAYAT JHANDEY,1052000.0,17,1,1,1
Alphonse George,1050561.0,3,1,1,1
BHAVANI TREDERS,1050161.0,16,1,2,1
GRAM PANCHAYAT KATHRIMAL,1050000.0,6,1,1,1
Construction of Open Community Hall at Tarun Sangha at Mornoi,1050000.0,6,1,1,1
Aotoshi,1050000.0,3,1,1,1
GP Kothisari,1050000.0,3,1,1,1
Gram Panchayat Korsar Kothar,1050000.0,3,1,1,1
Construction of Additional Room at Moiskhuli Khamar Bihu Samity Darrangiri,1050000.0,6,1,1,1
GRAM PANCHAYAT VALOTRI,1050000.0,6,1,1,1
Kamdhenu Agency,1050000.0,7,1,1,1
FOJIVADA GRAM PANCHAYAT,1050000.0,3,1,1,1
SUBASH LIMBADRI,1050000.0,3,1,1,1
GRAM PANCHAYAT MAHUDIYA,1050000.0,3,1,2,1
Gram Panchayat Tentla,1050000.0,3,1,2,1
SHRI KHODVADRI GRMA PANCHAYAT,1050000.0,3,1,1,1
SARPANCH GRAMPANCHAYAT KALWACH,1050000.0,4,1,1,1
Bhadreshvar gram panchayat,1050000.0,3,1,2,1
DHOLAR GRAM PANCHAYAT,1050000.0,3,1,2,1
GP Kilod,1050000.0,12,1,1,1
GP Jeher,1050000.0,12,1,2,1
Construction of open community Hall at Bakaitari Anchalik Shiv Mandir,1050000.0,6,1,1,1
DEDIYAPADA GROUP GRAM PANCHAYAT,1050000.0,6,1,1,1
MOKADI GRAM PANCHAYAT,1050000.0,3,1,1,1
GRAM PANCHAYAT MUNDAGARH,1050000.0,3,1,2,1
MOTA CHEKHALA GRAM PANCHAYAT,1050000.0,3,1,1,1
GRAM PANCHAYAT GHUGHRA,1050000.0,4,1,2,1
Gram Pancchayat Amlidih,1050000.0,3,1,2,1
YMA Ramhlun North,1050000.0,3,1,2,1
H LALBUATSAIHA,1050000.0,2,1,1,1
GADANI GRAM PANCHAYAT,1050000.0,3,1,2,1
sarpanch sachiv gram panchayat vikaspali,1050000.0,3,1,2,1
Assistant EngineerII Ramanaguda block,1050000.0,3,1,1,1
nidanpur,1050000.0,1,1,1,1
Mangalgarh,1050000.0,2,1,1,1
GRAM PANCHAYAT DHONGAITOLA,1050000.0,3,1,1,1
Checknov K Sangma,1050000.0,12,1,1,1
SARPANCH GRAM PANCHAYAT BABADIYABHAU,1050000.0,3,1,1,1
Construction of Additional Room at Moiskhuli Khamar Bihu Samity Darrangiri Kushdhowa,1050000.0,6,1,1,1
SDMC GSSS ASAWARI,1050000.0,6,1,1,1
GRAM PANCHAYAT PAHADGAON,1050000.0,6,1,1,1
CREATIVE BUILDERS AND DECORS,1050000.0,3,1,1,1
SARAPANCH SACHIV GRAM PANCHAYAT KALMI KAKARDHA,1050000.0,3,1,1,1
GRAM PANCHAYAT BADE KILIPAL 02,1050000.0,3,1,2,1
CHAPAD GRAM PANCHAYAT,1050000.0,3,1,2,1
GRAM PANCHAYAT JAGRUP NAGAR,1050000.0,6,1,1,1
GRAM PANCCHAYAT KUKERA,1050000.0,3,1,1,1
AMARDI GRAM PANCHAYAT,1050000.0,3,1,2,1
THOTA RAJU,1050000.0,3,1,1,1
TORCHIT ELECTRONICS PRIVATE LIMITED,1050000.0,1,1,1,1
Construction of Boundary Wall at Badungduppa Kala Kendra,1050000.0,6,1,1,1
Shri Alphones M Sangma,1050000.0,12,1,1,2
Shri Armando Ch Marak,1050000.0,12,1,1,2
Shri Bartholomeo Ch Marak,1050000.0,12,1,1,2
Sunil Kamboj,1050000.0,6,1,1,1
dungariya,1050000.0,1,1,1,1
Cacino R Marak,1050000.0,10,1,1,1
GRAM PANCHAYAT BERI KHURD,1050000.0,1,1,1,1
gppura,1050000.0,3,1,1,1
Sarpanch Gram Panchayat Dodkawahi,1050000.0,3,1,2,1
GRAM PANCHAYAT PIDIYA,1050000.0,6,1,1,1
GRAM PANCHAYAT SAMROLI,1050000.0,6,1,1,1
ARAVINDAN,1050000.0,3,1,1,2
Promita Construction,1049997.0,3,1,2,1
BIJJAM PENCHALREDDY,1049937.0,3,1,2,1
BISWAJIT MISTRY,1049892.0,3,1,2,1
S R B Construction,1049892.0,3,1,2,1
MAA TARA CONSTRUCTION,1049856.0,3,1,2,1
B D Construction,1049856.0,3,1,2,1
THE DRUG ON,1049760.0,3,1,1,1
GRAM PANCHAYAT ASHAMALI,1049730.0,5,1,1,1
VIDAVALURU VENKATA SESHAIAH,1049727.0,3,1,2,1
M G CONSTRUCTION PROBIR,1049646.0,3,1,2,1
G D Construction,1049631.0,3,1,2,1
NEW Champion Sports,1049610.0,3,1,1,1
F M Enterprise,1049526.0,3,1,2,1
Laishetti Venkati,1049460.0,3,1,1,1
Mamidala Kamala,1049361.0,3,1,1,1
SARAVANAN R,1049325.0,6,1,1,1
SUKHPAR GRAM PANCHAYAT,1049136.0,3,1,1,1
KANWAR ALI,1049124.0,3,1,1,1
NAVADRA GRAM PANCHAYAT,1049099.0,4,1,1,1
L N Construction,1049037.0,3,1,2,1
TAPAN BHATTACHARJEE,1048935.0,3,1,2,1
The Commando Co Op Lc Society Ltd,1048866.0,3,1,1,1
FAIRDEAL ENTERPRISE,1048797.0,3,1,1,1
GRAM PANCHAYAT ZAROL,1048695.0,6,1,1,1
SARPANCH GRAM PANCHAYAT MUTANPAL,1048680.0,3,1,2,1
NARESH HARDWARE STORE,1048550.0,28,1,2,1
S S Construction,1048500.0,3,1,2,1
VEERESH,1048500.0,3,2,2,2
BAVDIDAL GRAM PANCHAYAT,1048377.0,3,1,1,1
GRAM PANCHAYAT CHIKHALPUTI,1048262.0,3,1,2,1
R Senthilkumar,1048122.0,3,1,1,1
SENTHILKUMAR D,1048044.0,3,1,1,1
Prathapa Rajendra Prasad,1047835.0,4,1,1,1
K J SUBBEGOWDA,1047750.0,8,1,1,1
FAYSAL ALAM,1047708.0,3,1,1,1
MANAS NASKAR,1047687.0,3,1,2,1
MALAXMI BUILDER,1047654.0,3,1,2,1
R M ENTERPRISE,1047579.0,6,1,2,1
GRAM PANCHAYAT BANDHALA,1047442.0,4,1,1,1
MADINA ENTERPRISE,1047300.0,3,1,2,1
ARITRA MOHAN ENTERPRISE,1047147.0,3,1,1,1
H V PRAKASH REDDY,1047102.0,4,1,2,1
Gram Panchayat Barbai,1047000.0,7,1,1,1
Sarjit Singh Enterprises,1046952.0,5,1,1,2
Gyan Enterprises,1046824.0,1,1,1,1
Rupak Manna,1046763.0,3,1,1,1
Sardar Enterprise,1046568.0,3,1,2,1
Avdhesh Global Services,1046422.0,2,1,1,1
DEEP CEMENT STORE,1045800.0,3,1,1,1
M C L Traders,1045500.0,3,1,1,1
Saiyed developers,1045500.0,3,1,1,1
JUNI FOT GRAM PANCHAYAT,1045488.0,3,1,1,1
Raju,1045414.0,2,1,1,1
BALAJI BUILDERS,1045081.0,2,1,1,1
MVT Gopal,1045071.0,3,1,1,1
SATYA VIJAY SINGH,1045023.0,2,1,1,1
jvvnl indergarh,1044710.0,1,1,1,1
PURKAIT CONSTRUCTION,1044531.0,3,1,2,1
SANGIMAL,1044522.0,3,1,2,1
SANAM CONSTRUCTION,1044282.0,3,1,2,1
R M Enterprise,1044231.0,3,1,2,1
SHREE GANESH TRADING,1043300.0,7,1,1,1
GOPAL CHANDRA MONDAL,1042893.0,3,1,2,1
MALLICK CONSTRUCTION,1042725.0,3,1,2,1
NEW MANDAL ENTERPRISE,1042167.0,3,1,2,1
A S Enterprise Ankan,1042098.0,3,1,2,1
JBS Construction Subrata,1041798.0,3,1,2,1
SOUMJIT CONSTRUCTION,1041501.0,3,1,2,1
SAMARJEET KASHYAP,1041252.0,14,1,1,1
ROYAL BENGAL CONSTRUCTION,1041246.0,3,1,1,1
MADDIPATLA RAM PRASAD,1040775.0,6,1,1,1
JAGDAMBA ENTERPRISES,1040632.0,4,1,1,1
SRI GURU HARDWARE AND CONSTRUCTION,1040268.0,3,1,1,1
BAGARIA CONSTRUCTION COMPANY,1040074.0,2,1,1,1
M KUMAR CONSTRUCTION COMPANY,1039905.0,1,1,1,1
Gita Construction,1039566.0,3,1,2,1
Lokesh construction company,1039500.0,3,1,1,1
Kamala Construction,1039431.0,3,1,2,1
NARESH CONTRACTOR AND TRADING CO,1039284.0,5,1,1,1
AJAY STEEL HOUSE,1038795.0,9,1,1,1
SAMPA ENTERPRISE,1038213.0,3,1,2,1
MS PIU ENTERPRISE,1038213.0,5,1,1,1
DHRUV SINGH CONTRACTOR AND SUPPLIER,1037220.0,3,1,1,1
K P SHRINIDHI,1037106.0,6,1,1,1
Biswajit Saha,1037037.0,3,1,2,1
DIPALI BUILDING STORES,1036158.0,3,1,1,1
SHIBU K P,1036108.0,3,1,1,1
SATHYARAJAN K,1034953.0,1,1,1,1
Kuna Anjaneyulu,1034791.0,2,1,1,1
SRI Amman Electricals,1034427.0,3,1,1,1
Manas Naskar,1034250.0,6,1,1,1
gram panchayat kangoo,1034128.0,16,1,1,1
Asif Ahmed,1032800.0,8,1,1,1
Abhishek Kumar,1031776.0,4,2,2,2
JAI BIRSA TREDARSH CSC E AGRI INPUT MATERIAL SUPPLIER,1030254.0,11,1,2,1
NOUSHAD M,1029779.0,1,1,1,1
RANITH ENTERPRISE,1029437.0,8,1,1,1
KAMIDI RATHNAKAR REDDY,1029222.0,3,1,2,1
BANDANA TANTY,1028776.0,4,1,2,2
GP Sainj,1028703.0,14,1,1,1
Republic Vengthlang YMA,1028557.0,1,1,1,1
YMA Upper Republic,1028557.0,1,1,1,1
MALATI ENTERPRISE,1028544.0,6,1,1,1
PRABHU CONSTRUCTION,1026402.0,2,1,1,1
BANAFUL GHOSH,1026387.0,3,1,2,1
KWALITY IMPEX,1026000.0,3,1,1,1
Ms Durga Traders,1025000.0,8,1,1,1
Gram Panchayat Guwali,1024500.0,3,1,2,1
GRAM PANCHAYAT KASBA JUGHED,1024042.0,13,1,1,1
K Jaganmohan,1023976.0,5,1,1,1
LAXMI TRADERS,1023744.0,6,1,1,1
Surada Madhavi Sri,1023323.0,3,1,1,1
RAKESH PRASAD NISHHAD,1022814.0,1,1,1,1
BANOTH PREMSINGH,1022261.0,4,1,1,1
GOYAL STEELS,1021779.0,3,1,1,1
GRAM PANCHAYAT MAKKHANPUR,1020988.0,3,1,1,1
VANSIKA IRON AND STEELS,1020680.0,9,2,2,2
BRAJESH KUMAR SINGH,1020612.0,1,1,1,1
PRADIP MAHATO,1020471.0,3,1,2,1
BLOCK DEVELOPMENT OFFICER,1020377.0,15,3,3,3
PRASHANT AGRAWAL,1020000.0,5,1,1,1
GP Jaman Ki Ser,1020000.0,9,1,2,1
Aman Treders,1020000.0,10,1,2,1
Gram Panchayat Ongana,1020000.0,6,1,2,1
JAY KISHOR SINGH,1019974.0,1,1,1,1
Pawan Kumar Contractor,1019947.0,1,1,1,1
Shakeel Ahmad Pandit,1018449.0,6,1,1,1
TUSAR CONSTRUCTION,1018104.0,3,1,1,1
BRILLIANT MOTOR AGENCY LLP,1018000.0,10,1,1,1
KRISHNA CHANDRA SEN,1017606.0,3,1,2,1
The Pandher co op l and C Society Ltd,1016505.0,3,1,2,1
PRASANNA KUMAR,1015332.0,3,1,1,1
VIJAY SALES AGENCIES,1015120.0,6,1,1,1
Vishal Traders,1014000.0,14,1,1,1
ROHIT INDUSTRIES,1013530.0,2,1,1,1
OWAIS SHOKIT,1013000.0,1,1,1,1
THE NEW SHIVA COOP L C SOCIETY,1012425.0,3,1,1,1
G Satyanarayana,1011103.0,4,1,2,1
Ms S and S Building Material LLP Dasuya,1009900.0,58,1,2,1
Surajit Saikia,1008447.0,18,1,1,1
PAVITHRASREE ENTERPRISES,1008088.0,1,1,1,1
SINGLA BUILDING MATERIAL STORE,1007733.0,31,1,1,1
Budhlakoti Engineering Enterprises,1007646.0,6,1,1,1
Bonkur Anjilayya,1007556.0,9,1,1,1
SAWAN TRADING CO,1007430.0,20,1,2,1
VENKAT RAM REDDY GANTA,1006332.0,6,1,1,1
G K SPORTS,1005903.0,1,1,1,1
SHAHEED BABA DHARAM SINGH SEKHON TRADERS,1005250.0,20,1,1,1
MS GP NANAWAN FINANCE AC,1005000.0,12,1,3,1
SAHIL,1004664.0,1,1,1,1
Jindal Chips Store,1003214.0,2,1,1,1
guddi devi,1002814.0,2,1,1,2
PRINCE CONSTRUCTION AND COMPANY,1002117.0,4,1,1,1
Lucky construction,1001352.0,5,1,1,1
SHRI HARI CONSTRUCTION,1000795.0,2,1,1,1
SARPANCH GRAM PANCHAYAT DANDE,1000500.0,6,1,1,1
ACHIK HERITAGE PURSUITS,1000000.0,4,1,1,1
SHRI SHYAM MILAN TRUST,1000000.0,1,1,1,1
ESSKAY ENTERPRISES DELHI,1000000.0,10,1,1,1
Janata Majur Sahakari Sanstha Maryadit Kupwad,1000000.0,1,1,1,1
ANIL BASAWANI KHANNA,1000000.0,1,1,1,1
ANANDA CHANDRA BEHERA,1000000.0,2,1,1,1
SHRIMAN ABASAHEB MAZUR SAHKARI SOCIETY LTD MHAISAL,1000000.0,1,1,1,1
ch gayatri mss ltd at bhildari tq kannad,1000000.0,1,1,1,1
H T Infosol,1000000.0,1,1,1,1
PRINTBOX,1000000.0,5,1,1,1
tajkheda,1000000.0,4,1,2,1
PALIWAL STONE SUPPLIER,1000000.0,2,1,1,1
SHAILESH DEEPAK PARAMANE,1000000.0,1,1,1,1
Ankodiya Gram Panchayat,1000000.0,2,1,1,1
anup narendra gunijan,1000000.0,1,1,1,1
Anand Suhas Pawar,1000000.0,1,1,1,1
President YMA,1000000.0,4,1,2,1
GRAM PANCHAYAT SARKANDA,1000000.0,4,1,1,1
NIP JYOTI SAIKIA,1000000.0,7,1,1,1
BHOLAV GRAM PANCHAYAT,1000000.0,2,1,1,1
G P LITIYA,1000000.0,4,1,1,1
Ashwini Sanjeev Patil,1000000.0,1,1,1,1
KRISTON A SANGMA,1000000.0,4,1,1,1
Grram Panchyat Mungaser,1000000.0,4,1,1,1
DIMOND ENTERPRISES,1000000.0,2,1,1,1
GIRIRAJ TRACTORS,1000000.0,1,1,1,1
SAVADH MAHADEV DUDHAL,1000000.0,1,1,1,1
DORBAR SHNONG KULIANG,1000000.0,4,1,1,1
DERALA GRAMPANCHAYAT,1000000.0,2,1,2,1
CHAKRADHAR SETHI,1000000.0,2,1,2,1
Gram Panchayat Dharsiwa,1000000.0,4,1,1,1
Gram Panchayat Dhapla,1000000.0,4,1,2,1
MS JB ENTERPRISES,1000000.0,2,1,1,1
KARNA GURUNATH MORE,1000000.0,1,1,1,1
Pre Swawalambi Majoor Kamgar Sahakari Sanstha Murtizaour,1000000.0,1,1,1,1
President pulgaon MKSSS Ltd Pulgaon,1000000.0,1,1,1,1
SHREE SALASAR BALAJI DEVELOPERS AND CONSTRUCTION HARSHAL SETHIA,1000000.0,2,1,1,1
Gram Panchayat Naavaniya,1000000.0,4,1,1,1
HASLAT INFRASTRUCTURE,1000000.0,1,1,1,1
Shaw Construction,1000000.0,1,1,1,1
JOYDIE LAURAM MARAK,1000000.0,4,1,1,1
MOTA GRAM PANCHAYAT,1000000.0,2,1,1,1
SINE DUKU RAJI,1000000.0,1,1,1,1
GRAM PANCHAYAT SANKRI,1000000.0,4,1,1,1
GRAM PANCHAYAT SALHEJHARIYA,1000000.0,4,1,1,1
NISHA CONST PROP MACHINDRA M PUJARI,1000000.0,1,1,1,1
DURAMA MOTOR SPORTS AND ADVENTURES,1000000.0,4,1,1,1
SUMRA ENTERPRISES,1000000.0,2,1,1,1
CEO JANPAD PANCHAYAT SHAJAPUR,1000000.0,2,1,2,1
CC for Construction of Boundary wall at Ujjal Nagar Namghar,1000000.0,4,1,1,1
GRAM PANCHAYAT BHADANA,1000000.0,1,1,1,1
Kunal Yuvraj Rasal,1000000.0,1,1,1,1
VANKANEDA GROUP GRAM PANCHAYAT,1000000.0,4,1,1,1
Dhanora  Gram Panchayat,1000000.0,2,1,1,1
Gram Panchayat Baganwal,1000000.0,2,1,1,1
Gram Panchayat Badkud,1000000.0,2,1,1,1
SFC MULBHOOT RAWATKHEDA,1000000.0,4,1,2,1
GP DHALWAN,1000000.0,6,1,1,1
GRAM PANCHYAT KUDAMAILI,1000000.0,4,1,2,1
GP GULKHEDI S,1000000.0,2,1,1,1
Tomo Taba,1000000.0,2,1,1,1
Bhaskar Jyoti Gogoi,1000000.0,1,1,1,1
Sanjaybhai Mangubhai Patel,1000000.0,2,1,1,1
RAKHAV GRAM PANCHAYAT,1000000.0,2,1,1,1
Gram Panchayat Kachhwanya janpad Panchayat dharmpuri,1000000.0,4,1,2,1
Amiya Ku Das,1000000.0,2,1,1,1
SAROJ KUMAR SETHY,1000000.0,2,1,1,1
Don Bosco Technical School,1000000.0,2,1,1,1
SARPANCH AND SACHIV KHORSI GRAM PANCHAYAT,1000000.0,4,1,1,1
Sendesh Momin,1000000.0,4,1,1,1
Gram Panchayat umarban Kala janpad Panchayat umarban,1000000.0,2,1,2,1
SHRI BALAJI MAJUR SAHAKARI SANSTHA LTD,1000000.0,1,1,1,1
PRASANTA BEHERA,1000000.0,2,1,1,1
gram panchayat bhandarpur,1000000.0,4,1,1,1
PRAJWAL TUKARAM SHINDE,1000000.0,1,1,1,1
SUPER INFRACORP PRIVATE LIMITED,1000000.0,2,1,1,1
HANMANPURA GRAM PANCHAYAT,1000000.0,2,1,1,1
Ley7 PT Enterprise,1000000.0,2,1,1,1
KPK construction,1000000.0,1,1,1,1
Lawipu Local Council,1000000.0,4,1,2,1
Shaiborlang Thabah,1000000.0,5,1,1,1
Ramgarhia Construction Works,1000000.0,1,1,1,1
Vivek Vinod Pakhad,1000000.0,1,1,1,1
GRAM PANCHAYAT SONTHI,1000000.0,4,1,1,1
GRAM PANCHAYAT SINGHAT,1000000.0,4,1,1,2
GRAM PANCHAYAT BARDEVRI,1000000.0,4,1,2,1
KATHDA GRAM PANCHAYAT,1000000.0,2,1,2,1
GUNASEKARAN N,1000000.0,2,1,2,1
BDO DMJ,1000000.0,2,1,1,1
Ranjit Kumar Sahu,1000000.0,1,1,1,1
Barkam Rajitha,1000000.0,2,1,2,1
NEERAJ DATTATRAY RANDIVE,1000000.0,1,1,1,1
Gram Panchayat Ghotan,1000000.0,2,1,2,1
SUDHEER KRISHNAY SHEREGAR,1000000.0,2,1,1,1
GRAM PANCHAYAT BHUMKA,1000000.0,2,1,2,1
SUHANI CONSTRUCTION,1000000.0,2,1,1,1
TRITHA SAHU,1000000.0,5,1,1,1
BAPUJI NAYAK,1000000.0,2,1,1,1
ASHOK POOJARY,1000000.0,2,1,1,1
ALALI GRAM PANCHAYAT,1000000.0,5,1,1,1
Gram Panchayat bagh janpad Panchayat Bagh,1000000.0,4,1,2,1
Gram Panchayat Uplai,1000000.0,4,1,2,1
G J Constructions,1000000.0,1,1,1,1
Gram Panchayat Billiband,1000000.0,4,1,1,1
GRAMPANCHAYAT WADALA,1000000.0,1,1,1,1
Parthampura Khandi Gram Panchayat,1000000.0,2,1,1,1
ARBAJ RAFIKAHAMAD INAMDAR,1000000.0,1,1,1,1
JITENDRA DAS,1000000.0,3,1,1,1
LAXMIDHAR NAYAK,1000000.0,2,1,2,1
S THANIKASALAM,1000000.0,1,1,1,1
SUHAS SHIVAJI CHAVAN,1000000.0,1,1,1,1
LALPUR B GROUP GRAM PANCHAYAT,1000000.0,4,1,1,1
LALIT MOHAN MOHANTA,1000000.0,2,1,2,1
SARPANCH GRAM PANCHAYAT KHIMAT,1000000.0,2,1,1,1
Sarpanch Gram Panchayat RAMPURI,1000000.0,3,1,1,1
SWARGIYA CHHOTELAL FOOLMATI SEWA SAMITI,1000000.0,2,1,1,1
SWAMI SHRADHHANAND SANSKRIT HS VIDYALAY NAUDHIYA,1000000.0,2,1,1,1
Devi Swayam Sahayaka Mahila Sangam,1000000.0,2,1,2,1
Sarpanch Gram Panchayat Pali,1000000.0,2,1,1,1
MS A S ENTERPRISES,1000000.0,2,1,1,1
Gram Panchayat Khandla,1000000.0,11,1,1,1
Gram Panchayat Khaira La,1000000.0,1,1,1,1
ECO COOLING SOLUTIONS,1000000.0,1,1,1,1
BAHADURGADH GRAM PANCHAYAT,1000000.0,4,2,2,2
Gram Panchayat Tindani,1000000.0,4,1,2,1
GRAM PANCHAYAT TIVRAIYA,1000000.0,4,1,1,1
KHEROL GRAM PANCHAYAT,1000000.0,2,1,1,1
GRAM PANCHAYAT ABHANA JP DAMOH,1000000.0,4,1,1,1
GRAM PANCHAYAT TECHNICAL ASSISTANT NANDAPUR BLOCK,1000000.0,3,1,1,1
Thandu Saidulu,1000000.0,2,1,1,1
ATHARUDDIN CONTRACTOR,1000000.0,1,1,1,1
GRAM PANCHAYAT BADIPURA JP TENDUKHEDA,1000000.0,1,1,1,1
GRAM PANCHAYAT TANDA JANPAD PANCHAYAT BAGH,1000000.0,4,1,2,1
ASST ENG III,1000000.0,2,1,1,1
JAY HANUMAN ENTERPRISES,1000000.0,1,1,1,1
Khokhar Gram Panchayat,1000000.0,2,1,1,1
Khasi Jaintia Synod Sepngi Urban Mission,1000000.0,4,1,1,1
Rahul Ashok Mhatre,1000000.0,1,1,1,1
CMO NAGAR PANCHAYAT HINDORIYA,1000000.0,1,1,1,1
DHANPURI GROUP GRAM PANCHAYAT,1000000.0,2,1,1,1
RABINDRA KACHARI,1000000.0,5,1,1,1
Indrajit Amrutrao Shinde,1000000.0,1,1,1,1
S SYED SIRAJUDEEN,1000000.0,1,1,1,1
SFC MULBHOOT LUNI,1000000.0,4,1,2,1
PRADEEP KUMAR PANDA,1000000.0,2,1,1,1
POORVA ENGINEERS AND CONSULTANTS,1000000.0,4,1,1,1
GRAM PANCHAYAT PADAJHIR,1000000.0,1,1,1,1
SARPANCH SACHIV GRAM PANCHAYAT PARATWADA,1000000.0,1,1,1,1
SUYOG M S S LTD A NAGAR,1000000.0,1,1,1,1
Loyola School,1000000.0,5,1,1,1
SHRI RANJEET PANDIT INTER COLLEGE AARTHIK SAHAYARA KOSH,1000000.0,1,1,1,1
Lalbiakzuala,1000000.0,8,1,2,1
ZANOR GRAM PANCHAYAT,1000000.0,2,1,1,1
JITPUR GRAM GROUP GRAM PANCHAYAT,1000000.0,2,1,1,1
GRAM PANCHAYAT DEVRI KH,1000000.0,4,1,2,1
SHREE VISHWAKARMA INDUSTRIES,1000000.0,1,1,1,1
LIMOS SAYOO,1000000.0,5,1,1,1
LEO TILES PVT LTD,1000000.0,2,1,1,1
SARPANCH SACHIV GRAM PANCHAYAT BAKLI,1000000.0,12,1,1,1
Mandeep Natt Enterprises,1000000.0,4,1,1,1
SADARA AALUSANA GRAM PANCHAYAT,1000000.0,4,1,1,1
SARPANCH SACHIV GP KURRUBHATHA,1000000.0,4,1,1,1
Gram Panchayat Rewas,1000000.0,4,1,2,1
Geli Tada,1000000.0,2,1,1,1
MURLI DHAR CONSTRUCTION,1000000.0,1,1,1,1
GRAM PANCHAYAT KARDAWAD,1000000.0,4,1,2,1
lakadbari majur ane kamgaroni sahkari mandali limited,1000000.0,4,1,1,1
GP Umraoganj JP Obedullaganj,1000000.0,4,1,1,1
NASITPAR GRAM PANCHAYAT,1000000.0,2,1,1,1
VINAYAK ANANDRAV INGAVLE,1000000.0,1,1,1,1
GRAM PANCHAYAT  KAPSDA,1000000.0,2,1,1,1
BIBHUDATTA ROUTRAY,1000000.0,5,1,1,2
Madhav Enterprise,1000000.0,2,1,1,1
BISWAMBAR ROUT,1000000.0,2,1,2,1
TALEPURA MADANA GRAM PANCHAYAT,1000000.0,4,1,1,1
M D Enterprise,1000000.0,1,1,1,1
M APPUSAMY,1000000.0,1,1,1,1
Fr Jimbert K Marak,1000000.0,4,1,1,1
BINAD BASUMATARY,1000000.0,2,1,1,1
GRAM PANCHAYAT KUNDALIYA,1000000.0,4,1,1,1
Jaybharat Majoor Sahakari Sanstha M Latur,1000000.0,1,1,1,1
GRAM PANCHAYAT KHAMHARIYA,1000000.0,4,1,1,1
FRANCIS LAPANG,1000000.0,4,1,1,1
HEMANGINI PALBABU,1000000.0,2,1,1,1
SANGRAM KESHARI SAMANTASINGHAR,1000000.0,2,1,1,1
Shri Terkar Gangkak,1000000.0,2,1,1,1
Shushila Marndi,1000000.0,2,1,2,1
PGT College,1000000.0,1,1,1,1
GRAM PANCHAYAT NARDAHA,1000000.0,2,1,1,1
Unitarian Higher Secondary School Puriang,1000000.0,4,1,1,1
ACUTE ENGINEERS AND CONTRACTORS OPC PRIVATE LIMITED,1000000.0,1,1,1,1
SRI ANNAPURNA BUILDING MATERIAL SUPPILER,1000000.0,2,1,1,1
Trinath B Marak,1000000.0,5,1,1,1
Zome Commissioner Zone 09,1000000.0,1,1,1,1
JADI GRAM PANCHAYAT,1000000.0,2,1,1,1
GP KUTHILA JP TEONTHAR,1000000.0,2,1,1,1
GP KONIYA KALAN JP TEONTHAR,1000000.0,2,1,1,1
NAGAR PALIKA PARISHAD SHAJAPUR,1000000.0,4,1,2,1
N Yona Konya,1000000.0,1,1,1,1
SARPANCH GRAM PANCHAYAT DARRIGHAT,1000000.0,4,1,1,1
GRAM PANCHAYAT LOBHI,1000000.0,1,1,1,1
AANADPAR YAX JUTH GRAM PANCHAYAT,1000000.0,2,1,2,1
santosh kumar prusty,1000000.0,2,1,1,1
Jostin Masharing,1000000.0,4,1,1,1
Josephine Sangriang,1000000.0,2,1,1,1
GRAM PANCHAYAT MAU,1000000.0,4,1,1,1
UDYATI CONTRUCTION,1000000.0,1,1,1,1
Supreme Electricals,999999.0,1,1,1,1
RAMESH SADASHIV HEGADI,999999.0,2,1,1,1
GRAM PANCHAYAT DANIYAKHURDA,999998.0,2,1,1,1
VASANTDADA PATIL MAJUR SAHAKARI SOCIETY LTD DHAVALESHWAR,999994.0,1,1,1,1
GRAM PANCHAYAT SIVANIKHURD,999993.0,4,1,1,1
GRAM PANCHYAT BASOLI,999982.0,2,1,1,1
Shaik Tajuddin Ahmed,999980.0,2,1,1,1
SHRI RAMESHWAR CONSTRUCTION,999967.0,1,1,1,1
SHREE CONSTRUCTION PROP SHIVRAJ GYANDEVRAO GUTTE,999965.0,1,1,1,1
RSR CONSTRUCTION,999954.0,2,1,2,1
UPPATHI VENKATESWARLU,999952.0,2,1,1,1
TRIVENI PRINTERS AND TECHNOLOGY,999950.0,1,1,1,1
Shree Venkateshwara Construction,999946.0,1,1,1,1
Reddy Suppliers,999930.0,2,1,1,1
suresh Enginering works,999929.0,1,1,1,1
GRAM PANCHAYAT KHAMHERKHEDA,999927.0,4,1,2,1
MARUTHI AND CO,999912.0,1,1,1,1
Bavithira Builders,999902.0,1,1,1,1
GRAM PANCHAYAT TATENGA,999900.0,4,1,2,1
TECHDRIVE ENGINEERING PRIVATE LIMITED,999897.0,1,1,1,1
Gram Panchayat Pedwi janpad Panchayat dharmpuri,999871.0,4,1,2,1
Mani S,999869.0,1,1,1,1
GP PERMARAS,999857.0,4,1,2,1
TALUKA DEVELOPMENT OFFICER MATAR,999856.0,4,1,1,1
GRAM PANCHAYAT JANGAR,999846.0,2,1,1,1
Grampanchyt Shivankhed Kh,999843.0,1,1,1,1
GP PUSPAL,999839.0,4,1,2,1
Kati kishore,999836.0,1,1,1,1
Nilesh Shivaji Kadam,999824.0,1,1,1,1
Sarapdad Gram Panchayat,999808.0,2,1,1,1
timba gram panchayat,999806.0,2,1,1,1
L P ASSOCIATES,999802.0,4,1,1,1
MANSAROVAR CONSTRUCTION COMPANY SANCHORE,999800.0,1,1,1,1
Ch Mauli Majur Sahkari Sanstha LTD Beed,999800.0,1,1,1,1
Gram Panchayat Chailitangartoli,999800.0,4,1,2,1
GRAMPANCHAYAT PHONDAGHAT,999798.0,1,1,1,1
SARPANCH SACHIV GRAM PANCHAYAT PIPERCHHEDI,999792.0,4,1,1,1
T NAGA BHARGAVA REDDY,999789.0,2,1,1,1
GP Farswani,999786.0,4,1,2,2
BHAGAWANTH SINGE,999785.0,4,1,1,1
KALIKA M S S LTD SOLAPUR,999752.0,1,1,1,1
Gram panchayat khalpodi,999749.0,4,1,2,1
GRAM PANCHAYAT MUNDIPAR,999743.0,1,1,1,1
GRAM PANCHAYAT SAHANPUR,999732.0,2,1,1,1
ABASANA GRAM PANCHAYAT,999723.0,2,1,1,1
Megha Construction Company,999720.0,1,1,1,1
GRAM PANCHAYAT JHULPUR,999709.0,4,1,2,1
A S ENTERPRISE,999703.0,1,1,1,1
GROUP GRAM PANCHAYA FULSAR,999703.0,7,1,1,1
Gram panchayat Dariya,999701.0,4,1,1,1
MR GRAM PANCHAYAT VADOD,999700.0,2,1,1,1
THULASI,999700.0,1,1,1,1
Y P ENTERPRISE,999700.0,2,1,2,1
Ch Shri Bhaveswari MSS Ltd Uttur,999696.0,1,1,1,1
PURANMAL AND COMPANY,999693.0,2,1,1,1
GRAMPANCHAYAT WAGADE,999686.0,1,1,1,1
AJ CONSTRUCTION PROP ATUL J NAGAPURE,999670.0,2,1,1,1
BORVAV GRAM PNCHAYAT,999660.0,2,1,1,1
MITHUN KUMAR SONI,999650.0,1,1,1,1
BHARAT M S S M WADAPUR,999633.0,1,1,1,1
Ch Krantisinha Nanapatil MSS Ltd At Post Pothra Dist beed,999630.0,1,1,1,1
MURUGAN G,999628.0,1,1,1,1
GP KHARGAHNA BBA,999600.0,4,1,1,1
GRAM PANCHAYAT HATHLEVA,999600.0,4,1,1,1
Ch Chatrapaty MSS LTD Dharwanta Tq georai Dist beed,999600.0,1,1,1,1
THANGARAJA S,999593.0,1,1,1,1
NAGARAJU B,999578.0,4,1,1,2
BABA RAMDEV CONSTRUCTION,999568.0,2,1,1,1
SARPANCH GRAMPANCHAYAT RONAPAL,999563.0,2,1,1,1
JAI SANTOSHI MATA MSS LTD CHH SAMBHAJINAGAR,999563.0,1,1,1,1
PRATHAP K,999532.0,2,1,1,1
J AND D CONTRACTORS,999500.0,1,1,1,1
PERUMAL P,999494.0,1,1,1,1
GP Singarpur,999490.0,4,1,2,2
Sandeep Maj Kam Sah Sty Ltd,999484.0,2,1,1,1
KATTA PRASANNA KUMAR,999468.0,1,1,1,1
GUPTA TRADERS,999458.0,15,2,2,2
SHIVA SAI SC WELFARE ASSOCIATION,999457.0,2,1,1,1
GRAM PANCHAYAT SIDMUD,999446.0,4,1,2,1
PALLI KUMAR RAJA,999437.0,2,1,1,1
RAGHAVENDRA D,999430.0,2,1,1,1
RAMESH G M,999423.0,2,1,1,1
secretary grampanchyat karkheda,999400.0,1,1,1,1
UDHAYA CONSTRUCTIONS,999362.0,1,1,1,1
AMJAD ALI CONTRACTOR,999356.0,2,1,1,1
CHILIPI RAMANA REDDY,999351.0,1,1,1,1
THAKUR CONSTRUCTIONS,999340.0,1,1,1,1
Magasvargiya Suyash tantrik majoor sah santha,999338.0,1,1,1,1
GRAM PANCHAYAT RUNIJA,999332.0,2,1,1,1
Akarsh Jain S,999310.0,2,1,1,1
D S PRABHU,999300.0,2,1,1,1
BALDANA GRAM PANHAYAT,999298.0,2,1,1,1
Sharvari Shrikarishana Deshpande,999241.0,1,1,1,1
LILVARAM PATEL,999215.0,4,1,1,1
Sarpanch Gram Panchayat   LONIKALA,999200.0,2,1,1,1
SURAJ ASHOK SONWANE,999197.0,1,1,1,1
Udhayam Murugaiyan Construction,999193.0,1,1,1,1
GRAM PANCHAYAT KALAYANPUR,999192.0,2,1,1,1
KIRAN GOWDA,999182.0,2,1,1,1
MAJUMDAR ENTERPRISE,999116.0,2,1,2,1
M M ENTERPRISE,999100.0,4,1,1,1
SARPANCH GRAM PANCHYAT KIROL,999095.0,2,1,1,1
GRAM PANCHAYAT BAHARI,999092.0,19,1,1,1
PADMANABHA A,999090.0,2,1,1,1
Thachinamoorthy,999052.0,1,1,1,1
Mota Kalavad Gram panchayat,999038.0,2,1,1,1
GRAM PANCHAYAT UNCHVANIA,999035.0,3,1,2,2
BHUKYA LAKSHMI,999017.0,2,1,1,1
VEERAMANI S,999011.0,1,1,1,1
SUSHANT DINKAR PATIL,999000.0,1,1,1,1
AKSHAY VILAS KALMAKAR,999000.0,1,1,1,1
BABU RAGHUNATH JI M MAHA VIDYALAY,999000.0,2,1,1,1
SHASHANK PRAMOD LINGRAS,999000.0,1,1,1,1
GRAM PANCHAYAT PONGARIHA,999000.0,4,1,1,1
PARAG SUNIL GAUD,999000.0,1,1,1,1
Dilesh Ashok Waskar,999000.0,4,1,1,1
YELGATTE NAMDEV TUKARAM,999000.0,1,1,1,1
NARVA SRINIVAS,998998.0,10,1,1,1
gram panchayat bhakurra,998994.0,4,1,1,1
L D TRADERS,998988.0,1,1,1,1
AMBIKA MAJOOR SAHAKARI SANSTHA MARYADIT,998925.0,1,1,1,1
Sarpanch Gram Panchayat Amaniya,998900.0,4,1,1,1
HIRAPUR GRAM PACHAYAT,998818.0,2,1,1,1
MANAVALAN S,998783.0,1,1,1,1
TUSHAR SUBHASHRAO THAKARE,998775.0,1,1,1,1
R N CONSTRUCTION,998741.0,1,1,1,1
NAVA NAGNA GRAM PANCHAYAT,998722.0,2,1,1,1
AJINKYA YODDHA MAJOOR SAHAKARI SANSTHA M KAIJ,998710.0,1,1,1,1
Grampanchayat kharola,998705.0,1,1,1,1
KKS CONTRACTOR,998685.0,1,1,1,1
SHREE AMAJ MAA TRADING COMPANY AND BUILDING MATERIAL SUPPLIERS,998676.0,1,1,1,1
Thanmaya Constructions,998628.0,1,1,1,1
Mr NAGABHUSHANA,998622.0,4,1,2,1
KHEDA BROTHERS,998599.0,2,1,1,1
Nalla Srinivasa Rao,998593.0,2,1,1,1
PRESIDENT VILLAGE LEVEL COMMITTEE ANANTHAIAHGARIPALLI GP,998585.0,2,1,1,1
SOPAN VITTHALRAO ZADE,998507.0,1,1,1,1
LAXMI CONSTRUCTION COMPANY,998499.0,1,1,1,1
MADHAV CONSTRUCTION COMPANY,998475.0,1,1,1,1
MADHVARAJ JAIN,998460.0,2,1,1,1
SAJITHABANU,998438.0,2,1,1,1
AJITH KUMAR SHETTY,998425.0,2,2,2,2
CHIKKARAJU D,998420.0,2,1,1,1
RAM THAKUR CONSTRUCTION,998370.0,2,1,1,1
Bhagwan Sahay Yadav,998344.0,1,1,1,1
BHAGWAN SAHAY YADAV,998344.0,1,1,1,1
Ms B B Construction,998344.0,1,1,1,1
GP Bharwana,998329.0,10,1,1,1
GRAM PANCHAYAT DHAURGAON,998318.0,4,1,2,1
NALLA SIVA PRASAD,998308.0,2,1,2,1
KESHAVAMURTHY,998296.0,2,1,1,1
GRAM PANCHAYAT VISHANVEL,998294.0,2,1,1,1
CHAUDHARY CONSTRUCTION CO,998292.0,1,1,1,1
DHANRAJ MAJUR SAHKARI SANSTHA MARYADIT KHADKI DEOLA TQ WADWANI DIST BEED,998215.0,1,1,1,1
BHUSHAN PRADIPRAO DESHMUKH,998197.0,2,1,1,1
Krishnashetti,998179.0,2,1,1,1
P Venkatarmi Reddy,998164.0,2,1,1,1
Mahalaxmi Enterprises,998145.0,3,1,1,1
Ch Priyadarshani Majur Sahakari Sanstha Maryadit Ratoli,998115.0,2,1,1,1
GRAM PANCHAYAT KHAIRBHAVNA,998110.0,5,1,1,1
B CHANDRA OBUL REDDY,998110.0,1,1,1,1
KALMAD GRAM PANCHAYAT,998108.0,2,1,1,1
Ravi Tarasingh Chavan,998084.0,8,1,2,1
SHANKAR LAL ENTERPRISES,998064.0,1,1,1,1
NUTAN DNYANESHWAR JADHAV,998000.0,2,1,2,1
GRAM PANCHAYAT KARYALAYA BERALI BK,998000.0,1,1,1,1
Mandar Sunil Mestry,998000.0,2,1,1,1
Member Village Works Committee Bandarupalli,997952.0,2,1,1,1
Perfect Enterprise,997920.0,2,1,1,1
MUTTANNA,997871.0,4,1,1,1
SAGADHRA GRAM PANCHAYAT,997862.0,2,1,1,1
DALBEER SINGH,997800.0,1,1,1,1
SHYLAJA K,997546.0,2,1,1,1
CHANDRASHEKAR T N,997516.0,1,1,1,1
SNEHA MAJUR KAMGAR CO OP SOCIETY LTD,997448.0,1,1,1,1
RAKSHITH N R,997386.0,2,1,1,1
Dip Enterprise,997348.0,2,1,2,1
GRAM PANCHAYAT BORTOLA,997334.0,1,1,1,1
AJAYKUMAR A,997309.0,2,1,1,1
GRAM PANCHAYAT SUDGAON,997284.0,4,1,2,1
SARALADEVI WORK CONTRACTS,997269.0,2,1,1,1
KASI P,997114.0,2,1,1,1
MANASENDRA SARKAR,997002.0,1,1,1,1
MATOSHRI MAJUR SAH SANSTHA MARYADIT,997000.0,1,1,1,1
Mandal Suppliers,996910.0,4,1,1,1
E RAMA CHANDRAIAH,996907.0,1,1,1,1
Kiran shashikant Gaikwad,996904.0,1,1,1,1
SUDIPTA SAHOO,996904.0,2,1,1,1
PARABAKARAN,996848.0,2,1,1,1
SHRI GAJANAN MAJOOR VA BANDHKAM SAHKARI SANSTHA MARYADIT MHALSAKORE,996836.0,1,1,1,1
GRAM PANCHAYAT CHAUPHAL PAWAI,996813.0,20,1,1,1
A B Construction,996698.0,2,1,2,1
Vangal Seetharami Reddy,996670.0,2,1,1,1
Moreshwar mss Ltd Rajur,996665.0,1,1,1,1
Sirigiri Adinarayana,996660.0,2,1,1,1
T SURESH KUMAR,996565.0,2,1,1,1
GRAM PANCHAYAT NILJA,996499.0,4,1,1,1
PANKAJ TULSHIRAM NAIK,996428.0,1,1,1,1
EE RURAL ENGINEERING SERVICE DN 2 RAMANUJGANJ,996392.0,2,1,1,1
SAGI VEERA VENKATA SATYA SAIBABA VARMA,996279.0,2,1,1,1
JAI MAA DURGA,996232.0,2,1,1,1
Gram Panchayat Saktibahara,996167.0,4,1,1,1
BHARATH M V,996162.0,8,1,1,1
priyamitra MSS ltd jalna,996088.0,1,1,1,1
GRAM PANCHAYAT BARHALI TQ MUKHED,996000.0,1,1,1,1
GRAM PANCHAYAT GHANSORE,996000.0,5,1,2,1
PATLIPUTRA HI TECH ARTIFICIAL LIMB CENTER,996000.0,2,1,1,1
Ganpati Pipe Industries,995950.0,4,1,2,1
Gram Panchayat Jori Khurd,995899.0,1,1,1,1
MEERA ASSOCIATES,995875.0,1,1,1,1
Anisetty Nageswar Rao,995811.0,2,1,1,1
SURESH K R,995809.0,1,1,1,1
JAYANTHA SALIYAN T,995790.0,2,1,1,1
Baliram Uttamrao Puyad,995712.0,1,1,1,1
KOTHAV GRAM PANCAHAYT,995700.0,4,1,1,1
Ch Pandurang MSSL Sundarwadi,995670.0,1,1,1,1
SAMRUDDHI MAJOOR SAHAKARI SANSTHA MARYADIT NASHIK,995650.0,1,1,1,1
SARPANCH AND SACHIV GP DHAK,995607.0,8,1,1,1
FOR SEVA CONSTRUCTION,995588.0,1,1,1,1
N S Construction,995543.0,2,1,1,1
KHAIRE SHAILESH BABAN,995482.0,1,1,1,1
Chetak Mss ltd Borgaon bu,995470.0,1,1,1,1
JAMMU CEMENT STORE,995448.0,6,1,1,1
YOGESHWARI MAJOOR SAHAKARI SANSTHA LIMITED MANGWADGAON,995447.0,1,1,1,1
Bodige Swamy,995434.0,3,1,1,1
Jai Hanuman MSSL Lonarwadi,995416.0,1,1,1,1
GRAM PANCHAYAT SUJLEGOAN TQ NAIGAON,995385.0,1,1,1,1
Chairman Works Committee Lam,995360.0,2,1,1,1
Digvijay Uttamrao Mohite,995310.0,1,1,1,1
Shrikant Majoor Sahakari Sanstha Maryadit Sonwala,995269.0,1,1,1,1
S VENKATESH,995211.0,1,1,1,1
JIJAI MAJOOR SAHAKARI SANSTHA LTD,995204.0,1,1,1,1
RAMESH N,995139.0,1,1,1,1
Bhushan Gautam Patil,995057.0,1,1,1,1
GRAM PANCHAYAT KARYALAY SAYAL BHADRA,994928.0,1,1,1,1
CS Builders,994902.0,1,1,1,1
SUMANT CONSTRUCTION,994891.0,1,1,1,1
Rushikesh Bharat Gund,994800.0,1,1,1,1
Ram Dnyanadev Bhalerao,994661.0,1,1,1,1
Pradeep Constructions,994502.0,1,1,1,1
Mallareddy Vutukuru,994273.0,1,1,1,1
JAY SHREE KRUSHNA MAJUR KAMGAR SANSTHA,994243.0,1,1,1,1
TUKAI GHADAI MAJUR SAH SANATHA LTD,994181.0,2,1,1,1
SAGAR NIVRUTTI KHUTWAD,994056.0,1,1,1,1
ASIF ALI,994000.0,1,1,1,1
RUDRESH M V,993968.0,2,1,1,1
Pratik Arun Satkar,993920.0,1,1,1,1
U N RAMACHANDRAN,993918.0,3,1,1,1
Hanamantappa Vaddar,993768.0,2,1,1,1
KOTEPPA FAKKIRAPPA TELAGERI,993746.0,2,1,1,1
Manoj Guniyal,993587.0,1,1,1,1
HASDA,993549.0,4,1,1,1
Abhilash V,993461.0,1,1,1,1
SARASWATI MAJOOR SAHAKARI SANSTHA LTD,993417.0,1,1,1,1
CHAIRMAN MAHALAXMI MAJUR SAHKARI SANSTHA LTD WANEWADI TAL BARSHI,993405.0,1,1,1,1
GRAMPANCHYAT SONEGHAT,993385.0,1,1,1,1
Ganga Majoor Kamgar Sahakari Sanstha Marya Biloshi,993381.0,1,1,1,1
PRIYA ENTERPRISE,993336.0,3,1,1,1
ALLURU SRINATH REDDY,993282.0,2,1,1,1
KOTESHVAR RAO SANKRANTI,993245.0,5,1,1,1
GRAM PANCHYAT UMARDHA,993222.0,4,1,1,1
Ms Aman Cement Store,993160.0,23,1,1,1
GRAM PANCHAYAT KUNTUR TQ NAIGAON,993148.0,2,1,1,1
MOHIT EKANATH SHINDE,993126.0,1,1,1,1
SAISRADHA MAJUR SAHA SANSTHA MARYADIT ALKUTI,993116.0,1,1,1,1
G G TRADERS,992943.0,9,1,1,1
L M ENTERPRISE,992931.0,6,1,1,1
ASAD SAYEED KHAN,992900.0,1,1,1,1
VISHAL SUBHASH BAGUL,992892.0,1,1,1,1
narendra and company,992885.0,2,1,1,1
SHRI MAHALAXMI MAJUR SAHAKARI SANSTHA LTD LAXMIWADI,992771.0,1,1,1,1
Kadiyala Gopala Krishna,992699.0,2,1,1,1
GRAM PANCHAYAT SALADARA,992620.0,4,1,1,1
shubham ullewad,992531.0,1,1,1,1
Akash Rajendra Kharode,992500.0,1,1,1,1
KAILAS BABU,992325.0,2,1,1,1
SARPANCH GRAM PANCHAYAT ADAMPUR TQ BILOLI,992255.0,1,1,1,1
TRIMURTI MAJUR BANDHKAM SAHAKARI SANSTHA,992018.0,1,1,1,1
GRAM PANCHAYAT KARYALAYA JAWALA DE LOHA,991949.0,1,1,1,1
Digvijay Kewalram Nimbekar,991916.0,2,1,2,1
PAVAN CHARANDAS CHAPLE,991750.0,1,1,1,1
EXECUTIVE ENGINEER RURAL ENGINEERING SEVICE DIVISION,991556.0,4,1,1,1
GANESH MADHUKAR MORE,991449.0,1,1,1,1
DIPENDRA DEWAN,991298.0,2,1,1,1
DHEERAJ KUMAR GIRI,991111.0,1,1,1,1
GRAM PANCHAYAT KARYALAYA NAVRANGPURA KANDHAR NANDED,990848.0,1,1,1,1
gunmala construction,990833.0,1,1,1,1
Nagaraj Gosal,990673.0,2,1,1,1
PONNAM ANJAIAH,990568.0,2,1,1,1
THE PHULEWALA COOPERATIVE LABOUR AND CONSTR PHULEWALA,990478.0,3,1,1,1
Gramsevk Gramnidhi G K MokHandi tq Umri,990463.0,1,1,1,1
P Haribabu Reddy,990300.0,2,1,1,1
Vividh Vikas Yojana G P Ashti Tq Hadgaon,990163.0,2,1,1,1
ASHISH DEVRAO MASNE,990124.0,1,1,1,1
BAYAN CONSTRUCTION,990120.0,4,1,1,1
SARASWATI SHISHU MANDIR PIPARAJHAPI,990000.0,4,1,1,1
NAGESWAR DAS,990000.0,1,1,1,1
SARAPANCH SHREE GRAMPANCHAYAT SHERTHA,990000.0,2,1,1,1
BUDIKE CHINNA REDDY,990000.0,2,1,1,1
NILIMA MOHANTY,990000.0,2,1,1,1
GP Bag Pashog,990000.0,9,1,2,1
TINKAJ ENTERPRISES Prop Tinkaj Kumar Singh,989945.0,1,1,1,1
R PRAKASH ELECTRICAL AND ENGINEERS NASIK,989844.0,1,1,1,1
MADHU K,989838.0,4,1,2,1
Dhiraj Ananta Ghodvinde,989838.0,1,1,1,1
HIVRA M S S LTD CHHATRAPATI SAMBHAJINAGAR,989809.0,1,1,1,1
Atmanand Mss ltd Avana,989553.0,1,1,1,1
NEW SAGAR MAJOOR VA BHANDHKAM SAHAKARI SANSTHA MARYADIT,989500.0,1,1,1,1
DK ENTERPRISES,989459.0,2,1,1,1
AJING Enterprise,989426.0,1,1,1,1
SATENDRA SINGH,989418.0,1,1,1,1
NABIPUR GRAM PANCHAYAT,989400.0,2,1,1,1
GRAMNIDHI GRAMPANCHAYAT KAUTHAL,989166.0,1,1,1,1
Prince kumar,989098.0,1,1,1,1
SHRAMIK MAJOOR BANDHKAM SAHAKARI SANSTHA MARYA,989000.0,1,1,1,1
AKSHAY MAJOOR SAHAKARI SANSTHA MARYADIT,989000.0,1,1,1,1
Kantamsetti Ayyappa Swamy,988999.0,2,1,1,1
SRI VINAYAKA CONSTRUCTIONS,988795.0,1,1,1,1
MANIKANT KUMAR,988705.0,1,1,1,1
OM MAJUR SAHAKARI SANSTHA LTD,988619.0,1,1,1,1
T Sai Sumanth Reddy,988402.0,3,1,1,1
CHETAN RAJENDRA DHANMEHER,988204.0,1,1,1,1
DHARMVARAPU MURALI,988130.0,4,1,1,1
Pilania Construction,988083.0,3,1,1,1
JAI MAA CONSTRACTION AND SUPPLIERS,987865.0,1,1,1,1
VIDYUT VITRAN KHAND BALDIRAI,987802.0,1,1,1,1
PRATIK MANGESH KAJALE,987716.0,1,1,1,1
GRAMNIDHI GRAMPANCHAYAT WARUD,987710.0,1,1,1,1
Sachiv gram panchayat Mehraghat,987700.0,14,1,1,1
GRAM PACNHAYAT PINJAR,987685.0,2,1,1,1
Asha Traders Prop Sunita Jaiswal,987675.0,1,1,1,1
SHRI GAJANAN MAJUR SAHKARI SANSTHA LTD SOLAPUR,987578.0,1,1,1,1
NARENDRA SOPAN THOKAL,987534.0,1,1,1,1
GENERAL FUND GRAM PANCHAYAT SAVARKHED,987461.0,2,1,1,1
OBULAREDDY VISHNUVARDHAN REDDY,987248.0,2,1,1,2
Sakh Abdul Hannan,987237.0,3,1,2,1
SHABARI CONSTRUCTIONS,987115.0,2,1,1,1
SARPANCH GRAM PANCHAYAT GUJRA,987000.0,5,1,1,1
DINESH RAMBHAU CHORE,986906.0,1,1,1,1
THE SHIV SHAMBHU COOP MULTI PURPOSE SOCIETY LTD,986670.0,3,1,1,1
SRI RAJ PASWAN,986616.0,1,1,1,1
Ch Deepali MSS Ltd,986613.0,1,1,1,1
MOTA ITALA GRAM PANCHAYAT,986608.0,2,1,1,1
Gram Panchayat Sirapalli Tq Himayatnagar,986317.0,1,1,1,1
SIDHDHASAR GRAMPANCHAYAT,986202.0,2,1,1,1
MANOJ BALKRISHNA SONAVANE,986000.0,1,1,1,1
Sarpanch Gram Panchayat Narawand,986000.0,4,1,2,1
GRAM PANCHAYAT KARYALAYA LIMBGAON,985937.0,1,1,1,1
SHUBHAM GHANSHYAM YENURKAR,985923.0,1,1,1,1
RUSHABH RAMESH JAGTAP,985879.0,1,1,1,1
DEB KUMAR KHAN,985866.0,3,1,1,1
Gram Panchayat Samandarwadi tq Bhokar,985560.0,2,1,1,1
Gram Panchayat Borwadi tq Bhokar,985550.0,2,1,1,1
Gram Panchayat Kenda,985426.0,4,1,1,1
Manas Ramesh Desale,985312.0,2,1,1,1
THE JD CONSTRUCTION CO OP L AND C SOCIETY LTD,985257.0,2,1,1,1
MS DORMOM ENTERPRISES,985228.0,2,1,1,1
Aditya Santosh Deshmukh,985076.0,2,1,1,1
GRAM PANCHYAT KONDRUNJ,984900.0,1,1,1,1
SECRETARY G.P. WAI MENDHI,984858.0,2,1,1,1
RANJEET KUMAR,984844.0,1,1,1,1
GRAMPANCHAYAT KOTHA  SARPANCH SACHIV,984714.0,1,1,1,1
GRAMPANCHAYAT KOTHA SARPANCH SACHIV,984714.0,1,1,1,1
TECHNICAL CONSULTANT OF LAMTAPUT BLOCK,984528.0,4,1,2,1
Suraj Nandkumar Mogre,984512.0,1,1,1,1
GRAM PANCHAYAT BARABASPUR,984479.0,4,1,1,1
SACHIV GRAM PANCHAYAT BADODIA KALA,984000.0,12,1,1,1
BISWAKARMA ENTERPRISE,983934.0,3,1,1,1
KRISHNA BRICKS,983854.0,1,1,1,1
JAGANNATH ENTERPRISE,983810.0,5,1,1,1
PINKI KRISHI UDYAMI SEVA KENDRA  PROP PINKI KUMARI,983675.0,1,1,1,1
Palasi Pentaiah,983400.0,2,1,1,1
RUBY ENTERPRISE,983304.0,1,1,1,1
GRAM PANCHAYAT RASKA,982912.0,7,1,1,1
M Venkaiah Naidu,982823.0,2,1,1,1
SUDEEP KUMAR LENKA,982802.0,4,1,1,2
SANDEEP BECK,982715.0,4,1,1,2
Yenakandla Chinna Ramanjaneyulu,982168.0,2,1,1,1
Kedarnath Basvant Manurkar Kolhapur,981834.0,1,1,1,1
VLWC President Thimmasamudram,981744.0,2,1,1,1
JS Interlock Tiles Factory Dasuya,981660.0,24,1,2,1
SARPANCH GRAMSEVAK GRAMPANCHAYAT REL TQ KANNAD,981269.0,1,1,1,1
PRAVIN GANESHRAO PARANDE,980871.0,1,1,1,1
DARBAR BILDING MATERIYAL AND SAFLAYAR,980728.0,16,1,1,1
SENAPATI VENKATA PRASAD,980626.0,2,1,1,1
Hariram chaudhary,980145.0,3,1,1,1
JAYAPRAKASHAN THOTHAN,980140.0,1,1,1,1
ROOP NARAYAN SAINI,980087.0,2,1,1,1
BOTLA RAVEEN PRASAD,980000.0,2,1,1,1
KUMARAVEL G,980000.0,1,1,1,1
GRAM PANCHAYT LENGWARA,979862.0,3,1,1,1
GROUP GRAM PANCHAYAT KAPRARA,979754.0,2,1,2,1
The S and R Group Cooperative Labour And Construction Society Limited Kaithal,979629.0,2,1,1,1
KASAMPUR GRAM PANCAHAYT,979500.0,3,1,1,1
GRAM PANCHAYT TILAI,979383.0,4,1,1,1
RAJU GANANPATI ZIPARE,979230.0,2,1,1,1
AVINASH TATYASAHEB KHAMGAL,979222.0,1,1,1,1
DEVNARYAN ENTERPRISES,979200.0,2,1,1,1
Shivraj Vidut Mazur V Badhkam Sanstha Ma,979000.0,1,1,1,1
The Devi Luxmi Co Operative Labour and Construction Society Limited,978948.0,2,1,1,1
RAVI CONSTRUCTION ASHOK KUMAR SONKAR,978928.0,1,1,1,1
PRASANJEET PADIHARI,978306.0,2,1,2,1
GANESH SOMNATH AVHAD,978000.0,1,1,1,1
MS Gouri Bidyut Construction,977734.0,1,1,1,1
Salim Akhtar,977712.0,3,1,1,1
M SRINIVASAN,977593.0,1,1,1,1
HAFIZA ENTERPRISE,977331.0,3,1,1,1
Chittiboina Padmavathi,977295.0,2,1,1,1
A Cube Enterprise,977041.0,1,1,1,1
Government ENT Hospital,977000.0,3,2,2,1
Mohammad Amin Wani,976800.0,2,1,1,1
VANSOL Gram Panchayat,976743.0,3,1,1,1
Samim Ahmed,976662.0,3,1,2,1
Swaroop Bhauso More,976199.0,2,1,1,1
Dabur Enterprises,976077.0,9,1,1,1
JJ SOLAR LIMITED,976000.0,1,1,1,1
BALAJI CONSTRUCTION,975944.0,4,1,1,1
GRAM PANCHAYAT RENGAKHARKALA,975880.0,4,1,1,1
SENDUP DUKPA,975548.0,2,1,1,1
SHREE KRISHNA INFRASTRUCTURE,975470.0,1,1,1,1
S DILIP KUMAR REDDY,975046.0,2,1,1,1
GRAM PANCHAYAT UMARIYA,975000.0,9,1,2,2
GRAM PANCHYAT LINGPANI,975000.0,9,1,1,1
KISAN ELECTRIC,975000.0,2,1,1,1
GRAM PANCHYAT KHAMI,975000.0,9,1,1,1
RAJYA PRAWARTIT YOJNA G P LAINGA,975000.0,6,1,1,1
Shri Yangkee Ch Marak,975000.0,11,1,1,2
GP Salooni,975000.0,12,1,1,1
SARPANCH OF GRAM PANCHYAT SAPALVVA,975000.0,6,1,1,1
GRAM PANCHAYAT VANKAL,975000.0,6,1,1,1
GP PARAL,975000.0,9,1,1,1
Director HAREDA Panchkula,975000.0,3,1,1,1
Gram Panchayat Mangaladevi,974999.0,1,1,1,1
GRAMIN PANI PURWATHA,974910.0,1,1,1,1
SHAMSUDHEEN MP,974894.0,1,1,1,1
ASST ENGINEER II BASANTA BEHERA,974890.0,3,1,1,1
SARPANCH GRAM PANCHAYAT NARWA KALLAN,974700.0,3,1,1,1
MS JAY KISHAN CONTRACTOR,974289.0,3,1,1,1
KOLVA GRAM PANCHAYAT,973810.0,2,1,1,1
SHIVARI MAJOOR SAHAKARI SANSTHA MARYADIT OROS,973750.0,1,1,1,1
Aadhar Mss ltd Dhoksal,973654.0,1,1,1,1
Devidas Keshav Vishe,973636.0,1,1,1,1
karmal gram panchayat,973608.0,3,1,2,1
AINISH CONSTRUCTIONS PRIVATE LIMITED,973578.0,3,1,1,1
SAJEEDHUSSAIN I SHAIKH,973505.0,2,1,1,1
PABITRA KU MALIK,973481.0,4,1,2,1
SHIVCHARAN SHRIRAM RATHOD,973361.0,1,1,1,1
SWAPNA ENTERPRISE,973314.0,3,1,1,1
SAMARTH ENTERPRISES,973155.0,3,1,1,1
SUHANA CONSTRUCTION,972895.7999999999,3,1,1,1
PM ADARSHGRAM YOJNA G P SAMSHERPUR,972751.0,1,1,1,1
Chintapalli Durga Raghunath,972649.0,2,1,1,1
K SURYANARYANA,972489.0,6,1,1,1
MS GAJENDRA SINGH CONTRACTOR,972321.0,2,1,1,1
R Rajasekhar,971970.0,1,1,1,1
GRAM PANCHAYT AANDU,971875.0,4,1,1,1
G V KISHANCHAND,971586.0,6,1,1,1
VARDANAN N,971564.0,2,1,1,1
CHARAN CONSTRUCTION,971506.0,1,1,1,1
Tilak Raj,971500.0,2,1,1,1
PAMPAPATI H BELAGAL,971250.0,4,1,1,1
Om Sree Raghavendra Borewells,971172.0,4,1,1,1
Bhawani construction Company dhani boraj,971089.0,1,1,1,1
Sreevari Enterprises,970966.0,4,2,3,1
PRATIBHA M S S LTD,970505.0,1,1,1,1
Dipak Mahadeorao Padolkar,970479.0,1,1,1,1
KAKAR ASSOCIATES,970249.0,3,2,2,2
EMPRALA VENKATESULU,970221.0,3,1,1,1
GP Basa theog,970000.0,8,1,2,1
Chandhamama MPS Tukyathanda,969446.0,2,1,2,1
Upendra Kumar Thiady,969000.0,6,1,1,2
The Sharda co op l and c society ltd,968937.0,1,1,1,1
DESHPAL SINGH CONTRACTOR,968309.0,3,1,1,1
Malewadi MSS Ltd Malewadi Tal Pathardi,968030.0,1,1,1,1
MD MIJANUR RAHAMAN,967740.0,3,1,1,1
AMIT SHARMA,967500.0,6,1,1,1
K NIRMALA,967401.0,2,1,1,1
MS MANVI ENTERPRISES,967200.0,1,1,1,1
GROUP GRAM PANCHAYAT PATWAN,967000.0,2,1,1,1
SINGLA IRON STORE,966546.0,30,1,1,1
SHREE GANESH CONSTRUCTION,966133.0,2,1,1,1
Assistant Engineer,966057.0,2,2,2,2
SHUBHAM VIJAYRAO GADBAIL,966044.0,1,1,1,1
CHAKRABORTY CONSTRUCTION,966044.0,3,1,1,1
Revansidha majur sahakari sanstha,965905.0,1,1,1,1
NDHRITI ENTERPRISE,965384.0,3,1,1,1
SUJIT DEWAN,964874.0,2,1,2,1
Sai Ram Infra,964857.0,2,1,1,1
M UDAY KIRAN GOUD,964407.0,2,1,1,1
WALMIK VISHWANATH PAWAR,964272.0,1,1,1,1
GP Sonasilli,964203.0,4,1,1,1
K JAYASEKHARAN,964059.0,3,1,1,1
HEMRAJ GURJAR,963817.0,2,1,1,1
GRAM PANCHAYAT BELHA,963612.0,4,1,1,1
jvvnl talera,962545.0,1,1,1,1
ADHVIKA MAJUR SAHKARI SANSTH MARYA MEHENDURI,962300.0,2,1,1,1
DASSAULT ENERGY PRIVATE LIMITED,962115.0,3,1,1,1
MS North East Information Technology,961762.0,1,1,1,1
The Jai Durga Coop L And C Cons So Ltd Pilni,961254.0,6,1,1,1
K AND B CONSTRUCTIONS,960716.0,3,1,1,1
Gram Panchayat Khadol H,960258.0,4,1,1,1
GO GREEN SOLAR,960000.0,5,1,2,1
GRAM PANCHAYAT GULGANJ,960000.0,2,1,2,1
SIVAM AND CO,960000.0,3,1,1,1
GP NANDED,960000.0,3,1,2,1
P JANARDHANA RAJU PRESIDENT VLC RAGHAVARAJUPURAM GP,959822.0,4,1,1,1
PAWAN KUMAR JAIN,959500.0,1,1,1,1
R N R Construction,959342.0,28,1,1,1
M CHENCHI REDDY,959252.0,2,1,1,1
Naresh Kumar Gupta,959236.0,1,1,1,1
B SRIDHAR,958870.0,2,1,1,1
MACHARLA YELLAIAH,958866.0,2,1,2,1
S ANILKUMAR,958811.0,1,1,1,1
LAKSHMI NARASIMHA SWAMY CONSTRUCTION,958745.0,1,1,1,1
MAHENDRA SINGH BHADAURIYA,958413.0,4,1,2,1
AM ASSOCIATES,957766.0,1,1,1,1
KANSA GRAM PANCHAYAT,957216.0,6,1,1,1
PRASANT KUMAR SAHOO,956453.0,3,1,1,1
AMAR NATH SINGH,956159.0,3,1,1,1
RAM PUKAR SINGH,955822.0,1,1,1,1
SAJU S,955684.0,2,1,1,1
SHREE BARAH KHAMBA STONES,955260.0,1,1,1,1
LAKSHY ENTERPRISES,954701.0,1,1,1,1
S A H CONSTRUCTION,954470.0,5,1,1,1
DAMA SIVA BABU,954140.0,2,1,1,1
MANORANJAN BEHERA JE,953136.0,2,1,1,1
Basha Builders,952874.0,14,1,2,1
CMO Zirapur,952474.0,4,1,1,1
SAHEB KHA HAMID KHAN,952000.0,1,1,1,1
MS RAJINDER SINGH,951427.0,6,1,1,1
S KARUNANITHI,950810.0,2,1,1,1
KAUSHAL KISHORE MAHESHWARI,950037.0,8,1,1,1
Gram Panchayat Sainwala Mubarikpur,950000.0,8,1,2,1
MS Ajit Saharia,950000.0,5,1,1,1
Unicare Academy,950000.0,38,1,2,1
URMAL,950000.0,5,1,1,1
GP SAKOH,950000.0,4,1,1,1
GP BAMBAL,950000.0,11,1,2,1
SARPANCHSHREE RAMPUR KOT GRAM PANCHAYAT,950000.0,4,1,1,1
MUKESH KUMAR BEHERA,950000.0,1,1,1,1
G Durairaj,950000.0,19,1,2,3
MURUGAIYAN K,949723.0,1,1,1,1
Manimuthu,949670.0,1,1,1,1
KHURSID AHMED,949601.0,2,1,1,1
Ms SAI CONSTRUCTION COMPANY,949362.0,2,1,2,1
MD BENAJEER AJMAL ANSARI JE NREP LATEHAR,949175.0,4,1,1,1
NARESH AVALA,948775.0,2,1,1,1
Mayur Ankush Ghorpade,948550.0,1,1,1,1
SANWARIYA BUILDING AND MATERIAL SUPPLIERS,948462.0,3,1,1,1
vikash construction and suppliers,948137.0,1,1,1,1
MEDO JAL AND SWACHATA SAMITI,948000.0,1,1,1,1
GRAM PANCHYAT KHINIYA,947986.0,11,1,1,1
Kundu Brothers Co Op L and C Society,947837.0,1,1,1,1
SUSHILA TRIPATHI,947540.0,4,1,1,1
AVANYA PRATAP SERVICE AND CONSTRUCTION,947176.0,4,1,1,1
SARPANCH GRAM PANCHAYAT JATHAUL,946950.0,3,1,1,1
MS DULAL DUTTA AND SONS,946815.0,3,1,2,1
GRAM PANCHAYAT NADHANPUR,946566.0,8,1,1,1
AVVNL,946476.0,6,1,1,1
Hareram Construction And Materail Supplier,946320.0,5,1,1,1
SKN Construction Company,946253.0,2,1,1,1
AEN ONM SATRA,945469.0,5,1,1,1
SEBASTIAN V C,944224.0,1,1,1,1
Gram Panchayat Dharchana,944126.0,1,1,1,1
Shubham Ramdas Zade,943737.0,1,1,1,1
GOPI SINGH,943651.0,4,1,1,1
The Mahavir  Society,943240.0,5,1,1,1
JAIN RAJ,943191.0,1,1,1,1
NALLASAMY M,942991.0,1,1,1,1
BANSAL TRADING COMPANY,942650.0,8,1,1,1
Raunak Enter Prises,941914.0,1,1,1,1
SANDIP SAMPATRAO SHINGADE,941831.0,1,1,1,1
PAIDI NARASINGA RAO,941268.0,3,1,1,1
MANIMUTHU A,941244.0,1,1,1,1
AMIT CONSTRUCTION COMPANY,940908.0,3,1,1,1
GOPINATHAN NAIR,940708.0,2,1,1,1
MANAGAI PATHIPAGAM,940000.0,2,1,2,1
Tshering Panday Sherpa,939592.0,2,1,1,1
GRAM PANCHAYAT BAMHANI,939522.0,4,2,2,3
B Rajendhar,938769.0,3,1,1,1
CEO Janpad Panchayat Sendhwa,938440.0,2,1,1,1
OM ELECTRIC,938348.0,4,1,1,1
VINOD KUMAR,938278.0,8,2,2,2
VEDESH GUPTA,937934.0,4,1,1,1
MAROJU SILPA,937851.0,3,1,1,1
Muskan Construction,937224.0,3,1,2,1
TUSHAR DNYANDEO RASAL,936871.0,1,1,1,1
GRAM PANCHAYAT KINDRI,936870.0,6,1,2,1
J M DALAPATI,936493.0,5,1,2,1
SAMPATTI MEMORIAL GRAMIN VIKAS TRUST,936445.0,2,1,1,1
SELVI SONAI,936274.0,1,1,1,1
EX ENG ELECTRICITY DIST DIV R HALDWAN,935964.0,6,1,1,1
JOGNIYA ENTERPRISES,935880.0,3,1,1,1
SARPANCH SACHIV GRAM PANCHAYT TAKSIWA,935544.0,4,1,1,1
KARPUNG KARDUK CENTRE FOR FOLK PERFOMING,935122.0,2,1,1,1
MADHUSMITA MAJHI,935072.0,4,1,2,1
SPYVISION SOLUTIONS AND TECHNOLOGY PVT LTD,934620.0,1,1,1,1
THE BABA SITARAM CO OP L AND C SOCIETY,933487.0,1,1,1,1
Harikrishnan Constructions,933000.0,1,1,1,1
GAJANAND TRADERS,932400.0,6,1,1,1
BS CONCRETE INDUSTRY,932350.0,4,1,1,1
BHATIYON KI DHANI,932097.0,3,1,1,1
HRISHIKESH HALDAR,931179.0,3,1,2,1
Keshab Chandra Beherdalei,931000.0,1,1,1,1
P KANNAN,930818.0,1,1,1,1
Ujjal Hazarika,930697.0,8,1,1,1
PIYUSH ELECTRICALS,930488.0,2,1,1,1
SURINDER SIGH,930000.0,6,1,1,1
Nayum Patel,929836.0,3,1,1,1
VIJAYBHAI ATTARDE,929038.0,1,1,1,1
TEJASHRI VITTHAL PATIL,928874.0,1,1,1,1
SHRI SHYAM CONSTRUCTION,928675.0,2,1,1,1
LAKSHMI INDUSTRIES,928530.0,1,1,1,1
ASA STEEL TRADERS,928221.0,3,1,1,1
JOHNSON JOSE,928165.0,3,1,1,1
VINISHA ENTERPRISE,927767.0,7,1,1,1
RAHMAT AND COMPANY,927621.0,1,1,1,1
BRAHMAPUTRA ENTERPRISE,926905.0,8,1,1,1
Dnyneshwar Ramji Bhanderkar,926097.0,1,1,1,1
N S CONTRACTOR,925835.0,1,1,1,1
VINOD KUMAR GUPTA,925770.0,6,1,2,1
C S Construction,925552.0,4,1,1,1
SHREENATH PRASAD,925392.0,3,1,1,1
MAATARA ENTERPRISE,925266.0,3,1,1,1
Gram Panchayat Potiyawand,925000.0,4,1,2,1
AVICHAL TRADERS,925000.0,1,1,1,1
POSANPALLY ESHWAR REDDY,924920.0,1,1,1,1
SAJID K A,924898.0,2,1,1,1
GRAM PANCHAYAT BHADKAD,924862.0,4,1,1,1
VICKY DHANAULA CONTRACTOR,924590.0,10,1,1,1
SAMAY SACHIN KASLIWAL,924462.0,1,1,1,1
KALKA CONSTRUCTION,924081.0,3,1,1,1
DEWAN FOURWHEELS PVT LTD,923300.0,1,1,1,1
JAI CONSTRUCTION COMPANY,922979.0,5,1,1,1
Brother Aluminum Fabricator,922752.0,3,1,2,1
SAYED KASIM,922634.0,2,1,2,1
MAA VINDHYAWASINI CONSTRUCTION,922406.0,1,1,1,1
RAHUL VISHWANATH AAGE,922260.0,1,1,1,1
CHARBHUJA SUPPLIERS,922077.0,3,1,1,1
GAUTAM CHHETRI,921778.0,2,1,1,1
AVVNL AJMER,921315.0,6,1,1,1
The Maa Shakumbhari CoOp L and C Society LTD,920827.0,2,1,1,1
TEJ SINGH CONTRACTOR,920482.0,2,1,1,1
Rajan Varghese,920083.0,3,1,1,1
JUNIOR ENGINEER I NAYAGARH BLOCK,920000.0,23,1,1,2
CREATIVE DESIGN,919806.0,1,1,1,1
Laxmanrao Dhobale Majur Sahakari Sanstha Ltd,919303.0,1,1,1,1
SANDEEP SHARMA,918954.0,2,2,2,2
JHALANI MOTORS,918890.0,1,1,1,1
Krishna Kumar K R,918429.0,3,1,1,1
SHREE JI TRADERS,918294.0,3,1,1,1
NAGNECHA MATERIAL SUPPLIERS,917709.0,3,1,1,1
Chairman Works Committee Gollapalem,917452.0,2,1,1,1
Gram Panchayat Prahnuie,916800.0,5,1,1,1
SANJAY KUMAR SINGH,915536.0,1,1,1,1
RISHU CONSTRUCTION,915507.0,1,1,1,1
Tammana Sharma,915000.0,6,1,1,1
BASEEL LATHEEF NK,914967.0,1,1,1,1
VAIBHAV ENTERPRISES ROOPAM RAI,914736.0,3,1,1,1
MADHAV HARDWARE,913960.0,11,1,1,1
Pradip Borah,913479.0,4,1,1,1
PRABIN NATH,911663.0,5,1,1,2
The Nai Abadi Co Op L and C Society Ltd,911592.0,1,1,1,1
Kartik Enterprises,911540.0,1,1,1,1
United Pipe And Pavers Inds,911513.0,22,1,2,1
VNS ENTERPRISE,910960.0,3,1,1,1
Construction of open Community Hall at Jyotigaon Kanaklata Mahila Samity Kathakuthi,910000.0,5,1,1,1
Construction of open community hall at Bhakarpara Khillamara Anchalik Bihu field Rangjuli,910000.0,5,1,1,1
Construction of open Community hall near Bisahari than at Rangjuli Mahajanpara,910000.0,5,1,1,1
Jai Baba Bhai Gurdas Ji Building Material Store,909696.0,22,2,3,1
SHIV STEEL CONTRACTOR,909108.0,2,1,1,1
DHAN GURU NANAK TILES HUB,908700.0,3,1,1,1
ANANTA TRACTORS,908000.0,1,1,1,1
SASIDHARAN NAIR K K,907080.0,2,1,1,1
OHRI STEEL WORKS,906918.0,6,1,2,2
MOGA STONE SUPPLIERS,906795.0,1,1,1,1
UNNATI CONSTRUCTIONS,906753.0,2,1,1,1
RANGPUR GRAM PANCHAYAT,906282.0,4,3,3,3
Kataria Building matterail suppliers,905945.0,26,1,1,1
Vibha Electricals,905037.0,2,1,1,1
BHAVYA TRADERS,904236.0,6,1,1,1
AMARJEET CONTRACTOR,902921.0,2,1,1,1
Bhoben Kutum,902796.0,7,1,1,1
JASWANT SINGH AND BROTHERS CONSTRUCTION,901125.0,1,1,1,1
CHINDAM MOHAN,900660.0,1,1,1,1
Mido Enterprise,900024.0,3,1,1,1
GRAM PANCHAYAT SHERPURA SEMBHAR,900000.0,3,1,1,1
KETSEIYIE CHARLES MERE,900000.0,6,1,1,1
SARPANCH GRAM PANCHAYAT BAL KALAN,900000.0,3,1,1,1
BISWANATH SAHOO,900000.0,3,1,1,1
Kuvarva Gram Panchayat,900000.0,3,1,1,1
Executive Engineer  Electrical Division  Pallom,900000.0,2,1,1,1
SANGLIPONG,900000.0,6,1,1,1
GRAM PANCHAYAT UNDACH VANIYA FALIYA,900000.0,3,1,1,1
GRAM PANCHAYAT NARANPURA,900000.0,3,1,1,1
GRAM PANCHAYAT MAHELAJ,900000.0,9,1,1,1
PRAMOD KUMAR PADHI,900000.0,3,1,1,1
Sarman Patel,900000.0,3,1,1,1
Sarestar Iawphniaw,900000.0,6,1,1,1
Providing 1  Ambulance Facilities for in Simlitola Char Primary Health Center,900000.0,1,1,1,1
GRAM PANCHAYAT BHALOD,900000.0,2,1,1,1
NARAYANA RANGA SWAMY,900000.0,3,1,1,1
sotavad gram panchayat,900000.0,3,1,1,1
DUDHALA BAI GRAM PANCHAYAT,900000.0,3,1,1,1
MAVJINJAVA GRAM PANCHAYAT,900000.0,3,1,1,1
UJJAWAL KUMAR NATH,900000.0,3,1,2,1
GP BEELKHEDI JP OBEDULLAGANJ,900000.0,6,1,1,1
SUKADHAR MEHER,900000.0,3,1,1,1
Moti Kunkavav Gram Panchayat,900000.0,3,1,1,1
GRAM PANCHAYAT BHALGAM,900000.0,3,1,1,1
DELWADA GRAM PANCHAYAT,900000.0,3,1,1,1
Gram Panchayat Vajdi,900000.0,3,1,1,1
VILLAGE PANCHAYAT KHANPUR,900000.0,3,1,1,1
Prettiush D Marak,900000.0,6,1,1,1
Lastborn Jones Shangpliang,900000.0,3,1,1,1
Salchina N Marak,900000.0,6,1,1,1
GRAM PANCHAYAT CHAMPA MULBHOOT,900000.0,3,1,1,1
GRAM PANCHAYAT SHIVPUR,900000.0,6,1,1,1
Gram Panchayat Bharog Baneri,900000.0,5,1,2,1
GRAM PANCHAYAT PATIMANSH,900000.0,3,1,1,1
National Agro Repair Works,900000.0,3,1,1,1
GRAM PANCHAYAT KAKWADI,900000.0,3,1,2,1
TRIGARTA SAHU,900000.0,3,1,1,1
TREILAN SYNGKLI,900000.0,6,1,1,1
SHREE KAMAGUNA JUTH GRAM PANCHAYAT,900000.0,3,1,2,1
MATHIOUSH SANGMA,900000.0,6,1,1,1
DUMPALA SOWMYA,900000.0,3,1,1,1
Gram panchayat Mota Samadhiyala,900000.0,3,1,1,1
SUDAMA DEVI SAVITRI BAI FULE BALIKA INTER COLLEGE ASHOK ANAGAR JEEVAT,900000.0,3,1,1,1
Secretray Rajasthani Bhasha Sahitya and Sanskriti acadmy,900000.0,3,1,1,1
Ruvel Gram Panchayat,900000.0,3,1,1,1
Racharla Ramulu,900000.0,3,1,1,1
LONKA GRAM PANCHAYAT,900000.0,3,1,1,1
Baxipur Gram Panchayat,900000.0,3,1,1,1
PASUNJ NI MUVADI GRAM PANCHAYAT,900000.0,3,1,1,2
GRAM PNCHAYAT MANIKPUR,900000.0,6,1,2,2
PRINCIPAL SARASWATI HIGH SC SCHOOL BADAMELRHA,900000.0,3,1,1,1
GRAM PANCHAYAT GATORA,900000.0,3,1,1,1
Sumarkynti Swer,900000.0,6,1,1,1
SURAJPURA GRAM PANCHAYAT,900000.0,3,1,1,1
GRAM PANCHAYAT BAROLIA,900000.0,6,1,1,1
Gram Panchayat Gojar,900000.0,6,1,2,1
GANESHPURA GRAM PANCHAYAT,900000.0,3,1,1,1
KRISHNENDU MUKHERJEE,900000.0,3,1,1,1
SATRAMAU B,900000.0,3,1,1,1
Daljit Industries,900000.0,3,1,1,1
DZIESEVITUO SOLO,900000.0,6,1,1,1
THONTI CHINNA NARSAIAH,900000.0,3,1,1,1
RAMPAR GRAM PANCHAYAT,900000.0,3,1,1,1
GRAM PANCHAYAT KHONP,900000.0,6,1,2,1
SARTANPAR GRAM PANCHAYAT,900000.0,3,1,1,1
RUGNATHPURA GRAM PANCHAYAT,900000.0,3,1,1,1
RUGHNATHPURA GRAM PANCHAYAT,900000.0,3,1,1,1
S N Brick Field,900000.0,3,1,1,1
AKONA GRAM PANCHAYAT,900000.0,3,1,2,1
GANNAMANENI MAHENDER RAO,900000.0,3,1,1,1
ST PETER SECONDARY SCHOOL BARATO,900000.0,6,1,1,1
CHANDAN TANDI,900000.0,3,1,1,1
GRAM PANCHAYAT JILDA J P PENDRA,900000.0,6,1,1,2
GRAM PANCHAYAT BELA,900000.0,3,1,1,1
VIRPUR GRAM PANCHAYAT SWABHANDOI,900000.0,3,1,1,1
Construction of Athletic track at Kharghuli Rajohuwa Khelpothar,900000.0,1,1,1,1
Swagatika Chhualsingh,900000.0,3,1,2,1
Syndicate gym industries,900000.0,3,1,2,1
GP GHONT JP BADI,900000.0,6,1,1,1
Construction of Additional Room at Bardamal Community Hall near Lakhi Mandir,900000.0,6,1,1,1
INF DEV DGTL ZAKIR HS SCL,900000.0,3,1,1,1
VADHAVA,900000.0,3,1,2,1
JANPAD PANCHAYAT PANSEMAL,900000.0,3,1,1,1
Gram Panchayat Katarpara,900000.0,3,1,1,1
CHARKHA GRAM PANCHAYAT,900000.0,3,1,1,1
GARAM PANCHAYAT BAGDAI,900000.0,6,1,1,1
GRAM PANCHAYAT TALAPAR,900000.0,6,1,1,1
SARPANCH SHRI NEDARDI GRAM,900000.0,3,1,1,1
Anil singh rawat,900000.0,3,1,1,1
KOTAVAD GRAM PANCHAYAT,900000.0,3,1,1,1
Anijabitha Sangma,900000.0,6,1,1,1
SARPANCH SHRI MITHANA MUVADA,900000.0,3,1,1,1
GRAM PANCHAYT BERLAKAL,900000.0,4,1,1,1
JAMANVAV GRAM PANCHAYAT,900000.0,3,1,1,1
Deri Pipariya Gram Panchayat,900000.0,3,1,1,1
Karabi Hardware Stores,900000.0,3,1,1,1
GRAM PANCHAYAT PANDRAPANI,900000.0,4,1,1,1
Gram Panchayat Bhalgam,900000.0,3,1,1,1
DORBAR SHNONG MULUM,900000.0,6,1,1,1
MALASIKA GRAM PANCHAYAT,900000.0,3,1,1,1
BHADARA GRAMPANCHAYAT,900000.0,3,1,1,1
Kartik Borsaikia,900000.0,3,1,1,1
THE DHANAULA CO OP L and C SOCIETY,900000.0,3,1,1,1
DASHARATH SAHU,900000.0,3,1,1,1
VARENA BORTIMBA GRAM PAN,900000.0,3,1,1,1
VARASADA GRAM PANCHAYAT,900000.0,3,1,1,1
PANCH TALAVADA GRAM PANCHAYAT,900000.0,3,1,1,1
RUGANATHPUR GRAM PANCHAYAT,900000.0,3,1,1,1
GP BHOJPUR JP OBEDULLAGANJ,900000.0,3,1,1,1
GP BHAISATARA,900000.0,6,1,1,1
gram panchayat muretitola,900000.0,6,1,1,2
DEDARADA GRAM PANCHAYAT,900000.0,3,1,1,1
MZP SUBHEADQUARTERS AT ELUNGDAR,900000.0,3,1,2,1
HEMANTA BEHERA,900000.0,1,1,1,1
Shree Naranpar Ravari Gram Panchayat,900000.0,3,1,2,1
Shri Ganesh Majoor Sahakari Sanstha Maryadit Khamaswadi Taluka Kallam Dist Dharashiv,900000.0,3,1,1,1
Shri Challang Momin,900000.0,10,1,1,2
CHAVAND GRAM PANCHAYAT,900000.0,3,1,1,1
GRAM PANCHAYAT DANTALI,900000.0,7,1,1,1
GRAM PANCHAYAT BARMAN KALAN BLOCK KARELI,900000.0,6,1,1,1
GRAM PANCHAYAT BARHAI,900000.0,15,1,1,1
Renovation and Repairing of Community Hall near Khanka and Faringapara,900000.0,3,1,1,1
GRAM PANCHAYAT KAUDIKASA,900000.0,6,1,1,2
Thakur Traders,900000.0,3,1,1,1
SHIYA GRAM PANCHAYAT,900000.0,3,1,1,1
BANDHIYA GRAM PANCHAYAT,900000.0,3,1,1,1
MANDAN KUNDLA GRAM PANCHAYAT,900000.0,3,1,1,1
GRAM PANCHAYAT SOLDHARA,900000.0,3,1,1,1
K D Constructions,900000.0,6,1,2,1
SARPANCH SACHIV GRAM PANCHAYAT CHEPA,900000.0,6,1,1,1
SARPANCH SACHIV GRAM PANCHAYAT BARGAON,900000.0,4,1,2,1
Vc Sihphir,900000.0,6,1,2,1
KARBESTONE K SANGMA,900000.0,6,1,1,1
Gram Panchayat Sarangpur,900000.0,3,1,1,1
EOMC Nahan,900000.0,3,1,2,1
Vaninmawia,900000.0,6,1,2,1
SAR AND SAC GRAM PANCHAYAT PIPARKHUNTI,900000.0,4,1,1,2
SAR AND SAC GRAM PANCHAYAT PAKARIYA,900000.0,4,1,1,2
VIRTA GRAM PANCHAYAT,900000.0,3,1,1,1
gram panchayat Kikirpal,900000.0,3,1,2,1
G S Sports and Fitness Industries,900000.0,3,1,1,1
GP BORDAGUJAR,900000.0,4,1,2,1
GP BINEKA JP OBEDULAGANJ,900000.0,6,1,1,1
Golivada Gram Panchayat,900000.0,3,1,1,1
New Super Kitchen Appliances,900000.0,2,1,1,1
MR OM CONSTRUCTION,900000.0,3,1,1,1
GRAM PANCHAYAT PALLA,900000.0,6,1,1,1
New vervek Branch YMA,900000.0,6,1,2,1
CHITRODA GRUP GRAM PANCHAYAT,900000.0,3,1,1,1
Gram Panchayat Kulgaon,900000.0,3,1,2,1
AMRAPUR GRAM PANCHAYAT,900000.0,3,1,1,1
Bablu Traders,900000.0,3,1,1,1
GADHADA SHA GRAM PANCHAYAT,900000.0,3,1,1,1
gp ghanghal,900000.0,3,1,1,1
MELUSAN GRAM PANCHAYT,900000.0,3,1,1,1
SHRI RELIYA GRAM PANCHAYAT,900000.0,3,1,1,1
DANGARWA GRAM PANCHAYAT,900000.0,6,1,1,1
GRAM PANCHAYAT JHABAR J P PENDRA,900000.0,4,1,1,2
H Rokhuma,900000.0,6,1,2,1
MAHIYAL GRAM PANCHAYAT,900000.0,3,1,1,1
SARPANCH OF MANGAMAR,900000.0,6,1,1,1
Gram Panchayat Chitalur,900000.0,3,1,2,1
CC Construction of Boundary wall at Lutuma Bohagi Utsav Lutuma Kahilipara,900000.0,3,1,1,1
SGP Khukhrana,900000.0,6,1,2,1
GP ROLAGAON A,900000.0,3,1,1,1
SHIVAM SOURAV NAIK,900000.0,2,1,1,1
MANGAROLIYA,900000.0,3,1,2,1
NANAJAMPUR GRAM PANCHAYAT,900000.0,3,1,1,1
NANA HABIPURA GRAM PANCHAYAT,900000.0,3,1,1,1
KHIRDHAR GRAM PANCHAYAT,900000.0,3,1,1,1
VAYAD GRAM PANCHAYAT,900000.0,3,1,1,1
GRAM PANCHAYAT LUNEJ,900000.0,4,1,1,1
MAA MANGALA TRADERS,900000.0,3,1,2,2
fatepura gram panchyat,900000.0,3,1,1,1
GRAM PANCHAYAT BANJARIDAND,900000.0,6,1,1,1
G K RAMESH CONTRACT WORKS,900000.0,3,1,1,1
G P HARIPURA,900000.0,3,1,1,1
FEMINA W MOMIN,900000.0,6,1,1,1
SAMARESH KUMAR BHUYAN,900000.0,3,1,1,2
Gram Panchayat Narra,900000.0,3,1,1,1
CONST OF COMMUNITY HALLL IN FRONT OF BASUDEV KIRTANGHAR DHARAMPUR,900000.0,3,1,1,1
CONST OF COMMUNITY HALL NEAR TAPATTARY HIGH SCHOOL,900000.0,3,1,1,1
SAJIYAVADAR GRAM PANCHAYAT,900000.0,3,1,1,1
KALOL GRAM PANCHAYAT,900000.0,3,1,1,1
SARPANCH SACHIV GP KANCHANDIH,900000.0,4,1,1,2
Gudla Ashok,900000.0,3,1,1,1
Grithing T Sangma,900000.0,6,1,1,1
SEMRI B,900000.0,3,1,1,1
JAGAT NARAIN MAHAVIDYALAYA ARUSA NARAINPUR AMBEDKARNAGAR,900000.0,3,1,1,1
GP MAKODIYA JP OBEDULLAGANJ,900000.0,6,1,1,1
GP Lana Baka,900000.0,6,1,2,1
GP LAPHANDI,900000.0,6,1,1,1
Gandrathi Malathi,900000.0,1,1,1,1
THADACH GRAM PANCHAYAT,900000.0,3,1,1,1
MILON DAS,900000.0,1,1,1,1
Devika Sangma,900000.0,6,1,1,1
Gram Pnachayat Dudhala,900000.0,3,1,1,1
OLVAN GRAM PANCHAYAT,900000.0,3,1,1,1
ARDUVADA GRAM PANCHAYAT,900000.0,3,1,1,1
Odhava gram panchayat,900000.0,3,1,1,1
KERALA GRAM PANCHAYAT,900000.0,3,1,1,1
NARAYANPUR B,900000.0,3,1,1,1
Durai T,900000.0,3,1,1,1
Gram Panchayat Ukhali Mehandali,900000.0,6,1,2,1
Dranli Roy Mawlong,900000.0,6,1,1,1
GP CHARBHATTI,900000.0,6,1,1,1
RIKADIYA GRAM PANCHAYAT,900000.0,3,1,1,1
CHOILA GRAM PANCHYAT,900000.0,3,1,1,1
Shri Ringrak Ch Marak,900000.0,10,1,1,2
PHLANGDILOIN SECONDARY SCHOOL,900000.0,6,1,1,1
PHILIP NARZARY,900000.0,3,1,2,1
Gram Panchayat Danoa,900000.0,6,1,1,1
lodhi gram panchayat,900000.0,3,1,1,1
Lionnel Austin Rechil Marak,900000.0,6,1,1,1
R Lalsanghleii,900000.0,6,1,2,1
Smt Minoti Ch Marak,900000.0,10,1,1,2
CONSTRUCTION OF COMMUNITY HALL AT LOKPRIYA GIRLS COLLEGE KALGACHIA,900000.0,3,1,1,1
MOYAD VAS RUPAJI GRAM PANCHAYAT,900000.0,3,1,1,1
GP Tatiyana,900000.0,6,1,2,1
CN PLT BHEL ST SD BHEL BZ,900000.0,3,1,1,1
CN ATITHI GRIHA PUJA MANDIR KEOTKUCHI,900000.0,3,1,1,1
CMO NAGARPALIKA MANDLA,900000.0,3,1,2,1
D Square Enterprises,900000.0,3,1,1,1
DAHEGAMDA,900000.0,3,1,1,1
DALPUR GRAM PANCHAYAT,900000.0,3,1,1,1
BHANIYA JUTH GRAM PANCHAYAT,900000.0,3,1,1,1
BHANDARIYA GRAM PANCHAYAT,900000.0,3,1,1,1
BHALUHA KOTHAR JP HANUMANA DIST MAUGANJ,900000.0,3,1,1,1
VILLAGE PANCHAYAT KASBARA,900000.0,3,1,1,1
Nongtalang Mission Village Dorbar,900000.0,6,1,1,1
GRAM PANCHAYAT NINGALA 2,900000.0,3,1,1,1
North East Maintenance,900000.0,3,1,1,1
chadasana village,900000.0,3,1,1,1
MANGALPURA NAGOT GRAM PANCHAYAT,900000.0,3,1,1,1
DEVLI GRAM PANCHAYAT SWABHNDOL,900000.0,3,1,1,1
BARVALA BAVISHI GRAM PANCHAYAT,900000.0,3,1,1,1
MS JB Enterprise,900000.0,3,1,1,1
kansa gram panchayat,900000.0,3,1,1,1
GRAM PANCHAYAT PULALIKALA,900000.0,6,1,1,1
NJR ASSOCIATES,900000.0,3,1,2,1
GP NADOR JP OBEDULLAGANJ,900000.0,6,1,1,1
Gram Panchayat Zanzesar,900000.0,3,1,1,1
KHODA GRAM PANCHAYAT,900000.0,3,1,1,1
MOTA MACHIYALA GRAM PANCHAYAT,900000.0,3,1,1,1
MOTA BHAMODRA GRAM PANCHAYAT,900000.0,3,1,1,1
JIRA GRAM PANCHAYAT,900000.0,3,1,1,1
Gram Panchayat Pithavajal,900000.0,3,1,1,1
GRAMPANCHAYAT CHIDGAON,900000.0,3,1,2,1
GRAM PANCHAYAT DHUKUPATHRA,900000.0,6,1,1,1
BHAVPUR GRAM PANCHAYAT,900000.0,3,1,1,1
GRAM PANCHAYAT GORANA,900000.0,3,1,1,1
GRAM PANCHAYAT GONI,900000.0,3,1,1,1
PRATAPARA GRAM PANCHAYAT,900000.0,3,1,1,1
TAJPAR GRAM PANCHAYAT,900000.0,3,1,1,1
SANTOSH DASH,900000.0,3,1,1,1
AQUA SOLUTIONS,900000.0,9,1,1,1
GPDhagali,900000.0,6,1,2,1
shree isapar gram panchayat,900000.0,3,1,1,1
GRAM PANCHAYAT BUDBUD,900000.0,6,1,1,1
saraswati shishu mandir mohkhed,900000.0,3,1,1,1
SHIRVADA GRAM PANCHAYAT,900000.0,3,1,1,1
DHAVA GRAM PANCHAYAT,900000.0,3,1,1,1
Gagan Saikia,900000.0,5,1,1,1
GP PAHILPAAR JP NAIGARHI,900000.0,3,1,1,1
Construction of boundary wall and Community hall at Jyotinagar Kali Mandir Prangon unayan,900000.0,1,1,1,1
Construction of Classroom at Goalpara Girls College Goalpara,900000.0,3,1,1,1
RATANGADH GRAM PANCHAYAT,900000.0,3,1,1,1
SONPARI GRAM PANCHAYAT,900000.0,3,1,1,1
R PALANISAMY,900000.0,1,1,1,1
Adhgam Gram Panchayat,900000.0,3,1,1,1
VIJAY SAHU,900000.0,3,1,1,1
SARPANCH GRAM PANCHAYAT KHERDHA,900000.0,3,1,1,1
Dhumpeta Venkatesh,900000.0,3,1,1,1
GRAM PANCHAYAT BODRAPURI,900000.0,4,1,1,1
Lalthanhlira,900000.0,6,1,2,1
RAJPUR GRUP GRAM PANCHAYAT,900000.0,3,1,1,1
Thangela Ramesh,900000.0,3,1,1,1
GOUTAM KARUAN,900000.0,3,1,1,1
Ranpur Vachala Vas Gram Panchayat,900000.0,3,1,1,1
ramdev infrastructure,900000.0,3,1,1,1
principal saraswati shishu mandir mohgaon haweli,900000.0,3,1,1,1
Gp Zhirniya,900000.0,3,1,2,1
CONSTRUCTION OF OFFICE ROOM OF RAJAHUWA SRI SRI LAKSHMI PUJA COMMITTEE KAWAIMARY,900000.0,3,1,1,1
Sollu Surendhar,900000.0,3,1,1,1
GP CHHUHIA,900000.0,6,1,1,1
Kotali Gram Panchayat,900000.0,3,1,1,1
Kotada Pitha Gram Panchayat,900000.0,3,1,1,1
INFRASTRUCTURE DEV OF SWAHID BEDI AT,900000.0,3,1,1,1
Community hall at Salbari Bathou Thansali,900000.0,3,1,1,1
Real Security And Services,900000.0,1,1,1,1
GRAM PANCHAYAT SHUPATRAI,900000.0,6,1,1,1
NIHAR RANJAN PANDA,900000.0,3,1,2,1
Standar Kharbani,900000.0,6,1,1,1
LUVARIYA GRAM PANCHAYAT,900000.0,3,1,1,1
LUNVA GRAM PANCHAYAT,900000.0,3,1,1,1
sarpanch sachiv gp kadai,900000.0,4,1,1,1
GRAM PANCHAYAT MOTLA,900000.0,3,1,1,1
KATVANA GRAM PANCHAYAT,900000.0,3,1,1,1
KATEDIYA GRAM PANCHAYAT,900000.0,3,1,1,1
GP Dalgaon,900000.0,6,1,2,1
GP Dimber,900000.0,3,1,2,1
GP Dhandha Bhalla,900000.0,3,1,2,1
GOURANG CHARAN LENKA,900000.0,3,1,2,1
Gp Meen,900000.0,3,1,2,1
Ramod Gram Panchayat,900000.0,3,1,1,1
NIMATA KUMAR BHOI,899999.0,5,1,2,1
Manjushree Plastics Private Limited,899999.0,1,1,1,1
ANJALI GURU,899997.0,6,1,1,2
GRAM PANCHAYAT AMLIDIH,899995.0,4,1,1,1
SARPANCH SACHIV GRAM PANCHAYAT ANJANI,899992.0,4,1,1,2
Gitartha Bayan,899991.0,6,1,1,1
J M ENTERPRISE,899985.0,3,1,1,1
SAJI K,899973.0,2,1,1,1
BIKASH ENTERPRISE,899961.0,3,1,1,1
DEVA GANAPATHI REDDY,899943.0,3,1,1,1
BHAVANI TRADERS,899943.0,3,1,1,1
KUMARASWAMY,899925.0,6,1,1,2
GRAM PANCHAYAT SURELAKALA SFC,899919.0,6,1,1,1
GRAM PANCHAYAT MULER,899910.0,3,1,1,1
GRAM PANCHAYAT VACHHANAD,899910.0,3,1,1,1
Beda Gram Panchayat,899880.0,3,1,1,1
Grama Panchayat Urdara,899856.0,6,1,2,1
ROFIQUL ISLAM,899853.0,3,1,1,1
Gram Panchayat Nain,899846.0,8,1,1,1
GORAD GRAM PANCHAYAT,899841.0,3,1,1,1
SAREL GRAM PANCHAYAT,899829.0,3,1,1,1
Grampanchyat Hattij,899826.0,3,1,1,1
NANA JAMBUDA GRAM PANCHAYAT,899796.0,3,1,1,1
BHAUMIK CONSTRUCTION,899780.0,1,1,1,1
HAREN CHAROH,899775.0,3,1,1,1
Mohammad Fayyaz Ur Rahman,899757.0,3,1,1,1
Gram Panchayat Tol Saladi Choteli,899751.0,3,1,1,1
KHAKHADI GRAM PANCHAYAT,899748.0,3,1,1,1
gram panchayat janglesar,899700.0,6,1,1,1
MANJU TRADING COMPANY,899700.0,3,1,2,1
GRAM PANCHAYAT KARMADIYA,899691.0,3,1,1,1
SARPANCH SACHIV G P SARNABAHAL,899690.0,4,1,1,1
GR Fulfakar Trading Company,899640.0,3,1,1,1
RATANPAR GRAMPANCHAYAT,899631.0,3,1,1,1
Sahanur Islam Mondal,899538.0,3,1,1,1
NAVA DEVALIYA GRAM PANCHAYAT,899529.0,3,1,1,1
GRAM PANCHAYAT NANPULALI,899511.0,6,1,1,1
GRAM PANCHAYAT BASANTPUR J P PENDRA,899508.0,6,1,1,2
gram panchayat chandali,899508.0,4,1,1,1
Gram Panchayat Chhapariyali,899502.0,3,1,1,1
GRAM PANCHAYATDharmaj,899500.0,5,1,1,1
VELAVADAR GRAM PANCHAYAT,899493.0,3,1,1,1
GRAM PANCHYAT DODA SGVY,899454.0,4,1,1,1
BUDA GRAM PANCHAYAT,899448.0,3,1,1,1
BORO MAA ENTERPRISE,899445.0,3,1,1,1
R PANDIYAN,899442.0,3,1,1,1
KARASHANPURA GRAM PANCHAYAT,899439.0,3,1,1,2
AQUA PURE LIFE,899415.0,3,1,1,1
M SURESHKUMAR,899406.0,1,1,1,1
GRAM PANCHAYAT PADRIYA,899400.0,1,1,1,1
ZAPODAD GRAM PANCHAYAT,899388.0,3,1,1,1
SHREYAS M D,899385.0,3,1,1,1
G BHASKAR REDDY,899369.0,4,1,1,1
R RAMACHANDRAN Contractor,899361.0,3,1,1,1
CHARADVA GRAM PANCHAYAT,899358.0,3,1,1,1
SARPANCH SACHIV GRAM PANCHAYAT SARAIPALI,899328.0,6,1,1,1
MALSUND GRAM PANCHAYAT,899238.0,3,1,1,1
TAPASI ENTERPRISE,899208.0,6,1,1,1
Sarpanch Sachiv Gram Panchayat Bargawa,899205.0,6,1,1,2
SRK Movers,899202.0,33,1,1,1
SARPANCH GRAMPANCHAYAT ANCHALE TANDA,899164.0,1,1,1,1
ASIT MAITY,899148.0,6,1,2,1
NANA KHADABA GRAM PANCHAYAT,899109.0,3,1,1,1
Aen CSD 1 JDVVNL SGNR,899090.0,1,1,1,1
GRAM PANCHAYAT SHANTINAGAR,899085.0,3,1,1,1
KARANGADH GRAM PANCHAYAT,899085.0,3,1,1,1
GRAM PANCHAYAT SAILA,899043.0,6,1,1,1
samser ali khan,899028.0,3,1,1,1
SARPANCH VILLAGE DEVLOPMENT OFFICER GRAM PANCHAYAT JEWALI,899022.0,3,1,1,1
GRAM PANCHAYAT GALIYAVADA,899019.0,3,1,1,1
A G CONSTRUCTION,899013.0,3,1,1,1
KHARVA GRAM PANCHAYAT,898971.0,3,1,1,1
BHARAT SINGH SAIYAM SAIYAM TRADERS,898942.0,4,1,2,1
GRAM PANCHAYAT MATARVANIYA,898884.0,3,1,1,1
TIKAR GRAM PANCHAYAT,898884.0,3,1,1,1
BHALANA GRAM PANCHAYAT,898860.0,3,1,1,1
Ms Dhriti Enterprise,898839.0,6,1,1,1
GUNASEKAR K,898835.0,1,1,1,1
Lakshmi L,898813.0,1,1,1,1
G P Limgaon,898776.0,6,1,2,2
NANDAN GRAM PANCHAYAT,898707.0,3,1,1,1
Rekha Rani,898700.0,2,1,1,1
SUBRAMANIYAN S,898693.0,1,1,1,1
Abdul Noufal T,898646.0,2,1,1,1
GRAM PANCHYAT NAGOI,898560.0,6,1,1,1
NOORDEEN,898544.0,1,1,1,1
P Asharaf,898401.0,1,1,1,1
SABITA ENTERPRISE,898389.0,3,1,1,1
AKASH SK,898302.0,3,1,1,1
APRAJITA CONSTRUCTION,898254.0,1,1,1,1
GRAM PANCHAYAT VADAL,898236.0,3,1,1,1
gram panchayat khalilpur,898200.0,3,1,1,1
Aarav Construction Company,898168.0,3,1,1,1
GRAM PANCHYAT KARUPAN SGVY,898142.0,4,1,1,1
MODERN GROWN,898110.0,6,1,1,1
kasana Construction Co,898092.0,1,1,1,1
GRAM PANCHAYAT JANIYADRA,898092.0,3,1,1,1
KAKARLAPUDI SRINIVASA RAJU,898049.0,1,1,1,1
Pali Gram Panchayat,898008.0,3,1,1,1
JSS CONSTRUCTIONS,898005.0,2,1,1,1
MOTA MADHAD GRAM PANCHAYAT,897993.0,3,1,1,1
GRAM PANCHAYAT NAVAGAM,897993.0,3,1,1,1
THE PRESIDENT VLC GURRAPPAGARIPALLI OF VEERABALLI,897927.0,3,1,1,1
KANERAV GRAM PANCHAYAT,897900.0,3,1,1,1
Yaragorla Venkataramaiah,897891.0,3,1,1,1
Pitta Vivek,897888.0,3,1,1,1
KARTIKEY CONSTRUCTION,897832.0,2,1,1,1
D H ENTERPRISE,897813.0,3,1,2,1
B Rajendraprasad,897789.0,3,1,1,1
GRAM PANCHAYAT KHATODA,897754.0,8,1,1,1
LERKA GRAM PANCHAYAT,897720.0,3,1,1,1
SNR ENTERPRISES,897717.0,3,1,1,1
SOLGAM GRAM PANCHAYAT,897654.0,3,1,1,2
B H ENTERPRISE,897582.0,3,1,2,1
Rengka Teronpi,897576.0,12,1,2,1
Maa Kali Enterprise Jhumpa Barman,897558.0,3,1,1,1
MUTHUMURUGESAN,897486.0,2,1,1,1
ARUNKUMAR R,897485.0,1,1,1,1
KODITHYALA PADMAJA,897472.0,2,1,1,1
Sarpanch Sachiv Gram Panchayat Salhekota,897336.0,6,1,1,2
SUNDAR ANCHAN,897300.0,3,1,1,1
SARPANCH SACHIV GRAM PANCHAYAT AMERATIKRA,897234.0,6,1,1,2
THILAKAVALLI,897228.0,3,1,2,1
V DEVARAJ,897223.0,1,1,1,1
GOKALGADH GRAMPANCHAYAT,897195.0,3,1,1,1
JAWAL GRAM PANCHAYAT,897036.0,3,1,1,1
GRAM PANCHAYAT NAGRA,897024.0,3,1,1,1
MS GOURAV CONSTRUCTION AND COMPANY,897000.0,6,1,2,1
DHEDASANA GRAMPANCHAYAT,896955.0,3,1,1,2
SHIVARAJ BHIMAPPA BISANALLI,896943.0,1,1,1,1
VIRUPAKSHAGOUDA,896901.0,6,1,1,1
KARAJALA GRAM PANCHAYAT,896832.0,3,1,1,1
ARITHA GRAM PANCHAYAT,896784.0,3,1,1,1
GAUTAM HANSE,896742.0,14,1,2,1
Bhanwadiya Gram Panchayat,896664.0,3,1,1,1
SARPANCHSHREE GRAM PANCHAYAT ALAMPUT,896658.0,3,1,1,1
PILUVADA GRAM PANCHAYAT,896655.0,3,1,1,1
Yog Pratap Construction,896632.0,1,1,1,1
KHAD KHAMBHALIYA GRAM PANCHAYAT,896400.0,3,1,1,1
KABITA BISWAS,896352.0,3,1,1,1
SWAPAN DHAR,896298.0,3,1,1,1
GRAM PANCHAYAT TAMSA,896205.0,3,1,1,1
Medishetty Sravan Kumar,896106.0,3,1,1,1
Molbio Diagnostics Private Limited,896000.0,1,1,1,1
DHARAI GRAM PANCHAYAT,895974.0,3,1,1,1
KASALPURA GRAM PANCHAYAT,895908.0,3,1,1,1
Gram Panchayat Desai Vadala,895845.0,3,1,1,1
BORDI gram panchayat,895716.0,3,1,1,1
ARYAN PAINTS AND SANITARY,895686.0,2,1,1,1
CHANCHAKVAD GRAM PANCHAYAT,895332.0,3,1,1,1
BHENKVAD GRAM PANCHAYAT,895200.0,3,1,1,1
CHAKKURU SRINATH,895038.0,3,1,1,1
GRAM PANCHAYAT SARETHI,895017.0,21,1,1,1
Jilla Dhanunjay,894852.0,3,1,1,1
PRITHWISH ENTERPRISE,894753.0,3,1,1,1
Shri Shyam Traders,894619.0,21,1,1,1
GRAM PANCHAYAT BONAND,894555.0,3,1,2,1
GRAM PANCHAYAT DAILWADA,894375.0,6,1,1,1
VIKRANT RAJENDRA INGOLE,894209.0,1,1,1,1
AMARANARAYANA N,894075.0,6,1,2,1
N Satyanarayana,894068.0,4,1,1,1
PARSHOTAM DASS,894000.0,6,1,1,1
NITESH PRADHAN,894000.0,1,1,1,1
GOYAL SUBMERSIBLE,893700.0,10,1,1,1
MD Infotech,893676.0,1,1,1,1
OM TRADING,893652.0,1,1,1,1
RAMBHODA GROUP GRAM PANCHAYAT,893640.0,3,1,1,1
Boyilla Venkateswarlu Reddy,893574.0,2,1,1,1
Sai Anu Enterprises,893439.0,3,1,1,1
Madhvipur Gram Panchayat,893349.0,3,1,1,1
M 4 ENTERPRISES,893280.0,3,1,1,1
N SHOBAN KUMAR,893058.0,3,1,2,1
PEER ZADA MUNEER AHMAD SHAH,893000.0,1,1,1,1
MOHAN SHAW,892959.0,3,1,1,1
TARAK KUNDU,892863.0,3,1,1,1
ALLAVULA RAJU,892698.0,3,1,2,1
GRAM PANCHAYAT MANADANPARA,892578.0,3,1,1,1
G   SRINIVAS,892562.0,2,1,1,1
PROJECT AND MAINTENANCE,892383.0,3,1,1,1
Bobbili Venkata Swami Yadav,892312.0,2,1,1,1
JESAR GRAM PANCHAYAT,892074.0,3,1,1,1
The kaithal Bhanu Cooperative Labour and Construction Society Limited Kaithal,891708.0,1,1,1,1
GRAM PANCHAYAT MEVASA BAVANA,891540.0,3,1,1,1
Garmpanchayat Alampur,891381.0,3,1,1,1
SANKET ASHOKRAO BOKE,891074.0,1,1,1,1
Bishnu Pegu,891000.0,9,1,1,1
S M ENTERPRISE,890994.0,6,1,1,1
MAHIYAPUR GRAM PANCHAYAT,890892.0,3,1,1,1
VICKY CONSTRUCTION COMPANY,890860.0,2,1,1,1
MEER ENTERPRISE,890628.0,3,1,2,1
BABITA RABHA,890584.0,9,1,1,1
RUPAVATIRAMPARA GRAM PANCHAYAT,890541.0,3,1,1,1
TRAMBODA GRAM PANCHAYAT,890511.0,3,1,1,1
KADATHALA  SWAMY REDDY,890235.0,3,1,1,1
THE DADAR GRAM PANCHAYAT,890232.0,3,1,1,1
GRAM PANCHAYAT AAMBALIYA,890229.0,3,1,1,1
MS B Kachari Enterprise,890106.0,6,1,1,1
SAMSER JUHA SEKH,890037.0,3,1,1,1
ASHAPURA CONSTRUTIONS,890000.0,2,1,1,1
gram Panchayat Bikram Bag,890000.0,7,1,2,1
K Prabhakar,889830.0,3,1,1,1
GRAM PANCHAYAT ZALANSAR,889668.0,3,1,1,1
P VINOD KUMAR,889422.0,3,1,1,1
VISHAL KUMAR SHARMA,889217.0,5,1,1,1
G VENKATESAN,889140.0,3,1,1,1
PUNITH BONDADE SRI VENKTESHWARA ENTERPRISES,888993.0,6,1,1,1
Omkareshwar Construction PRO DNYANOBA DHONDIRAM DHAS,888729.0,1,1,1,1
Jasvir Kaur,888639.0,18,1,1,1
M KASIVISWANATHAN,888420.0,3,1,1,1
KS BUILDING MATERIALS,888243.0,24,1,1,1
RAMARECHI GRAM PANCHAYAT,888144.0,3,1,1,1
Alex Thomas,888050.0,2,1,1,1
CHANDAN KUMAR,887829.0,1,1,1,1
RATHNAKUMARAN C K,887339.0,1,1,1,1
OMLESHVAR MAHADEV CONSTUCTION,887304.0,6,1,2,1
RAGHUPATHI GUNDUBOINA,887259.0,3,1,2,1
GRAM PANCHAYAT MEVASA KAMARIBAINA,887169.0,3,1,1,1
CHUMKI SAHA SARKAR,887155.0,1,1,1,1
bachchu singh,886952.0,2,1,1,1
GANGA VALLEY ENTERPRISE,886317.0,3,1,1,1
MANDAL CONSTRUCTION,886140.0,3,1,1,1
KALESHA GUNDLOOR,885492.0,3,1,1,1
KRUSHNA CHANDRA ACHARYA,885359.0,4,1,1,2
SARANGAM GUNNAIAH,885331.0,2,1,1,1
CHOUDHARY BHILDERS,885185.0,2,1,1,1
VILLAGE PANCHAYAT REL,885000.0,3,1,1,1
MULE RAMAMOHAN REDDY,884976.0,2,1,1,1
M Co,884553.0,6,1,1,1
GRAM PANCHAYAT NANA MOTA AVATADIYA,884049.0,3,1,1,1
KUNA GRAM PANCHAYAT,883996.0,4,1,1,1
BHARAT ENGINEERING WORKS,883749.0,1,1,1,1
Shitalnath Enterprises,883530.0,3,1,2,1
SDMC GOVT SEC SCHOOL KHEERWA,883500.0,3,1,1,1
MANOJ KUMAR T M,883488.0,3,1,1,1
MUMTAJ ALI,883407.0,3,1,1,1
KISHAN BOLCK COMPANY,883049.0,1,1,1,1
SAMASPUR GRAM PANCHAYAT,883044.0,3,1,1,1
Shamim Aijaz Bhat,883029.0,3,1,1,1
AEN O and M JDVVNL PINDWARA,883016.0,3,1,1,1
SHATRUNDA GRAM PANCHAYAT,882978.0,6,1,1,1
kachchai gram panchayt,882909.0,6,1,1,1
VANKANER,882861.0,3,1,2,1
MKM ENTERPRISE,882858.0,3,1,2,1
ANITA POWER,882858.0,3,1,2,1
GRAM PANCHAYAT MOSAM,882639.0,3,1,1,1
DAMASA GRAM PANCHAYAT,882603.0,3,1,1,1
BISWAS BROTHERS ENTERPRISE,882600.0,3,1,1,1
ZUDVADALI GRAM PANCHAYAT,882597.0,3,1,1,1
RUDAN GRAM PANCHAYAT,882561.0,3,1,1,1
CHIKHALI GRAM PANCHAYAT,882438.0,3,1,1,1
KANDHI GRAM PANCHAYAT,882402.0,3,1,1,1
Chahat Enterprises,882176.0,20,1,2,1
SRI MAHADEB MAITY,882075.0,6,1,1,1
Niraj Kumar Sahoo Junior Engineer Bisra,882027.0,3,1,2,2
Mr PASVALA GRAM PANCHAYAT,882024.0,3,1,1,1
EDD Urban Roorkee,881417.0,1,1,1,1
Executive Engineer EDD Kaptanganj Azamgarh,881276.0,5,1,1,1
THE MS COOPERATIVE LABOUR AND CONSTRUCTION SOCIETY LIMITED,880797.0,6,1,1,1
MOTATIMBLA GHAGHOSAR GRAM PANCHAYAT,880641.0,3,1,1,1
VIKAS SPORTS AND GENERAL STORE,880425.0,3,1,1,1
S BHASKAR RAO,880032.0,2,1,1,1
GRAM PANCHAYAT BOODA,880000.0,4,1,2,1
GP TIHRA,880000.0,11,1,3,1
CC link road at Swaraj Nagar,880000.0,4,1,1,1
Ms JP Construction Company,879947.0,2,1,1,1
JR WORKS,879144.0,3,1,1,1
Alagandula Ashok,879102.0,3,1,1,1
Gram Panchayat Umari,879000.0,3,1,2,1
13 FC GP JULWANIYA G P JULWANIYA,879000.0,3,1,2,1
RADIANCE ELECTRICALS,878646.0,1,1,1,1
TARNETAR GRAM PANCHAYAT,878445.0,3,1,1,1
Divisional Engineer Operation Khammam,878445.0,3,1,1,1
J L Babu,878203.0,4,1,2,1
GRAM PANCHAYAT KHARKA,878000.0,4,1,2,1
ABDUS SABUR,877998.0,3,1,1,1
KASINATH BARAL,877920.0,3,1,1,1
PARTHA SARATHI PATRA,877761.0,1,1,1,1
GIMMY PAULOSE,877632.0,1,1,1,1
Gram Panchayat Haripur Gir,877353.0,3,1,1,1
EXECUTIVE ENGINEER EDD KOPAGANJ MAU,876790.0,4,2,2,1
Gram Panchayat Chotekapsi,876448.0,4,1,2,1
HANAMANT S NAYKODI,875215.0,6,1,2,1
Janki Parshad Govt Contractor,875207.0,10,1,2,1
Assistant Director Welfare of Differently Abled TG  Sr Citizens YSR Annamayya District,875000.0,4,1,1,1
Lalhmingmawia,875000.0,3,1,2,1
TC Lallala,875000.0,4,1,2,1
GRAM PANCHAYAT TURENAR DMFT,875000.0,5,1,2,1
Brucelee S Sangma,875000.0,7,1,1,2
GRAM PANCHAYAT PONDIKALAA,875000.0,5,1,1,1
Ms M R Enterprise,875000.0,5,1,1,1
Pardhan GP Thora Bhaloon,875000.0,7,1,1,1
K Lianhmingthanga,875000.0,3,1,2,1
SANGAPPA S KUMBAR,874987.0,3,1,1,1
NIKHIL SHIRSHAD,874893.0,3,1,1,1
R K PADASALAGI,874890.0,3,1,1,1
ROHAN S MUTNAL,874867.0,3,1,1,1
MAHANTESH BASAPPA GANIGER,874867.0,3,1,1,1
MALLIKARJUN DALAWAI,874822.0,3,1,1,1
SEKH ISMAIL,874746.0,3,1,1,1
PRIYESH GOUNDADKAR,874715.0,3,1,1,1
ANAND BALAKU KONKANI,874705.0,3,1,1,1
Manjunath Godappa Timmanayakar,874644.0,3,1,1,1
VITTAL DYAMANNA KAMBAR,874469.0,3,1,1,1
RAGHAVENDRA MARNOOR,874389.0,3,1,1,1
BUDDHADEB DATTA,874208.0,1,1,1,1
Gram Panchayat Norja,874000.0,6,1,1,1
Gram Panchayat Ghatera,874000.0,3,1,1,1
CHANDRAGOUDA G NAGANAGOUDAR,873856.0,3,1,1,1
YAMANURAPPA HANAMANT BUDIHAL,873307.0,3,1,1,1
Vamoj Gram Panchayat,873000.0,3,1,1,1
RATAN CHANDRA RAHA,872613.0,4,1,1,1
Virupakshappa M Satannavar,872336.0,3,1,1,1
SUNIL,871701.0,13,3,3,3
KRISHNA D DODDAMANI,871663.0,3,1,1,1
Anil Electric Works,871536.0,3,1,1,1
Bhavani NDCC TB thanda,871494.0,3,1,2,1
PAMPAPATI,871472.0,3,1,1,1
SANGAM TRADERS,871447.0,27,1,1,1
JAGADEESH N BASHETTI,871236.0,3,1,1,1
Shahul Hameed K,871101.0,1,1,1,1
P HANUMANTHAPPA,870178.0,3,1,1,1
REVANASIDDAPPAHANAVAL SRUJAN ENTERPRISES,870000.0,3,1,1,1
THE NILGIRIS DISTRICT CONSUMERS CO OP WHOLESALE STORES LTD,870000.0,3,1,1,1
House Technologoes,870000.0,2,1,1,1
SARPANCHSHRI TUNDAV GRAM PANCHAYAT,870000.0,4,1,1,1
RAJAN AGNIHOTRI,870000.0,2,1,2,1
AEN Ranpur,870000.0,2,1,1,1
SHANKRAPPA HANUMANTAPPA NAYAK,870000.0,3,1,1,1
ashutosh enterprises,869798.0,2,1,1,1
SANDIP BALU THOMBARE,869664.0,1,1,1,1
RAGHUVANSI ENTERPRISES,869660.0,1,1,1,1
GRAM PANCHAYAT DHELANA,869646.0,3,1,1,1
H K LOKESH,869010.0,3,1,1,1
MD JAHEDUL HOQUE,868671.0,3,1,1,1
Biren Kumar Sahu,868632.0,2,1,1,1
TAPATI PAL GHOSH,868542.0,3,1,2,1
S CHETHAN,868526.0,3,1,1,1
H N RAMACHANDRA,868461.0,3,1,1,1
BABA TRADERS,867966.0,18,1,1,1
SHAJU P DEVASSY,867957.0,1,1,1,1
S Venkataiah,867591.0,4,1,1,1
SK ASRAFUL HAQUE,867515.0,4,1,2,1
MOHIT CONSTRUCTOR,867477.0,3,1,2,1
SATGURU BUILDING,866782.0,14,1,1,1
Mesars Sanyam Contruction ward No 20 ghuwash RBJ,866631.0,3,1,2,1
CHIRANJIB GHOSH,866274.0,3,1,2,1
Venkateshwara Orthocare,866250.0,3,1,1,1
SHRIMANTH SAHEBAGOUD PATIL,866176.0,3,1,2,1
VASUDEV SINGH N,865918.0,3,1,2,1
SARANGADHAR PRADHAN,864981.0,3,1,2,1
CHANDRAPPA YALLAPPA MADAR,864136.0,3,1,1,1
PADMAVATI CONSTRUCTION,863998.0,1,1,1,1
SHREE KRISHNA CONTRACTOR AND SUPPLIER,863406.0,1,1,1,1
THE PRINCIPAL COLLEGE OF ENGINEERING PATHANAPURAM,863196.0,3,1,2,1
MOTI GARAMALI GRAM PANCHAYAT,863100.0,3,1,1,1
Afrin Engineering And Construction,862995.0,5,1,1,1
JAY MA SHATDA TRADERS,862940.0,6,1,2,1
Gram Panchayat Balwasa,862500.0,3,1,2,1
gram panchayat hatnoor,862006.0,1,1,1,1
BILASHIYA GRAM PANCHAYAT,861396.0,4,1,1,2
Brij Mohan,861000.0,3,1,1,1
MITALIN DHAL,860725.0,3,1,1,1
stjudepoonjar,860637.0,3,1,1,1
CHANDU LAL MEENA,860616.0,1,1,1,1
JAVOL GRAM PANCHAYAT,860000.0,7,1,1,1
Ms KHEMABABA CONSTRUCTION company,859959.0,3,1,1,1
Sachdeva Tarding Company,859731.0,17,1,1,1
BHAVYA CONSTRUCTION CO,859393.0,1,1,1,1
ASHOK KUMRA PANDA,859356.0,3,1,2,1
B P AND SONS,858881.0,1,1,1,1
THIMMARAJU J,858720.0,3,1,1,1
RADHAKRISHNAN K,858206.0,1,1,1,1
GULZAR HUSSAIN,858000.0,3,1,1,1
MANDAVA SWAMULU,857776.0,1,1,1,1
SURESH,857729.0,9,3,3,4
BDS CONTRACTORS,857441.0,1,1,1,1
Deep Star Construction Company,857273.0,1,1,1,1
LOPAMUDRA,857067.0,1,1,1,1
Manjeet Singh,856578.0,4,2,2,2
Balraj Yadav,856233.0,3,1,1,1
RAMASAMY BALASUBRAMANIAN,856162.0,1,1,1,1
H M SATANI,855959.0,1,1,1,1
VIVEKANAND REDDY KOTHAKAPU,855671.0,7,1,1,1
VIJAY RAMESHRAO BELAGE,855259.0,1,1,1,1
MESERS DEEPURAJ BILDING MATERIAL AND FURNITURE,855060.0,18,1,1,1
chanda Ramakrishna,854478.0,2,1,1,1
Shree Ram Traders,854341.0,2,1,1,1
JWALAMUKHI JAGDAMBA MAJUR KAMGAR SAHAKARI SANSTHA,853761.0,1,1,1,1
GOUR SUNDAR ROY,853639.0,1,1,1,1
SAWARIYA SETH,853170.0,6,1,2,1
Nm Randhawa Tiles Co,852795.0,20,1,2,1
N J Enterprises,852788.0,2,1,1,1
SK Enterprises,852368.0,2,1,1,1
Suresh Babu K S,852256.0,1,1,1,1
Ganga Enterprises Prop Priyesh Kothari,852227.0,1,1,1,1
MUDDANGULA RAMA KRISHNA,851467.0,2,1,1,1
ARUN ELECTRIC,850326.0,3,1,1,1
GRAM PANCHAYAT BAGHNI,850000.0,7,1,1,1
Shri Luckshwell M Sangma,850000.0,10,1,1,2
District Disabled and senior citizen welfare officer koppal,850000.0,5,1,1,1
Gram Panchayat Rahej,850000.0,3,1,1,1
GRAM PANCHAYAT MAHUDI PUNI BHUNWADI,850000.0,7,1,1,1
VANTHAVALI GRAM PANCHAYAT,850000.0,5,1,1,1
SHREE STONE CRUSHER,850000.0,10,1,2,1
PAMOL GRAM PANCHAYAT,850000.0,4,1,1,1
Zairemthangpuii,850000.0,3,1,2,1
Jamidara Trading Company,849956.0,2,1,1,1
Nangal Electric Company,849520.0,2,1,1,1
S THIRUNAVUKKARASU,849100.0,1,1,1,1
HEMANTA KUMAR DEORI,848720.0,1,1,1,1
gram panchayat usari,848400.0,3,1,2,1
BR CONTRACTING COMPANY,848230.0,2,1,1,1
AVS and Construction,847646.0,2,1,1,1
SIVACHANDRAN,847547.0,1,1,1,1
Shiv Driller and Allied Traders,847509.0,2,1,1,1
Shamsudheen K,846962.0,4,1,1,1
Sodhana Gram Panchayat,846933.0,3,1,1,1
UPENDRA TECH INFRASTRUCTURE AND SOLUTIONS,845961.0,3,1,1,1
Junior Engineer Jhumpura Block,845466.0,4,1,2,1
SELVA VARGEESE SOOSAIMICHEAL,845299.0,1,1,1,1
HIRAL CONSTRUCTION,845210.0,5,1,1,1
UP NEDA PROJECT BASTI,845020.0,55,1,1,1
Liladhar Pant,844850.0,4,1,1,1
KEBAL ENTERPRISE,844737.0,3,1,1,1
S R CONSTRUCTION,844715.0,2,1,1,1
PRATAP KUMAR BEHARI,844560.0,3,1,2,1
SHEIKH ASIF YATOO,844500.0,3,1,1,1
R D MAURYA,844098.0,1,1,1,1
UP Power Corporation Limited,844087.0,7,2,2,1
SRI SAI BALAJI AUTOMOBILES AND ELECTRICALS,843639.0,3,1,1,1
J P ENTERPRISES,843090.0,9,1,1,1
Aman Sanitary Store,842922.0,6,1,1,1
MOHD ANIS MOHD SHAFI,842346.0,1,1,1,1
Shri Balaji Construction Co,841500.0,1,1,1,1
Tingani Nagesh,840946.0,2,1,2,1
P Venkata Siva Reddy,840230.0,1,1,1,1
new dhiman agra works,840180.0,3,1,2,1
SARPANCH SACHIV GRAM PANCHAYAT MANOURA,840000.0,5,1,1,2
GRAM PANCHAYAT KUMMI,840000.0,6,1,1,1
palasvada gram panchayat,840000.0,2,1,1,1
SAR AND SAC GRAM PANCHAYAT AAMGAON,840000.0,5,1,1,2
aman enterprisez,840000.0,3,1,2,1
GRAM PANCHAYAT ATRAGAON,840000.0,3,1,1,2
GRAM PANCHAYT NEVNARA,840000.0,3,1,1,1
HARISH KUMAR TIWARI,839774.0,1,1,1,1
SITAKANTA BEURA,839517.0,3,1,2,1
VISHNU CONSTRUCTION,837890.0,1,1,1,1
Shubh labh trading company,837830.0,1,1,1,1
The Krishna Co op L and C Society Ltd,837699.0,3,1,2,1
BLOCK DEVE OFFICER BPR,837245.0,6,1,1,1
GAJENDRA SINGH,836914.0,4,1,1,1
VIJAYAN S,836714.0,2,1,1,1
MAA LAKHI ENTERPRISE,835176.0,12,1,1,1
G B SASIKUMAR,835061.0,1,1,1,1
C G John,834739.0,1,1,1,1
DEE Operation Rural Karimnagar,834225.0,3,1,1,1
SHREE NATH CONSTRUCTION,834111.0,4,2,2,2
Jai Shree Constructions,833600.0,10,1,1,1
SURYA ENTERPRISE,833200.0,3,1,1,1
SHREE CHARBHUJA ENTERPRISES,830830.0,2,1,1,1
KAMAL LOCHAN BHOI JE,830532.0,3,1,2,1
Gouru Karthik,829961.0,5,1,1,1
MS PREM CHANDRA,829242.0,3,1,1,1
Bhandari Automobiles Pvt Ltd,829212.0,1,1,1,1
M BRABAKARAN,829016.0,1,1,1,1
The Narender Cooperative Labour and Construction Society Limited,828851.0,1,1,1,1
Lavish Enterprises,828657.0,3,1,1,1
MARAVI TRADERS,828600.0,4,1,2,1
jasvir singh so bant singh,827720.0,7,1,2,1
KUBER CONCRETE SOLUTIONS,827445.0,16,1,1,1
KUNTA VENUGOPAL REDDY,827295.0,3,1,2,1
HIMANTA GOGOI,827082.0,1,1,1,1
Jai Shree Ram Enterprise,826662.0,9,1,1,1
Napad tadpad grampanchayat,826274.0,6,1,1,1
SHARA ENTERPRISE,825510.0,6,1,1,1
GP Manjhli,824316.0,11,1,1,1
SANTOSH,824215.0,18,3,3,3
swarna construction and suppliers,823872.0,1,1,1,1
THE DHANKAR COOP L AND C SOCIETY LTD,823200.0,5,1,1,1
Sunil Kumar,823065.0,9,3,3,3
SACHIN AKKAGOL,822666.0,5,1,2,1
ASSISTANT ENGINEER LAEO IMAMGANJ VIDHAN SABHA,822556.0,1,1,1,1
MVVNL,822200.0,4,1,1,1
SHREE SHYAM STEELS,821683.0,6,1,1,1
MARKANDA COOP LABOUR AND CONSTRUCTION,821631.0,3,1,1,1
Manojkumar M R,821564.0,1,1,1,1
Kansa Gram Panchayat,821406.0,5,1,1,1
MONALISHA CHAKRA,820644.0,3,1,2,1
Harbhajan Singh,820329.0,16,2,2,2
GP Kelvi,820000.0,8,1,2,1
Ms Goyat Trading co Jind,819176.0,2,1,1,1
RUPAK PATEL,819138.0,3,1,2,2
jai maa bhawani construction,819123.0,2,1,1,1
INFOMIDAS,818730.0,1,1,1,1
BANSAL SANITARY AND IRON STORE,817872.0,4,1,1,1
SATYAM ENTERPRISE,817740.0,3,1,1,1
SHUBH SHUKLA,817180.0,4,1,2,1
Seema Aggarwal,817100.0,18,1,2,1
Sajal Bricks Company,816750.0,28,1,1,1
SARASWATI TRADING COMPANY,814800.0,3,1,1,1
GOVT ELEMENTARY SCHOOL MIRAN CHAK,813378.0,3,1,1,1
Arora Enterprises Dasuya,813262.0,19,1,2,1
CHITTAR LAL SHIKSHA NIKETAN SAMITI,813000.0,2,1,2,1
TABASUM ASHRAF,813000.0,6,1,1,1
SHERGILL CEMENT STORE,812964.0,3,1,1,1
THE HALER JANTA CO OPERTIVE LABOUR AND CONSTRUCTION SOCIETY LIMITED,811905.0,6,1,2,1
Ravidas M,811809.0,1,1,1,1
The Bankat LandC soceity ltd,811729.0,1,1,1,1
JAGDAMBEY IRON AND SHUTTERING STORE MANSA,811170.0,27,1,1,1
BHOLENATH TRADING NAGRIYA PANCHELA,810600.0,9,1,2,1
GP Saklana,810000.0,9,1,3,1
MARIYAPPAN CONTRACTOR,810000.0,3,1,1,1
GRAM PANCHAYAT DHANGAON,809735.0,3,1,1,1
RGSY BLOCK DFVELOPMENT OFFICER ALOOSA,809638.0,5,1,1,1
United Electrical Industries LTD,808915.0,4,2,2,2
BISWANATH HARDWARE,807735.0,5,1,1,1
The Shanti Niketan Cooperative Multipurp,807346.0,2,1,1,1
Rupan Nath,807001.0,7,1,1,1
ADRASH TRADING COMPANY,806920.0,2,1,1,1
Mohd Asimuddin,806267.0,2,1,1,1
fate bahadur singh,805704.0,3,1,1,1
JINU A,805326.0,2,1,1,1
AAYUSH BUILDWELL,805247.0,1,1,1,1
ERA CONSTRUCTION,805224.0,9,1,1,1
Chiluveri Satyanarayana,804660.0,3,1,1,1
Boddukuri Jalandhar,804660.0,3,1,1,1
Enugu Ravinder,804660.0,3,1,1,1
G ASHOK KUMAR,804045.0,3,1,1,1
J M Traders Bhucho mandi,804000.0,6,1,1,1
MILAN KUMAR NAIK,803833.0,2,1,1,1
Namala Rakesh,803316.0,3,1,1,1
MOPURI SRINIVASA RAO,803310.0,2,1,1,1
NEETA SINDHI,803269.0,1,1,1,1
SALKA ENTERPRISE,802551.0,3,1,1,1
Kothapally Visnuvardhan Reddy,802414.0,2,1,1,1
Sunildath J,801650.0,1,1,1,1
ADHUNIK TRADERS,801524.0,1,1,1,1
MS GUDIYA CONSTRUCTION,800125.0,1,1,1,1
GHUGHRALA GRAM PANCHAYAT,800000.0,2,1,1,1
SHREE THARAVADA GRAM PANCHYAT,800000.0,2,1,2,1
SHREE ZINKADI JUTH GRAM PANCHAYAT,800000.0,2,1,2,1
GHANTOLI GROUP GRAM PANCHAYAT,800000.0,4,1,1,1
GP Kitpal,800000.0,4,1,1,1
Avadhut Gundu Halave,800000.0,1,1,1,1
SDSCO NURPUR,800000.0,2,1,1,1
Kara Gram Panchayat,800000.0,4,1,2,1
JYOTIRMAYEE SAHOO,800000.0,2,1,1,1
SARPANCH GRAM PANCHAYAT BHANSULI K,800000.0,4,1,1,1
SIRPANCH SINGHA GRAM PANCHAYAT,800000.0,2,1,1,1
Construction of Community hall at Jyoti Nagar mahila samiti Jyotinagar,800000.0,3,1,1,1
MULBHUT GP HARDEVA,800000.0,7,1,1,1
JATADHARI BHOI,800000.0,1,1,1,1
WILLING D SHIRA,800000.0,4,1,1,1
Vav Gram Panchayat,800000.0,4,1,2,1
GRAM PANCHAYAT GANGAPUR,800000.0,4,1,1,1
Wellayday Sangma,800000.0,4,1,1,1
Prashanta Kumar Polei,800000.0,2,1,1,1
GRAM PANCHAYAT CHEEKALI,800000.0,3,1,2,1
JUNIOR ENGINEER SADAR BLOCK8144091085,800000.0,1,1,1,1
Debust R Marak,800000.0,9,1,1,1
Neighrims Staff Association,800000.0,1,1,1,1
GP Bagri,800000.0,5,1,2,1
CHHALIER JUTH GRAM PANCHAYAT,800000.0,2,1,1,1
VAMSHI KRISHNA PUSHPALA,800000.0,2,1,1,1
GRAM PANCHAYAT TILAIDAND,800000.0,4,1,1,1
GRAM PANCHAYAT JALIA,800000.0,2,1,1,1
CHITTARANJAN PATRA,800000.0,2,1,1,1
GITASHREE BEHERA,800000.0,2,1,1,1
MASKA GRAM PANCHAYAT,800000.0,2,1,2,1
Gram panchayat Palion,800000.0,8,1,2,1
AJAY RAM TARAI,800000.0,4,1,2,1
BDO BHARMOUR MPLADS,800000.0,3,1,1,1
GILLOR NS,800000.0,3,1,1,1
Romesh Mawkon,800000.0,5,1,1,1
Local Committee Nongsning Village,800000.0,4,1,1,1
karodmota Karodiya Gram Panchyat,800000.0,2,1,2,1
Sampra Gram Panchayat,800000.0,4,1,1,1
Learmildford A Sangma,800000.0,4,1,1,1
Poladiya gram panchayt,800000.0,2,1,2,1
Bhadari Padra,800000.0,2,1,2,1
GRAM PANCHAYAT KESHLA,800000.0,4,1,1,1
GITANJALI PUJARI,800000.0,3,1,1,1
GP NOGAON,800000.0,1,1,1,1
BALABHADRA KISHAN,800000.0,2,1,2,2
Jesingpur Group Gram Panchayat,800000.0,4,1,1,1
RAJPAR ASARANI JUTH GRAM PANCH,800000.0,2,1,1,1
NONGNAH SECONDARY SCHOOL,800000.0,4,1,1,1
LUDVA GRAM PANCHAYAT,800000.0,2,1,2,1
RAJIV KUMAR CONTRACTOR,800000.0,4,1,1,1
GP Neri Kotli,800000.0,5,1,2,1
JASKA GRAM PANCHAYAT,800000.0,4,2,2,2
MORJAR GRAM PANCHAYAT,800000.0,2,1,2,1
SNEHAL PARSOTTAMBHAI THAKKAR,800000.0,3,1,1,1
BRAHMAGURU CONSTRUCTION,800000.0,1,1,1,1
ONKAR MANI TRIPATHI,800000.0,4,1,1,1
SONGADH GRAMPANCHAYAT,800000.0,2,1,2,1
GP DEEHAR,800000.0,4,1,3,1
JAMTHADA AJAPAR JUTH GRAM PANCHAYAT,800000.0,2,1,2,1
Gram Panchayat Modhe,800000.0,4,1,1,1
devisar gram panchayat,800000.0,2,1,2,1
SHRI DHUFI NANI GRAM PANCHAYAT,800000.0,2,1,2,1
BRIGHTSTONE BEY,800000.0,4,1,1,1
SARPANCHSHRI KARLI GRAM PANCHAYAT,800000.0,4,1,1,1
VAKKANTULA NAGENDRABABU,800000.0,2,1,1,1
KATKAM GANGA RADHA,800000.0,2,1,1,1
SARPANCH GRAM PANCHAYAT BATHENA,800000.0,2,1,1,1
ZIKIYARI GRAM PANCHAYAT,800000.0,2,1,2,1
sarpanch sachiv nawagaongahira,800000.0,3,1,1,1
GRAM PANCHAYAT SONEKHARI,799992.0,1,1,1,1
Bodakunta Shanthosh,799944.0,4,1,1,1
PAULRAJ,799918.0,1,1,1,1
Gram Panchayat Bami,799900.0,2,1,1,1
Shri Murugan Associates,799895.0,1,1,1,1
SATHIYA AND CO,799833.0,1,1,1,1
RUKINI SOMEPALLE,799824.0,4,1,1,1
THANGAVEL BALAJI,799812.0,1,1,1,1
SUBBIAH S,799780.0,1,1,1,1
NANA DAHISARA GRAMPANCHAYAT,799750.0,2,1,2,1
SWAMI VIVEKANANDMAJUR SAHAKARI SANSTHA MARYA KERVADE TARF MANGAON,799728.0,1,1,1,1
USHA K,799714.0,1,1,1,1
ARIKRISHNAN K,799706.0,1,1,1,1
Durairaj jayakumar Co,799695.0,1,1,1,1
Jyoti Prasad Thakuria,799641.0,10,1,1,1
GRAM PANCHAYATPadgol,799621.0,4,1,1,1
KARAMDI GRAM PANCHAYT,799600.0,2,1,1,1
KANDASAMY  V,799556.0,1,1,1,1
SAKTHIVEL K,799527.0,1,1,1,1
DHIGARALA CONSTRUCTION COMPANY,799490.0,1,1,1,1
TAJING TAMUT,799432.0,2,1,1,1
ALAM CONSTRUCTION,799405.0,1,1,1,1
DHANANJAY KUMAR,799289.0,1,1,1,1
GRAM PANCHAYAT PAHAJ,799282.0,2,1,1,1
THIRUPPATHI CONSTRUCTION,799123.0,1,1,1,1
GRAM PANCHAYAT AKHOL,799108.0,5,1,1,1
Som Construction and Material Supply,799096.0,6,1,1,1
R Goppammal,799094.0,1,1,1,1
JAYAKUMAR E,799000.0,1,1,1,1
PRESIDENT VILLAGE LEVEL COMMITTEE PULLAMPET,798958.0,2,1,1,1
Supriya Ashok Bhosale,798957.0,1,1,1,1
POONKODI G,798936.0,2,1,1,1
KAPPALA JAGADEESH,798876.0,2,1,1,1
The Saurav Choudhary Cooperative Labour and Construction Society Ltd Kakot,798812.0,6,1,1,1
VIBHUTI SECURITY SOLUTIONS,798801.0,1,1,1,1
AJITH,798770.0,4,2,2,2
GP Binga,798710.0,8,1,3,1
Riya Enterprises,798600.0,2,1,1,1
Das Enterprise,798536.0,3,2,2,2
Narayanasamy,798521.0,1,1,1,1
SHREE RAMDEV CONSTRUCION,798495.0,3,1,2,1
ESWARI SIVASEMAN,798365.0,4,1,1,1
VAMSI ENTERPRISES,798355.0,1,1,1,1
NABAJIT BORUAH,798245.0,11,1,1,1
SHREE SANWARIYA CONSTRUCTION,798000.0,3,1,1,1
S A R pharma,798000.0,3,1,1,1
HIND ENTERPRISE,797934.0,1,1,1,1
BINAY KUMAR RAY,797881.0,1,1,1,1
M Venkata Subbaiah,797598.0,4,1,1,1
Venkatesh Majoor Sahakari Sanstha Ltd,797573.0,1,1,1,1
SHILOJ GRAM PANCHAYAT,797554.0,2,1,1,1
Upananda Construction,797272.0,2,1,1,1
THE SHYAM KRIPA CO OP L C SOCIETY LTD,796905.0,2,1,1,1
S K CONTRACTOR,796827.0,4,1,1,1
Bajranj Traders Contractor,796720.0,5,1,1,1
N H ENTERPRISES,796612.0,1,1,1,1
SANJOG BHUWANLAL NARWARE,796440.0,1,1,1,1
AADISHAKTI CONSTRUCTION,796385.0,1,1,1,1
K Balasubramanian,796160.0,4,1,1,1
B J CONSTRUCTION,796071.0,1,1,1,1
M S SHRI KRISHNA ENTERPRISES,795452.0,19,1,1,1
SHYAM KISHOR TIWARI,795297.0,1,1,1,1
gempro india enterprises,795104.0,1,1,1,1
Bharat Deep Gupta,795000.0,3,1,1,1
Gram pancahyat bhoipar,795000.0,6,1,1,1
ARUMUGAM,794721.0,1,1,1,1
Patidar traders,794534.0,8,1,2,1
MANSHITH CONSTRUCTIONS PRIVATE LIMITTED,794382.0,2,1,1,1
GNANANETRA ENGINEERING AND INFRA PR,794358.0,2,1,1,1
Rajkumar contractor,794244.0,1,1,1,1
TANU ENTERPRISES,794188.0,1,1,1,1
VENKATESAN M,794188.0,1,1,1,1
A P ENTERPRISE prop PARESH KUMAR PARUA,794186.0,2,1,1,1
GP Rathiar,794112.0,6,1,1,1
GRAM PANCHAYAT ANIDA,794000.0,2,1,1,1
GOVIND ELECTRICALS,793850.0,1,1,1,1
NAZAR P M,793606.0,1,1,1,1
FOKDI GROUP GRAM PANCHAYAT,793400.0,2,1,1,1
HD ENETRPRISES BILODA,793227.0,6,1,1,2
ANAYAT ALI,792982.0,1,1,1,1
punjab iron cement store,792438.0,13,1,1,1
KR INFRA,792400.0,4,1,1,1
Nagaraju Pandiri,791057.0,3,1,1,1
H K CONSTRUCTION,791007.0,1,1,1,1
SIDDESWARA R,790707.0,2,1,1,1
Shri Arnej Gram Panchayat Arnej,790568.0,2,1,1,1
GRAM PANCHAYAT JAMANI,790000.0,4,1,1,1
CHANDRASEKHAR NAIDU S,789956.0,3,1,1,1
SONU CO OP LABOUR AND CONST SOCIETY LTD,789416.0,2,1,1,1
JAMVALI GRAM PANCHAYAT,789363.0,2,2,2,2
Nawlesh Kumar Singh,789224.0,2,1,2,1
Pratik Pravupada Parida,788894.0,2,1,1,1
Manoj Chaudharu BKO,788800.0,15,1,1,1
MAL GRAM PANCHAYAT,788541.0,4,1,1,1
EXECUTIVE ENGINEER PANCHYATI RAJ REWARI,788190.0,3,1,1,1
DURGA CONSTRUCTION COMPANY,788186.0,1,1,1,1
MP STATE  AGRO  IND DEV CO LTD BARWANI,788032.0,8,1,1,1
LOKNATH CONSTRUCTION,787957.0,23,1,1,1
M S PATIL CIVIL CONTRACTOR,787787.0,2,1,1,1
Gram Panchayat Fopnarkala,787635.0,3,1,1,1
AZHAR KHAN,787513.0,1,1,1,1
C Lalrinliana,787500.0,3,1,2,1
THE SALASAR COOP L 7 C SOCITY LTD KKR,787476.0,3,1,1,1
MAA MANSA ENTERPRISES,787473.0,1,1,1,1
K R CONSTRUCTIONS,787001.0,1,1,1,1
TARSEM SINGH,786870.0,17,4,5,4
K Tabreez Khan,786851.0,1,1,1,1
AKSHAI MATHEWS,786787.0,1,1,1,1
BHARMAL STEEL TRADERS,785700.0,18,1,1,1
A NAGARAJU,785181.0,3,1,1,1
MEHTA RAMESHKUMAR GOUTAMLAL,785000.0,1,1,1,1
PRESIDENT VILLAGE LEVEL COMMITTEE,784218.0,3,2,2,1
Disha Enterprises,784170.0,1,1,1,1
GR Enterprises,784154.0,2,1,1,1
MS Hans Raj Amar Nath,782193.0,3,1,1,1
AKHILESH SHARMA,781995.0,3,1,1,1
Pro Ortho Perfect India Pvt Ltd,781900.0,4,2,2,2
MOHAMED RIYAS,781162.0,2,1,1,1
ASHOK KUMAR SAMAL,780759.0,5,1,1,1
RAMNIWAS ENTERPRISES,780641.0,1,1,1,1
ASIT KUMAR PATEL,780212.0,2,1,2,2
VARINDER BUILDING MATERIAL,780105.0,30,1,2,1
DEEPA SURGICAL,780000.0,4,1,1,1
Saikia Hardware,780000.0,4,1,1,1
Gram Panchayat Lohardi,780000.0,9,1,1,1
Chhinga Veng Local Council,780000.0,3,1,2,1
GRAM PANCHAYAT KADARI,780000.0,5,1,2,1
AANKLAVDI GRAM PANCHAYAT,779740.0,4,1,1,1
MS AD PROJECT,779188.0,1,1,1,1
Gouranga Ch Sitha,778838.0,4,1,1,1
RADHA GOBIBDA PARIDA,778339.0,2,1,1,1
SOORAJ P R,777313.0,1,1,1,1
Aravelly Surender Rao,777225.0,2,1,1,1
Saajuan Gupta,777000.0,1,1,1,1
BHAGAT RAM KISHAN CHAND,776523.0,3,1,1,1
THE BABA BADWALA CO OP SOCIETY,776170.0,2,1,1,1
M Sridhar Rao,776156.0,2,1,1,1
PREET STEEL WORKS,775129.0,4,1,1,1
Garam Panchayta Khotlaapal,775000.0,4,1,2,1
Gram Panchayat Samaila,775000.0,11,1,3,1
GRAM PANCHAYAT MURMURA,775000.0,4,1,1,1
GRAM PANCHAYAT SALKA,775000.0,5,1,1,2
ABHINANDAN ENTERPRISE,774558.0,3,1,1,1
RANVIJAY CHAUHAN,774234.0,3,1,2,1
PUTALIYA GRAM PANCHAYAT,774000.0,3,1,1,1
Dimbeswar Borah,772831.0,5,1,1,1
S S SOLAR SOLUTION,772572.0,2,1,1,1
SOAMI INTERLOCK TILE FACTORY,772050.0,6,1,2,1
TUTU MONI BORA,772009.0,7,1,1,1
DARSHAN SINGH,771954.0,30,3,3,3
BHUPINDER SINGH SO CHUHAR SINGH,771720.0,6,1,2,1
AVADH KAARYA SOLUTIONS,771655.0,1,1,1,1
BDPO UCHANA,771507.0,5,1,1,1
PALASH ENTERPRISE,770694.0,3,1,1,1
Construction of Open Community Hall at Lokpriya Gopinath Bordoloi club at Lelabori Harimura,770000.0,4,1,1,1
Construction of Community Hall at Mujkuri Rajohuwa Namghar at Mujkuri Kushdhowa,770000.0,4,1,1,1
RAJA SAHIB JI ENTERPRISES,770000.0,3,1,2,1
P D ENTERPRISE PARIMAL,769488.0,3,1,1,1
AZEEZ,769372.0,2,1,1,1
JE BDO ATTABIRA PUSPALATA BEHERA,769295.0,2,1,1,1
EXECUTIVE ENGINEER 11KV AND LT NETWORK SAHIBABAD,768660.0,1,1,1,1
THE AGS COOPERATIVE LABOUR AND CONSTRUCTION SOCITY LTD,767396.0,1,1,1,1
Satyam Patel,766600.0,14,1,1,1
MS CHAHAT TRADERS,766407.0,2,1,1,1
STARCARE MARKETING AND SERVICES,766390.0,1,1,1,1
rakib construction,765456.0,1,1,1,1
Kalsi Iron and Hardware Store,765323.0,5,1,1,1
BANSHI LAL KHATIK,765298.0,2,1,1,1
JE XI ATTABIRA BLOCK SUSHIL PRADHAN,765130.0,4,1,1,2
D R CONSTRUCTION,765117.0,2,1,1,1
Balram Singh,765000.0,4,1,1,1
VEMURI TIRUMALA RAO,765000.0,2,1,1,1
CHAUDHURI ASHRAFUL KARIM,764998.0,2,1,2,1
CHAPPALA CONSTRUCTION,764799.0,3,1,1,1
sant mahadev building material store,764781.0,15,1,1,1
SNIGDHA SAHOO,764600.0,2,1,1,1
Gaurav Trading Company,764482.0,24,1,1,1
The Jai Shree Ram Cooperative labour and Construction society ltd,764148.0,1,1,1,1
BIBHU RANJAN NAYAK,764080.0,1,1,1,1
R Chinnadurai,763916.0,1,1,1,1
KISSAN TRADERS,763549.0,3,1,1,1
Anil Eet Udyog,763515.0,9,1,1,1
Ms LUXMI STEEL TRADERS,763329.0,3,1,1,1
MS K GHOSH AND CO,763284.0,2,1,1,1
HOICHOI ENTERPRISE,763047.0,3,1,1,1
Baba Deep Singh Interlock Tile Foc,762060.0,16,1,1,1
Choudhary Suppliers,761451.0,2,1,1,1
SODGAM GRAM PANCHAYAT,761000.0,4,1,1,1
SHIV KUMAR CONTRACTOR,760587.0,17,1,1,1
Charbhuja E Bikes,760000.0,8,1,1,1
POWER FITNESS,759969.0,3,1,1,1
Jitendra Agarwal,759429.0,1,1,1,1
SKINDER KUMAR,759000.0,6,1,1,1
Bhullar Cement Store,758340.0,2,1,1,1
Gram Panchayat Balola,757500.0,3,1,2,1
Raunak Construction,756097.0,1,1,1,1
SUNDHA SUPPLIERS,756000.0,3,1,1,1
sarpanch sachiv jano,756000.0,3,1,1,1
Om Prakash,756000.0,3,1,1,1
GP Deola,755000.0,16,1,2,1
SHRI MAHARANA DEVELOPERS,754717.0,1,1,1,1
BLUENEST SERVICES,754628.0,1,1,1,1
RS TRADERS,754360.0,6,1,1,1
JAY SOMNATH ENTERPRISE,753312.0,20,1,1,1
KARKOLIYA GRAM PANCHAYAT,753081.0,3,1,1,1
BHERUNATH ENTERPRISES,753000.0,3,1,1,1
BHUWANLAL RAHANGDALE,752925.0,4,1,1,1
SANWARIYA CONSTRUTION,752167.0,10,1,1,1
Lakshit Trading company,751828.0,2,1,1,1
THE A SQUARE COOP L AND C SOCIETY PANIPAT,751536.0,3,1,1,1
Sai Enterprises,751034.0,8,2,2,2
VICKY SINGH,750918.0,9,1,1,1
ARUPJYOTI PEGU,750916.0,3,1,1,1
MAHAVIRINDUSTRIESDHURI,750667.0,3,2,2,2
SONDHIYA CONSTRUCTIONS RAJU SONDHIYA,750294.0,1,1,1,1
SHARANAPPA,750000.0,2,1,1,1
Gram Panchayat Danda,750000.0,3,1,2,1
HARISH WADEYAR,750000.0,4,1,1,1
Construction of Bus Shed near Arunjyoti Sangha Selapara,750000.0,6,1,1,1
Construction of Bus Shed at Tukura Bormohan,750000.0,6,1,1,1
GRAM PANCHAYAT BORGAON,750000.0,3,1,2,1
GORAJ GRAM PANCHAYAT,750000.0,3,1,1,1
SARPANCH DUNGARI GRAM PANCHAYAT,750000.0,3,1,1,1
Gram Panchayat Chakli,750000.0,6,1,2,1
GP AMODA JP OBEDULLAGANJ,750000.0,6,1,1,1
DORBAR DONG APHA,750000.0,5,1,1,1
DORBAR DONG PAHAR UMKIANG,750000.0,5,1,1,1
Lalnghakliana,750000.0,6,1,2,1
Lalramsanga,750000.0,6,1,2,1
SFC MULBHOOT PIPLIYA SISODIYA,750000.0,3,1,2,1
GRAM PANCHAYAT VEKARIYA,750000.0,3,1,1,1
GRAM PANCHAYAT VIRPUR,750000.0,3,1,1,1
GP KADHAIYA JP GAIRATGANJ,750000.0,6,1,1,1
RAVINDRA,750000.0,3,1,1,1
Gram Panchayat Siwani kala,750000.0,3,1,1,1
Construction of Additional Room in existing community hall at Kurung Dodan Lakhipur,750000.0,6,1,1,1
Gram Panchayat Bar,750000.0,3,1,2,2
GRAM PANCHAYAT DULAKHEDI,750000.0,3,1,2,1
Caleb Lalrammawia,750000.0,6,1,2,1
R S CHALAGERI,750000.0,2,1,1,1
Margam Karlo Riji,750000.0,3,1,1,1
Master N CHAWNPUI BRANCH YMA,750000.0,6,1,2,1
Mathilla Marak,750000.0,5,1,1,1
St Francis De Sales Secondary School Mawryngkneng,750000.0,3,1,1,1
BLOSSOM CLUSTER LEVEL FEDERATIONPYNDENGUMIONG,750000.0,3,1,1,1
INDRAN GRAM PANCHAYAT,750000.0,3,1,1,1
GRAM PANCHAYAT GANESHPUR,750000.0,3,1,1,1
SANPAVADA,750000.0,4,1,1,1
GRAM PANCHAYAT VANGAM,750000.0,7,1,1,1
ARADHYA VISHNU BAPAT,750000.0,1,1,1,1
Vishawkarma Engineering and Boring Works,750000.0,3,1,1,1
GP Tal,750000.0,6,1,3,1
Mankima,750000.0,6,1,2,1
DALANI MUVADI,750000.0,3,1,1,1
VCP Phuldungsei,750000.0,6,1,2,1
GRAM PANCHAYAT LOHARDIH,750000.0,3,1,1,1
Devidas Sambhaji chavan,750000.0,1,1,1,1
SARPANCH OF GRAM PANCHAYAT BANDHAKHAR,750000.0,5,1,1,1
MHIP Khuangleng,750000.0,6,1,2,1
MHIP LENG BRANCH,750000.0,3,1,2,1
MHIP SAIHAPUI V BRANCH,750000.0,6,1,2,1
Ebozez T Sangma,750000.0,6,1,1,1
KANSARI GRAM PANCHAYAT,750000.0,3,1,1,1
MAHIC GHAZIPUR,750000.0,1,1,1,1
SARPANCH OF TIWARTA,750000.0,1,1,1,1
KHIHLANG L P SCHOOL MYNKREM SHANGPUNG,750000.0,5,1,1,1
VC Thekpui,750000.0,6,1,2,1
SARPANCH SACHIV GP PITHAMPUR,750000.0,3,1,1,2
SARPANCH SACHIV GRAM PANCHAYAT KERPANI,750000.0,4,1,1,1
SARPANCH OF GRAM PANCHAYAT EARAF,750000.0,3,1,1,1
BLUESTAR MARSING,750000.0,5,1,1,1
Somanath Bacheli,750000.0,3,1,1,1
TAMARITHA K MARAK,750000.0,5,1,1,1
Gram Panchayat Naranpura Janpad Panchayat Nalchha,750000.0,3,1,2,1
Gram Panchayat Nartea,750000.0,1,1,1,1
YMA Lallen,750000.0,6,1,2,1
YMA New Khawlek Branch,750000.0,3,1,2,1
YMA Putlungasih Branch,750000.0,6,1,2,1
YMA Zawlpui Branch,750000.0,6,1,2,1
YONGKONGSANGLA R,750000.0,6,1,1,1
ANSUMA BORO,750000.0,5,1,1,1
YUVARAJA,750000.0,2,1,2,1
Gram Panchayat Office DODKI,750000.0,3,1,1,1
APPANNA MALLAPPA YALLURE,750000.0,1,1,1,1
GP DADAR KOTHAR JP GANGEO,750000.0,3,1,1,1
SubVillage Committee Chhumkhum,750000.0,6,1,2,1
GRAM PANCHYAT SAKARA J,750000.0,3,1,2,1
GRAM PANCHAYAT MAJIGAM,750000.0,3,1,1,1
SARPANCH GRAM PANCHYAT GABDI,750000.0,3,1,1,1
SARPANCH GRAM PANCHAYAT JONDHARA,750000.0,3,1,1,1
SARPANCH GRAM PANCHAYAT KHAPARIYA,750000.0,3,1,1,1
GP KARCHHARI,750000.0,6,1,2,1
GRAM PANCHAYAT GANIYARI,750000.0,6,1,1,1
Gram Panchayat salna,750000.0,3,1,2,1
TENGKU SANGMA,750000.0,6,1,1,1
VC Bungzung,750000.0,6,1,2,1
VC Khankawn,750000.0,6,1,2,1
VC Leithum,750000.0,6,1,2,1
VC Lianpui,750000.0,6,1,2,1
KAMALPUR GRAM PANCHAYAT,750000.0,2,2,2,2
Gram Panchayat Mota Kotda,750000.0,3,1,1,1
GP Boirdih,750000.0,3,1,2,2
GP CHANDONE,750000.0,11,1,1,1
GP CHHATARPURA,750000.0,1,1,1,1
AMUM MOYONG,750000.0,9,1,1,1
L P SCHOOL PRESBYTERIAN MYNSKA,750000.0,3,1,1,1
BOMONG MOYONG,750000.0,3,1,1,1
GP KOKAWADA,750000.0,3,1,2,1
GP KOKOBHANTHA,750000.0,3,1,1,1
VAJAPUR GRAM PANCHAYAT,750000.0,3,1,1,1
Gram Panchayat Makhrol,750000.0,6,1,2,1
Gram Panchayat Maloud,750000.0,3,1,1,1
Fermanus Syiemiong,750000.0,1,1,1,1
Gram Panchayat Matnar,750000.0,3,1,2,1
MR SARPANCH SACHIV BIJATIPALI,750000.0,3,1,1,1
GRAM PANCHAYAT THALA,750000.0,6,1,1,1
HANDA ELECTRIC STORE,750000.0,3,1,1,1
GRAM PANCHAYAT JARONDHA,750000.0,5,1,1,2
GRAM PANCHAYAT JANGALBEDA,750000.0,3,1,1,1
H T SUBHAS,750000.0,1,1,1,1
MERCILDA MARAK,750000.0,3,1,1,1
Gram Panchayat Kinjoli,750000.0,3,1,2,1
Mayur Narayan Lale,750000.0,1,1,1,1
PYNKHLAINBOR DHAR,750000.0,5,1,1,1
Mr Sarpanch Sachiv GP Bhothaldih,750000.0,3,1,1,1
Meatchi R Sangma,750000.0,6,1,1,1
HC Beimatha,750000.0,6,1,2,1
garudi group gram panchayat,750000.0,3,1,1,1
MR KITLANG MASKUT,750000.0,3,1,1,1
cmo khargone,750000.0,3,1,2,1
ANALGHAD LUNIVAV GRAM PANCHAYAT,750000.0,3,1,1,1
JBBL SOLAR,750000.0,3,1,1,1
SKMBIC DILDARNAGAR,750000.0,1,1,1,1
ASSAM ENTERPRISE,750000.0,1,1,1,1
Vikram Vishwas Patil,750000.0,1,1,1,1
Village Council Bawngthah,750000.0,6,1,2,1
Village Council Chungtlang,750000.0,6,1,2,1
Village Council Hrechuk,750000.0,6,1,2,1
Village Council Rangte,750000.0,6,1,2,1
RANELA,750000.0,3,1,1,1
gram panchayat dholar,750000.0,1,1,1,1
GANDHRA GRAM PANCHAYT,750000.0,3,1,1,1
gram panchayat bharregaon,750000.0,4,1,1,1
G P NIGARBAND,750000.0,3,1,1,1
SAHID BHAGAT SINGH SEVA SAMITI REWA,750000.0,3,1,1,1
Shri Dilsang Ch Marak,750000.0,9,1,1,2
Shri HITESH DAS,750000.0,1,1,1,1
GRAM PANCHAYAT PALNA,750000.0,3,1,2,1
G P Bhatagaon,750000.0,3,1,2,2
G P Godam,750000.0,3,1,2,2
SAHYOG MAJUR ANE KAMGARO NI SAHKARI MANDALI LIMITE,750000.0,2,1,1,1
SARPANCH SACHIV GRAM PANCHAYAT RATGA,750000.0,6,1,1,2
PANCHAYAT BARIGAWAN NO 02,750000.0,4,1,1,1
GRAM PANCHAYAT KURRA,750000.0,6,1,1,1
GRAM PANCHAYT DATARDI,750000.0,3,1,1,1
Andrew Zorinpuia,750000.0,6,1,2,1
GP KOTRA JP SANCHI,750000.0,6,1,1,1
GP Kaleend,750000.0,6,1,2,1
NC Chhuatha,750000.0,6,1,2,1
GALEPPA,750000.0,2,1,1,1
SINBATH MARAK,750000.0,5,1,1,1
Community Hall near Ganesh Mandir,750000.0,2,1,1,1
GRAM PANCHAYAT AKARJAN MULBHOOT,750000.0,3,1,1,2
GRAM PANCHAYAT ALSAYAKHEDI,750000.0,3,1,2,1
Suresh E,750000.0,3,1,1,1
GRAM PANCHAYAT GARAWANDKALA DMFT,750000.0,3,1,2,1
GRAM PANCHAYAT GARNOYA,750000.0,3,1,1,1
MADHUPUR GRAM PANCHAYAT,750000.0,3,1,1,1
GRAM PANCHAYAT MOHANKOT,750000.0,3,1,2,1
Gram Panchayat Shilli,750000.0,9,1,2,1
GP Dhar Tikkari,750000.0,6,1,2,1
Gram Panchayat Kando Kansar,750000.0,6,1,2,1
GRAM PANCHAYAT BARENDA,750000.0,3,1,1,1
GRAM PANCHAYAT BARKHEDABUZURAG,750000.0,3,1,2,1
Andresh Ch Marak,750000.0,5,1,1,1
GRAM PANCHAYAT KUMHALI,750000.0,3,1,2,1
RAMKRISHNA M,750000.0,2,1,2,1
GP KOSAHARDULI,750000.0,3,1,2,1
THIRTYDAY SANKLI,750000.0,3,1,1,1
Shramik Kalyan majur sahakari sanstha ltd,750000.0,1,1,1,1
GRAM PANCHAYAT BAROUDA,750000.0,3,1,1,1
JUNIOR ENGINEER KORAPUT BLOCK PMAY,750000.0,3,1,2,1
gram panchayat kalahod,750000.0,10,1,1,1
gram panchayat khilra,750000.0,9,1,1,1
GAMBHIRPURA GRAM PANCHAYAT,750000.0,3,1,1,1
Gram panchayat Shivnathpur,750000.0,3,1,2,1
UTTARAKHAND POWER CORPORATION LIMITED,750000.0,3,1,1,1
GRAM PANCHAYAT CHOURANGA,750000.0,3,1,2,1
Mosa,750000.0,6,1,2,1
GRAM PANCHAYAT PATHAMOTI JANPAD PANCHAYAT UMARBAN,750000.0,3,1,2,1
Gram Panchayat Godri,750000.0,3,1,2,1
GARM PANCHAYAT METEPAR,750000.0,3,1,1,1
ST Selua,750000.0,6,1,2,1
GRAM PANCHAYAT JOBAKALA,750000.0,3,1,1,1
Gram Panchayat Tongkongera,750000.0,3,1,2,1
GRAM PANCHAYAT VAVDI DAMRI,750000.0,3,1,1,1
GRAM PANCHAYAT MARHATHA,750000.0,3,1,2,1
Construction of Bus Shed near Rongsai Salpara LP School at Badhapur,750000.0,6,1,1,1
SARPANCH GRAM PANCHAYAT CHHOTESALHI,750000.0,3,1,1,1
SARPANCH GRAM PANCHAYAT JANJI,750000.0,3,1,1,1
SARPANCH GRAM PANCHAYAT LAKHOLI,750000.0,3,1,1,1
SARPANCH GRAM PANCHAYAT OKHAR,750000.0,3,1,1,1
SARPANCH GRAM PANCHAYAT OONI,750000.0,3,1,1,1
MUNICIPAL COUNCIL KONDAGAON,750000.0,3,1,2,1
MUP S Sabual,750000.0,6,1,2,1
GP TARADAND,750000.0,1,1,1,1
S Beirahropha,750000.0,6,1,2,1
S Debory,750000.0,6,1,2,1
Rosesiful Wanniang,750000.0,3,1,1,1
GRAM PANCHAYAT SUDLI,750000.0,3,1,1,1
Gram Panchayat Dhanpur,750000.0,3,1,2,1
Helen Irene,750000.0,6,1,2,1
RUPPURA GRAMPANCHAYAT,750000.0,3,1,1,1
jamuniyashankar,750000.0,3,1,2,1
AKAL INDUSTRIES,750000.0,5,1,2,1
Mr G P BANJA,750000.0,3,1,2,1
DEEPAK RAJU KAREMMANAVAR,750000.0,1,1,1,1
PARSANTAJ GRAM PANCHAYAT,750000.0,3,1,1,1
SATYANARAYAN YADAV,750000.0,10,1,2,1
NUGAR GRAM PANCHAYAT,750000.0,3,1,1,1
MALVAN GRAM PANCHAYAT,750000.0,3,1,1,1
SHREE KODKI GRAM PANCHAYAT,750000.0,3,1,2,1
UMESH AJJAPPA GANGANI,750000.0,1,1,1,1
Gram panchayat poksari,750000.0,3,1,2,1
Bhuvan Enterprises,750000.0,1,1,1,1
PC CHUAUKUNGA,750000.0,6,1,2,1
Nagpal agro industries,750000.0,3,1,1,1
CH Duatsanga,750000.0,6,1,2,1
Beikhaitua,750000.0,6,1,2,1
Satveer Construction Compny,750000.0,1,1,1,1
LC Lalrinchhunga,750000.0,6,1,2,1
LEGENDARY Distributors Pvt Ltd,750000.0,3,1,1,1
GRAM PANCHAYAT BEMCHA,750000.0,3,1,1,1
GRAM PANCHAYAT BHAGORI,750000.0,3,1,1,1
TUPAKULA SRINIVAS GOUD,750000.0,3,1,1,1
GP Shanag,750000.0,4,1,1,1
GRAM PANCHAYAT KAUDIYA,750000.0,3,1,1,1
GRAM PANCHAYAT KESLA,750000.0,3,1,1,1
Green Yard Secondary School,750000.0,3,1,1,1
Gram Panchayat Chonshala Kulmi,750000.0,3,1,2,1
Benjamina,750000.0,6,1,2,1
Bawktlang,750000.0,3,1,2,1
Sarpanch Rojad Panchayat,750000.0,3,1,1,1
Rishanstar Umsong,750000.0,2,1,1,1
Road CC Block from Rabi Nath house,750000.0,2,1,1,1
kholvada gram panchayat,750000.0,3,1,1,1
Jumki Kadu,750000.0,3,1,1,1
SHREE BALAJI METALS,750000.0,6,1,2,1
DILEEP,750000.0,2,1,2,1
RAJYA PARIVARTIT YOJNA GP GUDRUMUDA,750000.0,3,1,1,1
Malsawmtluanga,750000.0,5,1,2,1
GRAM PANCHAYAT CHILHATI,750000.0,3,1,1,1
GRAM PANCHAYAT CHITAPUR,750000.0,3,1,2,1
Boundary Wall at Rampur near Kalibari,750000.0,2,1,1,1
Boundary Wall near Durga Mandir Kathal,750000.0,2,1,1,1
Boundary Wall near Kali Mandir Bariknagar Silcoorie Barambaba GP,750000.0,2,1,1,1
C Malsawmsanga,750000.0,6,1,2,1
GRAM PANCHAYAT SINGHORI,750000.0,3,1,2,1
Robetio R Marak,750000.0,3,1,1,1
PC LALTHANLIANA,750000.0,4,1,2,1
B RAVI CHANDRA,750000.0,3,1,2,1
GRAM PANCHAYAT KHALOUDI,750000.0,3,1,2,1
ADALWADA GRAM PANCHAYAT,750000.0,3,1,1,1
ADIWADA GRAM PANCHAYAT BECHARJI,750000.0,3,1,1,1
GRAM PANCHAYAT SAHAJPURI,750000.0,3,1,2,1
GRAM PANCHAYAT RANAVADWALA,750000.0,3,1,1,1
maubawk Local Council,750000.0,3,1,2,1
Gram Pancchayat Tenda,750000.0,3,1,2,1
Grama Panchayat Semardih,750000.0,3,1,2,1
Muval Gram panchayat,750000.0,3,1,2,1
SFC MULBHOOT KISHANGARH,750000.0,3,1,2,1
Thannguri,750000.0,6,1,2,1
Tenesi,750000.0,6,1,2,1
GP POLAHA JP OBEDULLAGANJ,750000.0,5,1,1,1
vavadi gram panchayat,750000.0,3,1,1,1
Samagra Vikas Yojana Gram Panchayat Manpur,750000.0,1,1,1,1
Lalthanliana,750000.0,6,1,2,1
GRAM PANCHAYAT BINDRANAGDH,750000.0,6,1,1,1
President YCA,750000.0,6,1,2,1
GRAM PANCHAYAT SAKARIYA,750000.0,3,1,1,1
Mizo Zirlai Pawl Gen Hqrs,750000.0,6,1,2,1
Samagra Vikas Yojana Gram Panchayat Bhuneshwarpur,750000.0,1,1,1,1
Gram Panchayat Tejlav,750000.0,6,1,1,1
Gram Panchayat Sujanpur,750000.0,1,1,1,1
Lalmuanchhana,750000.0,6,1,2,1
pahadpur group gram panchayat,750000.0,3,1,1,1
Remmawia,750000.0,6,1,2,1
Janpad Gram Panchayat Sejwani,750000.0,3,1,2,1
Jolnesh M Sangma,750000.0,3,1,1,1
GRAM PANCHAYAT SALIHABHATA,750000.0,5,1,1,1
GRAM PANCHAYAT SAMARDAHA,750000.0,3,1,1,1
GRAM PANCHAYAT SAMNAPUR,750000.0,3,1,2,1
Lalrinawma,750000.0,6,1,2,1
Sahita D Shira,750000.0,3,1,1,1
Lalhmingliana,750000.0,6,1,2,1
Gram Pancchayat Bhengari,750000.0,3,1,2,1
A   RUKMINI,750000.0,4,1,1,1
GRAM PANCHAYAT GADA BABAN SINGH,750000.0,3,1,1,1
DEVESH ANESH DHAVLE,750000.0,3,1,1,1
DHANYKUMAR MARUTI MANAGUTTI,749998.0,2,1,1,1
GRAM PANCHAYAT DEOGHAD,749982.0,9,1,1,1
GRAM PANCHAYAT SARAIPATERA,749976.0,3,1,1,1
FRONTIM SOLUTIONS LLP,749970.0,3,1,1,1
GRAM PANCHAYAT RALAJ,749958.0,3,1,1,1
GRAM PANCHAYAT KHOHIR,749945.0,1,1,1,1
Kuthuru Shekar,749937.0,3,1,1,1
KGN CONSTRUCTION,749922.0,3,1,1,1
MERUPAR GRAM PANCHAYAT,749895.0,3,1,1,1
NANA VAGA GRAM PANCHAYAT,749881.0,4,1,1,1
Jitesh,749868.0,3,1,1,1
GRAM PANCHAYAT AMJHAR,749850.0,6,1,1,1
MARIDA GRAM PANCHAYAT,749847.0,3,1,1,1
SARSWATI VIDYA MANDIR PARTAWAL,749794.0,1,1,1,1
SHISHU SADAN NICHLAUL,749794.0,1,1,1,1
DHAKA MATERIAL SUPPLIERS,749784.0,1,1,1,1
Saiful Islam,749736.0,3,1,1,1
KADVAR GRAM PANCHAYAT,749703.0,2,1,1,1
GLOMEX HOME APPLIANCES,749700.0,3,1,1,1
NARPAT RAM,749694.0,1,1,1,1
UTPAL DAS,749668.0,14,1,1,1
GRAM PANCHAYAT SIRRI,749640.0,6,1,1,1
BEEMAN DHARUAINGAN,749610.0,3,1,2,1
ABUL KALAM KAYAL,749601.0,3,1,2,1
Mr KANDRAI SARPANCH GRAM PANCHAYAT KANDRA,749550.0,3,1,2,1
NANDISH K,749538.0,6,1,1,2
Gram Panchayat Kalavad,749496.0,3,1,1,1
S CONSTRUCTION,749475.0,3,1,2,1
SVB Builders,749456.0,1,1,1,1
NANIKORAL GRAM PANCAHAYT,749400.0,3,1,1,1
N A SUBRAMANYA,749394.0,6,1,1,1
RAJYA PARIVARTIT YOJANA GP AMALDIHA,749379.0,6,1,1,1
Pizimit Lepcha,749363.0,3,1,1,1
GP LALAP,749346.0,6,1,1,1
MS KAMALESH MONDAL,749345.0,1,1,1,1
CHETARSUMBA GRAM PANCHAYAT,749331.0,3,1,1,1
PRADIP KUMAR MALLICK,749325.0,3,1,1,1
BABU CHAUDHARI CONTRACTOR,749250.0,3,1,1,2
D S AKBAL CIVIL CONSTRUCTION,749247.0,1,1,1,1
Yuvaraj A,749232.0,3,1,1,1
SAMADISH MAL,749157.0,3,1,1,1
SK Traders,749154.0,9,1,1,1
BANI SK,749139.0,3,1,1,1
MD SAMIRUDDIN SEKH,749124.0,3,1,1,1
ARJUN SOLAPURA,749109.0,4,1,2,1
VIKKEY KUMAR,749082.0,3,1,1,1
BASAVARAJ M ILAGER,749068.0,4,1,2,1
RAMESH B BEEDAGOND,749062.0,4,1,2,1
JITEN DAS,749025.0,17,1,1,1
KALIDASAN,748994.0,1,1,1,1
T SHASHI KANTH,748905.0,6,1,1,1
SUSHILA ENTERPRISE,748875.0,3,1,2,1
K S ENTERPRISE AND SUPPLIERS,748863.0,3,1,2,1
Solanki Bheem Rao,748842.0,3,1,2,1
GOLAM SAROWAR,748839.0,3,1,1,1
SUROJ T,748786.0,1,1,1,1
DADKA GRAM PANCHAYAT,748776.0,3,1,1,1
THE GUJARVADA GRAM PANCHAYAT,748668.0,3,1,1,1
RAJYA PARIVARTIT YOJNA GRAM PANCHAYAT LAD,748593.0,6,1,1,1
MOHAMMAD FAYAZUDDIN,748500.0,2,1,1,1
GRAM PANCHAYAT DEMHA,748460.0,19,1,1,1
MAHENDRA SINGH PARIHAR,748359.0,3,1,1,1
NAGARANI,748353.0,1,1,1,1
Natarajan Mani,748227.0,3,1,1,1
GRAM PANCHAYAT MALU,748004.0,3,1,1,1
Suraj Balasaheb Khapare,748000.0,1,1,1,1
Mr Dhan singh,747975.0,3,1,1,1
BALADHA GRAM PANCHAYAT,747882.0,3,1,1,1
GRAM PANCHAYAT GUHABORAND,747860.0,3,1,2,1
MOHENDRA KALITA,747811.0,4,1,1,1
Gram Panchayat Asir,747804.0,3,1,1,1
DECORUM FURNITURES  INTERIORS,747724.0,3,1,1,1
RANA CONTRACTOR,747675.0,3,1,1,2
T N NAGARAJ,747597.0,6,1,1,1
A A CONSTRUCTION,747429.0,3,1,1,1
NEERAJ GOVT CONTRACTOR,747371.0,1,1,1,1
BAL REDDY GUNDAVELLY,747336.0,3,1,1,1
Pathpi Reddy Ramchandra Reddy,747252.0,3,1,2,1
SAIYAT GRAMPANCHAYAT,747216.0,3,1,1,1
FERKUVA JUTH GRAM PANCHAYAT,747204.0,3,1,2,1
MARAI MATA CONSTRUCTION COMPANY,747117.0,6,1,2,1
Gram panchayat Gadwada,747000.0,3,1,2,1
JASWINDER STEELS,746958.0,30,1,1,1
RAVIKANT D JADHAV,746927.0,4,1,2,1
Anil Kumar Sahoo,746880.0,3,1,2,1
DAKA RAJESHWAR REDDY,746862.0,6,1,1,1
GURURAJA R,746250.0,3,1,1,1
Rajesh Ghanshyam Girhepunje,746143.0,2,1,1,1
Krushna Ramdas Surve,745795.0,1,1,1,1
khalsa Tiles industries,745507.0,17,1,1,1
P R SONS,745500.0,3,1,1,1
ABDULLAH ELECTRICALS,745480.0,1,1,1,1
R S Chindi Contractor,745130.0,2,1,1,1
AJAYA KUMAR BEHERA,745067.0,1,1,1,1
Bethlehem Vengthlang Local Council,745000.0,1,1,1,1
khandarkar yash kashinath,745000.0,1,1,1,1
GRAM PANCHAYAT RACHHARDA,744920.0,3,1,2,2
GRAM PANCHAYAT LIMBASI,744885.0,9,1,1,1
Moticharan Patel,744450.0,3,1,1,1
Sh Omesh Singh So Mangat Ram Ro Chapran Tehsil Pogal Paristan Ukhral District Ramban Contractor,744400.0,4,1,1,1
K B MANJUNATHA,744318.0,6,1,1,1
GEMPRO INDIA ENTERPRISES,744147.0,1,1,1,1
SINGHU MURMU,744020.0,4,1,2,1
Ms Sanjeev Kumar BKO Vill Balagan,743793.0,26,1,2,1
PRESIDENT VILLAGE LEVEL WORKS COMMITTEE RANGASAMUDRAM GP PORUMAMILLA M,743511.0,2,1,1,1
A Deepa,743148.0,3,1,2,1
RABINDRANTH MONDAL,743097.0,3,1,1,1
VINOD S CHAVAN,742749.0,3,1,1,1
SAMRIDDHI CONSTRUCTION,742692.0,2,1,1,1
Karakhedi,742500.0,3,1,1,1
GRAM PANCHAYAT KHANGELA,742105.0,3,1,1,1
SOOD INTERLOCK TILES,742071.0,8,1,1,1
SEKH ENTERPRISE,741750.0,3,1,1,1
ashipura grampanchyat,741558.0,3,1,1,1
DALIM SEKH,741261.0,3,1,1,1
Adrija Construction,741222.0,3,1,2,1
Nayan Sekh,741210.0,3,1,1,1
GRAM PANCHAYAT DANGIYAPURA,741000.0,3,1,1,1
INDER PAUL SHARMA,741000.0,3,1,1,1
CMO MUNICIPAL COUNCIL KANKER,741000.0,3,1,2,1
GRAM PANCHAYAT PALTHANA,740931.0,4,1,1,1
MANVI ENTERPRISES,740904.0,3,1,1,1
ARNOULI TIMBER TRADERS,740815.0,12,1,1,1
YENDETI HARI KRISHNA,740668.0,2,1,1,1
Shri Jantrakhadi Gram Panchayat,740472.0,3,1,1,1
GOPAL MINZ,740189.0,3,1,1,1
RAJMAHAL STONE CO,740169.0,3,1,2,1
THE GANGA CO OPERATIVE LABOUR AND CONSTRUCTION SOCIETY,740058.0,1,1,1,1
CHOWDHARY ZULKAR NAIN,740000.0,1,1,1,1
GP Jalari,740000.0,7,1,3,1
RAMESH SINGH,739674.0,3,1,1,1
SHASWAT CONSTRUCTION,739624.0,1,1,1,1
veer teja construction company,739605.0,1,1,1,1
SAHARAN CONSTRUCTION COMPANY,739509.0,2,1,1,1
Shree Krishna Enterprise,739370.0,1,1,1,1
GRAM PANCHAYAT RAMNAGAR,739188.0,6,2,3,2
D K ASSOCIATES,738742.0,2,1,1,1
AP CO OP L C SOCIETY LTD BIGHAR,738267.0,3,1,1,1
CHOUDHARY SUPPLIERS,738256.0,2,1,1,1
Tilby Joseph,737973.0,1,1,1,1
GHUGHABHAI GANDABHAI KANJIYA,737576.0,4,1,1,1
GRAM PANCHAYAT RAYPURA,737400.0,3,1,2,2
ARJUN CONSTRUCTION GHAGHARA,737146.0,2,1,1,1
KHAMIDANA GRAM PANCHAYAT,736365.0,3,1,1,1
NAVCHETAN GRAM PANCHAYAT,736257.0,3,1,1,1
MOTA SAMADHIYALA,735768.0,3,1,1,1
Pichva Pichvi Juth Gram,735768.0,3,1,1,1
MOTISAR GRAM PANCHAYAT,735768.0,3,1,1,1
Omer Nabi Bhat,735752.0,2,1,1,1
Gram Panchayat Gunvantpur,735180.0,3,1,1,1
Punjab Elec,735180.0,3,1,2,1
The Lehragaga Co op L and C Society Ltd,735118.0,2,1,1,1
RAJESHBHAI R PRAJAPATI,735060.0,2,1,1,1
KAKIDI MOLI GRAM PANCHAYAT,735000.0,3,1,1,1
GRAM PANCHAYAT BHETASI VANTO,735000.0,5,1,1,1
ATISHAY TRADERS,735000.0,6,1,1,1
CAFE,735000.0,3,1,1,1
Sh Rattan Singh So Lakhpat Singh Ro Beeranbass Hochak Pogal District Ramban Contractor,735000.0,4,1,1,1
VINAYAK ENTERPRISES,735000.0,3,1,1,1
PRATAP CONSTRUCTION AND SUPPLIERS,734609.0,1,1,1,1
BHEBHA GRAM PANCHAYAT,734292.0,3,1,1,1
MOHAMMAD HASHIM,734029.0,5,1,1,1
G S Contractor,733800.0,3,1,1,1
SHREE GANESH INTERLOCK TILES AND BRICKS,733590.0,4,1,1,1
V ANIL KUMAR,733521.0,1,1,1,1
PRIYANKA ENTERPRISES,732690.0,3,1,1,1
MAHESHBHAI RANCHHODBHAI PRAJAPATI,732500.0,5,1,2,1
EDD Dumariyaganj,732400.0,2,1,1,1
kalki madhaw hardwear,732372.0,9,1,1,1
MS Akash Construction,732372.0,9,1,1,1
THE JAI MAHAVIR COOPER LABOUR AND CONST SOCIETY LTD,732353.0,2,1,1,1
MS NPR AND COMPANY,731167.0,1,1,1,1
RAMESH CONSTRUCTION,730885.0,1,1,1,1
Ms PREETI GARG,730761.0,3,1,1,1
Gram Panchayat Shikarpura Janpad Panchayat Nalchha,730737.0,6,1,2,1
Gram Panchayat Sarona,730500.0,3,1,2,1
Gram Panchayat Devinawagoan,730500.0,3,1,2,1
TK CONSTRUCTION,730422.0,1,1,1,1
BABA HARIDAS TRADERS,730401.0,2,1,1,1
Tripura School Sports Board,730129.0,1,1,1,1
DARSHAN ENTERPRISES,730114.0,2,1,1,1
Moka Satya Dhana Chandra Sekhar,729645.0,3,1,1,1
GP KARAJGAON PANI PURAVATHA,729332.0,1,1,1,1
Shri Sarasva Gram Panchayat,729135.0,3,1,1,1
PANDERI GRAM PANCHAYAT,728880.0,3,1,1,1
ASHOK KUMAR PRADHAN,728758.0,1,1,1,1
JP Brothers,728632.0,4,1,1,1
Dhaka Brothers,728275.0,1,1,1,1
GROUP GRAMP PANCHAYAT CHHASIYA 1,727800.0,3,1,2,2
Muthyala Sai Teja,726910.0,2,1,1,1
TARPURA GRAM PANCHYAT,726885.0,3,1,1,1
ASHIKA DISTRIBUTORS,726300.0,3,1,1,1
Jai Baba LAl Dyal Kartoli,726270.0,3,1,2,1
RK AND COMPANY,726266.0,1,1,1,1
MENDAPARA GRAM PANCHAYAT,726189.0,3,1,1,1
SOUMEN HAIT,725931.0,3,1,1,1
TARUN CONSTRUCTION SUPPLIERS,725719.0,2,1,1,1
SHRISHAIL SANAGAPPA HUGAR,724983.0,3,1,1,1
PREDEEP KUMAR,724103.0,1,1,1,1
Bawa Interlock Tiles,723900.0,12,1,1,1
Sikander Industries,722868.0,15,1,1,1
MUNEER,722680.0,1,1,1,1
VARDHMAN STEELS AND METALS,722389.0,7,1,1,1
JIYA CONSTRUCTION,720703.0,5,1,1,1
E NATARAJ,720420.0,3,1,1,1
DUMPALA SIVA KUMAR RAO,720412.0,1,1,1,1
GP Vashishth,720000.0,6,1,1,1
Construction of Toilet Blocks at Mespara Madhachal Rabha Samaj Rangsai Baida,720000.0,3,1,1,1
MR DEV URINAL LTN GARAKHIYA GOHAI THAN,720000.0,2,1,1,1
EDD 1 HARDOI,720000.0,6,1,2,1
Sarpanch Sachiv Gram Panchayat Matiyadand,720000.0,3,1,1,2
GRAM PANCHAYAT GADAGHAT,720000.0,4,1,1,1
GRAM PANCHAYAT Amod,720000.0,5,1,1,1
GRAM PANCHAYAT KOOD,720000.0,3,1,2,1
GP MATODHA BESHAN,720000.0,3,1,2,1
VADU GRAM PANCHAYAT,720000.0,4,1,1,1
Construction of link road at Mikir Kachari Road at Deulguri,720000.0,1,1,1,1
STAR ELECTRO WORLD,720000.0,8,1,2,1
GOVT HIGH SCHOOL MEERANKOT KALAN SCHOOL WELFARE FUND,720000.0,9,1,1,1
Gram panchayat Seoni,720000.0,3,1,1,1
GRAM PANCHAYT GUDHELI,720000.0,4,1,1,1
Construction of Community Hall near Shri Maa Thakurani Gokhani THan Jogipara Goalpara,720000.0,3,1,1,1
CONSTRUCTION OF BOUNDARY AND GATE AT GAKHURAPARA NIZDAMAKA NEAR SRI SRI JA,720000.0,2,1,1,1
Aastha UMV Sonval,720000.0,3,1,1,1
gp mavaiya nowgong,720000.0,3,1,2,1
SIMRAN SPEECH AND HEARING CLINIC,720000.0,2,1,1,1
RAJESH GHOSH,719965.0,1,1,1,1
Tendarly Waichei,719529.0,4,1,2,1
SAH CONSTRUCTION,719169.0,3,1,1,1
Edd 4th Jaunpur,718800.0,3,1,2,1
VISHAL DODDI,718566.0,6,1,1,1
SARPANCH SACHIV GRAM PANCHAYAT MAJHGAWA,718272.0,5,1,1,2
DHRUBA JYOTI SAIKIA,718221.0,5,1,1,1
SATHAR C M,718082.0,1,1,1,1
Prahlad khatik,717967.0,1,1,1,1
Biju K Varghese,717530.0,1,1,1,1
Simarjeet Singh,717300.0,6,1,1,1
SUDHEESH A V,716161.0,3,1,1,1
Gram Panchayat Hadmatkhuta,716100.0,3,1,2,2
PRADEEP CONSTRUCTION COMPANY,716024.0,1,1,1,1
Shriram Supplier,715550.0,6,1,1,1
AMBIKA TRADERS,715500.0,10,1,2,1
sunda suppliers,715344.0,2,1,1,1
LOVELY TILE PLANT,715148.0,8,1,1,1
Abdul Matin,715119.0,3,1,1,1
Shazia Kosser,715000.0,1,1,1,1
Gram Panchayat Musalur,714690.0,3,1,2,1
Rakshita Hardware and Supplier,714630.0,3,1,1,1
Nirmal Singh Terhal,714600.0,3,1,1,1
VINS Infra Projects,714250.0,1,1,1,1
GRAM PANCHAYAT BHADRAKALI,714216.0,3,1,2,1
MPTI RAM GARG BKO,713390.0,19,1,1,2
Shivarathri Venkanna,713378.0,2,1,1,1
SHRI VALLABH CONSTRUCTION,712994.0,1,1,1,1
JUNIOR ENGG I,712721.0,2,1,1,1
LALRINCHHANI,712500.0,1,1,1,1
BDO Dehra Lok Sabha,712500.0,12,1,3,1
JANTA BKO,712240.0,10,2,2,2
KHONDEKAR JASIM UDDIN,711814.0,2,1,2,1
DHARMENDRA KUMAR CHAUDHARY CONTRACTOR,710714.0,1,1,1,1
The Bharatgarh Coop Labor and construction soc ltd,710680.0,2,1,1,1
UPPAL TRADERS,710232.0,7,1,1,1
BLACKROCK INFRASTUCTURE,710095.0,1,1,1,1
NEW ZEBRA CONSTRUCTIONS CO,710000.0,1,1,1,1
S S and CO,709850.0,1,1,1,1
GANESH DUTT,709200.0,3,1,1,1
Ranglar Private Limited,708990.0,18,1,1,1
THE MM CO OPERATIVE LABOUR AND CONSTRUCTION SOCIETY LTD,708891.0,3,1,1,1
GRUP GRAM PANCHAYAT DHEDIYA,708770.0,3,1,1,1
R K CUNSTRUCTION,708708.0,3,1,1,1
P B ELECTRICAL,708469.0,4,1,2,1
TONUJ PEGU ENTERPRISE,707456.0,8,1,1,1
JAMADAR ENTERPRISE,706743.0,3,1,1,1
K KOMURAIAH,706263.0,3,1,1,1
AEN O and M JVVNL SULTANPUR,706000.0,2,1,1,1
harpreet singh,705915.0,18,1,1,1
SASHI BHUSAN SAHOO,705645.0,1,1,1,1
EE PWD CHHATARPUR,705000.0,6,1,2,1
Anupoma M Marak,705000.0,6,1,1,1
BRIJENDRA SINGH PARMAR THEKEDAR,704202.0,3,1,1,1
MS VAISHNAVI TRADERS,704106.0,1,1,1,1
PRAGATI INTERPRISES,704014.0,3,1,1,1
SOMAR BORUAH,703672.0,1,1,1,1
GAZI RAHAMAN,703360.0,1,1,1,1
MOHAN SINGH,703250.0,11,4,5,4
RAM KALAN LOHA BHANDAR,702975.0,10,1,2,1
SUNARAM MARANDI,702000.0,2,1,2,2
RAJUPURA GRAM PANCHAYAT,702000.0,3,1,1,1
MAA DURGA IRON STORE,701574.0,3,1,1,1
TGREDCO,701440.0,1,1,1,1
AASHROY CONSTRUCTION,700500.0,3,1,1,1
GRAM PANCHAYAT MALIDA,700000.0,1,1,1,1
VIRPUR GRAM PANCHAYAT,700000.0,2,1,1,1
Shree Madhapar Junavas Gram Panchayat,700000.0,2,1,1,1
Fulay juth gram panchayat,700000.0,2,1,2,1
DETHALI GRAM PANCHAYAT,700000.0,5,2,2,2
Ms BSL Enterprises,700000.0,1,1,1,1
Construction of additional room at Gojapara Zamat Community Hall Darak,700000.0,4,1,1,1
maharashtrian swarnkar samaj,700000.0,3,1,1,1
GP SHANSHA,700000.0,1,1,1,1
Taluka Development Officer Mahudha MPLADS,700000.0,4,1,1,1
GRAM PANCHAYAT NIGHAVI,700000.0,1,1,1,1
RM PERIYAIAH,700000.0,1,1,1,1
GOPALAKRISHNAN,700000.0,1,1,1,1
DELOLI GRAM PANCHAYAT,700000.0,4,1,1,1
GRAM PANCHAYAT PAHUNI,700000.0,1,1,1,1
Gram Panchayat SURAJPURA,700000.0,1,1,1,1
Willipson Sangma,700000.0,7,1,1,1
GRAM PANCHAYAT DALI,700000.0,4,1,1,1
SSKT ENTERPRISES,700000.0,1,1,1,1
Gram Panchayat Sindhoda,700000.0,1,1,1,1
ANANDPURA GRAM PANCHAYAT,700000.0,3,1,1,1
Construction of community hall at Tharka Bazar near kalimandir Joyramkhusi,700000.0,4,1,1,1
Dhakad Samaj,700000.0,1,1,1,1
METHI GRAM PANCHAYT,700000.0,4,1,1,1
GP KHATIKHEDI,700000.0,4,1,2,1
KULRIA INT UDHYOG,700000.0,1,1,1,1
Sarpanch Shri Sampa,700000.0,2,1,1,1
Sarpanch Sachiv Gram Panchayat Chandkhuri,700000.0,2,1,1,1
gram panchayat jarol,700000.0,7,1,1,1
VAVDI ROAD GRAM PANCHAYAT KACHERI,700000.0,2,1,1,1
SARPANCH SACHIV G P KARANPUR,700000.0,2,1,2,1
JOYNAL ABEDIN,700000.0,1,1,1,1
KESI REDDY MURALIDHAR REDDY,700000.0,2,1,2,1
SARPANCH GRAM PANCHAYAT JAIRAMNAGAR,700000.0,2,1,1,1
SHANKAR G S,700000.0,1,1,1,1
GRAN PANCHAYAT KORAMBHI,700000.0,1,1,1,1
SARMISTA PANDA,700000.0,3,1,1,1
GP JHADISARA,700000.0,3,1,1,1
JUNIOR ENGINEER 4 BARGARH BLOCK S TIRKEY,700000.0,2,1,1,1
Gram panchayat Chamari,700000.0,2,1,1,1
GRAMPANCHAYAT KHAIRI DIWAN,700000.0,1,1,1,1
GP Kholadi,700000.0,1,1,1,1
Mahendra Khandei,700000.0,1,1,1,1
AMBAVADI GROUP GRAM PANCHAYAT,700000.0,2,1,1,1
JUNIOR ENGINEER DASAMANTPUR BLOCK III,700000.0,3,1,2,1
JUNIOR ENGINEER CHANDRAPUR TWO,700000.0,3,1,1,1
GP BHOGRWAN,700000.0,7,1,1,1
Sangram Keshari Behera,700000.0,1,1,1,1
Bharti Samaj,700000.0,1,1,1,1
SLB CONTRACTOR,700000.0,1,1,1,1
KRUTIBAS NAYAK,700000.0,2,1,1,1
SHRI RAM GAUSHALA EVAM PARYAVARAN SAMVARDHAN KENDRA HATTA,700000.0,1,1,1,1
ys construction pro pintu sawla,700000.0,2,1,1,1
Bikram Keshari Samal,700000.0,2,1,1,1
Gram Panchayat BIKHRON janpad Panchayat Dharmpuri,700000.0,8,1,2,1
G KISHAN,699998.0,4,1,1,1
NITIN VISHNU SURWASE,699900.0,1,1,1,1
Anil Construction,699841.0,1,1,1,1
THIMMAREDDY BANGARU,699827.0,2,1,1,1
ANKITA ENTERPRISE,699819.0,3,1,1,1
ADHIVEL THEMMAVUR,699818.0,1,1,1,1
K NARAYANA CONTRACTOR,699787.0,1,1,1,1
SAJI K KOYA,699744.0,1,1,1,1
AVANI CONSTRUCTION COMPANY,699714.0,1,1,1,1
KARUPPAIAH T,699704.0,1,1,1,1
Rainbow Developers,699698.0,1,1,1,1
ALEX MATHEW,699684.0,2,1,1,1
DIGITAL AUDIO VIDEO SOLUTIONS,699650.0,1,1,1,1
VM TRADERS,699648.0,1,1,1,1
SHRI GURU BANKATSWAMI MSS NEKNUR,699600.0,1,1,1,1
Kuppan M,699580.0,1,1,1,1
T Krishnamoorthi Emerald,699519.0,1,1,1,1
Sri Aladikaruppu Agencies,699470.0,1,1,1,1
NANDURI GRAM PANCHAYAT,699425.0,2,1,1,1
AARAV ENTERPRISES,699269.0,1,1,1,1
RAM BABU SINGH,699269.0,1,1,1,1
MS PRAKASH CONSTRUCTION CO,699267.0,1,1,1,1
E Kamaraj,699196.0,1,1,1,1
MINU ENTERPRISE,699160.0,2,1,2,1
GRAM PANCHAYAT SARANDI,699113.0,1,1,1,1
EHIKA Groups,699038.0,1,1,1,1
IMPRESSION,698996.0,2,1,1,1
READY ELECTRICAL,698800.0,1,1,1,1
VIKASH CONSTRUCTION,698569.0,2,1,1,1
T Soundarapandiyan,698521.0,1,1,1,1
DIVINE BULDERS,698521.0,1,1,1,1
GRAM PANCHAYAT JAMAKUDO,698488.0,1,1,1,1
Kavit Bhardwaj,698484.0,1,1,1,1
SHARDA CONSTRUCTIONS,698400.0,2,1,1,1
FANCY SPORTS,698400.0,3,1,2,1
Thankamony R,698247.0,1,1,1,1
Ranjeet Singh,698082.0,14,2,2,2
GRAM PANCHAYAT SAMANYA FUND,697787.0,1,1,1,1
Versatile Enterprises,697697.0,1,1,1,1
Thangal Kunju A,697635.0,1,1,1,1
MAHALAXMI TRADERS,697631.0,1,1,1,1
RAGHAV CONSTRUCTION,697616.0,1,1,1,1
KRISHNA ENTERPRISES,697472.0,4,1,1,1
GRAM PANCHAYAT KANHALGAON,697459.0,1,1,1,1
GRAM PANCHAYAT PAHUNGAON,697398.0,1,1,1,1
SAMANYA NIDHI GRAMPANCHAYAT GUNTHARA,697396.0,1,1,1,1
NIRMAL NGATE,697358.0,4,1,1,1
AYUSH CONSTRUCTION,697186.0,2,1,2,1
Bhavesh Ajay Kuthe,697088.0,1,1,1,1
Assistant engineer dehri,697038.0,3,1,1,1
GRAM PANCHAYAT GOLEGOAN TQ NAIGAON,696912.0,1,1,1,1
Sai Datta Majoor Sahakari Sanstha Ltd Bhatambri,696803.0,1,1,1,1
GRAM PANCHAYAT KOKALEGOAN TQ NAIGAON,696785.0,1,1,1,1
J J ENTERPRISES,696487.0,1,1,1,1
chairman siddeshwar Majur Sah Sanstha Wadgaon S,696292.0,1,1,1,1
G D INFRA SERVICES,696000.0,3,1,1,1
Dnyaneshwar Shinde,695987.0,1,1,1,1
GRAM PANCHAYAT KARYALAY HANGARGA TQ NAIGAON,695903.0,1,1,1,1
Sangwan Electricals,695894.0,1,1,1,1
Manoj Varma,695286.0,3,1,1,1
Ch Sankalp Majur Society Pohegaon,695177.0,1,1,1,1
M Ashok Kumar,695085.0,1,1,1,1
MS TIKAM CHAND KUMAWAT CONTRACTOR,695037.0,1,1,1,1
GRAM PANCHAYAT KHOKARLA,694967.0,1,1,1,1
Shree VISHWAKARMA RCC PIPE CO,694908.0,7,1,1,1
Sagar Mansing Salunkhe,694830.0,1,1,1,1
GAURAV GAJANAN INGALE,694648.0,1,1,1,1
KAHLOW TRADERS,694402.0,3,1,1,1
Maruti Enterprices,694390.0,1,1,1,1
Shiva Keshava Constructions and Industries,694363.0,1,1,1,1
Mahadev Construction co,694084.0,1,1,1,1
REHANSHI MATERIAL SUPPLIERS,693900.0,3,1,2,1
MS BALUSUPATI CONSTRUCTIONS,693648.0,1,1,1,1
BAINGANGA BRICKS INDUSRIES,693630.0,4,1,1,1
Sri Son Sing Killing,693342.0,3,1,2,1
Swapnil Santosh Jadhav,693280.0,1,1,1,1
SANDEEP S PANICKER,693054.0,1,1,1,1
Quality Scientific and Mechanical Works,693000.0,2,1,2,1
Nomo Enterprises,692980.0,2,1,1,1
JANVI ENTERPRISES,692517.0,3,1,1,1
ASHIS KUMAR SEAL,692376.0,2,1,1,1
SARPANCH GRAMSVEAK GRAMPANCHAYAT KADEGAON,692232.0,1,1,1,1
KAKARPADA GROUP GRAM PANCHAYAT,691981.0,4,1,1,1
R G ELECTRONICS,691971.0,3,1,1,1
BOSE AGENCY THENI,691850.0,2,1,1,1
PUNJAB CEMENT STORE,691388.0,29,1,1,1
ABHIJIT SUBHASH RATHOD,691383.0,1,1,1,1
SANTANU ENTERPRISE,691130.0,2,1,1,1
SAMATPARA GRAM PANCHAYAT,690309.0,3,1,1,1
GP Lower Rewalsar,690000.0,6,1,1,1
Shivkripa Construction,690000.0,2,1,1,1
M Siva Sankar Prasad,689395.0,3,1,1,1
PENAKA CONSTRUCTION,689280.0,1,1,1,1
Harmesh Lal Enterprises,688200.0,3,1,1,1
VIVEK SHARMA,688000.0,5,1,1,1
Om Sakthi Construction,687693.0,1,1,1,1
PABAN DUTTA,687594.0,9,1,1,1
SHUPRIO NATH,687540.0,2,1,2,2
B Vanlalhriata,687500.0,5,1,2,1
THE PARVATI DEVI COOPERATIVE LABOUR AND CONSTRUCTION SOCIETY LIMITED BATHERI,687471.0,3,1,1,1
GRAMNIDHI GRAMPANCHAYAT BHOJAPUR,687408.0,1,1,1,1
BDPO Safidon,686898.0,6,1,1,1
GANESH DHANRAJ SAGAR,686896.0,1,1,1,1
SHANTAPPA CHANNAPPA BARADENALA,686548.0,5,1,2,1
Kalsubai Adi Majour Sah STY LTD Waki,686339.0,1,1,1,1
GOYAL CEMENT AND IRON STORE,686250.0,19,1,1,1
RATNESH KUMAR CHHAJED,686091.0,1,1,1,1
Top Brick Industry,686026.0,22,1,2,1
abhishek contruction company,685633.0,2,1,1,1
Ch Laxmi Jayshree Hari MSSL Wagholi,685572.0,1,1,1,1
Max Sports Floor India,685344.0,3,1,2,1
Bhagirathi Champati,685314.0,3,1,1,1
Ghanshyam singh rawat,685153.0,1,1,1,1
Mondal Construction,685051.0,2,1,1,1
SAHADEV JANA,684102.0,3,1,1,1
The Nathusari Chopta Coop LC,684083.0,1,1,1,1
Jai Durga CO LC Society Ltd Bakhli,683788.0,4,1,1,1
SREEJITH U,683732.0,1,1,1,1
ANUPAMA KUMARI,683619.0,2,1,1,1
Ranjit Singh,683495.0,13,5,6,6
Dharmendra Biswas,683463.0,9,1,1,1
varija tiles and sanitation,683076.0,9,1,1,1
MAHENDRA YADAV,682776.0,6,1,2,1
MRUTYUNJAYA DAS,682647.0,3,1,2,1
FATEMA ENTERPRISE,682203.0,3,1,2,1
Jaglan Electric and Hardware Store,681744.0,2,1,1,1
JAY VEER CONSTRUCTION,680296.0,2,1,1,1
PRATAP KUMAR SETHY,680231.0,2,2,2,2
Vengatesh and Co,680146.0,1,1,1,1
GP Bhadyal,680000.0,8,1,1,1
VILLAGE PANCHAYAT KHAKHSAR,680000.0,2,1,1,1
JUNIOR ENGINEER VI NAYAGARH BLOCK,680000.0,17,1,1,2
CHANDRDEV YADAV,679817.0,1,1,1,1
AJITH PRASAD C R,679630.0,1,1,1,1
Mc Nagrota Bagwan,679575.0,7,1,1,1
ghulam rasool wani,679566.0,1,1,1,1
EE EDD BISWAN,678614.0,32,2,2,1
KS Kahlon Cement Store,678300.0,5,1,1,1
A V ENTERPRISES,678223.0,2,1,1,1
RUNU HAZARIKA,678051.0,2,1,1,1
V V SAMBASIVA SRI KRISHNA,677749.0,1,1,1,1
ANMOL INFRASTRUCTURE AND DEVELOPERS,677432.0,2,1,1,1
Pradeep,675677.0,9,1,1,1
PRADEEP KUMAR S,675000.0,3,1,2,1
hanifabad,675000.0,3,1,2,1
Jagga singh,675000.0,3,1,2,1
BORBORI ENTERPRISE,675000.0,5,1,1,1
GRAM PANCHAYAT DESHAD,675000.0,3,1,1,1
GRAM PANCHAYAT VASNA,675000.0,6,1,1,1
RAJYA PRAWARTIT YOJNA G P KORBI,675000.0,6,1,1,1
GRAM PANCHAYAT KHAPARWADA,675000.0,6,1,1,1
GP Rajindu,675000.0,9,1,1,1
AMARESHA V,675000.0,3,1,2,1
GRAM PANCHAYAT CHARI,675000.0,6,1,1,1
Gram Panchayat Minkachh,675000.0,6,1,1,1
SHARANAKUMAR,675000.0,2,1,1,1
KOUSHIK A,675000.0,3,1,1,1
GRAM PANCHAYAT KESLI,675000.0,6,1,1,1
SARPANCH GRAM PANCHAYAT MATWAD,675000.0,3,1,1,1
GP Sari,675000.0,9,1,3,1
gp rampura jp udaipura,675000.0,7,1,1,1
Gram Panchayat Janakur,675000.0,3,1,1,1
GP GUWAD,674950.0,7,1,1,1
Ms Salasar Construction Company,674790.0,3,1,1,1
PRANAB HAZARIKA,674748.0,8,1,1,1
The Mando Co op L and C Society Ltd,674696.0,7,1,1,1
NP PIPES,674650.0,2,2,2,2
SUNDARARAJAN KR,674460.0,1,1,1,1
Prasad M G,674135.0,1,1,1,1
MOIDU P S,674011.0,1,1,1,1
Ch Swapnil MSS Ltd,673946.0,1,1,1,1
Ch Onkar Majur Sahakari Sanstha LTD Bhoom Tq Bhoom Dist Dharashiv,673517.0,1,1,1,1
DEVARAJU JANATHA COLONY HNP,673046.0,3,1,1,1
Garg Scientific and Surgical Co,673000.0,1,1,1,1
M B CONSTRUCTION,672600.0,6,1,1,1
EEEDD R ROORKEE,671944.0,4,1,1,1
RAMESH CHANDRA NAINWAL,671668.0,1,1,1,1
AMS CORPORATION,671663.0,1,1,1,1
ASHADEEP CONSTRUCTION,671532.0,3,1,1,1
Gram Panchayat Amarpur,671460.0,6,2,5,2
ANAGHBABU P,671276.0,1,1,1,1
BIJU K J,671174.0,2,1,1,1
AKULA rAJA REDDY,670551.0,3,1,1,1
MANIK DHIMAN,670432.0,9,1,1,1
Guru Kirpa,670410.0,3,1,2,1
GRAM PANCHAYAT MATWADA,670000.0,1,1,1,1
Nilachal Construction,669068.0,1,1,1,1
Gram Panchayat Chuva,668729.0,4,1,1,1
Pentaparthi Sayabu,668532.0,3,1,1,1
The Jai Shree Balaji Coop L And C,668220.0,3,1,1,1
GRAM PANCHAYAT  GUNDLAI,668000.0,1,1,1,1
SOFIKUL ISLAM,667847.0,2,1,1,1
Shameem Reyaz Bhat,667491.0,3,1,1,1
DHAN DHAN BABA VADHBHAG SINGH JI PAINT AND SANITARY HOUSE,667200.0,6,1,1,1
ARPIT CONSTRUCTION COMPANY,667002.0,1,1,1,1
BHADRIYA RAY CONSTRUCTION COMPANY,666928.0,2,1,1,1
PARMAR MUKESHBHAI MANSUKHBHAI,666900.0,3,1,1,1
JE Dhankauda Subrat Sharma,666886.0,1,1,1,1
PURNA CHANDRA BARIHA,666000.0,2,1,1,2
MS MANDAL ENTERPRISE,665946.0,3,1,2,1
The Nehla Beniwal Co Op LC Society Ltd,665934.0,3,1,1,1
DILIP CONSTRUCTION,665667.0,3,1,2,1
Balaji Bhatta Co,665500.0,2,1,1,1
MS TUSHAR ENTERPRISE,665307.0,3,1,2,1
HARAKRISHNA KAMILA,665268.0,3,1,2,1
SARPANCH MODHERA GRAM PANCHAYAT,665000.0,4,1,1,1
MS JANA ENTERPRISE,664962.0,3,1,2,1
BRGD ENTERPRISES,664842.0,2,1,1,1
SHRABANI ENTERPRISE,664404.0,3,1,2,1
HARPAL,664086.0,6,1,1,1
Rakesh Khajuria,664000.0,4,1,1,1
KINJARAPU SRINIVASARAO,663999.0,1,1,1,1
raj enterprises,663915.0,1,1,1,1
ILIAS CONSTRUCTION,663744.0,3,1,2,1
MS ISLAM ENTERPRISE,663327.0,3,1,2,1
MS SADDAM CONSTRUCTION,663063.0,3,1,2,1
SATHEESAN N,662662.0,1,1,1,1
Gram Panchayat Madguri,661923.0,3,1,2,2
RAHUL SAHEBRAO CHAVAN,661857.0,2,1,1,1
Rajalaxmi Singh,661785.0,3,1,2,1
JAI LUXMI CEMENT STORE,661780.0,16,1,1,1
MS R M CONSTRUCTION,661755.0,3,1,2,1
GRAM PANCHAYAT BISAPURKALA,660000.0,7,1,1,1
Retrofitting in buliding at Krishna nagar,660000.0,4,1,1,1
GRAM PANCHAYAT KALANI,660000.0,4,1,2,1
Gram Panchayat Khadkui,660000.0,3,1,2,1
SANKHEJ GRAM PANCHAYAT,660000.0,3,1,1,1
GRAM PANCHAYAT PARAPATTI,660000.0,4,1,2,1
gram panchayat hond,660000.0,6,1,1,1
JNC Boundary wall,660000.0,4,1,1,1
Gram panchayat Ambada,660000.0,6,1,1,1
Srinath jee Intermediate Collage Basdila,660000.0,4,1,1,1
RAHIL ENTERPRISE,659880.0,3,1,2,1
venkateswara labour contract co operative society,659510.0,2,1,1,2
BDO Nischintakoili MPLAD Holding,658988.0,107,1,1,2
Suraj Jassal,658800.0,12,1,2,1
DEE OPERATIONAL RURAL TSNPDCL,658746.0,3,1,2,1
D BASKARAN,658619.0,1,1,1,1
SARADA CONSTRUCTION,657303.0,3,1,2,1
EE EDD I SITAPUR,657124.0,32,3,4,1
ASSISTANT ENGINEER ALINAGAR,656856.0,3,1,1,1
Ms Gorkh Nath BKO,656670.0,1,1,1,1
MANIKANDAN,655998.0,3,1,1,2
Lakshay Electricals,655513.0,2,1,1,1
JV Engineers,654842.0,2,1,1,1
ANNAPURNA CONSTRUCTION,654795.0,3,1,2,1
JAI DURGA ENTERPRISES,653274.0,3,1,1,1
Shinda Singh,652668.0,10,1,1,1
P V ORGANICS FERTILIZERS,652650.0,3,1,1,1
BHOLA TRADERS,651985.0,3,1,1,1
Gangadharam Batta,651729.0,3,1,2,1
The Priyank co op LC Society ltd,650945.0,1,1,1,1
MANDALA LATCHAYYA,650179.0,4,1,1,1
Lalramchhana,650000.0,4,1,2,1
Jashpur Gram Panchayat,650000.0,2,1,1,1
AMDO NS,650000.0,2,1,1,1
V PUGALENDHI,650000.0,1,1,1,1
Asian Traders,650000.0,1,1,1,1
LM Zaliana,650000.0,4,1,2,1
GP Bhail,650000.0,5,1,3,1
GRAM PANCHAYAT KANVADI,650000.0,3,1,1,1
Gram Panchayat Parduni,650000.0,8,1,2,1
Jai Shakti Steel Industry,649922.0,13,1,1,1
P Prakash,649675.0,1,1,1,1
CHAND MAHAMMAD,649672.0,2,1,1,1
RAGHUPATI PEGU,649500.0,8,1,1,1
BARDAWAL VIKAS,649464.0,1,1,1,1
EEEUDD Town Hall,649200.0,3,1,1,1
yogendra enterprises,649060.0,1,1,1,1
RUPAK KUMAR PATEL,649045.0,2,1,1,1
BABU C K,648752.0,1,1,1,1
Gokal Chand Pirthi Chand,648478.0,4,1,1,1
Karu Hansdah,648417.0,3,1,2,1
ANILKUMAR BABU T K,648316.0,2,1,1,1
sarsa gram panchayat,648107.0,2,1,1,1
PSEB NATHANA,648000.0,3,1,1,1
SARPANCH SACHIV GRAM PANCHAYT SINDEHI,648000.0,3,1,1,1
PAWAN HARDWARE,647789.0,7,2,3,2
GANGA SAHAY,647775.0,3,1,2,1
A I ENTERPRISE,647421.0,3,1,2,1
SWAMY NAIK BHUKYA,646955.0,5,1,2,1
Vsmart Energy Solution,646946.0,4,1,1,1
PALLAPU UPPALAIAH,646907.0,2,1,1,1
Ashish Bardhan,646470.0,1,1,1,1
BRUNDABAN BIHARI PANDA,646324.0,4,1,1,2
MAA CHINTPURNI TRADERS,646233.0,6,1,1,1
SIBCON ENTERPRISE,646200.0,2,1,2,1
Mohan lal sharma,646068.0,1,1,1,1
Seva Engineers Solapur,645996.0,3,1,1,1
Sun Engineering,645423.0,1,1,1,1
The Saket Co op L C Society,645155.0,1,1,1,1
Abhijit Baruah,645149.0,3,1,1,1
SHRI BALAJI S F CONSTRUCTION COMPANY,644939.0,2,1,1,1
GP KARSAI,644764.0,14,1,3,1
SOUVAGYA CONSTRUCTION,644166.0,3,1,2,1
Bali Tudu,643545.0,3,1,2,1
Ramesh babu yarramasu,643219.0,1,1,1,1
Kapil,642900.0,7,3,5,3
SURESHKANNAN M,642795.0,1,1,1,1
PRANJAL KONWAR,642539.0,11,1,1,1
GARG IRON STORE,641902.0,6,2,2,2
SUN SHINE CONSTRUCTION,641673.0,3,1,1,1
GURU Construction company,641506.0,1,1,1,1
GLOBAL TRADES,640500.0,6,1,1,1
GP Kharwar,640000.0,4,1,3,1
JUNIOR ENGINEER II NAYAGARH BLOCK,640000.0,16,1,1,2
S G CONSTRUCTIONS,640000.0,1,1,1,1
PRITTAM SINGH,640000.0,4,1,1,1
Shivam construction,639678.0,3,1,1,1
Sujata Halder,639606.0,3,1,1,1
MODAJ GRAM PANCHAYAT,639541.0,7,1,1,1
MR NUR ALAM SK,637871.0,1,1,1,1
Himmat Kumar,637800.0,12,1,2,1
MAJHA INTERLOCK TILE FACTORY,637640.0,2,1,1,1
MS HP EX SERVICE MAN LEAGE UNIT LAD BHAROL,637130.0,4,1,1,1
Thomas George,637120.0,2,1,1,1
GOYAL TRADING COROPORATION,635510.0,14,1,1,1
DHURBA HARDWARE,635499.0,7,1,1,1
Nimma Pothanna,634642.0,4,1,2,1
SDSCO Palampur,634510.0,5,1,1,1
GRAM PANCHAYAT SALHEWADA,634000.0,7,1,1,1
PINK SALVAGE SOLUTION,633400.0,2,1,1,1
SHREE HANUMAN BRICKS,633134.0,17,1,1,1
Mo Ranjan and sons,631710.0,3,1,1,1
Sloka Enterprises,630552.0,1,1,1,1
gram panchayat kataipali see,630000.0,3,1,2,1
SANT BRICKS INDUSTRIES,630000.0,3,1,1,1
Gram Panchayat Sohari,630000.0,7,1,3,1
GP Behal,630000.0,6,1,1,1
MUNUSAMY,630000.0,3,1,1,1
Prime Sports Surf Aces,628788.0,3,1,2,1
RAJU SAHU,628665.0,3,1,2,1
SHRIKANT YALLAPPA KARAGANNI,628388.0,1,1,1,1
MANJULA DASH,628326.0,1,1,1,1
NITU DEKA,628000.0,3,1,1,1
JAI LAKSHMI CEMENT STORE,627924.0,16,1,1,1
GRAM PANCHAYATFangani,627022.0,2,1,1,1
Thind Enterprise,626759.0,27,1,2,1
Sidhu Cement Store Fatehgarh Channa,626753.0,23,1,1,1
Janet Syiem,626000.0,4,1,1,1
BANAVATH SANTHOSH,625847.0,2,1,1,1
RUDRA LAXMIRAJAM,625846.0,2,1,1,1
Gangoni Mallesh,625846.0,2,1,1,1
Kommi Siddulu Naidu,625780.0,2,1,1,1
Nangali Enterprises,625040.0,2,1,1,1
ONUBALLA S MARAK,625000.0,5,1,1,1
REMIJIUS LYNGSHIANG,625000.0,5,1,1,1
VISHRAMPURA GRAM PANCHAYAT,625000.0,2,2,2,2
Lalsiamthangi,625000.0,5,1,2,1
jahangirpura,625000.0,1,1,1,1
Thanbanglova,625000.0,5,1,2,1
gram panchayat kariyan,625000.0,5,1,1,1
CON REST ROOM PILGRIM NR DHUBRI KALIBARI,625000.0,4,1,1,1
SHIVAM CONSTRUCTION AND SUPPLIERS,624822.0,2,1,1,1
NAGAPPA BARAMAPPA HARAWAL,624704.0,4,1,2,1
SHAREEF U DIN KHATANA,624530.0,2,1,1,1
Aggarwal Machinery Store,623349.0,9,1,1,1
EEEDD Muradnagar,623223.0,3,1,1,1
SDO OP Division DHBVN UMra,623067.0,3,1,1,1
SHAIK RAFI,622965.0,1,1,1,1
SANJAYA GRAM PANCHAYAT,622311.0,3,1,1,1
Kumudini Behera,622128.0,1,1,1,1
BRIJ TRADERS PROP SATISH KUMAR,622000.0,1,1,1,1
UMA MAHESWARA RAO B,621411.0,1,1,1,1
G DURAIRAJ,620000.0,62,1,2,1
THE SHIV SHANKAR CO OP L AND C SOC LTD,619542.0,1,1,1,1
Randhaw Cement Tile factory,619380.0,4,1,1,1
Binod Kumar Mohanty,619229.0,3,1,1,1
LAKSHYA RAJ CONSTRUCTION COMPANY,618163.0,1,1,1,1
EE PWD CUD GST,617736.0,6,1,2,1
BHARAT TRADING CO,617556.0,5,1,2,1
Dhillon Building Material,615804.0,5,1,1,1
Ajmer Vidyut Vitaran Nigam Ltd Ajmer,615108.0,4,1,1,1
SMC Bhalyani,615000.0,1,1,1,1
Kulwinder Singh,614816.0,20,2,2,3
Evolve,614580.0,3,1,1,1
P M CONSTRUCTION,614514.0,2,1,1,1
RAKESH KUNJILAL ZADKHANDE,614325.0,1,1,1,1
Minu Teronpi,614013.0,9,1,2,1
Mira Tissopi,614013.0,9,1,2,1
Chahal Interlock Tile Factory,613977.0,16,2,2,2
SINGH SAHUB FERBRICATORS,613376.0,3,1,1,1
jai prakash verma,613225.0,1,1,1,1
ANNPURNA BRICK COMPANY,613190.0,4,1,1,1
Ganpati Tiles Matti,612500.0,20,1,1,1
GOVINDA CONSTRUCTION AND DEVELOPERS,612299.0,3,1,1,1
KARPOORI THAKUR UCHHATAR MADHYAMIC VIDYALAYA,611322.0,9,1,1,1
Laxmi Traders,611214.0,5,2,2,2
VEMULA SRIHARI,610856.0,2,1,1,1
Sarrada Motocorp LLP,610800.0,1,1,1,1
Garuda Constructions,610671.0,2,1,1,1
JAGRITI TREDERS,610532.0,1,1,1,1
Savita,610422.0,3,1,1,1
Ms Kiran Bala BKO Daffar,609612.0,18,1,2,1
Geeson George,609444.0,1,1,1,1
RAJENDRAN S,609156.0,1,1,1,1
MUHAMMED FASIL,609115.0,2,1,1,1
BHARAT BRICKS UDYOG,609021.0,12,1,1,1
Lalit Trading Co,608942.0,4,1,1,1
SAMPATTI MEMORIAL GRAMIN VIKAS SANSTHAN,608941.0,1,1,1,1
Pawan Trading co,608670.0,18,1,1,1
PURAN SINGH SUPPLIERS,607813.0,5,1,1,1
Sri Bikrom Enghi,607496.0,6,1,2,1
Kishore Thapa,607200.0,3,1,1,1
Dharmendar Chaudhary,607200.0,3,1,1,1
MONUJ KURMI,605545.0,3,1,1,1
MS BalaJI BRICK CO Intal Kalan,605472.0,2,1,1,1
KAMALAKANTA BASKEY,605274.0,3,1,1,1
SRI BALAJI ENGINEERING,605000.0,1,1,1,1
Guru Nanak Trading Co,605000.0,5,2,2,2
JUNAID IRFANI DAR,604881.0,2,1,1,1
GRAM PANCHAYAT BARAT,604582.0,3,1,2,1
Guroo Electrcicals,604190.0,1,1,1,1
SHAZIBUL HASSAN MOLLAH,603675.0,1,1,1,1
R B TRADING COMPANY,603573.0,9,1,1,1
TARUN TRADERS,603540.0,9,1,2,1
UNTWALIYA CONSTRUCTION COMPANY,603484.0,1,1,1,1
The Ansh Cooperative labour and Construction Society Ltd Sandholi,603381.0,3,1,1,1
BHARAT TRADERS,602817.0,2,2,2,2
JS and Company,602660.0,3,1,2,1
Goldi Enterprises,601108.0,2,1,1,1
RAKESH TERANG,600666.0,3,1,2,1
MA PHULANDEVI CONSTRUCTION,600182.0,1,1,1,1
RAKIBUL ENTERPRISE,600042.0,3,1,1,1
TECH CONSULTANT,600000.0,1,1,1,1
BELARIUS RONGPEIT,600000.0,3,1,1,1
LODRA GRAM PANCHAYAT,600000.0,2,1,1,1
SUSHANTA DIGAL,600000.0,3,1,1,2
SURYAKANT MAJUR SAHAKARI SANSTHA LTD,600000.0,2,1,1,1
SURPANCH GRAM PANCHAYAT KALCHA,600000.0,2,1,1,1
GP Kuthari,600000.0,9,1,2,1
Gram panchayat devarhat,600000.0,3,1,1,1
Gram panchayat bhatha,600000.0,3,1,1,1
SDSCO Dehra,600000.0,4,1,1,1
PREJILIKA SANGMA,600000.0,6,1,1,1
Construction Of Septic Tank Over Shed For Latrine And Bathroom At Goalpara Girls College Goalpara,600000.0,6,1,1,1
GRAM PANCHAYAT SINGHPURBADA,600000.0,4,1,1,1
MS HARI KRISHAN AGRO,600000.0,3,1,2,1
LT COL OC 24MP BN NCC CWA,600000.0,6,1,1,1
Sanpray D Sangma,600000.0,6,1,1,1
SATYA PRAKASH NARAYAN BHATTARAY,600000.0,3,1,1,2
SATMANA GRAM PANCHYAT,600000.0,3,1,1,1
GRAM PANCHAYAT KHARSODKALAN,600000.0,1,1,1,1
HARIPURA N GRAM PANCHAYAT,600000.0,3,1,2,1
MAUZA GRAM PANCHAYAT,600000.0,3,1,1,1
MATHASURIYA GRAM PANCHAYAT,600000.0,3,1,1,1
Gopu Nyodu Basar,600000.0,3,1,1,1
RUPPURA MADHA GROUP GRAMPANCHYAT,600000.0,3,1,1,1
RUPALI BEHERA,600000.0,1,1,1,1
K PANDI AND CO,600000.0,3,1,1,1
gram panchayat ruwaful,600000.0,3,1,2,1
gram panchayat putarra,600000.0,3,1,2,1
BALASAR GRAM PANCHAYAT,600000.0,3,1,1,1
DHARVADI GRAM PANCHAYAT,600000.0,2,1,1,1
RAJIB SINGH,600000.0,2,1,1,1
GRAM PANCHAYAT KORON,600000.0,3,1,2,1
PANSOLI GRAM PANCHAYAT,600000.0,3,1,1,1
SARPANCHSHRI VISHOL GRAM PANCHAYAT,600000.0,3,1,1,1
Marcuish R Marak,600000.0,6,1,1,1
GRAM PANCHAYAT ANTROLI,600000.0,6,1,1,1
GRAMPANCHAYAT KARRI,600000.0,3,1,1,1
GRAM PANCHAYAT DONGAAMA NIRMAN KARYA,600000.0,3,1,1,1
SARPANCH SHRI NARNAVAT KHAPARESHVAR,600000.0,3,1,1,1
DHARALA GRAMPANCHAYAT,600000.0,3,1,1,1
SHISHUPAL UTTAM MEMORIAL CONVENT,600000.0,1,1,1,1
Kalota samaj,600000.0,1,1,1,1
Kallepsing Marak,600000.0,6,1,1,1
GAUTAM BUDDHH INTER COLLEGE CHACHIKPUR,600000.0,2,1,1,1
Gram Panchayat Guruwala Singhpura,600000.0,6,1,2,1
GARMPANCHAYAT GOCHARNA MUVADA,600000.0,4,1,1,1
Gram Panchayat Jhamta,600000.0,6,1,1,1
GANESHPURA KALRI GRAM PANCHAYAT,600000.0,3,1,1,1
gram panchayat magardha shed,600000.0,6,1,2,1
gram panchayat lilapur,600000.0,3,1,1,1
PANDIT DINDYAL GRAM VIKAS SAMITI PANDURNA,600000.0,3,1,1,1
GRAM PANCHAYAT KUTELAMUDA,600000.0,6,1,1,1
GRAM PANCHAYAT KUNDARAIYATWADI,600000.0,6,1,1,1
JAMBA JUTH GRAM PANCHAYAT,600000.0,3,1,2,1
KOLDA GRAM PANCHAYAT,600000.0,2,1,1,1
SARPANCHSHRI KAHODA GRAM PANCHAYAT,600000.0,3,1,1,1
SARPANCHSHREE JANTRAL GRAM PANCHAYAT,600000.0,3,1,1,1
SARPANCHSHREE GRAM PANCHAYAT DABHALA,600000.0,3,1,1,1
SARPANCH SHRI SAMPA,600000.0,2,1,1,1
JAIN SONS TRADERS,600000.0,1,1,1,1
JALIYA ANKO GRAM PANCHAYAT,600000.0,3,1,1,1
Principal Nodal Officer GP Majhwar,600000.0,3,1,1,1
Charseng Chambugong Marak,600000.0,4,1,1,1
MADHVAS GRAMPANCHAYAT,600000.0,3,1,1,1
GRAM PANCHYAT  SAHPURA,600000.0,1,1,1,1
SHYAM STEEL,600000.0,6,1,2,1
Construction of link road at Niz hahara gaon path,600000.0,1,1,1,1
GRAM PANCHAYAT BIJRADIH,600000.0,2,1,1,1
GRAM PANCHAYAT CHHEETAPAR,600000.0,3,1,2,1
Sainborlang Jalong,600000.0,4,1,1,1
Robert Lyngdoh,600000.0,4,1,1,1
Gram Panchayat Devni,600000.0,4,1,2,1
GRAM PANCHAYAT PIPERBAHRA,600000.0,4,1,1,2
Der Grampanchayat,600000.0,3,1,1,1
VAGHRODA GRAM PANCHAYAT,600000.0,3,1,1,1
VALADHARI GRAM PANCHAYAT,600000.0,3,1,1,1
SARPANCH SACHIV GRAM PANCHAYT UFRA,600000.0,3,1,1,1
KADHHAIYA PRUTHVIRAJPUR GRAM PANCHYAT,600000.0,3,1,1,1
Naveen Infraspace Private Limited,600000.0,1,1,1,1
GRAM PANCHAYAT SUNTHVAD,600000.0,6,1,1,1
Sarpanch Sachiva Gram Panchayat Damdam,600000.0,6,1,1,2
Boundary Wall at Bairabpally Near Hanuman Mandir,600000.0,2,1,1,1
Piyava Gram Panchayat,600000.0,2,1,1,1
Pilne A Sangma,600000.0,6,1,1,1
Phatik Kachari,600000.0,4,1,1,1
GRAM PANCHAYAT CHITALI,600000.0,3,1,1,1
gram panchayat salwana,600000.0,6,1,1,1
GRAM PANCHAYAT LAMLEHAR,600000.0,6,1,1,1
PALODAR GRAM PANCHAYAT,600000.0,3,1,1,1
VARETHA GRAM PANCHAYAT,600000.0,2,1,1,1
BORU GRAMPANCHAYAT,600000.0,3,1,1,1
Sohlong LP School,600000.0,4,1,1,1
NANASAKHPAR GRAM PANCHAYAT,600000.0,3,1,1,1
GP BHARNAL,600000.0,3,1,1,1
GP BHANJRARU,600000.0,5,1,1,1
GAMBHIR SINGH RANA,600000.0,1,1,1,1
gram panchayat khamhar,600000.0,3,1,2,1
gram panchayat karelikala,600000.0,6,1,2,1
Gram Panchayat Kalashan,600000.0,3,1,1,1
Gram Panchayat Kalantra,600000.0,3,1,1,1
GANESHPURA GAMBHU GRAM PANCHAYAT,600000.0,3,1,1,1
SARPANCH KATOL GRAM PANCHAYAT,600000.0,3,1,1,1
Gram Panchyat Rohalkhurd,600000.0,1,1,1,1
Alice Dai,600000.0,3,1,1,1
Alhadpura Gram Panchayat,600000.0,2,1,2,1
NANIKADI GRAM PANCHAYAT,600000.0,3,1,1,1
GRAM PANCHAYAT MADAIBHATHA,600000.0,3,1,1,1
SARPANCH SACHIV BIKOR,600000.0,6,1,1,1
Development of playfield and sports ground at Chandanpur unnayan Samity,600000.0,1,1,1,1
SARPANCH SACHIV GRAM PANCHAYAT AMATI,600000.0,1,1,1,1
SARPANCH SACHIV GP VISESRA,600000.0,4,1,1,2
SARPANCH SACHIV GP LATA,600000.0,4,1,1,2
MINOLA MAKRI,600000.0,4,1,1,1
GRAM PANCHAYAT BAGDHAR,600000.0,3,1,1,1
Sibasankar Pradhan,600000.0,3,1,1,1
GRAM PANCHAYAT PARASWADA,600000.0,6,1,2,1
GRAM PANCHAYAT TALAVCHORA,600000.0,3,1,1,1
K Wati Imchen,600000.0,6,1,1,1
SADHLI GRAM PANCHAYT,600000.0,3,1,1,1
ROY HARDWARE,600000.0,3,1,1,1
Construction of cultural Stage and community hall at Athugaon C,600000.0,1,1,1,1
SHEL KHAMBHALIYA GRAM PANCHAYAT,600000.0,2,1,1,1
RAM VIJAY NAGAR GRAM PANCHAYAT,600000.0,3,1,1,1
Tura Christian College,600000.0,6,1,1,1
DONG ELECTRIC LPS RATACHERRA,600000.0,6,1,1,1
DONBOK SYNGKLI,600000.0,3,1,1,1
DILSENG A SANGMA,600000.0,6,1,1,1
SENG SAMLA DONGIAWPYNGKAT LOCAL COMITTEE,600000.0,3,1,1,1
NRUSINGHA CHARAN DUTTA,600000.0,1,1,1,1
GRAM PANCHAYAT RANGOLE,600000.0,3,1,1,1
NOSHA D SANGMA,600000.0,6,1,1,1
GRAM PANCHAYAT ROHINI,600000.0,3,1,1,1
karmal pipaliya,600000.0,3,1,1,1
GRAM PANCHAYAT RAMBOD,600000.0,2,1,1,1
AJAY BAJPAYEE,600000.0,1,1,1,1
JUNIOR ENGINEER BARGARH BLOCK,600000.0,2,1,1,1
gram panchayat jaitgudra,600000.0,6,1,1,1
CC for Public Staircase near Kali Mandir Swahid Nagar,600000.0,5,1,1,1
Bringwell Marthong,600000.0,4,1,1,1
PADARADI GRAM PANCHAYAT,600000.0,3,1,1,1
VILLAGE LAD WAHWAPUNG,600000.0,6,1,1,1
Abhrampara Gram Panchayat,600000.0,2,1,1,1
SAGANPURA GRAM PANCHAYAT,600000.0,3,1,1,1
Dharmodhan Baglary,600000.0,4,1,1,1
PUSPANJALI BILUNG,600000.0,1,1,1,1
SHRI JHAGADIA GROUP GRAM PANCHAYAT,600000.0,2,1,1,1
SARPANCH GRAM PANCHAYAT JAUNS,600000.0,6,1,1,1
Dhruba Charan Das,600000.0,3,1,1,2
Gajaraj Majhi,600000.0,1,1,1,1
RAJGOPAL MARANDI,600000.0,3,1,1,2
SHIVANSHI CONSTUCTION,600000.0,3,1,1,1
PRASANNA KUMAR SUCHEN,600000.0,2,1,1,1
Sarpanch Gram panchayat Barlia,600000.0,4,1,2,1
Sarpanch Gram Panchyat Khola,600000.0,4,1,1,1
Sarpanch Gram Panchayat PHUTERA,600000.0,8,1,1,1
gram panchayat fulwari f,600000.0,3,1,1,1
Karchha Gram Panchayat,600000.0,2,1,1,1
THOMSON N MARAK,600000.0,6,1,1,1
GP THANA JP OBEDULLAGANJ,600000.0,4,1,1,1
JAY SHANKAR SINGH,600000.0,1,1,1,1
Diptee Nayak,600000.0,1,1,1,1
CONSTRUCTION F RAISED PLATFORM AT MIDDLE BARGHOL,600000.0,2,1,1,1
GP TANEHAD,600000.0,6,1,3,1
GP Shillai,600000.0,3,1,2,1
Construction of Community hall at Shree Shree Ram Thakur Sevashram Bhaskar Nagar,600000.0,1,1,1,1
MALKIAT SINGH,600000.0,3,1,2,1
PRABHAT ENTERPRISES,600000.0,8,1,2,1
GRAM PANCHAYAT KACHAR,600000.0,3,1,1,1
Rajvadi gram panchayat,600000.0,3,1,1,1
gram panchayat chalha,600000.0,3,1,2,1
Gp Ambapada Kala,600000.0,6,1,2,1
GP Chalarg,600000.0,3,1,1,1
GP Amarpurakalan,600000.0,4,1,2,1
GP AGHAR,600000.0,4,1,1,1
GP Chandrauti,600000.0,3,1,1,1
RAFEEQGANJ NS,600000.0,4,1,1,1
GP MUCHHALI,600000.0,6,1,3,1
H M ENTERPRISE,600000.0,1,1,1,1
RIB GRAM PANCHAYAT,600000.0,3,1,1,1
GP NANUKHEDA,600000.0,3,1,2,1
GP Mundu,600000.0,3,1,2,1
Megharin Momin,600000.0,6,1,1,1
Dojir Doke,600000.0,3,1,1,1
VITHODA JUTH GRAM PANCHAYAT,600000.0,3,1,1,1
CONST OF COMMUNITY HALL NEAR ADLAGURI LAXMI MANDIR,600000.0,1,1,1,1
HAZRA BUILDERS,600000.0,3,1,1,1
HAWK TRADERS,600000.0,2,1,1,1
HATHROL GRAM PANCHAYAT,600000.0,3,1,1,1
SARPANCH GRAM PANCHAYAT RATKHANDI,600000.0,4,1,1,1
KENTLI TANGSANG,600000.0,4,1,1,1
Mr MANAS BHANJAN JENA,600000.0,3,1,2,1
RCC building Rajmita,600000.0,2,1,1,1
GP GAWALI,600000.0,3,1,2,1
GP Ghoond,600000.0,4,1,2,1
GRAM PANCHAYAT MAUMASANIYA,600000.0,2,1,1,1
SAROJ KUMAR SAMANTARAY,600000.0,2,1,1,1
YNG FITNESS SHOP,600000.0,3,1,2,1
Sattin R Marak,600000.0,4,1,1,1
STN MSR PROTECTION UZIRAR CHAR JAIPARA,600000.0,1,1,1,1
CHAMETHA GRAM PANCHAYAT,600000.0,3,1,2,1
G P Bagain,600000.0,3,1,2,1
MR PURNA CHANDRA SAHOO,600000.0,3,1,1,2
GP SAGONIYA JP SANCHI,600000.0,3,1,1,1
M S BONIA HARDWARE STORE,600000.0,3,1,1,1
GP SHAKHOLI,600000.0,6,1,2,1
MOHAMMAD IDRISH ANSARI,600000.0,1,1,1,1
SARASWATI SANSKAR MANDIR PAIPAKHAR HANUMANA,600000.0,2,1,1,1
AV Construction,600000.0,2,1,1,1
GOVT ELEMENTARY SCHOOL TALWANDI SIPAHI MAL STATE FUND SCHEME,600000.0,9,1,1,1
CHOSTER THANGKHIEW,600000.0,4,1,1,1
GRAM PANCHAYAT PALASA,600000.0,3,1,1,1
venpura 1,600000.0,3,1,1,1
Gram Panchayat Kudawand,600000.0,3,1,2,1
Gram Panchayat Kolar,600000.0,6,1,2,1
MR KHANAY GRAM PANCHAYAT,600000.0,2,1,2,1
Ram Bhagwan iron taders,600000.0,3,1,1,1
AMIT KUMAR DAS,600000.0,2,1,1,1
SAJANTIMBA GRAM PANCHAYAT,600000.0,2,1,1,1
GRAM PANCHAYAT BAMROLI,600000.0,2,1,1,1
GRAM PANCHAYAT BARDAR,600000.0,4,1,1,2
shree vandaliya gram panchayat,600000.0,2,1,1,1
Hento Kaye,600000.0,3,1,1,1
Henpu Kaye,600000.0,3,1,1,1
MANDROPUR GRAM PANCHAYAT,600000.0,3,1,1,1
GRAM PANCHAYAT KANDHRAPUR,600000.0,6,1,2,1
GRAM PANCHYAT CHARBHATHA SGVY,600000.0,3,1,1,1
GRAM PANCHYAT CHAKARBHATHA SGVY,600000.0,3,1,1,1
GRAM PANCHAYAT SHAMALDEVI,600000.0,3,1,1,1
KARTTIK SING,600000.0,1,1,1,1
poyda gram panchayat,600000.0,4,1,1,1
PINGALI GRAM PANCHAYAT,600000.0,3,1,1,1
PIMPALDAR GRAM PANCHAYAT,600000.0,3,1,1,1
PHLANGDILOIN DAY LP SCHOOL,600000.0,6,1,1,1
GP PADONIYA JP OBEDULLAGANJ,600000.0,6,1,1,1
GP Neen,600000.0,6,1,2,1
RAJYA PRAWARTIT YOJNA G P BANJARI,600000.0,3,1,1,1
TAJUDEEN,600000.0,3,1,2,1
SIMLI GRAM PANCHAYT,600000.0,3,1,1,1
ADORA SNAME M MARAK,600000.0,6,1,1,1
Gram Panchayat Bijabhat,600000.0,3,1,1,1
Rembyrngaw Pres LP School,600000.0,6,1,1,1
GMG ENGINEERING WORKS,600000.0,3,1,2,1
RatanparGramPanchayt,600000.0,3,1,1,1
Vigodi Gram Panchayat,600000.0,2,1,1,1
GP Dharara,600000.0,6,1,2,1
ASSISTANT ENGINEER BLOCK DEVELOPMENT,600000.0,2,1,2,1
KAVACHIYA GRAM PANCHAYAT,600000.0,3,1,1,1
GRAM PANCHAYAT MODIPARA,600000.0,3,1,1,1
PYNDENWAR LP SCHOOL,600000.0,6,1,1,1
GRAM PANCHAYAT DHAKVADA,600000.0,6,1,1,1
Milind Majoor Sah Santha,600000.0,1,1,1,1
Meghpar Grampanchayat,600000.0,2,1,2,1
Sarpanch Sachiv Gram Panchayat Karhani,600000.0,6,1,1,2
Sarpanch Sachiv Gram Panchayat Kachhar,600000.0,6,1,1,2
Gram Panchayat Lalpur,600000.0,3,1,1,1
MR GELEY SINTANG MARAK,600000.0,6,1,1,1
ITAVAKHURD  NS,600000.0,2,1,1,1
GRAM PANCHAYAT SANSOLI,600000.0,3,1,1,1
TATOSAN GRAM PANCHAYAT,600000.0,3,1,1,1
GOGDIA JUTH GRAM PANCHAYAT,600000.0,3,1,2,1
TABDA GROUP GRAM PANCHAYAT,600000.0,3,1,1,1
WAHKAJI SECONDARY SCHOOL,600000.0,6,1,1,1
AS ENGINEERING WORKS,600000.0,3,1,1,1
SRV AND CO,600000.0,1,1,1,1
GRAM PANCHAYAT SARRA,600000.0,6,1,2,1
GRAM PANCHAYAT DEVARI KHAWASA,600000.0,4,1,1,1
GRAM PANCHYAT GHOGHRI,600000.0,6,1,1,1
GRAM PANCHYAT FARHADA SGVY,600000.0,3,1,1,1
DESAD GRAM PNCHAYAT,600000.0,3,1,1,1
Rajendra Sethi,600000.0,2,1,2,1
JONTIL SANGMA,600000.0,6,1,1,1
devagdh gram,600000.0,3,1,1,1
GP Burigati,600000.0,4,1,2,1
GP Brahlari,600000.0,5,1,3,1
Gram Panchayat Muskara,600000.0,3,1,1,1
SHREE CHHATAR GRAM PANCHAYAT,600000.0,3,1,1,1
GRAM PANCHAYAT KANDACH,600000.0,3,1,1,1
Gram Panchayat Rethvaniya Undhval,600000.0,6,1,1,1
ARCHITA PRIYADARSANI MISHRA DO BARADA RANJAN MISHRA,600000.0,2,1,1,1
GRAM PANCHAYAT PADMI,600000.0,6,1,2,1
ANKHOL GRAM PANCHAYAT,600000.0,3,1,1,1
GRAM PANCHAYAT CHORA DUNGRI,600000.0,3,1,1,1
Pardhan Gram panchayat kamnala,600000.0,6,1,1,1
Pejum Basar,600000.0,3,1,1,1
GRAM PANCHAYAT GHEKTI,600000.0,6,1,1,1
M N SHAH HIGHSCHOOL RAMOS,600000.0,2,1,1,1
Henme Kaye,600000.0,3,1,1,1
MAGROO MANDIR MAHDEV SABHA AVAM VIKAS SAMITTEE MAGROO,600000.0,6,1,1,1
Gram Panchayat SONDH,600000.0,3,1,1,1
GP Shatayan,600000.0,6,1,2,1
TOTU GRUP GRAM PANCHAYAT,600000.0,2,1,1,1
BASINDRA,600000.0,3,1,2,1
Paulloste Makdoh,600000.0,4,1,1,1
Paul Ch Sangma,600000.0,6,1,1,1
ZARNAVADI GRAM PANCHAYAT,600000.0,3,1,1,1
ZANU GRAM PANCHAYAT,600000.0,3,1,1,2
ambala village,600000.0,3,1,1,1
FATEPUR GRAM PANCHAYAT,600000.0,2,1,1,1
RAJMEEN TRADERS,600000.0,3,1,2,1
Bijay Routaray,600000.0,3,1,1,1
Bijay Mahanti,600000.0,3,1,1,1
SILMAN MARAK,600000.0,6,1,1,1
MOTI BUMADI JUTH GRAM PANCHAYAT,600000.0,3,1,2,1
MOTASUKAMBA GROUP GRAM PANCHAYAT,600000.0,3,1,1,1
GRAM PANCHAYAT UTARDA,600000.0,3,1,1,1
Gram Panchatyat Ghanahatti,600000.0,4,1,2,1
GRAM PANCHAYAT SAREKHA KALA,600000.0,2,1,1,1
ACHARYA SHREE SURAJBA HIGH SCHOOL,600000.0,1,1,1,1
Jina Marak,600000.0,6,1,1,1
GOVT ELEMENTARY SCHOOL MEHLANWALA,600000.0,3,1,1,1
Jingshai Barit Lower Primary School,600000.0,3,1,1,1
Jajala Jagan Rao,600000.0,3,1,1,1
rathor samaj harda,600000.0,2,1,1,1
Ipe Basar,600000.0,3,1,1,1
GRAM PANCHAYAT SAJORA,600000.0,3,1,1,1
Construction of Community Hall near Shri Shri Radha Gobinda Mandir Seva Marup at Kekuranagar,600000.0,2,1,1,1
IRANA GRAM PANCHAYAT,600000.0,3,1,1,1
Swa Sriram Charan Smritika Shiksha Samiti,600000.0,1,1,1,1
BHOJPURA GRAM PANCHAYAT,600000.0,3,1,1,1
DIBASINI SABAR,600000.0,3,1,1,1
DANARDAN MOHANTA,600000.0,1,1,1,1
Chabkha Gram Panchayat,600000.0,3,1,1,1
GP Karbalkhora,600000.0,6,1,2,1
Sachiv Gram panchayat Nanpa,600000.0,4,1,1,1
Imlionen,600000.0,6,1,1,1
MOVATPURA GRAM PANCHAYAT,600000.0,3,1,1,1
Eyum Basar,600000.0,3,1,1,1
NATHAVAS GRAM PANCHAYAT,600000.0,3,1,1,1
KAMLIYA GRAM PANCHAYAT,600000.0,3,1,1,1
H K Fabrication,600000.0,3,1,2,1
BDO BAIJNATH MPLAD Rajya Sabha,599997.0,6,1,1,1
Sky Green Systems,599997.0,3,1,1,1
GRAM PANCJAYAT LAMBORA,599990.0,2,1,1,1
BHARKUNDA GRAM PANCHAYAT,599986.0,3,1,1,2
SREE FURNITURE,599980.0,2,1,1,1
Amit Enterprises,599980.0,1,1,1,1
J K CONSTRUCTION AND BLACK STONE CHIPS SUPPLIERS,599978.0,2,1,1,1
B SAMINATHAN Masinagudi,599966.0,1,1,1,1
ASHISH TRADERS,599950.0,3,1,1,1
Samanya Fund Gram Panchayat Tigaon,599950.0,1,1,1,1
K RAMASAMY,599950.0,1,1,1,1
BORIYAVI GRAM PANCHAYAT,599943.0,6,1,1,1
SAMANTA ELECTRIC AND SOLAR SOLUTION,599940.0,4,1,1,1
DIAMOND CONSTRUCTION,599937.0,3,1,1,1
RK TRADERS,599925.0,3,1,2,1
LAGHUMTHOTI MASTANAIAH,599910.0,2,1,1,1
MUTHULAKSHMI R,599907.0,3,1,1,1
EKLAVA GRAM PANCHAYAT,599907.0,3,1,1,1
GRAM PANCHAYAT CHOTILI VIDI,599900.0,2,1,1,1
GRAM PANCHAYAT NANAKALODRA,599898.0,3,1,1,1
SK CONSTRUCTION COMPANY AND SUPPLAYARS,599883.0,1,1,1,1
ETHIRAJ R,599880.0,3,1,1,1
BEDA GRAM PANCHAYAT,599862.0,2,1,1,1
AKHDOL GRAM PANCHAYAT,599859.0,3,1,1,1
SARPANCHSHREE GRAM PANCHAYAT GODHAVATA,599859.0,3,1,1,1
MESSIAH ENTERPRISES,599853.0,3,1,2,1
ADGAM GRAM PANCHAYAT,599838.0,3,1,1,1
VANPARDI GRAM PANCHAYAT,599808.0,3,1,1,2
SITAPUR GRAMPANCHAYAT,599808.0,3,1,1,2
KANPURA SINAJ GRAM PANCHAYAT,599808.0,3,1,1,2
GANGUN GRAM PANCHAYAT,599806.0,2,1,1,1
Ms UNITED ENTERPRISES,599794.0,1,1,1,1
vahedpura gramm panchayat,599778.0,3,1,1,1
VALARMATHI,599760.0,3,1,1,1
NESHAM THANGAM BUILDERS,599750.0,1,1,1,1
GRAM PANCHAYAT VATRA,599736.0,3,1,1,1
PALON RONGPI,599712.0,6,1,2,1
GRAM PANCHAYAT MEGHALPUR,599709.0,2,1,1,1
Construction of Community Cultural actives at Brihattar Rukmini Nagar Socio Cultural centre Ranga,599688.0,1,1,1,1
VEJAVADA GRAM PANCHAYAT,599655.0,3,1,1,1
Jeyarani K,599644.0,1,1,1,1
Gram Panchayat Marhana,599622.0,6,1,3,1
GRAM PANCHAYAT HARIPURA,599604.0,5,1,1,1
GP Dhourabhatha,599601.0,4,1,2,2
RANEKPAR GRAM PANCHAYAT,599589.0,3,1,1,1
PRAGATHI ENTERPRISES,599574.0,2,1,1,1
GRAM PANCHAYAT PONDIDIH,599571.0,4,1,1,2
SARPANCH SACHIV GRAM PANCHAYAT MEDUKA,599570.0,5,1,1,2
M DEVARAJA REDDY,599552.0,3,1,2,1
KETKI ENTERPRISE,599550.0,3,1,1,1
MS WELCOME CONSTRUCTION,599550.0,3,1,2,1
DEVINAPURA GRAMPANCHAYAT,599538.0,3,1,1,1
SPR TRADERS,599528.0,1,1,1,1
INGORALA GRAM PANCHAYAT,599508.0,3,1,1,1
DEVAJIT PHUKON,599496.0,9,1,1,1
GOYAL MILL STORE,599444.0,10,1,1,1
Maa Durga Workshop,599436.0,12,1,1,1
RADHA K,599435.0,1,1,1,1
Biren Sing Hanse,599424.0,2,1,2,1
PARVDI GRAM PANCHAYAT,599408.0,2,1,1,1
GURWINDER SINGH,599400.0,10,3,4,3
SUDEEP ACHARY,599379.0,3,1,1,1
SHAILENDRA SINGH PAWAR,599370.0,3,1,1,1
SALUN TALPAD GRAM PANCHAYAT,599360.0,6,1,1,1
MS NNR INFRASTRUCTURE,599342.0,4,1,1,1
Gotarka Gram Panchayat,599330.0,2,1,1,1
NAVAMANKA GRAM PANCHAYAT,599277.0,3,1,1,1
KANNAN G,599264.0,1,1,1,1
Nayan Buragohain,599226.0,9,1,1,1
SARKUI GRAM PANCHAYAT,599194.0,2,1,2,1
KHAJURIYA GRAM PANCHAYAT,599192.0,2,1,1,1
C AMBETHKAR,599184.0,3,1,1,1
BALAJI G,599176.0,1,1,1,1
Gram Panchayat Kathana,599175.0,3,1,1,1
SUNSHINE CONSTRUCTION,599157.0,3,1,1,1
Shankra Gram Panchayat,599148.0,3,1,1,1
Prabhakaran K,599148.0,3,1,1,1
PRESIDENT VILLAGE LEVEL COMMITTEE MADAPUR GP ATLOOR M,599145.0,3,1,1,1
SINAJ ANANDPURA GRAM PANCHAYAT,599097.0,3,1,1,2
GRAM PANCHAYAT DEVDHI,599062.0,4,1,2,1
A SURESH,599040.0,3,1,1,1
ANBARASAN CONTRACTOR,599022.0,3,1,1,1
MANORANJAN PATI,599004.0,3,1,2,1
GRAM PANCHAYAT JASALPUR,599000.0,4,1,1,1
Ramachandran Govindasamy,598974.0,1,1,1,1
POOJA ENTERPRISES,598968.0,1,1,1,1
VANODA GRAMPANCHAYAT,598954.0,2,1,1,1
SARPANCH SACHIV GRAM PANCHAYAT LATKONI,598953.0,6,1,1,2
Singla brick kiln,598917.0,9,1,1,1
BAIDYA ENTERPRISE,598914.0,3,1,1,1
GP WANOLI I,598908.0,3,1,1,1
Mansa Gram Panchayat,598875.0,3,1,1,1
BADALPURA GRAM PANCHAYAT,598842.0,2,1,1,1
NANDITHA ENTERPRISES,598842.0,1,1,1,1
PIPLANA GRAM PANCHAYAT,598815.0,3,1,1,1
VASANTH ANDISAMY,598810.0,1,1,1,1
GANGA ELECTRIC,598796.0,1,1,1,1
BASUDEB ENTERPRISE,598743.0,6,1,1,1
ADITYA RAJU DONODE,598738.0,2,1,2,1
RAJAT ENTERPRISE,598728.0,3,1,1,1
KALYAN CONSTRUCTION COMPANY,598703.0,1,1,1,1
Shyamal Chakraborty,598701.0,3,1,1,1
Himmatpura Juth Gram Panchayat,598698.0,2,1,1,1
shamsherpura gram panchayat,598689.0,3,1,1,1
Sarpanch Sachiv Gram Panchayat Devrikala,598677.0,6,1,1,2
MOLLA ENTERPRISE,598677.0,3,1,1,1
SIDHESWARI CONSTRUCTION,598590.0,3,1,1,1
kalpana enterprise,598548.0,3,1,1,1
Dasari PRaveen,598518.0,3,1,2,1
MAHIITADI GRAMPANCHAYAT,598414.0,2,1,1,1
JAKHEL GRAM PANCHAYAT,598413.0,3,1,1,1
SUKVAL GROUP GRAM PANCHAYAT,598413.0,3,1,1,1
ZEE ENTERPRISES,598410.0,2,1,1,1
MS Manzoor Builders,598400.0,1,1,1,1
MAGGIDI CHINNA REDDY,598362.0,3,1,1,1
ANJAN KALITA,598320.0,2,1,1,1
MIROVNIK ENTERPRISES LIMITED LIABILITY P,598284.0,2,1,1,1
Thangavel Duraisamy,598272.0,3,1,1,1
Gram Panchayat Kadaiya,598203.0,6,1,1,1
TANMOY ENTERPRISE,598154.0,1,1,1,1
ABHILASH M S,598150.0,2,1,1,1
AYAZ ENTERPRISE,598122.0,3,1,2,1
Gurmail Singh,598102.0,6,2,2,2
FAHIM ENTERPRISE,598086.0,3,1,1,1
ARAJANPUR KOT GRAM PANCHAYAT,598053.0,4,1,1,1
BAMBHANIYA GRAMPANCHAYAT,598046.0,2,1,1,1
MS SOURAV,597864.0,3,1,2,1
CHENNAI HORTICULTURE SERVICE SOCIETY,597851.0,1,1,1,1
Sarpanch Sachiv Gram Panchayat Patharri,597828.0,6,1,1,2
Rinku Borgohain,597789.0,9,1,1,1
SIKHA CHETIA BORUAH,597780.0,6,1,1,1
SARODA GRAM PANCHAYAT,597744.0,3,1,1,2
ANUPAM MONDAL,597654.0,3,1,1,1
THE BHADRADA JUTH GRAM PANCHAYAT,597534.0,3,1,1,1
SRIJANE GROUP,597375.0,2,1,1,1
MAAN CONSTRUCTIONS,597134.0,2,1,1,1
KIRUTHIGA CONSTRUCTION,597090.0,3,1,1,1
Sagar Pandurang Patil,597025.0,1,1,1,1
GRAM PANCHAYAT BIRLOKA,596845.0,1,1,1,1
OM CONSTRUCTION,596724.0,2,2,2,2
SDS Construction,596607.0,3,1,1,1
Sika Tokbipi,596505.0,9,1,2,1
SARPANCH GRAM PANCHAYAT BAJJARWADA,596485.0,14,1,1,1
MS LAXMI COMPUTER AND BATTERY,596458.0,1,1,1,1
Shri Ram Traders,596400.0,3,1,1,1
BHARTI HARDWARE PRO SURESH RAM,596390.0,1,1,1,1
D Sujatha,596262.0,3,1,1,1
JUNIOR ENGINEER MARSHAGHAI BLOCK 7,596261.0,1,1,1,1
The Sharda coop l and socity ltd,595932.0,3,1,1,1
GARMPANCHAYAT MAHMMADPURA,595761.0,3,1,1,1
Roshan Infra,595683.0,3,1,1,1
DURGA PRASAD RAI,595539.0,1,1,1,1
R K COMPUTER,595500.0,3,1,2,1
SUKHMAN TRADING CO,595400.0,5,1,1,1
UMIYAPURA GRAM PANCHAYAT,595245.0,3,1,1,1
GRAM PANCHAYAT NAVA VAGHANIYA,595200.0,2,1,1,1
N N ROAD CONSTRUCTION,595162.0,1,1,1,1
Thandi Building Store,595052.0,10,1,2,1
Gram pancahyat chilak,595000.0,8,1,1,1
Sri V Sreekanth Reddy President VLWC Mahanandipalli,594993.0,3,1,1,2
Gajanan Maharaj Majur Kamgar Sahakari Sanstha Maryadit Pandharkawadea,594833.0,1,1,1,1
JAY SHREE SHITLA MATA BUILDING MATERIAL SUPPLIERS,594450.0,3,1,2,1
REJI S,594367.0,1,1,1,1
SAINI ENTERPRISES,594096.0,3,1,1,2
Bharat Construction,594094.0,1,1,1,1
Gella Radhika Contractor,594065.0,5,1,1,1
M K AGENCY,594045.0,3,1,1,1
BHAIYAJI SPORTS AND STATIONARY,594000.0,6,1,2,1
Sonthar,594000.0,3,1,1,1
Tharr,594000.0,3,1,1,1
Palki,594000.0,3,1,1,1
GALAKOTI CONSTRUCTION AND SUPPLIER,594000.0,4,1,1,1
MS HALIM SK,593362.0,1,1,1,1
CHANDRA KANT MANI,593277.0,1,1,1,1
Pavan Ganesh Majur Sah Sanstha LTD Kharwandi,593193.0,1,1,1,1
NALLA BUCHI REDDY,593181.0,2,1,1,1
Jay durge Poorve Madhymik  vidhyalay,593030.0,1,1,1,1
K Bhaskar Rao,593028.0,3,1,2,1
M S Shri Ram Bricks Co,593007.0,15,1,1,1
GRAM PANCHAYAT ROOL CHANDAWAT,593004.0,3,1,1,1
Narayan Khuntia,592754.0,2,1,1,1
Garg Iron Store,592713.0,9,1,1,1
ADITYA CONSTRUCTIONS,592497.0,3,1,1,1
GAGANDEEP Singh,592024.0,2,1,1,1
CHALODA GRAM PANCHAYAT,591972.0,3,1,1,2
Seema Sudhakar Reddy,591815.0,1,1,1,1
KANTESH DODDHANUMANTHAPPA BASAPPANAVAR,591645.0,6,1,1,1
JAY VIND KUMAR SINGH,591292.0,1,1,1,1
SHER GRAM PANCHAYAT,591060.0,3,1,1,2
VANDARIYA CHORAMALA GROUP GRAM PANCHAYAT,591000.0,3,1,1,1
MS JK WULLAR TRADERS,590904.0,3,1,1,1
GRAM PANCHAYAT BHIMDEVAL,590770.0,2,1,1,1
RAINU CEMENT AND BUILDING MATERIAL STORE,590700.0,6,1,1,1
PREMALATHA POLU,590649.0,3,1,2,1
DHINDSA CONTRACTOR,590616.0,3,1,2,1
103001384008,590584.0,2,1,1,1
VILLAGE PANCHAYAT SANTH,590529.0,6,1,1,1
GRAM PANCHAYAT SUNGAL,590145.0,6,1,1,1
Keerthi Builders,590118.0,1,1,1,1
GP PATER MP,590000.0,7,1,3,1
JMB Associates,590000.0,1,1,1,1
CHHAPRA GRAM PANCHAYAT,589950.0,3,1,1,1
SANSOLI GRAM PANCHAYAT,589557.0,6,1,1,1
VAMALI GRAM PANCHAYAT,589380.0,3,1,1,1
K Sai Kiran,589254.0,3,1,1,1
SARSWATI SHISHU MANDIR CHURAHAT,589023.0,9,1,1,1
SOJALI GRAM PANCHAYAT,588939.0,3,1,1,1
Dolpura gram panchayat,588603.0,3,1,1,1
sundha gram panchayt,588297.0,3,1,1,1
VANSOLI GRAM PANCHAYAT,588297.0,3,1,1,1
NAGADIYA GRAM PANCHAYAT,588268.0,2,1,1,1
ANUJ KUMAR PANDEY,588102.0,1,1,1,1
Ishtiyaq Ahmad Sofi,588081.0,3,1,1,1
Lotus Medical  Systems,588000.0,1,1,1,1
New Balaji Surgicals,588000.0,3,1,2,1
Ramakant Rana,587992.0,2,1,1,1
Carevel Medical Systems Pvt Ltd,587980.0,1,1,1,1
NUKALA SRINIVASARAO,587734.0,1,1,1,1
ADHIKARY ENGINEERING WORKS AND CIVIL BUILDING CONTRACTOR,587706.0,3,1,1,1
TRUSTED WALLS,587643.0,3,1,1,1
Mahendra Singh,587442.0,6,2,2,2
Danaiah,587374.0,2,1,2,1
Kavva Devender Reddy,587102.0,1,1,1,1
lolada gram panchayat,587082.0,3,1,1,1
MS Ali Construction,586967.0,1,1,1,1
ANUPSINGH VIJAYSINGH RAJPUT,586926.0,1,1,1,1
TRILOK SINGH NAULA,586548.0,5,1,1,1
SRI SAI RAM BOREWELLS CTR,585099.0,3,1,1,1
THE SHIV SHANKAR COOP LC SOCIETY LTD,585046.0,2,1,1,1
CEO Janpad Katghora,585000.0,4,1,1,1
NEW POPULAR ENTERPRISE,584982.0,3,1,1,1
Jai Durga Enterprises,584970.0,8,1,2,1
SAMALESWARI SUPPLIERS,584707.0,1,1,1,1
Sumith P Thadathil,584676.0,2,1,1,1
SARADA ENGINEERING WORKS,584616.0,3,1,1,1
Pratima Construction,584000.0,4,1,1,1
GRAM PANCHAYAT JEVRA N,584000.0,2,1,1,1
GRAMPANCHAYAT UNDEGAON TAL BARSHI,583364.0,2,1,1,1
Bondla Kishan,583149.0,3,1,1,1
Moina Terangpi,583035.0,9,1,2,1
MS MALLICK SUPPLIERS,582839.0,3,1,1,1
MS M S I ENTERPRISE,582714.0,3,1,1,1
SUNAMI ENTERPRISE,582627.0,3,1,1,1
A N KANNAN,582382.0,1,1,1,1
SRIRANGA,582362.0,2,1,1,1
SHRI MEWADA CONSTRUCTION,582303.0,2,1,1,2
B N MAMATHA,582158.0,4,1,1,1
Imtiaz Ahmed,582000.0,3,1,1,1
Manzoor Ahmed,582000.0,3,1,1,1
MOHD ZAINAT,582000.0,1,1,1,1
AKMAL KHAN,581919.0,1,1,1,1
Madhuryamayee Jena,581600.0,4,1,1,2
R V INDUSTRIES,581596.0,1,1,1,1
Surendra Kumar Mishra,581149.0,3,1,1,1
SHRI RAM INTERLOCK TILE INDUSTRY,580959.0,10,1,1,1
DEBARGHYA CONSTRUCTION,580536.0,1,1,1,1
DEVAKI CONSTRUCTIONS,580000.0,1,1,1,1
SUNRISE ASSOCIATES,579988.0,2,1,1,1
C B PRAKASH,579932.0,1,1,1,1
Gram Panchayat Kasor,579932.0,7,1,1,1
G Ramesh,579914.0,3,1,1,1
BUTTAR TRADERS,579750.0,9,1,1,1
RANVANSHI GRAM PANCHAYAT,579420.0,2,1,1,1
N K ENTERPRISE,578632.0,3,1,1,1
NANDHINI CONSTRUCTION,577937.0,1,1,1,1
PRAFULLA CHANDRA BEHERA,577437.0,3,1,2,1
GOYAL IRON STORE,576756.0,15,1,1,1
GANPATI PASHU AHAR UDYOG,576672.0,3,1,1,1
Patto Cement Store Nihal Singh Wala,576642.0,8,1,2,1
HRISHIKESH VIJAY CHORE,576472.0,1,1,1,1
PADUM KANT,576324.0,2,1,1,1
SHRI MADHGAM GRAM PANCHAYAT,576226.0,2,1,1,1
SHREE SHANKAR TRADERS,575688.0,1,1,1,1
Sachiv Ggem panchayat Behrakhedi,575000.0,8,1,1,1
SURESH CHANDRA SAHOO,574806.0,3,1,1,1
Sahota Building Material,574690.0,2,1,1,1
UNIQUE ELECTRICALS,574509.0,1,1,1,1
Rivina Construction,573927.0,3,1,2,1
MS B ENTERPRISE,573843.0,3,1,1,1
MIYANI GRAM PANCHAYAT,572933.0,2,1,1,1
Samgra shikha vbhiyan Dungarpur,572500.0,1,1,1,1
SUBHASHREE BISWAL,572454.0,3,1,2,1
SHIRIN ENTERPRISE,572349.0,3,1,1,1
Singsar Gram Panchayat,572082.0,2,1,1,1
LAKSHMANA,571836.0,1,1,1,1
JIJO VARGHESE,571785.0,2,1,1,1
DES RAJ DHINGRA and CO,571410.0,13,1,2,1
SAHIL KUMAR BHOGAL,571200.0,5,1,1,1
V PRASAD,570489.0,3,1,2,1
YATING TAKO,570387.0,3,1,1,1
TATEM TABING,570387.0,3,1,1,1
TAKAR GAO,570090.0,3,1,1,1
NONGGER GAO,570090.0,3,1,1,1
GRAM PANCHAYAT TIRLA JANPAD PANCHAYAT TIRLA,570000.0,3,1,2,1
Singla Sales Corporation,570000.0,15,1,1,1
Gautam Traders,569728.0,24,1,2,1
HPSCSC KANDRORI,569700.0,12,1,1,1
Puspanjali Associates,569291.0,1,1,1,1
SURYA NARAYAN LENKA,568748.0,2,1,1,1
Man Mohan,568200.0,2,1,1,1
Sunny Electrical Co,567277.0,3,1,1,1
ANAND ELECTRICALS AND ELECTRONICS,567000.0,3,1,1,1
ANNAPURNA ENTERPRISES,566872.0,1,1,1,1
BOMMI SHANKARA,566714.0,3,1,1,1
MR MIHIR KUMAR TUDU,566669.0,2,1,1,1
Laxmi Bricks Manufacturing Co,566400.0,16,1,1,1
Member GPC GUDAVALI,565906.0,2,1,1,1
JYOTI SOLAR ENTERPRISE,565716.0,3,1,1,1
JAY SARDAR CEMENT PRODUCTS,564984.0,2,1,1,1
BADARUDEEN K,563869.0,1,1,1,1
PSN Automobiles Pvt LTD,563523.0,6,2,2,2
Asif Ahmad Bhat,563316.0,3,1,1,1
ROMESH CHANDER,563000.0,1,1,1,1
The Guru kipra CoOp L and C Society LTD,562614.0,2,1,1,1
SUDHAKAR RATHOD,562500.0,3,1,1,1
REP BEN OF DHARMASALA BINAMANDIR CLB GRP,562500.0,3,1,1,1
REN DSA BUILDING BILASIPARA GROUND FLOOR,562500.0,3,1,1,1
SUGREEV,562500.0,3,1,1,1
CONSTRUCTION OF TOILET BLOCK NEAR HAJI M,562500.0,3,1,1,1
Mohanakumara D G,562500.0,3,1,1,1
M A Haleem,562500.0,2,1,1,1
CON COMMUNITY HALL NR BLP HAJJ BHAWAN,562500.0,3,1,1,1
ESHWAR,562500.0,3,1,1,1
PERIYASAMY PERIYANNAN,562476.0,1,1,1,1
SUSHILA CONSTRUCTION,562257.0,1,1,1,1
Gora Cooperative L and C  Society,562147.0,2,1,1,1
ZAREPPA,561750.0,2,1,1,1
OTIS ELEVATOR COMPANY  LTD,561629.0,1,1,1,1
GRAM PANCHAYAT KURUD SILYARI,560557.0,4,1,1,1
MUNISH TILE FACTORY,560418.0,18,1,1,1
DORBAR SHNONG LAITMAWSIANG,560000.0,3,1,1,1
gp chikhali,560000.0,2,1,1,1
SUSANTA KUMAR SAHOO,560000.0,14,1,1,1
SDMC GPS BAMANIYAWALA,560000.0,5,1,1,1
PRAMOD KUMAR RAY,559800.0,1,1,1,1
Chaman Lal Sharma,559500.0,3,1,1,1
Sanjib Gogoi,558612.0,11,1,1,1
A M Dan And Son,558588.0,3,1,1,1
NARAYANA BEHERA,558216.0,3,1,2,1
THE RAJESH CO OP L AND C SOCIETY LTD KATHURA,558160.0,1,1,1,1
Instalimb India Private Ltd,558000.0,3,1,2,1
LAKHAN PATEL,558000.0,11,1,1,1
GANAPATI PIPES AND INDUSTRIES PVT LTD,557854.0,1,1,1,1
RAJ NARAYAN BIND,557756.0,2,1,1,1
SUNEEL KUMAR REDDY BIJIVEMULA,557531.0,1,1,1,1
SUNIL ENTERPRISE,557244.0,1,1,1,1
HP CONSTRUCTION COMPANY,557041.0,1,1,1,1
GRAMIN MAHILA MAHAVIDDYALAYA RANIPUR RAZMO,556000.0,1,1,1,1
Shanmugapriyan M,555127.0,2,1,1,1
Kaka Singh,555124.0,7,1,1,1
Gram pancahyat chopna,555000.0,7,1,1,1
SOURABH HARDWERE AND CENETARY WARE,555000.0,6,1,1,1
Gram pancahyat sagoniya,555000.0,7,1,1,1
Singh ENgg Works,554250.0,3,1,2,1
G N SANITARY AND TILE STORE,553983.0,16,1,1,1
CHHOTALA SAFETY PRODUCTS PVT LTD,553872.0,5,2,2,1
Rakesh Kumar,552784.0,8,3,3,3
BINALBEN VIPULKUMAR DAVE,552168.0,3,1,1,1
MARUTI BUILDNEST PVT LTD,551718.0,3,1,1,1
AMRUT ENTERPRISE,551601.0,6,1,1,1
KIRAN DAS Y L,551251.0,1,1,1,1
BLOCK DEV OFFICER NUAGAON,551048.0,31,1,1,2
Darshan Singh,550907.0,9,2,3,2
NAMDAR SK,550698.0,1,1,1,1
Parmar Tiles,550200.0,9,1,2,1
Sarpanch Gram Panchayat JHIRIYA,550000.0,5,1,1,1
SMC GSSS PHUSANION KA TALLA,550000.0,1,1,1,1
CH ROSHAN PATRO,550000.0,2,1,1,1
GP Chandyal,550000.0,8,1,1,1
Jayant Prasad Yadav,550000.0,4,1,1,1
GP Dharmpur,550000.0,5,1,2,1
GP Majhog Sultani,550000.0,18,1,3,1
GRAM PANCHAYAT HADWADO JANPAD PANCHAYAT SIDHI,550000.0,9,1,1,1
Gram panchayat Nauni,550000.0,4,1,2,1
ASSISTANT ENGINEER KORAPUT BLOCK,550000.0,2,1,1,1
GP Barog,550000.0,4,1,2,1
BIJAY KUMAR TUDU,550000.0,2,1,1,1
AE SUNITA MAHARA NANDAPUR 3,550000.0,2,1,1,1
GRAM PANCHAYAT HARRAI BLOCK CHAVARPATHA,550000.0,5,1,1,1
GP Balag,550000.0,5,1,2,1
S  Q TECHNOLOGIES,549995.0,2,1,1,1
GRAM PANCHAYAT KANTHARIYA,549977.0,3,1,1,1
GRAM PANCHAYAT MITLI,549816.0,3,1,1,1
GRAM PANCHAYAT KERALA,549752.0,2,2,2,2
SARPANCHSHRI AMUDH GRAM PANCHAYAT,549561.0,3,1,1,1
FAROOQ AHMAD DAR,549400.0,1,1,1,1
SOMAYYA MATHAPATI,549018.0,2,1,1,1
Shivakumar Venkatagiriyappa,549013.0,2,1,1,1
GOURAV SHARMA,549000.0,3,1,1,1
BIKE SINGH,549000.0,3,1,1,1
MONGHROLI GRAM PANCHAYAT,548883.0,3,1,1,1
KANJODA GRAM PANCHAYAT,548833.0,4,1,1,1
ANIL KURIAKOSE,548461.0,2,1,1,1
DELA GRAM PANCHAYAT,548154.0,3,1,1,1
MOHAMMED BASHEER MT,548054.0,2,1,1,1
Parwinder Kaur Sarpanch,547839.0,14,1,1,1
JANGOM JYOTI BORA,547800.0,1,1,1,1
RAMNIVAS,547797.0,3,1,1,1
Shree Hari Traders,547770.0,11,1,1,1
Kondapalli Narendra,547725.0,2,1,1,1
Vikram Singh,547620.0,11,2,3,2
YADAV TRADERS,547200.0,8,1,2,1
GRAM PANCHYAT KEVLARI,546879.0,8,1,1,1
mesrs chimanlal,546836.0,1,1,1,1
MISS PRAVATI MOHAPATRA,546738.0,2,1,1,1
GARG BUILDERS,546144.0,12,1,1,1
ZARKHALI JUTH GRAM PANCHAYAT,546087.0,3,1,2,1
PAR EXCELLENCE IT SOLUTIONS,546000.0,2,1,1,1
ANMOL KOHLI,546000.0,3,1,1,1
DB ROYAL CONSTRUCTIONS,545483.0,1,1,1,1
Ritimukta Swain,544863.0,3,1,1,2
SAHIRUL HISAB,544586.0,1,1,1,1
J G  AND CO SHASHANK J G,543750.0,3,1,1,1
Golap Saikia,543670.0,5,1,1,1
The Swati Coop LC Society Ltd,543402.0,1,1,1,1
G KALESHA,543219.0,3,1,1,1
SHREE BALJI IRON STORE,542563.0,5,1,1,1
Suresh Babu K B,541900.0,1,1,1,1
Rajwinder Kumar,541410.0,15,1,2,1
BORUAH HARDWARE AND FABRICATION,540558.0,8,1,1,1
Mustafa Mustaqul Islam,540298.0,5,1,1,1
CONST COMMITTEE OF COMMUNITY HALL AT AMGURI KETE,540000.0,1,1,1,1
GRAM PANCHAYAT BARI,540000.0,3,1,2,1
GRAM PANCHAYAT KADWA,540000.0,3,1,2,1
BR ENTERPRISE,540000.0,3,1,1,1
gram panchayat pusalda,540000.0,3,1,2,1
GRAM PANCHAYAT BASATA,540000.0,3,1,2,1
MOOL BHOOT GRAM SABHA KUDARI,540000.0,4,1,2,1
Late Ram Sunder Shukls Smarak Kanya Inter Collage Sikatiya,540000.0,3,1,1,1
Sarpanch Sachiv Gram Panchayat Beljhiriya,540000.0,4,1,1,2
Gram pancahyat churikhurd,540000.0,5,1,1,1
GRAM PANCHYAT NER,540000.0,6,1,1,1
SARPANCH SACHIV GRAM PANCHAYAT DONAGARIYA,540000.0,4,1,1,2
SARPANCH SACHIV GRAM PANCHAYAT MASURIKHAR,540000.0,4,1,1,2
GP Kotla Panjola,540000.0,3,1,2,1
GP Sariun,540000.0,3,1,2,1
gram panchayat sagarpur,540000.0,3,1,2,1
GRAM PANCHAYAT GATHEWARA,540000.0,3,1,2,1
GP SENDAR,540000.0,4,1,1,1
GANESH ENTERPRISE,540000.0,3,1,1,1
GP Panoh,540000.0,3,1,3,1
GRAM PANCHYAT RAJAKHOH,540000.0,3,1,1,1
Gram Panchayat Salah Jandrah,540000.0,4,1,1,1
GRAM PANCHYAT KHAPAKLA,540000.0,3,1,1,1
GP Choru,540000.0,6,1,3,1
GRAM PANCHAYAT DERI,540000.0,3,1,2,1
AMBAVAD GRAM PANCHAYAT,539830.0,2,1,1,1
RAMAN CEMENT AND SHUTTERING Store,538996.0,13,1,1,1
BALKAR SINGH,538834.0,8,1,1,1
Anadhan Contractor,538463.0,1,1,1,1
Bimalendu Maity,538441.0,1,1,1,1
Niraj Sharma,538200.0,3,1,1,1
GRAM PANCHAYAT MUDIYA,537500.0,8,1,2,1
G K INDUSTRIES,537097.0,5,1,2,1
Gopidi Dhanunjay,536440.0,2,1,1,1
THOTA RAJA REDDY,536440.0,2,1,1,1
Gaddam Srinivas Reddy,536440.0,2,1,1,1
K AADHI REDDY,536246.0,2,1,1,1
Hardeep Singh,535715.0,13,3,3,3
The sachdeva Co operative labour and Construction,535102.0,1,1,1,1
Sumarlang Lyngdoh,535000.0,2,1,1,1
Gupta Tiles Studio,534642.0,5,1,2,1
The Manoj Pannu Co Op LC Society Ltd,533957.0,1,1,1,1
BHAGWATI STEELS,533646.0,6,1,1,1
PRANABA PRAKASHA SAHU,533600.0,14,1,1,1
NATIONAL CONSTRUCTION COMPANY,533100.0,1,1,1,1
SUSHIL KUMAR,532557.0,4,2,2,2
Sharma Bricks Supply Co,532224.0,3,1,1,1
ANUDEV J C,531664.0,1,1,1,1
GURU KIRAT TILE FACTORY,531520.0,3,1,1,1
RAJAN N,531376.0,1,1,1,1
ms varuna construction,530980.0,1,1,1,1
PS ELECTRONICS,530745.0,3,1,1,1
Jito Kaur,530442.0,6,1,1,1
Pardeep Singh,530250.0,8,1,2,1
Dipmal Boro,529950.0,6,1,1,1
SHRI NARSINGH CONSTR,529944.0,1,1,1,1
ANUJA KUMAR JENA,529720.0,1,1,1,1
P SAJEEVAN,529092.0,1,1,1,1
M K Sports,528550.0,7,2,2,2
BASSON CEMENT AND HARDWARE STORE,528540.0,12,1,2,1
NAGNECHIYA CONSTRUCTION COMPANY,528188.0,2,1,1,1
Sajad Husain,528000.0,2,1,1,1
BALJEET TRADERS,527750.0,5,1,1,1
G M ENTERPRISES,527436.0,2,1,1,1
JE SALIPUR DILLIP KUMAR ROUL,527199.0,1,1,1,1
Gram Panchayat Morth Jasai,527123.0,4,1,1,1
CHIEF EXECUTIVE OFFICER,526775.0,4,1,1,1
RAKESH KUMAR PANDHI,526711.0,17,1,1,1
V MATHAI,526392.0,1,1,1,1
MAHALUXMI BKO,525708.0,13,1,1,2
EVANE TREDURS,525600.0,9,1,2,1
R B Infra,525368.0,1,1,1,1
hari ram,525352.0,10,1,1,1
VNB TECHNOLOGIES PRIVATE LIMITED,525034.0,2,1,1,1
GRAM PANCHAYAT DANGIDHANA,525000.0,7,1,2,1
Ansumwi Narzary,525000.0,1,1,1,1
Sarpanch Gram Panchayat Ermur,525000.0,3,1,2,1
sarpach gram pachayat badedharaur,525000.0,3,1,2,1
MS AMAN MARBEL,525000.0,12,1,2,1
GP BASODHAN,525000.0,6,1,1,1
GRAM PANCHAYAT MALIYADHARA,525000.0,3,1,1,1
GRAM PANCHAYAT PIPALDHARA,525000.0,3,1,1,1
GRAM PANCHAYAT ANTALIA,525000.0,6,1,1,1
Commissioner MC Palampur,525000.0,3,1,1,1
GRAM PANCHAYAT GHUGHARA,525000.0,3,1,1,1
RAJYA PARWARTIT YOJNA GP PIPARIYA,525000.0,3,1,1,1
SARPANCH OF GRAM PANCHAYAT KAPOT,525000.0,3,1,1,1
LAXMAPPA GADDANKERI,524979.0,3,1,1,1
SHREEJI CONSTRUCTION,524562.0,2,1,1,1
GP Ligaa,524460.0,7,1,1,1
Sivaboosanam,524022.0,1,1,1,1
JVVNL ITAWA,523677.0,3,1,1,1
DHORIYA HARIPURA GRAM PANCHAYAT,523671.0,6,1,1,1
ZORABER SINGH,523500.0,3,1,1,1
MANNARMANNAN P,522642.0,1,1,1,1
Punjab iron store,522498.0,2,1,2,1
ASHIKA CONSTRUCTION,522388.0,1,1,1,1
NILKHANTH ENTERPRISE,522076.0,4,1,1,1
DS BUILDING MATERIAL,522000.0,3,1,2,1
SDO Sub Urban DHBVN Hansi,522000.0,3,1,1,1
B BALAJI,521949.0,3,1,1,1
LAKSHMAN H T,521921.0,3,1,1,1
MS P Maity Co,521811.0,1,1,1,1
Adapa Narayana Reddy,521032.0,2,1,1,1
SHREE SHYAM CONSTRUCTION AND JAGDEESH PRASAD,521023.0,1,1,1,1
MATRIBHOOMI CONSTRUCTION PRO ROHIT SINGH,520589.0,1,1,1,1
HARISH PRALHAD SHINDKHEDKAR,520557.0,1,1,1,1
Gill Pipe Industry,520500.0,2,1,1,2
Tayal Trading Company,520332.0,12,1,1,1
POONAM SHUTTERING STORE,520330.0,12,1,1,1
GURU GOBIND SINGH STEEL WORKS,520262.0,2,1,1,1
GP Tiyali,520000.0,5,1,2,1
GP BELRI,520000.0,2,1,1,1
kothi Gehari,520000.0,8,1,1,1
Umamaheshwari J,519506.0,1,1,1,1
NILIM PRIYA KIRO,519105.0,2,1,1,1
KACHHIYAGUDA,519100.0,5,1,2,1
VIPAN KUMAR CONTRACTOR,519000.0,1,1,1,1
RAJANBABU P,518849.0,1,1,1,1
RAKESH SINGH,518652.0,9,3,3,3
BDPO Loksabha 17th MP Lad Scheme,518400.0,2,1,1,1
Nishan Singh Sarpanch,517857.0,9,1,1,1
HARIHARASUDHAN V,517852.0,1,1,1,1
KARAN SINGH,517800.0,6,2,3,2
KETHAMREDDY SANTHISWARUP REDDY,517641.0,6,1,1,1
Sandesh Plywood and Glass House,517620.0,7,1,2,1
Sandeep Cement Store baddon,517272.0,9,1,2,1
A S R ENTERPRISE,517245.0,3,1,2,1
Nayandeep Lama,516902.0,1,1,1,1
Ms Mittal Bricks Co,516115.0,21,1,1,1
Alam Hussain,516000.0,3,1,1,1
ARTIFICIAL LIMBS MANUFACTURING CORPORATION OF INDIA,516000.0,8,2,3,2
MPEB,516000.0,1,1,1,1
Tiwari Electricals,516000.0,4,1,2,1
JAI MAA LAXMI TRADER,515919.0,39,1,1,1
TARA Builder,515484.0,6,1,1,1
Ratha Kishore Sahoo,515164.0,2,1,1,1
OM TRADERS,515143.0,2,1,1,1
PONA HANG LIMBOO,514900.0,1,1,1,1
Sarj Dental and Surgicals,514800.0,1,1,1,1
Manuj Kumar Telia,514100.0,1,1,1,1
RAJDEEP PAUL PURKAYASTHA,513880.0,2,1,2,2
s s enterprise,513374.0,2,1,1,1
TANISHA ENTERPRISE,513000.0,2,1,1,1
Chairman Village Development Committee Mathala,512727.0,1,1,1,1
BHAGAWATI ENTERPRISES,512474.0,1,1,1,1
Waheguru Building Materials Store,511935.0,6,1,2,1
NUNSAVATH JYOTHI,511929.0,3,1,1,1
BELIM IRFAN USMANBHAI,511725.0,5,1,1,1
Gagandeep Singh Mistery Bodal,510900.0,6,1,2,1
Construction of Sand gravel road from Motibar Rahman house to Hassan Ali house,510000.0,1,1,1,1
UDALPUR GRAM PANCHAYAT,510000.0,3,1,1,1
SARDAR NATIONAL DEVELOPMENT INSTITUTE,510000.0,1,1,1,1
Shazia Begum,510000.0,3,1,1,1
GOPAL CHAND SHARMA,510000.0,3,1,1,1
Bhandari Engineering Corp,509590.0,4,1,1,1
PMKR BIKES LLP,509552.0,1,1,1,1
renu kumari,508602.0,1,1,1,1
PRADEEP B,508384.0,1,1,1,1
MS SINGLA ENTERPRISES,508236.0,2,1,1,1
GHRSSIDC,508136.0,2,1,1,1
Fateh Trading Co,507600.0,13,1,1,1
THE SHREE PARBHU RAM COOPERATIVE LABOUR AND CONSTRUCTION SOCIETY LIMITED,507450.0,3,1,1,1
Bijaya Kumar Nayak,507299.0,2,1,1,1
Amir Khan,507000.0,3,1,1,1
OM Construction Company,506784.0,17,1,1,1
PO HIMURJA MANDI,506625.0,9,1,1,1
EE NICHLAUL,506598.0,2,1,2,1
Sri Kabindra Bardaloi,505914.0,1,1,1,1
Sekhon Cement and Shuttering Store Purkhali,505292.0,20,1,1,1
PANCHANAN BISOI,504900.0,3,1,1,2
SUBHANKAR PAIKARAY,504900.0,3,1,1,2
Alapati Constructions,504253.0,1,1,1,1
R D TILES,503958.0,3,1,1,1
KURAI GRAM PANCHAYT,503400.0,2,1,1,1
THE LUV KUSH COOP LABOUR AND CONSTRUCION SOCIETY LTD,503375.0,1,1,1,1
SPORTS SYNDICATE,503280.0,3,1,1,1
IT PROFESSIONALS CO OPERATIVE SOCEITY,502344.0,2,1,1,1
GRAM PANCHAYAT RIYASHYAMDAS,502044.0,3,1,1,1
mahi builders,501081.0,3,1,1,1
Khamhi Wangsa,501000.0,3,1,1,1
Jitendra Kumar Traders,500954.0,1,1,1,1
MPLAD JUELORAM BLOCK ACCOUNT,500579.0,25,1,2,2
CHANDAN SINGH,500400.0,9,3,3,3
Ms GOYAL BRICKS,500062.0,16,1,1,1
MATODA GRAM PANCHAYAT,500000.0,1,1,1,1
Dayapar Gram Panchayt,500000.0,1,1,1,1
SARPANCHSHRI SUNAK GRAM PANCHAYAT,500000.0,4,1,1,1
SARPANCH SHREE GRAM PANCHAYAT BHAGAD,500000.0,1,1,1,1
SARPANCH SHREE GRAMPANCHAYAT LIMBDIYA KARAI,500000.0,1,1,1,1
MEERA ENTERPRISE,500000.0,1,1,1,1
Nongtalang College,500000.0,1,1,1,1
GRAM PANCHAYAT NAYAKBANDHA,500000.0,1,1,1,1
GRAM PANCHAYAT NAVGAM,500000.0,2,1,2,2
Khliehmannup LP School,500000.0,5,1,1,1
Mahadeviya Gram Panchayat,500000.0,2,1,1,1
Gram panchayat selegaon,500000.0,1,1,1,1
GRAM PANCHAYAT TRALSA,500000.0,1,1,1,1
KANIYEL GRAM PANCHAYAT,500000.0,2,1,1,2
Z S CONSTRUCTION,500000.0,1,1,1,1
YMA Tuivamit Branch,500000.0,4,1,2,1
GP MILLAH,500000.0,4,1,2,1
DIWALIPURA GRAM PANCHAYAT,500000.0,2,1,2,1
DINNE PRATAP REDDY,500000.0,1,1,1,1
DINDAYAL MAJUR SAHKARI SANSTHA MARYADIT,500000.0,1,1,1,1
BIJAY KUMAR DAS,500000.0,1,1,1,1
BIJAYANANDA GOCHHAYAT,500000.0,2,1,1,1
BICHITRANANDA SAHU,500000.0,1,1,1,1
BHAGUDA GRAM PANCHAYAT,500000.0,1,1,1,1
BHALOT GRAM PANCHAYAT,500000.0,1,1,1,1
ASHEET KUMAR NANDA,500000.0,1,1,1,1
ASHOK  POOJARY,500000.0,1,1,1,1
Vavari Gram Panchayat,500000.0,1,1,1,1
Valavav Gram Panchayat,500000.0,1,1,1,1
SHELAR MAKRAND SUNIL,500000.0,1,1,1,1
KARA GRAM PANCHAYAT,500000.0,4,1,1,1
ALOK KUMAR NAYAK,500000.0,1,1,1,1
K S ENTERPRISES,500000.0,1,1,1,1
gram panchayat kandar,500000.0,5,1,1,1
Duggu Madhukar,500000.0,1,1,1,1
GP KEYLONG,500000.0,1,1,1,1
GRAM PANCHAYAT GOLAWAND,500000.0,2,1,2,1
Ms R N Enterprises,500000.0,1,1,1,1
GRAM PANCHYAT TOSHGAON,500000.0,2,1,1,1
PRATAP KUMAR SENAPATI,500000.0,1,1,1,1
BHATIB GRAM PANCHAYAT,500000.0,1,1,1,1
GP JARONDHA,500000.0,2,1,1,1
GP JHARKHEDI A,500000.0,2,1,1,1
GP KACHHALIYA,500000.0,1,1,1,1
Waipin K Marak,500000.0,1,1,1,1
GRAM PANCHAYAT VANBHORI,500000.0,2,1,1,1
RAKESH KUMAR GUPTA,500000.0,1,1,1,1
Nani Lakhavad Gram Panchayat,500000.0,1,1,1,1
Gram Panchayat Khadesra,500000.0,4,1,1,1
GP BIRSINGPALI,500000.0,2,1,1,1
GAMOD JUTH GRAM PANCHAYAT,500000.0,2,1,2,1
GANESH CHANDRA SAHU,500000.0,1,1,1,1
Gram Panchayat Kardang,500000.0,1,1,1,1
G P SARIBUJRANG,500000.0,1,1,1,1
Junior Engineer Dasamantpur Block,500000.0,2,1,2,1
Junior Engineer Ramanaguda,500000.0,2,1,1,1
GP Nagabari,500000.0,5,1,1,1
RAJYA PRAWARTIT YOJNA GP PO SARMA,500000.0,4,1,1,1
GRAM PANCHAYAT MORLI,500000.0,1,1,1,1
JDVVNL CHOHATAN,500000.0,1,1,1,1
GRAM PANCHAYAT WADA,500000.0,1,1,1,1
KERALA SMALL INDUSTRIES DEVELOPMENT CORPORATION,500000.0,1,1,1,1
JAYADRATA GIRI,500000.0,1,1,1,1
GP PIPLIPADA,500000.0,5,1,2,1
SHANKAR MAJHI,500000.0,1,1,1,1
SHANVI CONSTRUCTION,500000.0,1,1,1,1
DIBAKAR BEHERA,500000.0,1,1,1,1
GRAM PANCHAYAT MOPKA,500000.0,2,1,1,1
KAVAS GROUP GRAM PANCHAYAT,500000.0,1,1,1,1
RAJYA PRAWARTIT YOJANA G P TANERA,500000.0,4,1,1,1
BHABANI SHANKAR BARIK,500000.0,1,1,1,1
BHUVAD GRAM PANCHAYAT,500000.0,1,1,1,1
GRAM PANCHAYAT GAMJU S B M,500000.0,1,1,1,1
Srinivas Patnaik,500000.0,1,1,1,1
Sotisola Imkong,500000.0,1,1,1,1
South Garo Hills Academy For Cricket Foundation,500000.0,2,1,1,1
GP RASIDPUR JP GAIRATGANJ,500000.0,4,1,1,1
SARADOI GRAMPANCHAYAT SARADOI,500000.0,1,1,1,1
RASIKANANDA MISHRA,500000.0,1,1,1,1
MUP Ainawn Veng,500000.0,4,1,2,1
SANJAYA KUMAR MISHRA,500000.0,1,1,1,1
GRAM PANCHAYAT PNAGARBARI,500000.0,1,1,1,1
JYOTIMAYI PATTANAYAK,500000.0,1,1,1,1
Narendra Kumar Jaiswal Vaishnavi Communication,500000.0,1,1,1,1
GRAM PANCHAYAT PATHRIYA,500000.0,2,1,1,1
GP Rinda,500000.0,5,1,1,1
Managing Committee Markasa Secondary School,500000.0,4,1,1,1
DHARMESHKUMAR BABUBHAI PATEL,500000.0,1,1,1,1
ASST ENGINEER KORAPUT BLOCK2,500000.0,2,1,2,1
GRAM PANCHAYAT MARDAPAL,500000.0,1,1,1,1
SHREE HAJAPAR JUTH GRAM PANCHAYAT,500000.0,1,1,1,1
RAJAVADLA JAM GRAM PANCHAYAT,500000.0,1,1,1,1
RAJESH ASSOCIATES,500000.0,1,1,1,1
SHREE BHUJODI JUTH GRAM PANCHAYAT,500000.0,1,1,1,1
DAVID NOKCHA JAMIR,500000.0,5,1,1,1
SIMLIYA GRAM PANCHAYAT,500000.0,1,1,1,1
MALVI JINGER MOCHI SAMAJ KALYAN SAMITI,500000.0,1,1,1,1
DEO MANDLA,500000.0,1,1,1,1
DELU CONTRUCTION COMPANY,500000.0,1,1,1,1
SHREE NAGIYARI JUTH GRAM PANCHAYAT,500000.0,1,1,1,1
SHREE RAM EARTH MOVERS,500000.0,1,1,1,1
KHAKHRECHI GRAMPANCHAYAT,500000.0,1,1,1,1
VIMLA INTERNATIONAL SCHOOL,500000.0,3,1,1,1
Abhimanyu Sahoo,500000.0,2,1,1,1
KHAMBHARA GRAM PANCHAYAT,500000.0,1,1,1,1
KHANPUR MIRAPUR GROUP GRAM PANCHAY,500000.0,1,1,1,1
Ajnkya Avinash Tawade,500000.0,1,1,1,1
VEJALPUR GRAM PANCHYAT,500000.0,1,1,1,1
VESANIYA GRAM PANCHAYAT,500000.0,1,1,1,1
GP Triloknath,500000.0,1,1,1,1
MALAV GRAM PANCHAYAT,500000.0,2,1,1,1
SHRI NABIN TUDU,500000.0,1,1,1,1
HADMATIYA GRAM PANCHAYAT,500000.0,1,1,1,1
H Liantluanga,500000.0,2,1,1,1
DEBBETI SATYANARAYANA,500000.0,1,1,1,1
SHRI BHANWAR SAI CONSTRUCTION COMPANY,500000.0,1,1,1,1
RAH GRUP GRAM PANCHAYAT,500000.0,1,1,1,1
VEDPUR GRAM PANCHAYAT,500000.0,1,1,1,1
Ajit Kumar Pradhan,500000.0,1,1,1,1
NANI BHATLAV,500000.0,1,1,1,1
VAV JUTH GRAM PACHAYAT,500000.0,1,1,1,1
GRAM PANCHAYAT LAKHNOTI,500000.0,1,1,1,1
HAPA GRAMPANCHAYAT,500000.0,1,1,1,1
GRAM PANCHAYAT MAJHAGANWA,500000.0,2,1,1,1
NARANA GRAM PANCHAYAT,500000.0,1,1,1,1
Abhishek Purohit,500000.0,1,1,1,1
Indrad Gram Panchayat,500000.0,1,1,1,1
Indrajit Vasantrao Salunkhe,500000.0,1,1,1,1
GRAM PANCHAYAT ANDHRA,500000.0,4,1,2,1
shivshakti majoor co op society ltd,500000.0,1,1,1,1
HARISH POOJARI,500000.0,1,1,1,1
swayam sahayata samiti bahot,500000.0,5,1,1,1
Chennaboina Anil Kumar,500000.0,1,1,1,1
MADHELI GRAM PANCHAYAT,500000.0,1,1,1,1
VASUDEV CONSTRUCTION CO,500000.0,1,1,1,1
A SATHAIAH,500000.0,1,1,1,1
gp tajpura jp obedullaganj,500000.0,5,1,1,1
JUNA KATARIYA GRAM PANCHAYAT,500000.0,1,1,1,1
SANDEEP MADHUSUDAN MOHANTA,500000.0,1,1,1,1
MOTIMANEKPUR GRAM PANCHYAT,500000.0,1,1,1,1
Jaleswar College Tapoban,500000.0,2,1,1,1
MITHIVAV GRAM PANCHAYAT,500000.0,2,1,2,1
MISHRA GROUP,500000.0,1,1,1,1
JUNI BHILDI GRAM PANCHAYAT,500000.0,1,1,1,1
MODHUKA GRAM PANCHAYAT,500000.0,1,1,1,1
GP KACHNARIYA ASHTA,500000.0,2,1,1,1
RATANPUR GRAM PANCHAYAT,500000.0,2,1,2,1
SARASWATI SHISHU MANDIR RAJENDRAGRAM,500000.0,1,1,1,1
SARASWATI SISHU BIDYA MANDIRA SORO,500000.0,1,1,1,1
Gram Panchayat Tendukona,500000.0,2,1,1,1
VADHANA GRAM PANCHAYT,500000.0,1,1,1,1
Anand Enterprises,500000.0,1,1,1,1
VAGHAROTA GRAM PANCHAYAT,500000.0,2,1,1,1
R Y Enterprise,500000.0,1,1,1,1
GRAM PANCHAYAT ABHANA  JP DAMOH,500000.0,2,1,1,1
MAA VAISHNO TRADERS,500000.0,2,1,1,1
GRAM PANCHAYAT ARJUNI,500000.0,2,1,2,1
PANELI GRAM PANCHAYAT,500000.0,1,1,1,1
PANKAJ PATNI,500000.0,1,1,1,1
KOTAGALLA RAJU,500000.0,1,1,1,1
BOLUNDRA GRAM PANCHAYAT,500000.0,1,1,1,1
Sojendro D Sangma,500000.0,4,1,1,1
LABDADHARA GRAM PANCHAYAT,500000.0,2,1,1,1
Jaleswer higher secondary school,500000.0,2,1,1,1
GRAM PANCHAYAT SIMALIYA KHURD,500000.0,2,1,2,2
Gp Dhulmahu,500000.0,1,1,1,1
Rakman Sangma,500000.0,2,1,1,1
Ram Chandra Yadav,500000.0,1,1,1,1
Anil Kumar Nisha Tradesh,500000.0,2,1,1,1
Ankaliya Gram Panchayat,500000.0,1,1,1,1
JAKHAD SUPPLIERS,500000.0,1,1,1,1
Gpram Panchayat Pipardi,500000.0,1,1,1,1
CHINAMAYA KUMAR MOHARANA,500000.0,1,1,1,1
SRI GURUDEVA CHARITABLE TRUST,500000.0,2,1,1,1
SOURABH SANJAY RAJESHIRKE,500000.0,1,1,1,1
ADITYA KUMAR MOHANTY,500000.0,1,1,1,1
HARSHITH SANJEEVA POOJARY,500000.0,1,1,1,1
KODAY JUTH GRAM PANCHAYAT,500000.0,1,1,1,1
Jang Bahadur Bal Vidya Mandir,500000.0,1,1,1,1
Medi Krishna,500000.0,1,1,1,1
SONERIPURA GRAM PANCHAYAT,500000.0,2,1,1,1
Canio Salgado M Sangma,500000.0,5,1,1,1
Gram Panchayat Jhumka,500000.0,1,1,1,1
Gram Panchayat Ishwariya Mandavad,500000.0,2,1,1,1
GATHAMAN GROUP GRAM PANCHAYT,500000.0,1,1,1,1
ADHYAKSH GRAMKOSH SFC DHOLKA,500000.0,1,1,1,1
NEOM BUILDERS,500000.0,1,1,1,1
K B Enterprise,500000.0,1,1,1,1
AJIMANA GRAM PANCHAYAT,500000.0,1,1,1,1
GHANTIYAL GRAM PANCHAYAT,500000.0,1,1,1,1
MS J D ENTERPRISE,500000.0,1,1,1,1
Rohit Ramdas Medage,500000.0,1,1,1,1
Gram Panchayat Dahodpura janpad Panchayat Nisarpur,500000.0,1,1,1,1
KOTHAYADI GRAM PANCHAYAT,500000.0,3,1,1,1
VADGAMDA GROUP GRAM PANCHAYAT,500000.0,1,1,1,1
SUBRAT MANGARAJ,500000.0,2,1,1,1
ADHYAKSH GRAMKOSH SFC MORDA,500000.0,1,1,1,1
M Ramesh,500000.0,4,1,1,1
NINTHSON NEL RYNGDONG,500000.0,1,1,1,1
Meghanathan G,500000.0,1,1,1,1
R CUBE CONSTRUCTION,500000.0,1,1,1,1
GRAM PANCHAYAT KUMHARI,500000.0,2,1,1,1
GRAM PANCHAYAT PARSADA CHAKWE,500000.0,2,1,1,1
RIBHOI TRADITIONAL HEALER ASSOCIATION,500000.0,1,1,1,1
MUKESHBHAI MULJIBHAI PRAJAPATI,500000.0,1,1,1,1
MUDETI GRAM PANCHAYAT,500000.0,1,1,1,1
MUDVADA GRAM PANCHAYAT,500000.0,1,1,1,1
Gram Panchayat Gajnod  janpad Panchayat badnawar,500000.0,1,1,1,1
ADHYAKSH GRAMKOSH SFC PANCHED,500000.0,1,1,1,1
Nayapara Anchalik,500000.0,2,1,1,1
Neri,500000.0,5,1,2,1
KADOLI GRAM PANCHAYAT,500000.0,1,1,1,1
gram panchayat arthi,500000.0,5,1,1,1
gram panchayat bahadarpur,500000.0,1,1,1,1
gram panchayat bhawsa,500000.0,1,1,1,1
NAGEN HAZARIKA,500000.0,1,1,1,1
Anunabh Corporation,500000.0,1,1,1,1
V LALRINKIMI,500000.0,2,1,1,1
GP BHOURJHIR,500000.0,4,1,1,1
Muthu,500000.0,1,1,1,1
ADHYAKSH GRAMKOSH SFC TITARI,500000.0,1,1,1,1
shramjivi majur sahakari sanstha maryadit raipatan,500000.0,1,1,1,1
arjun pomu pawar,500000.0,1,1,1,1
BHANPURA BAAL SIKSHAN VIKAS SAMITI,500000.0,1,1,1,1
BDO NANKHARI LOK SABHA,500000.0,1,1,1,1
GRAM PANCHAYAT KADAYA,500000.0,1,1,1,1
ISAROL GROUP GRAM PANCHAYAT,500000.0,1,1,1,1
Punam Sabita Tette JE Bisra Block,500000.0,1,1,1,1
Ms Sarla Associyets,500000.0,2,1,1,1
CHAMPARAN,500000.0,1,1,1,1
Lokanath Behera,500000.0,1,1,1,1
CHALINDRA GRAM PANCHAYAT,500000.0,2,1,1,1
CHALVAD GRAM PANCHAYAT,500000.0,1,1,1,1
SUNAINA BHANJDEO,500000.0,1,1,1,1
GRAM PANCHAYAT BORIACH RAJWADA KAMBADA,500000.0,1,1,1,1
GUNDIVERI GRAM PANCHAYAT,500000.0,1,1,1,1
Sahaylu Kri,500000.0,2,1,1,1
JITPUR GRAM GROUP GRAM  PANCHAYAT,500000.0,1,1,1,1
Bikash Kumar Parida,500000.0,2,1,1,1
ANKUR JITENDRARAI DESAI,500000.0,1,1,1,1
Padmabati Gudala,500000.0,1,1,1,1
GRAM PANCHAYAT KALIPUR NIRMAN YOJNA,500000.0,2,1,1,1
PIYUSH PARSOTTAMBHAI THAKKAR,500000.0,1,1,1,1
Saraswati sishu Mandir Teegaon,500000.0,1,1,1,1
Gram Pnachayat LALPUR,500000.0,2,1,1,1
SYED RAHEMATH ALI,500000.0,1,1,1,1
Bisheswar Rout,500000.0,1,1,1,1
Bishimlu Kri,500000.0,2,1,1,1
NAGARAJA SHETTY,500000.0,1,1,1,1
KRISTON  A SANGMA,500000.0,2,1,1,1
SARPANCH GRAM PANCHAYAT CHIJGAM,500000.0,1,1,1,1
UNDVA GRAM PANCHAYAT,500000.0,1,1,1,1
JAI AMBEY CONSTRUCTION AND TRADING,500000.0,2,1,1,1
Dorbar Shnong Lumdiengjri,500000.0,1,1,1,1
Awadh International Academy,500000.0,1,1,1,1
LUCKY CONSTRUCTION PRO DHEERAJ RAUT,500000.0,1,1,1,1
Transvel N Sangma,500000.0,2,1,1,1
B M CONSTRUCTION,500000.0,1,1,1,1
UCC UGC Account,500000.0,1,1,1,1
Gram Panchayat Tupakbora,500000.0,4,1,1,1
GRAM PANCHAYAT KATAGAON,500000.0,2,1,2,1
Patike Rajendar,500000.0,1,1,1,1
LUMALITHA SHIRA,500000.0,5,1,1,1
LUMRYMMU LP SCHOOL MYNSO,500000.0,2,1,1,1
GRAM PANCHAYAT CHHINAM,500000.0,1,1,1,1
Prafulla Kumar Panda,500000.0,1,1,1,1
New Srinivasa Contruction,500000.0,1,1,1,1
GRAM PANCHAYAT PANDHARI,500000.0,1,1,1,1
GRAM PANCHAYAT CHATOUD,500000.0,2,1,1,1
bhadava,500000.0,1,1,1,1
B SRISHAILAM,500000.0,1,1,1,1
Tombesil A Sangma,500000.0,2,1,1,1
GRAM PANCHAYAT PADARIYA,500000.0,1,1,1,1
KURVA MALLAIAH,500000.0,1,1,1,1
KUMBHASAN GRAM PANCHAYAT,500000.0,1,1,1,1
GRAM PANCHAYAT TILAKAWADA,500000.0,2,1,2,1
Sherkhi Gram Panchayat,500000.0,1,1,1,1
Sanket Sudhakar Khedekar,500000.0,1,1,1,1
Zemabawk Local Council,500000.0,4,1,2,1
GODADATI VENKANNA,500000.0,1,1,1,1
ANGOTH SHIVA RAM,500000.0,4,1,1,1
GOPAL NAYAK,500000.0,1,1,1,1
animesh narendra keer,500000.0,1,1,1,1
FATEHABAD,500000.0,1,1,1,1
FATEPUR VAN JUTH GRAM PANCHAYAT,500000.0,2,1,2,1
SANA CONSTRUCTIONS,500000.0,2,1,1,1
FINE STEEL FURNITURE,500000.0,2,1,1,2
MULBHUT YOJNA G P PONDIKHURD,500000.0,4,1,1,1
Gram Pnachayat Prempara,500000.0,1,1,1,1
ERICROGER N SANGMA,500000.0,2,1,1,1
MOKHA GRAM PANCHYAT,500000.0,1,1,1,1
KADACHHALA GRAM PANCHAYAT,500000.0,1,1,1,1
Santosh Sarthi,500000.0,1,1,1,1
UMBARI GRAM PANCHAYAT,500000.0,1,1,1,1
GRAM PANCHAYT SANJANAVAV,500000.0,1,1,1,1
GRAM PANCHAYAT KHEGAM,500000.0,1,1,1,1
PAVALEPUR GRAM PANCHYAT,500000.0,1,1,1,1
Topu R Sangma,500000.0,2,1,1,1
GRAM PANCHAYAT DHORAN PARDI,500000.0,1,1,1,1
Paschim Kathuri Pre Senior Madrassa at Kathuri,500000.0,2,1,1,1
GRAM PANCHAYAT CHOSALA,500000.0,1,1,1,1
Patidad Gram Panchayat,500000.0,1,1,1,1
Sayali Deepak Kale,500000.0,1,1,1,1
SARPANCH SACHIV G P SAKHO,500000.0,4,1,1,1
Moti Monpari,500000.0,2,1,1,1
PGP SAKROH,500000.0,4,1,3,1
PILVAI GRAM PANCHAYAT,500000.0,1,1,1,1
MHIP Chawlhhmun,500000.0,4,1,2,1
Tejoshee Kataki,500000.0,4,1,1,1
Basenlu Kri,500000.0,2,1,1,1
MHIP Luangmual,500000.0,4,1,2,1
Palladium Buildtech,500000.0,1,1,1,1
LANGHNAJ GRAM PANCHAYAT,500000.0,1,1,1,1
Baba Teerath Das Bal Vidhya Mandir,500000.0,2,1,1,1
GP Khangsar,500000.0,1,1,1,1
GRAM PANCHAYAT RANDHANA,500000.0,2,1,2,1
NICHI MANDAL GRAM PANCHAYAT,500000.0,1,1,1,1
kishorkumar haribhai patel,500000.0,1,1,1,1
SARPANCH GRAM PANCHAYAT NAGDHARA,500000.0,1,1,1,1
lifeline22,500000.0,4,2,2,2
Madishetti Santhosh Kumar,500000.0,2,1,1,1
Jummi Taipodia,500000.0,1,1,1,1
Susanlu Kri,500000.0,2,1,1,1
BHANVAD GRAM PANCHAYAT,500000.0,1,1,1,1
DURGA PRASAD DALAI,500000.0,2,1,1,1
Pangernukshi,500000.0,1,1,1,1
DUSARI ANJANEYULU,500000.0,1,1,1,1
GOKRAN GRAM PANCHAYAT,500000.0,2,1,1,1
TULU SAHOO,500000.0,1,1,1,1
GRAM PANCHAYAT DHAURABHATHA,500000.0,1,1,1,1
Shree Madhapar Navavas Gram Panchayat,500000.0,1,1,1,1
Babulu Kumura,500000.0,1,1,1,1
GRAM PANCHYAT CHAPLE,500000.0,1,1,1,1
GRAM PANCHAYAT KANHERA,500000.0,2,1,1,1
PIPLI GRAM PANCHAYAT,500000.0,1,1,1,1
PRAMOD OJHA,500000.0,2,1,1,1
T SOMESWAR RAO,500000.0,1,1,1,1
Shiv Naresh Sprots PVT LTD,500000.0,1,1,1,1
SAMAKHIYARI GRAM PANCHAYAT,500000.0,1,1,1,1
SAKARIYA GROUP GRAM PANCHAYAT,500000.0,1,1,1,1
SALA GRAM PANCHAYAT,500000.0,1,1,1,1
SAJAN TRADING COMPANY,500000.0,1,1,1,1
MOTA KOTHASANA JUTH GRAM PANCHAYAT KOTHASANA,500000.0,1,1,1,1
TULSIPURA GRAM PANCHAYAT,500000.0,1,1,1,1
Joseph LAlhmangaiha,500000.0,4,1,2,1
KOPPULA SHANKAR,499999.0,1,1,1,1
SHIVANAND GANGAPPA HARIJAN,499999.0,2,1,1,1
GRAM PANCHAYAT PUNI,499999.0,1,1,1,1
Allapuram Shiva Kumar,499998.0,1,1,1,1
Vadagama Vittal,499997.0,1,1,1,1
SHAIKNASSAM KHAJAPEER,499996.0,1,1,1,1
VIBHU TRADERS,499996.0,2,1,1,1
KELTRON,499995.0,1,1,1,1
HM INFRA SOLUTION,499994.0,2,1,1,1
KOTALI SHANKAR,499992.0,1,1,1,1
K Bala Subramanyam,499991.0,1,1,1,1
GRAM PANCHAYAT CHANDROPA,499989.0,4,1,1,1
Pooniya Construction Company,499989.0,1,1,1,1
MANJUNATH GALAGALI,499989.0,2,1,1,1
JANARDHANA REDDY BOBALI,499988.0,1,1,1,1
KANDULA BRAHMAIAH,499986.0,1,1,1,1
JANARDHANA A,499985.0,1,1,1,1
GOLDEN CONSTRUCTION,499976.0,1,1,1,1
NARAYANA,499975.0,1,1,1,1
Shiv Shakti Enterprises,499972.0,4,2,2,2
MS RICKSHMA ENTERPRISES,499971.0,1,1,1,1
GRAM PANCHAYAT GANDHITOLA,499970.0,1,1,1,1
JAYARAMAIAH,499964.0,1,1,1,1
SEVAK BHARUDIYA GRAM PANCHAYAT,499963.0,1,1,1,1
INF RAJ,499963.0,1,1,1,1
GAJANA GRAM PANCHAYAT,499963.0,1,1,1,1
SRI GANESH ENTERPRISES,499962.0,1,1,1,1
Krishanend Construction Satna,499961.0,2,1,1,1
SHRIRAM ENTERPRISES,499960.0,1,1,1,1
PRALHAD RAVALU MORE,499949.0,2,1,1,1
SWAMI NARENDRA ELECTRICAL,499947.0,1,1,1,1
PARSAPPA RAMAPPA MADARAKHANDI,499945.0,2,1,1,1
Syed Rahamathulla,499927.0,1,1,1,1
AHAMMAD BASHEER,499925.0,1,1,1,1
vrajpar gram panchayat,499924.0,1,1,1,1
RAVI NAIK,499914.0,1,1,1,1
KOTHARIYA GRAM PANCHAYAT,499912.0,1,1,1,1
SHRINEETH SHETTY,499910.0,1,1,1,1
JASAPAR GRAM PANCHAYAT,499910.0,1,1,1,1
CHULI GRAM PANCHAYAT,499909.0,1,1,1,1
Shubham Shankar Gaikwad,499908.0,1,1,1,1
gram panchayat budhanbhath,499900.0,2,1,1,1
PULI RAMGOPAL,499899.0,1,1,1,1
CHARANTUNGI GRAM PANCHAYAT,499898.0,1,1,1,1
BALIJA SHEKAR,499892.0,7,1,1,1
GUGULOTH RAMESH BABU,499889.0,1,1,1,1
BALACHANDRA SHANKARAPPA DASAR,499888.0,2,1,1,1
M Nagender,499887.0,1,1,1,1
CHERUKURU CHINNA PENCHALAIAH,499887.0,1,1,1,1
Zumkha Gram Panchayat,499884.0,1,1,1,1
pravendra singh,499882.0,1,1,1,1
MANSAR GRAM PANCHAYAT,499881.0,1,1,1,1
K Bhagyalaxmi,499881.0,1,1,1,1
GRAM PANCHAYAT MOTI DHANEJ,499879.0,1,1,1,1
Bonthu Balakrishna,499876.0,1,1,1,1
GAJANVAV GRAM PANCHAYAT,499873.0,1,1,1,1
khambhda,499871.0,1,1,1,1
SARVESHWAR AND BROTHERS,499860.0,1,1,1,1
Kondeti Vijayabhaskar,499857.0,1,1,1,1
PRESIDENT VLC GURAPPAGARIPALLI GP VEERABALLI,499856.0,1,1,1,1
PEDDI DEVENDHAR,499855.0,1,1,1,1
SHRINIVASKUMAR GADIVADDAR,499844.0,2,1,1,1
BAGATHALA GRAM PANCHAYAT,499816.0,1,1,1,1
PRAJWAL K,499815.0,2,1,1,1
pipaliya gram panchayat,499808.0,1,1,1,1
LAXMIPURA GRUP GRAM PANCHAYAT,499803.0,1,1,1,1
Khinchipura Construction,499800.0,1,1,1,1
R Shankaraiah,499791.0,1,1,1,1
JUNEJ GRAM PANCHAYAT,499758.0,2,1,1,1
PALDI GRAM PANCHAYAT,499756.0,6,1,1,1
Arif Ishtiyak Sheikh,499752.0,1,1,1,1
SARPANCH GRAM PANCHYAT RAVELI,499738.0,2,1,1,1
Dasari Murali,499736.0,1,1,1,1
LALBAHADUR MAGAS VARGIY MAJOOR SAHAKARI SANTHA MARYA SELU,499735.0,1,1,1,1
MAHENDRA ADHIKARI,499735.0,1,1,1,1
MAHESH KULAGUDE,499731.0,2,1,1,1
GRAM PANCHAYAT TORANIYA,499730.0,1,1,1,1
MOHANDAS RAI,499729.0,1,1,1,1
MICRO ENGINEERS,499724.0,1,1,1,1
Gavinolla Chandra Reddy,499722.0,1,1,1,1
SHAIK KALEEM,499714.0,1,1,1,1
GURU DAKSH PARJAPATI DHARMSHALA,499708.0,1,1,1,1
L N Enterprises Yadunandan Yadav V K,499697.0,1,1,1,1
K L Ravikumar,499684.0,1,1,1,1
HEMACHANDRA RAJU KONDARAJU,499675.0,1,1,1,1
PARASHURAM MADAR,499643.0,2,1,1,1
RANJAN TASSA,499633.0,2,1,1,1
DREAM ENTERPRISE,499630.0,1,1,1,1
B Jaya Prakash,499613.0,1,1,1,1
MANOHARA,499590.0,1,1,1,1
M P CONSTRUCTION,499580.0,2,1,1,1
RAMU K,499578.0,1,1,1,1
Bonagiri Narsaiah,499575.0,1,1,1,1
Duppala Raveendra,499565.0,1,1,1,1
VLC PRESIDENT NAGAVARAM GP,499560.0,1,1,1,1
ENJAR GRAM PANCHAYAT,499537.0,1,1,1,1
DR RAM MANOHAR LOHIYA SHIKSHA SANSTHAN,499531.0,1,1,1,1
VINZOL gram panchayat,499518.0,2,1,1,1
RANGANATH V,499501.0,1,1,1,1
RAJ CONTRACTOR,499500.0,2,1,1,1
TALEGAON ROHI MAJOOR SAHAKARI SANSTHA LTD,499500.0,1,1,1,1
KUBER ENTERPRISE,499497.0,1,1,1,1
RANGANATH V K,499478.0,1,1,1,1
Panchhi Construction,499423.0,1,1,1,1
N CHANDRA,499422.0,1,1,1,1
PANDIARAJAN G K,499420.0,1,1,1,1
DIPESH DAYARAM DALAVI,499415.0,1,1,1,1
BAVALI GRAM PANCHAYAT,499412.0,1,1,1,1
GANGAVARAPU SIVAPRASAD,499404.0,1,1,1,1
Kollareddy Suneel Reddy,499404.0,1,1,1,1
MARGHAKUI gram panchayat,499378.0,2,1,1,1
AMBLI GRAM PANCHAYAT,499374.0,1,1,1,1
MS ANNAPURNA ENTERPRISE,499350.0,3,1,2,1
GRAM PANCHAYAT AMROL,499350.0,1,1,1,1
MS LAKSHMI NARAYAN ENTERPRISE,499350.0,3,1,2,1
SHREE AMBIKA ENGINEERING WORK,499350.0,1,1,1,1
SHEKAR GOUD PALUSA,499343.0,1,1,1,1
THORI VADGAS GRAM PANCHAYAT,499315.0,1,1,1,1
LAKHAPARA GRAM PANCHAYAT,499308.0,1,1,1,1
Gram Panchayat Motisheradi,499299.0,1,1,1,1
RUDRA ENTERPRISE GANDHINAGAR,499295.0,1,1,1,1
P Partha Reddy,499292.0,1,1,1,1
Santokh Singh,499286.0,10,1,1,1
ABHAY PRATAP VAIDYA CONTRCTOR,499279.0,1,1,1,1
SHREE SANWARIYA TRADERS,499277.0,1,1,1,1
SHIVPURA GRAM PANCHAYAT,499254.0,1,1,1,1
KAMAL SINGH THATHOLA,499253.0,4,1,1,1
Paramananda Dutta,499246.0,2,1,1,1
Gram Panchayat nandawta,499246.0,1,1,1,1
NAVA GHANTILA GRAM PANCHAYAT,499234.0,2,1,1,1
LALPUR GROUP GRAMPANCHAYAT,499225.0,1,1,1,1
SARPACH GGP KAMAD,499224.0,1,1,1,1
Ch Shramshakti MSS Ltd Wakadi,499215.0,1,1,1,1
KIRAN KUMAR M,499213.0,1,1,1,1
SHIVAKUMAR P G,499186.0,1,1,1,1
GRAM PANCHAYAT MENDI,499179.0,7,1,1,1
AKLACHA gram panchayat,499170.0,2,1,1,1
GRAM PANCHAYT,499167.0,1,1,1,1
Raveendra Reddy Gottikadu,499158.0,1,1,1,1
RAVEENDRAN M,499157.0,1,1,1,1
pachhtardi gram panchayat,499145.0,1,1,1,1
SARPANCH SACHIV GRAM PANCHAYAT BORIGARKA,499142.0,2,1,1,1
JORAPURA gram panchayat,499136.0,2,1,1,1
Gram Panchayat Leriya,499124.0,2,1,1,1
Chairaman Satya Sai Majoor Sahakari Santha Maryadit Narsi,499122.0,1,1,1,1
HIM CONSTRUCTION,499113.0,1,1,1,1
RODA GRAM PANCHAYT,499107.0,1,1,1,1
Shree Balaji Construction,499078.0,1,1,1,1
ALAMPUR GRAM PANCHAYAT,499064.0,2,1,1,1
Sai Ganesh Majur Sah Sanstha Ltd Khambe,499060.0,1,1,1,1
S KHALENDAR BASHA,499058.0,1,1,1,1
DILIP KUMAR KUSHWAHA JE ZP LATEHAR,499037.0,2,1,1,1
DHUNSOL GRAM PANCHAYAT,499034.0,1,1,1,1
SOMASAR GRAM PANCHAYAT,499028.0,1,1,1,1
GRAM PANCHAYAT JUJARPUR,499008.0,2,1,1,1
PREETHAM GANESH,499007.0,1,1,1,1
S Saha,499004.0,1,1,1,1
DHUNADARA gram panchayat,499002.0,2,1,1,1
SARPANCH GRAM PANCHAYAT PORDA,499001.0,1,1,1,1
Kristhu Mahlia Pudupu Sangam,499000.0,1,1,1,1
GRAM PANCHAYAT MOTI BANDIBAR,499000.0,1,1,1,1
Sarpanch Gram Panchayat khamhi,499000.0,2,1,1,1
Sarpanch Gram Panchayat Atariya Khurd,499000.0,2,1,1,1
Sachiv gram panchayat Mohari,499000.0,4,1,1,1
MAROTI ELECTRICAL,499000.0,1,1,1,1
DHARIWAL INTERNATIONAL,499000.0,2,1,1,1
M SARAVANAN,499000.0,2,1,1,1
VED ELECTRICALS,499000.0,1,1,1,1
SHREE RAM SUPPLIERS,499000.0,2,1,1,1
GRAM PANCHAYAT PACHHTAR,498981.0,1,1,1,1
Shantanu Borkakoty,498966.0,2,1,1,1
SriRaj Construction,498957.0,1,1,1,1
AJITH KUMAR P T,498954.0,2,1,1,1
BHARGAV SUMANTRAI PATEL,498910.0,1,1,1,1
MEHTA TRADERS,498908.0,1,1,1,1
G JOSEPH,498908.0,1,1,1,1
KALIYANA GRAM PANCHAYAT,498888.0,1,1,1,1
Galam Ravi,498851.0,1,1,1,1
BASKARAN S,498844.0,1,1,1,1
RADHE CONSTRUCTION,498842.0,2,1,1,1
Viswanadhula Naveen Kumar,498819.0,1,1,1,1
S PRAKASH,498818.0,1,1,1,1
DEV ENTERPRISES,498800.0,1,1,1,1
VEDICHARLA VENKATESWARLU,498787.0,1,1,1,1
PIPALVADA gram panchayat,498778.0,2,1,1,1
Salasar Construction Company Anil Kumar Janu,498767.0,1,1,1,1
RP ELECTRICALS,498751.0,1,1,1,1
SREE GOKULAM HEALTHCARE PVT LTD,498750.0,1,1,1,1
ANNAREDDY GANGADHAR REDDY,498746.0,1,1,1,1
S A M ENTERPRISES,498735.0,1,1,1,1
DUMANA GRAM PANCHAYAT,498703.0,1,1,1,1
Sachin Shahaji Londhe,498686.0,1,1,1,1
GOGLA GRAM PANCHAYAT,498682.0,1,1,1,1
BIRADAR SIDDAPPA,498674.0,1,1,1,1
GOVIND BALLABH JANGEE,498668.0,1,1,1,1
ANJANADRI ENTERPRISES,498667.0,1,1,1,1
SURESH LAMANI,498622.0,2,1,1,1
MOHD RIZWAN MOHD NAZIM,498615.0,1,1,1,1
Battu Yellam,498611.0,1,1,1,1
HARISHA L,498610.0,4,1,1,1
KHARIYA,498604.0,2,1,1,1
Vinayak Agency,498590.0,1,1,1,1
BIKKINENI ANITHA,498579.0,3,1,2,1
V Indrasena,498542.0,1,1,1,1
BENAKA ENTERPRISES,498522.0,1,1,1,1
Vanam Krishna,498504.0,1,1,1,1
MANJUNATH R KALAWAD,498497.0,1,1,1,1
R BASKAR,498490.0,1,1,1,1
LAKSHMIKANTH B T,498466.0,1,1,1,1
Grampanchayat Karyalaya Baspur,498425.0,1,1,1,1
SIVAGAMASUNDARI B,498419.0,1,1,1,1
KONJALI GRAM PANCHAYAT,498414.0,1,1,1,1
NANDAKUMAR V,498401.0,1,1,1,1
Chesti Enterprises,498400.0,1,1,1,1
Challa Mohana Rao,498394.0,1,1,1,1
Bachannagari Chenna Reddy,498392.0,1,1,1,1
SINGLA BROTHERS BKO,498390.0,18,1,1,1
Shubham Dhanaji Thorat,498370.0,1,1,1,1
Green Construction,498356.0,2,1,1,1
Sudarshan Kumar,498355.0,1,1,1,1
UTHSAV H J,498339.0,4,1,1,1
Devpara Gram Panchayat,498331.0,1,1,1,1
Ch Sai prasad majur sahakari sanstha maryadit,498330.0,1,1,1,1
VITTHALPURA AGRAM PANCHAYAT,498328.0,2,1,1,1
ARBM CONSTRUCTIONS,498320.0,1,1,1,1
Tarun Thakur,498289.0,2,1,1,1
AMIT NAGORAO MULE,498287.0,1,1,1,1
Alapati satyanarayana,498247.0,1,1,1,1
AGARVA gram panchayat,498238.0,2,1,1,1
LS ENTERPRISES,498204.0,1,1,1,1
Yelugoti chandra sekhar reddy,498197.0,1,1,1,1
Akshay Sunil Gaikwad,498180.0,1,1,1,1
HANUMAN MAJUR SAH STY GADEGAON,498172.0,1,1,1,1
JAYANTI CONSTRUCTION,498135.0,1,1,1,1
NAVEEN HANAMANT WAGH,498113.0,2,1,1,1
Gram Panchayatbhavanipura,498083.0,1,1,1,1
ADI SATYANARAYANA,498047.0,1,1,1,1
SHASHIKUMAR NAIKAR,498045.0,2,1,1,1
MOOD BADRINAIK,498019.0,1,1,1,1
gram panchayat batwara,498010.0,5,1,1,1
UNIQUE ELECTRICAL,498000.0,1,1,1,1
JAY HAMUNAN MAJUR SAHAKARI SANTHA MARYADIT,497978.0,1,1,1,1
k k stones and cement suppliers,497966.0,1,1,1,1
G HARIBABU NAIDU,497965.0,1,1,1,1
DABHALI GRAMPANCHAYAT,497960.0,2,1,1,1
Sushil Kumar Contractor,497940.0,3,1,1,1
GRAM PANCHAYAT KARYALAYA SONKHED LOHA NANDED,497913.0,1,1,1,1
Chettukindhi Balaraju,497884.0,1,1,1,1
Samantpura Gram Panchayat,497872.0,1,1,1,1
MS SHYAM CONSTRUCTION COMPANY,497751.0,6,1,1,1
Dudhala GP,497698.0,1,1,1,1
ROCHAK KUMAR JHA,497619.0,1,1,1,1
KUNTALPUR GRAM PANCHAYAT,497609.0,1,1,1,1
JYOTI SINGH,497607.0,1,1,1,1
GRAM PANCHAYAT TAKALI BRU NAIGOAN,497601.0,1,1,1,1
Shubham Dadaso Pawar,497580.0,1,1,1,1
Noushad P,497522.0,1,1,1,1
Ravichandran G,497516.0,1,1,1,1
Hariprasad g m,497484.0,1,1,1,1
LOKESH K BANDIWADDAR,497478.0,2,1,1,1
KRISHNA BARMEY SARKI19,497351.0,1,1,1,1
Kathgarh Tiles,497337.0,6,1,1,1
DEVENDRAPPA,497280.0,2,1,1,1
K V SIVARAMAKRISHNA,497269.0,1,1,1,1
LAKSHMINARAYAN ENTERPRISE,497250.0,3,1,2,1
MAHESHAPPA JAVALI,497244.0,2,1,1,1
vishwabhushan magasvargiya Majur Sahakari Sanstha M Tuljapur,497237.0,1,1,1,1
BHOJYA GUGULOTH,497083.0,1,1,1,1
Grampanchayat Walsangavi Girakchal,497066.0,1,1,1,1
ROJKA GRAM PANCHAYAT,497065.0,1,1,1,1
PREMNAGAR GRAM PANCHAYAT,497057.0,1,1,1,1
Padmanabha Reddy R,497040.0,1,1,1,1
Opulence Pharma and Health care Services,497000.0,1,1,1,1
DHARAM TRADERS,496994.0,1,1,1,1
BHINDA GRAM PANCHAYAT,496972.0,1,1,1,1
Khajan Singh,496949.0,1,1,1,1
DIBYAJIT SAIKIA,496924.0,2,1,1,1
Shanthipriya MPS,496913.0,1,1,1,1
harshul sharma h S SERVICES,496902.0,6,1,1,1
Sadguru Traders Prop,496881.0,5,1,1,1
Koteppa Fakkirappa Telageri,496873.0,1,1,1,1
DWARAKANATH REDDY,496813.0,1,1,1,1
Naresh Rathi,496720.0,1,1,1,1
MATIN NOOR SHEIKH,496717.0,1,1,1,1
Sarpanch Gram Panchayat Narsingpur,496500.0,2,1,1,1
G soma sekhar Reddy,496494.0,1,1,1,1
JALIYALA GRAM PANCHAYAT,496384.0,1,1,1,1
MS NEW LUXMI ELECTRIC CO,496370.0,8,1,1,1
SATHI VANDICHALIL,496254.0,1,1,1,1
SATIYA GRAM PANCHAYAT,496171.0,1,1,1,1
Green Scale,496165.0,1,1,1,1
P Raghavendar Reddy,496108.0,2,1,1,1
The Siddharth Cooperative Labour and Construction Society Limited,496096.0,1,1,1,1
The Harit Coperative L and C Society Ltd,496084.0,1,1,1,1
Uchadi Gram Panchayat,496073.0,1,1,1,1
GRAM PANCHAYAT CHIKANA TQ DHARMABAD,496040.0,1,1,1,1
Ch Shramlaxmi Majur Sah Sanstha Ltd Waladgaon,496027.0,1,1,1,1
Gram Panchayat Karylay Talni Tq Hadgaon,495989.0,1,1,1,1
Mohammed Mehrooz Farhan Md Muneer Ahmed,495937.0,1,1,1,1
SIDDAPPA D G,495920.0,4,1,1,1
KONGANAPALLI RAVI SANKAR BABU,495905.0,1,1,1,1
JD CONSTRUCTION,495830.0,2,1,1,1
Prince bittan trading and const co,495787.0,1,1,1,1
SHRIKANT BALASHEB KHATING PRO S B KHATING,495744.0,1,1,1,1
R M CONSTRUCTIONS,495600.0,1,1,1,1
GOUTAM SINGH CHOUHAN,495580.0,1,1,1,1
Shekhawati Engineering Works Shop and Construction Company,495507.0,1,1,1,1
JAY AMBE BUILDING MATERIAL SUPPLYERS,495495.0,3,1,1,1
TAMADA VISWANADHAM,495433.0,1,1,1,1
SARPANCH GRAMPANCHAYAT DHOPTESHWAR,495234.0,1,1,1,1
Phool Chand House No 599 Mauli Jagran Chandigarh,495160.0,1,1,1,1
Dharavath Kranthi Kumar,495109.0,1,1,1,1
GRAM PANCHYAT SATHUR,495109.0,5,1,1,1
AKULA MAHENDHAR,495000.0,1,1,1,1
MOHINDER PAL SUPPLIER,495000.0,1,1,1,1
sarpanch Gram panchayat khojalvasa,495000.0,1,1,1,1
GANGA REDDY TANAKASHALA,495000.0,1,1,1,1
GRAM PANCHAYAT KARYALAYA MANGNALI,495000.0,1,1,1,1
THE VRINDAVAN COOP L AND C SOC LTD KTL,495000.0,3,1,1,1
BARAD GANGA MOHAN,495000.0,1,1,1,1
SARPANCH SHREE GRAMPANCHAYAT LAVARPUR,495000.0,1,1,1,1
Goyal construction,495000.0,1,1,1,1
CHAVLAJ GOVINDDA GRAM PANCHAYAT,494922.0,1,1,1,1
grampanchayat indora,494872.0,1,1,1,1
K Narapureddy,494870.0,1,1,1,1
PADMANABHA VEERAKAMBLA,494860.0,1,1,1,1
RANODARA GRAM PANCHAYAT,494800.0,1,1,1,1
A NAVEEN,494728.0,2,1,1,1
JESAPURA gram panchayat,494616.0,1,1,1,1
Rapur Chandra Sekhar,494595.0,1,1,1,1
Anandpara Gram Panchayat,494468.0,2,1,1,1
CHITTA RANJAN PRADHAN,494373.0,1,1,1,1
KANPARA GRAM PANCHAYAT,494370.0,1,1,1,1
Rahul S Waddar,494254.0,1,1,1,1
PRASANTA KUMAR SENAPATI,494172.0,1,1,1,1
MS Gurukrupa Construction,494083.0,1,1,1,1
DECEM Enterprise,494020.0,1,1,1,1
Taba Tapang,494000.0,1,1,1,1
GRAM PANCHAYAT KARYALAYA KHANDGAON HAMID,494000.0,1,1,1,1
VINJALPAR GRAM PANCHAYAT,493832.0,1,1,1,1
Vasireddy Durga Prasad,493534.0,1,1,1,1
SIDANA TRADERS,493526.0,2,1,1,1
Vangaveeti Ravindra Babu,493524.0,1,1,1,1
KIRAN TEJASWI YALIBALLI,493483.0,2,1,1,1
SHRI DELVADA GRAM PANCHAYAT,493301.0,1,1,1,1
UMA KABAK,493300.0,2,1,1,1
Sushant Sandip Deshmane,493290.0,1,1,1,1
SARATH S,493113.0,1,1,1,1
GADAVA GRAM PANCHAYAT,492980.0,5,1,1,1
TAD GRAM PANCHAYAT,492968.0,2,1,1,1
GRAMPANCHAYAT SINDHPUR,492942.0,2,1,1,1
RAJESH S,492885.0,1,1,1,1
MS TUMI LONMO ENTERPRISES,492647.0,1,1,1,1
Ms Z N ASSOCIATES,492517.0,1,1,1,1
Grampanchayat Karyalaya Tagarkheda,492464.0,1,1,1,1
Ch Shramik MSS Ltd Nawalewadi,492457.0,1,1,1,1
Manthena GangaReddy,492443.0,1,1,1,1
REKHA ENTERPRISE,492429.0,1,1,1,1
MEKALSUTA STEEL AND GOVERMENT SUPPLIER,492368.0,1,1,1,1
JAI MAA SOLAR SYTEM,492282.0,2,1,1,1
PRASHANT K M,492252.0,1,1,1,1
VARSOLA GRAM PANCHAYAT,492202.0,4,1,1,1
bhushan raghunath gharat,492080.0,1,1,1,1
ANIL KUMAR Y,492008.0,2,1,1,1
Batta Govindaraju,491920.0,1,1,1,1
GRAM PANCHAYAT HIMALA,491912.0,2,1,2,2
GUNDLURU NAVEEN KUMAR,491872.0,1,1,1,1
TEM TAKAR,491852.0,2,1,1,1
MS B S CONSTRUCTION,491847.0,1,1,1,1
Maa Bhadariya Rai Enterprises,491827.0,1,1,1,1
FOR SHRI MALKUJI MAHARAJ MAJUR KAMGAR SAHAKARI SANSTHA M BHAMB RAJA,491821.0,1,1,1,1
SK MUJIBAR RAHAMAN,491808.0,1,1,1,1
NAGAR PALIKA PARISHAD BAGBAHARA,491700.0,1,1,1,1
GRAM PANCHAYAT GOTHRA BHUKRAN,491420.0,2,1,1,1
S M CONSTRUCTION,491100.0,3,1,1,1
RAJESH M R,490958.0,1,1,1,1
Deepak M B,490803.0,1,1,1,1
MAVAPAR GRAM PANCHAYAT,490799.0,1,1,1,1
MANKWA GRAM PANCHAYAT,490790.0,3,1,1,1
Gurbakhsh Singh,490788.0,9,1,1,1
NANI ADBOLI GRAM PANCHAYAT,490728.0,4,1,1,1
Grampanchayat Virva,490396.0,1,1,1,1
CHIKHLI TALUKA AADIVASHI UTKARSH SAHKARI MANDLI LIMITED VADPADA,490381.0,1,1,1,1
SONI CONSTRUCTION,490347.0,1,1,1,1
PRADEEP KUMAR P,490254.0,6,1,1,1
Uchavan Gram Panchayat,490183.0,1,1,1,1
B Srinivasa Ra o,490104.0,1,1,1,1
P R ENTERPRISE AND CONSULTANCY,490050.0,1,1,1,1
gram panchayat kapahi,490028.0,5,1,1,1
National Institute of Physical Medicine and Rehabilitation,490000.0,7,1,1,1
Gram Panchayat Rigar,490000.0,10,1,1,1
T N ANANDA,490000.0,1,1,1,1
Sarpanch Gram Panchayat KHEIRIRANI,490000.0,5,1,1,1
GP Aroliya Jawar Ashta,490000.0,2,1,1,1
DHIRARAM BABRARAM DEWASI,489990.0,1,1,1,1
GRAM PANCHAYAT AJARPURA,489983.0,1,1,1,1
SULABH DOHUTIA,489965.0,2,1,1,1
Kindarva Gram Panchayat,489906.0,1,1,1,1
M P R ASSOCIATES,489890.0,1,1,1,1
R P CONTRACTOR,489818.0,1,1,1,1
Indroi Gram Panchayat,489780.0,2,1,1,1
Jalem Rambabu,489226.0,1,1,1,1
KAKVAKADI BHUMAIAH,489213.0,1,1,1,1
JOHA SEKH,488983.0,1,1,1,1
SHANTI MOHAN JHA,488760.0,1,1,1,1
vanteru nandagopal reddy,488708.0,1,1,1,1
imagine medical system,488400.0,3,1,2,1
Vemula Nageswara Rao,488383.0,1,1,1,1
pachhegam grampanchayat,488380.0,1,1,1,1
RAJKAPOOR SINGH CONTRACTOR,488079.0,1,1,1,1
THE BABA CHANDAN DAS COOPERATIVE LC SOCIETY LIMITED BITHLA,488044.0,1,1,1,1
THE SAHIL CO OPERATIVE LABOUR AND CONSTRUCTION SOCIETY LTD,488013.0,1,1,1,1
SALUJA ENTERPRISES,487635.0,6,1,1,1
VLC PRESIDENT RAJUKUNTA,487431.0,1,1,1,1
Agamamidi Sai Kumar,487388.0,1,1,1,1
KING COMPUTERS AND PHOTO COPY,487250.0,5,1,1,1
N RAJU,487215.0,1,1,1,1
Sarpancha Sachiv Gram panchayat Orchha,487000.0,2,1,2,1
GRAM PANCHAYAT GAMDI MUKHYA,486900.0,2,1,1,1
SEBASTIAN T T,486781.0,1,1,1,1
PRAMOD KUMAR CHOUDHURY,486772.0,1,1,1,1
BONEKAR BHOOMAIAH,486543.0,1,1,1,1
GRAM PANCHAYAT KUTRU,486413.0,1,1,1,1
HIMALAYAN CONSTRUCTION,486235.0,1,1,1,1
Dwivedi Traders,486230.0,1,1,1,1
ANATHA SAHOO,486157.0,1,1,1,1
JYOTHI NAIK,486039.0,1,1,1,1
HARIPURA GRAM PANCHYAT,486000.0,2,1,1,1
BAJIPURA GRAM PANCHAYAT,486000.0,2,1,1,1
CHHAPARI GRAM PANCHAYAT,485765.0,1,1,1,1
Shiv shakti construction,485698.0,3,1,1,1
SUJIT KUMAR JENA,485549.0,1,1,1,1
YASHPAL SINGH MAHARA,485215.0,1,1,1,1
SS PLAY FIT AND GYM,485193.0,1,1,1,1
Kuna Balakrishna,485043.0,1,1,1,1
Gagandeep,485040.0,10,2,3,2
GRAM PANCHAYAT HARSI,485000.0,4,1,1,1
Babla Construction Co,484855.0,1,1,1,1
Vijay Electronics,484500.0,6,1,1,1
ZAQIR HUSSAIN,484500.0,3,1,1,1
Sunrays Green Solutions LLP,483836.0,1,1,1,1
THE DALAL COOPRATIVE LABOUR AND CONSTRUCTION SOCIETY LIMITED mANDOTHI,483512.0,2,1,1,1
SHAKTI CONSTRUCTION CO,483483.0,1,1,1,1
D Mahendra,483029.0,1,1,1,1
PABITRA MOHAN LENKA TC,483001.0,1,1,1,1
Sunny Paul,482835.0,6,1,1,1
SAHIL CEMENT STORE,482613.0,3,1,2,1
KILLARI SANYASI NAIDU,482331.0,1,1,1,1
Seetal Singh and Sons,482322.0,1,1,1,1
Jahagir Saleem,482085.0,3,1,1,1
Parvaiz Enterprises,482025.0,1,1,1,1
ZAMDI GRAM PANCHAYAT,481899.0,1,1,1,1
J S ENTERPRISE,481800.0,4,1,1,1
MUNNI KUMARI,481732.0,1,1,1,1
SARVAGYA CONSTRUCTION,481725.0,1,1,1,1
Kashmiri Furniture and Electronics,481575.0,3,1,1,2
Kartar Iron Store,481500.0,3,1,2,1
LAKHI BUILDING MATERIAL STORE,481500.0,9,2,2,2
SOMANA BOYANA VENKATA CHALAPATHI,481436.0,1,1,1,1
Malida Suppliers Sahalam Malida,481005.0,2,1,1,1
NUMBERDAR CEMENT AND CALAB STORE,480888.0,19,1,2,1
Surya Aqua Purifier,480822.0,1,1,1,1
SHRI DEV NARAYAN BULIDING MATERIAL SUPPLIERS,480764.0,1,1,1,1
Cherlapally Srinivas,480585.0,5,1,1,1
MS Parveen Kumar Govt Contractor,480584.0,2,1,1,1
Mrs SEEMARANI CHOUDHURY,480547.0,1,1,1,1
Sarpanch Gram Panchayat Jhaklai,480000.0,8,1,1,1
GRAM PANCHAYAT KHANDODA,480000.0,3,1,2,1
Friends Industries,480000.0,2,1,1,1
EDD SAHABAD HARDOI,480000.0,3,1,2,1
GRAM PANCHAYAT SIGOUN,480000.0,2,1,2,1
GP JASGUWANKHURD,480000.0,2,1,2,1
GRAM SABHA MAJHGUWANKALA,480000.0,2,1,2,1
GRAM PANCHAYAT ERORA,480000.0,2,1,2,1
JUNIOR ENGINEER 2 SURESH PUSPALAK,480000.0,12,1,1,1
GRAM PANCHAYAT AMRONIYA,480000.0,2,1,2,1
DHARMENDRA KUMAR SAMANTARAY,480000.0,12,1,1,1
DEV AND RENNOVATION OF SWAHID BEDI AT WARD NO 21,480000.0,1,1,1,1
PURUSOTTAM SETH,480000.0,1,1,1,1
VILLAGE PANCHAYAT VARSADA,480000.0,3,1,1,1
GARMPANCHAYAT NIRMALI,480000.0,1,1,1,1
GP BILHERA,480000.0,4,1,1,1
RAJINDER NATH SHARMA,480000.0,3,1,1,1
JUNIOR ENGINEER IV NAYAGARH BLOCK,480000.0,12,1,1,2
GRAM PANCHAYAT BILGAYE,480000.0,3,1,2,1
GRAM PANCHAYAT BIHTA,480000.0,2,1,2,1
GP Barswan,480000.0,3,1,1,1
LOPAMUDRA PATI TC DELANG BLOCK,480000.0,12,1,1,1
LAXMISHANKAR PRATHAMIK VIDYALAYA,480000.0,2,1,1,1
GHANSHYAMNAGAR GRAM PANCHAYAT,479985.0,1,1,1,1
Seetha,479711.0,1,1,1,1
Ganapathy Electrical,479709.0,3,1,1,1
GRAM PANCHAYAT SHAHPUR,479613.0,1,1,1,1
GANPAT SINGH KANAWAT,479438.0,1,1,1,1
Nav Durga Concrete Udyog,479393.0,1,1,1,1
V P THANKACHAN,479248.0,1,1,1,1
RAMESH T,479107.0,1,1,1,1
SYED ABDUL GHOUSE,478324.0,1,1,1,1
The Majhot COOP LANDC Society Ltd,478276.0,3,1,1,1
AMULYA,477990.0,3,1,2,1
SHAM LAL SURINDER KUMAR,477285.0,8,1,1,1
JP Yadav Constructions Company,477194.0,2,1,1,1
MANGALI PEDDA ANJANEYULU,476907.0,1,1,1,1
K N Murali Krishna,476897.0,1,1,1,1
LAXMAN MEENA,476681.0,1,1,1,1
BHARVADA GRAM PANCHAYAT,476350.0,1,1,1,1
ASHOKA TRADING COMPANY,476112.0,12,1,2,1
Sandeep Agarwal,476012.0,1,1,1,1
B D O BIJEPUR,476000.0,1,1,1,1
LIAQAT ALI,476000.0,1,1,1,1
S S INFRATECH,475912.0,4,1,1,1
INDO FARM EQUIPEMENT LTD,475750.0,1,1,1,1
HARSIDDHI CONSTRUCTION,475658.0,1,1,1,1
Jyosnamayee Behera,475654.0,1,1,1,1
Shipra Das,475344.0,1,1,1,1
Gedela Anil Kumar,475146.0,1,1,1,1
NAGALAKSHMI D,475093.0,1,1,1,1
Hema Constructions,475047.0,6,1,1,1
BDO MEHLA MP LADS MANDI,475000.0,2,1,1,1
GRAM PANCHYAT UMARIA,475000.0,5,1,1,1
Gram pancahyat sukhapura,474971.0,5,1,1,1
Rathor Samaj Harda,474821.0,2,1,1,1
GRAM PANCHAYAT zazori,474716.0,1,1,1,1
BABOO LAL MEENA,474581.0,2,1,1,1
SHIVAJI ENTERPRISES,474340.0,1,1,1,1
Mohd Iqbal Malik,473700.0,3,1,1,1
RETGARH TRADERS,473655.0,6,1,1,1
BINCE JOY,473653.0,1,1,1,1
SUNIL KASHYAP,472708.0,1,1,1,1
Sanjaya Kumar Patel,472648.0,1,1,1,1
Shri Khetarpal Ji Projects And Suppliers,472019.0,1,1,1,1
Abdu Sadique I P,471975.0,1,1,1,1
JAYESHBHAI DHAKADIYA,471804.0,3,1,1,1
R K Traders,471780.0,1,1,1,1
pradip arun shinde,471677.0,1,1,1,1
Jai laxmi construction,471553.0,1,1,1,1
Sonia Jasrotia,471000.0,3,1,1,1
R PHARMA,471000.0,1,1,1,1
NANAKSAR PIPES,470820.0,11,1,2,1
UDAI SINGH DEVRA,470800.0,2,1,1,1
SGR CONSTRUCTION,470790.0,2,1,1,1
Mekapilla Rajesh,470775.0,1,1,1,1
Kumar Construction Company,470727.0,9,1,1,1
MANOJ KUMAR ROUTRAY JE,470268.0,2,1,1,1
MANOJ KUMAR JENA,470219.0,1,1,1,1
ESS KAY SPORTS INDUSTRIES,470000.0,1,1,1,1
Ranjith A V,469854.0,1,1,1,1
raju meena,469621.0,1,1,1,1
NK INFRA,469379.0,4,1,1,1
ANURADHA PUNNAKU,468835.0,1,1,1,1
BHAGWATI TILE STUDIO,468500.0,3,1,1,1
Gaurav Inter prices,467376.0,3,1,1,1
ms balaji counstruction,467193.0,1,1,1,1
PUSHPANJALI SHRI LAXMI ENTERPRISES,466974.0,1,1,1,1
Orsu Srinu,466966.0,1,1,1,1
Jai Jai Mahavir Trading Company,466188.0,9,1,1,1
Khalsa Tiles Industry,466000.0,11,1,2,1
MS SAWARIYA TRADERS,465808.0,16,1,2,1
SREEKUMAR R,465488.0,1,1,1,1
NIGAH WELDING WORKS RAHON,465420.0,2,1,1,1
Saurabh Verma,465268.0,1,1,1,1
SUHAN ENTERPRISE,465160.0,2,1,1,1
Ramkishan Dubey,465157.0,3,1,1,1
BUSHAN KUMAR,465000.0,3,1,1,1
BANKA SINGH,464900.0,2,1,1,1
SARPANCH GRAM PANCHAYAT NAUSHERA KHURD,464535.0,3,1,1,1
Shree Salasar Pashu aahar,464282.0,1,1,1,1
Jai Krishan,464200.0,1,1,1,1
Itishree Mallik,464146.0,2,1,1,1
P G ENTERPRISE,464004.0,3,1,1,1
BANWARILALL OMKARMULL,463241.0,1,1,1,1
The Azad Co operative Labour and Construction Society Limited Ferozepur,462081.0,2,1,1,1
MS Vishwakarma Brick Industry,461700.0,13,1,1,1
GRAM PANCHAYAT HARRATIKRA,461000.0,2,1,1,1
Thota Balija Madhu,460735.0,1,1,1,1
Sudesh Kumar Enterprise,460618.0,3,1,1,1
GP Kutnasir JP BADi,460000.0,6,1,1,1
GP Majhiwar,460000.0,8,1,2,1
PVS AND COMPANY,459743.0,1,1,1,1
BABY KUMARI,459708.0,1,1,1,1
Giri Construction,459314.0,1,1,1,1
lucky Interlock Tiles,458800.0,5,1,2,1
Muhammedkutty,458042.0,1,1,1,1
SHEKHPAT GRAM PANCHAYAT,457714.0,1,1,1,1
GURDEEP SINGH,457671.0,14,3,4,3
VIJAYA GANAPATHI AUTOMOTIVES,457500.0,3,1,1,1
SHIVA CHOUBEY,456752.0,1,1,1,1
MS AIZA ENTERPRISES,456664.0,4,1,1,2
Jagadish Tithre,456600.0,1,1,1,1
CHANDAN BASAVARAJ HONDAPPAGOL,456528.0,1,1,1,1
BADARI PRASAD SHIKSHA PRASAR SAMITI SUTI SUKARAULI,456500.0,1,1,1,1
Bhukya Mangamma,456201.0,1,1,1,1
Sarpanch Gram Panchayat HIWARKHEDI,455000.0,10,1,1,1
MS ANG WANG TRADERS,454956.0,3,1,1,1
Sri Venkateswara Constructions,454338.0,1,1,1,1
SIMAR GRAM PANCHAYAT,453395.0,1,1,1,1
PASUPULA VENKATALAKSHMI,453354.0,1,1,1,1
ankit kumar meena,452537.0,2,1,1,1
KARNAIL SINGH,452496.0,9,2,2,3
Chuni Lal,452000.0,4,1,1,1
PITHA HANSDAH,451220.0,1,1,1,1
BABA DAYA SINGH TILES FACTORY AND BUILDING MATERIAL,450773.0,2,1,1,1
PRABIR KUMAR RAKSHIT,450683.0,1,1,1,1
Saranjit Singh,450681.0,21,1,1,1
S S CHAUHAN MANUFACTURER,450300.0,7,2,3,1
Kutubuddin Fakharuddin Ezzy kuaa,450210.0,3,1,2,1
GRAM PANCHYAT SAKARVADA,450000.0,6,1,1,1
GP Pehad,450000.0,3,1,3,1
GRAMPANCHAYAT PACHRA,450000.0,3,1,1,1
DORBAR SHNONG SHANGPUNG MISSION,450000.0,6,1,1,1
RAJYA PRAVARTIT YOJANA GP ATMA NAGAR,450000.0,3,1,1,1
GP PAPLAH,450000.0,3,1,3,1
BORIYA JAGAPUR GRAM PANCHAYAT,450000.0,3,1,1,1
SARPANCH AND SACHIV GRAM PANCHAYAT BANBANDHA,450000.0,3,1,1,1
GRAM PANCHAYAT DHOLPUR,450000.0,3,1,1,1
G P LOT,450000.0,3,1,1,1
GP Bharara,450000.0,3,1,2,1
G P Talli Bhujjal,450000.0,3,1,2,1
GRAM PANCHAYAT DONDARO,450000.0,3,1,1,1
Sports Junction,450000.0,3,1,1,1
VAISHNAVI ENTERPRISES,450000.0,3,1,2,1
TAJERI GRAM PANCHYAT,450000.0,3,1,1,1
Jiedkupar Kharmaw,450000.0,3,1,1,1
SAPPIN CH MOMIN,450000.0,6,1,1,1
GP Bhanota,450000.0,6,1,1,1
GP Bhalara,450000.0,3,1,2,1
Gram Panchayat Samaruma,450000.0,3,1,2,1
NAMDATBOU,450000.0,3,1,1,1
GRAM PANCHAYAT GOVANDI BHATHALA,450000.0,6,1,1,1
G P Kathli Bharan,450000.0,3,1,2,1
GRAM PANCHAYAT GITHAR,450000.0,3,1,2,1
Gram Panchayat Samloun,450000.0,3,1,1,1
GRAM PANCHAYAT HATHIPURA,450000.0,2,1,1,1
GP PLAHTA,450000.0,3,1,3,1
GRAM PANCHAYAT HADEVA,450000.0,3,1,1,1
GRAM PANCHYAT SANKH,450000.0,6,1,1,1
MITANIN PROTSAHAN RASHI LEPRA,450000.0,3,1,1,1
K Imlitemjen Jamir,450000.0,6,1,1,1
GP KODA JAMUNIYA JP UDAIPURA,450000.0,6,1,1,1
GRUP GRAM PANCHAYAT MAHELOL SARPANCH GRAM PANCHAYA,450000.0,1,1,1,1
Sarpanch Gram Panchayat DHANORA,450000.0,4,1,1,1
GP Mandhodghat,450000.0,3,1,2,1
Grama Panchayat Jamdih,450000.0,3,1,2,1
MULBHUT YOJNA G P SASIN,450000.0,3,1,1,1
Gram Panchayat Parara,450000.0,3,1,2,1
SARPANCH OF GRAM PANCHAYAT BAXSHAHI,450000.0,3,1,1,1
GP Kalinda Matiana,450000.0,3,1,2,1
GP Kaloor,450000.0,3,1,3,1
GP DISWANI,450000.0,3,1,2,1
GRAM PANCHAYAT MUNGWANI,450000.0,3,1,2,1
Erick Momin,450000.0,6,1,1,1
SHRI AMAR CHATTRAWAS NAGAUR,450000.0,1,1,1,1
Gram Panchayat Bhadarwar,450000.0,3,1,1,1
Gram pancahyat kirda,450000.0,8,1,1,1
Bijoystar K Lyngdoh,450000.0,3,1,1,1
Sarpanch Gram Panchayat MOARI,450000.0,3,1,1,1
GRAM PANCHAYT LATHGAON,450000.0,6,1,2,1
GRAM PANCHAYT SUATALA,450000.0,6,1,1,1
gram panchayat sonbarsa,450000.0,3,1,2,1
PRABHAKAR MARBLE EMPORIUM,450000.0,3,1,1,1
Sarpanch Sachiv Gram Panchayat Kothkharra,450000.0,4,1,1,2
Sarpanch Sachiv Gram Panchayat Darri,450000.0,4,1,1,2
Sarpanch gp Kundalikala,450000.0,5,1,1,1
KAVYA CONSTRUCTION,450000.0,1,1,1,1
GP Dhartrupunu,450000.0,3,1,2,1
GRAM PANCHAYAT DHABAI,450000.0,3,1,2,1
Gram Panchayat Mandhole,450000.0,6,1,2,1
Finchadi village,450000.0,3,1,1,1
GP KIRGIKHURD JP UDAIPURA,450000.0,6,1,1,1
GREATFULWELL SOHSHANG,450000.0,3,1,1,1
Gram Panchayat Katwadi Bagdath,450000.0,3,1,2,1
GRAM PANCHAYAT MALAH PIPRIYA,450000.0,3,1,2,1
GP Shakrori,450000.0,3,1,2,1
GRAM PANCHAYAT PUSLA,450000.0,3,1,1,1
GPChowki,450000.0,6,1,3,1
AKRASU Real,450000.0,3,1,1,1
GRAM PANCHAYAT PONDI UPRORA,450000.0,3,1,1,1
GRAM PANCHAYAT SULIPUR VADNAGAR,450000.0,3,1,1,1
GP Tapre MPLADs,450000.0,5,1,3,1
Bowelman,450000.0,2,1,1,1
GUNTHALI GRAM PANCHYAT GRAM PANCHYAT,450000.0,3,1,1,1
GP Karwal,450000.0,6,1,1,1
GP Khangteri,450000.0,3,1,2,1
GP BHAPOO,450000.0,6,1,1,1
GRAM PANCHAYAT NETRANG,450000.0,1,1,1,1
O M Roy Memorial Secondary School,450000.0,3,1,1,1
GP Kot Shilaru,450000.0,3,1,2,1
GP ShadiMatiyana,450000.0,3,1,2,1
GRAM PANCHAYAT KAKARKHAD,450000.0,3,1,1,1
GP Sheel,450000.0,3,1,2,1
MEGHAALIYASANA GRAM PANCHAYAT,450000.0,1,1,1,1
GRAM PANCHAYAT TEDAMA,450000.0,3,1,1,1
GRAM PANCHAYAT BANDHAPALI 14 FIN,450000.0,3,1,1,1
CHURIK A MOMIN,450000.0,6,1,1,1
RAMANA MUVADA GRAM PANCHYAT GRAM PANCHYAT,450000.0,3,1,1,1
SARPANCHSHRI MANEKPURA GRAM PANCHAYAT,450000.0,3,1,1,1
ZAMOK JAMIR,450000.0,6,1,1,1
GRAM PANCHAYAT NAYAGAON,450000.0,3,1,2,1
BAMANVA GRAM PANCHAYAT,450000.0,3,1,1,1
GRAM PANCHAYAT JOGIPALI,450000.0,3,1,1,1
ALMAVADI GRAM PANCHAYAT,450000.0,3,1,1,1
GRAM PANCHAYAT SUNEVKHURD,450000.0,1,1,1,1
GRAM PANCHAYAT NIRDHI,450000.0,3,1,1,1
SARPANCH SACHIV JAMUNIYA,450000.0,3,1,1,1
GP samour,450000.0,3,1,3,1
KADVASAN GRAM PANCHAYAT,450000.0,3,1,1,1
DANNY LANGSTIEH,450000.0,2,1,1,1
HADAMTALA GRAM PANCHAYAT,450000.0,3,1,1,1
chokari Grampanchayat,450000.0,1,1,1,1
GRAM PANCHAYAT BAMANVA,450000.0,3,1,1,1
CMO MUNICIPAL COUNCIL BANKIMONGRA,450000.0,2,1,1,1
akba gram panchayat,450000.0,3,1,1,1
gp tigariya jp obedullaganj,450000.0,3,1,1,1
AMODARA GRAM PANCHAYAT,450000.0,3,1,1,1
gp summerkot,450000.0,3,1,2,1
GRAM PANCHYAT DHANGAON,450000.0,3,1,1,1
Cherak B Marak,450000.0,3,1,1,1
HARIYALA GRAM PANCHAYAT,450000.0,1,1,1,1
CONSTRUCTION OF BOUNDARY WALL OF NABAJYOTI COLLEGE KALGACHIA,450000.0,3,1,1,1
bechar becharji gram pachayat,450000.0,3,1,1,1
gram panchayat baretha,450000.0,3,1,1,1
gp pukhari,450000.0,6,1,1,1
GP Lowerkoti,450000.0,3,1,2,1
GP MAU JP SARANGPUR,450000.0,3,1,1,1
gram panchayat Tinkheda,450000.0,3,1,1,1
AMBAVA GROUP GRAM PANCHAYAT,450000.0,3,1,1,1
GP MASHGAN,450000.0,3,1,1,1
MAHALAKSHMI ENTERPRISE,450000.0,3,1,1,1
sarpanch gp mendki,450000.0,6,1,1,1
Temsumenba Imsong,450000.0,6,1,1,1
Gram Panchayat Nandhan,450000.0,5,1,3,1
PILATUS RONGHANG,450000.0,3,1,1,1
GP Chhibarra,450000.0,3,1,1,1
NADARKHA GRAM PANCHAYAT,450000.0,3,1,1,1
SENG BHALANG KI LONGKMIE UMTARLEN,450000.0,3,1,1,1
Ramenson Ch Marak,450000.0,6,1,1,1
PENDLI LAXMI,449997.0,3,1,1,1
Ess Kay Sports,449949.0,3,1,1,1
Kedar industries and technology,449934.0,3,1,1,1
VLC PRESIDENT REDDIVARIPALLI GP,449930.0,1,1,1,1
DESANG HARDWARE STORE,449922.0,6,1,1,1
BHAWANA ALMARI BAKSHA UDYOG,449904.0,3,1,1,1
Highstone Technologies Private Limited,449900.0,1,1,1,1
GRAM PANCHAYAT MALASONI,449820.0,6,1,1,1
GRAM PANCHAYAT TUVA,449789.0,1,1,1,1
Chanchal Construction and Suppliers,449654.0,1,1,1,1
MUHAR CEMENT STORE,449550.0,3,1,1,1
Baharul Islam,449499.0,3,1,1,1
Allam Raju,449440.0,1,1,1,1
isdra gram panchayat,449439.0,1,1,1,1
Badhan Traders,449400.0,9,1,2,1
Bagadolla Bhumanna,449385.0,3,1,2,1
GRAM PANCHAYAT JINAJ,449325.0,3,1,1,1
SANKHALA GP,449323.0,1,1,1,1
AJOY KUMAR MANDAL,449160.0,1,1,1,1
Ginda Singh,449038.0,8,1,1,1
MANINI MEHER,449037.0,1,1,1,1
SINJINI CONSTRUCTION,449016.0,2,1,1,1
RAJESH KUMAR CONTRACTOR,448979.0,1,1,1,1
ROHIKA GRAM PANCHAYAT,448932.0,3,1,1,2
ram kumar upadhyay,448344.0,1,1,1,1
BANIBRATA CONSTRUCTION,448260.0,3,1,1,1
GRAM PANCHAYAT BALLA,448065.0,3,1,1,1
RAWAT GOVERNMENT CONTRACTOR,447972.0,3,1,1,1
YOGINDER SINGH,447750.0,3,1,1,1
Tarun prajapati,447638.0,3,1,2,1
samarkha gram panchayat,447616.0,2,1,1,1
TAMILNADU CONSTRUCTION LABOUR WELFARE BOARD,447408.0,30,5,5,5
shri balaji construction company,447317.0,1,1,1,1
SUGATHAN KS,447174.0,2,1,1,1
P B Construction prop Dilip Bhunia,447167.0,1,1,1,1
PULPIT,447132.0,3,1,1,1
Gade Kishan,447034.0,1,1,1,1
Virender Kumar,447000.0,3,1,1,1
SHUBHAM SANJAY PATINGE,446796.0,1,1,1,1
Abdul Sajid,446700.0,1,1,1,1
VIKAS CONSTRUCTIONS,446691.0,1,1,1,1
GANESH IRON STORE,446645.0,10,1,1,1
KUNDANGI POTTESU,446254.0,1,1,1,1
RAINU CONSTRUCTION COMPANY,446040.0,3,1,2,1
GRAM PANCHAYAT ILAV,446000.0,4,1,1,1
HARMAN TRADERS,445886.0,25,1,1,1
Tahasildar Champua,445728.0,18,1,2,1
FORTUNE ENTERPRISE,445650.0,3,1,1,1
GRAM PANCHAYAT DABHOU,445588.0,10,1,1,1
P RAVEENDRAKUMAR,445468.0,1,1,1,1
SOYEB ENTERPRISE,445230.0,3,1,1,1
Amith Sharan H E,445110.0,2,1,1,1
GRAM PANCHAYAT MANPURA,445000.0,2,2,2,2
DHANTI HARDWARE,444591.0,5,1,1,1
NAKSHA ENTERPRISES,444553.0,2,1,1,1
SANJU MOLLA,444192.0,3,1,1,1
NAVI FOT GRAM PANCHAYAT,444120.0,1,1,1,1
PK Trading Company,443658.0,3,1,1,1
LIMMADA KRISHNA RAO,443624.0,1,1,1,1
SHIEKH ISLAM TAHIRUL ISLAM,443448.0,3,1,1,1
SHREE COMPUTERS,443439.0,3,1,1,1
GAUTAM ASSOCIATE,443326.0,1,1,1,1
ZALBHAI NI MUVADI,443031.0,6,1,1,1
CHOUDHARY BUILDING MATERIAL SUPPLIERS,442726.0,2,1,1,1
Gade Rathan prasad,442390.0,1,1,1,1
Vemula Mounika,442310.0,1,1,1,1
RAMLAL HEERAJI PRAJAPAT,442209.0,1,1,1,1
TALAGANA VASUDEV,442078.0,1,1,1,1
Madavi Bheer Shaw,441862.0,1,1,1,1
JITENDRA SINGH RATHORE,441649.0,1,1,1,1
DEV ENTERPRIESE,441420.0,3,1,1,1
gram panchayat chando,441288.0,1,1,1,1
Dudi Trading and Construction Co,441174.0,1,1,1,1
SK ENTERPRISES,440730.0,2,1,1,1
Sukanta Enterprise,440458.0,1,1,1,1
MS SUSHMA CONSTRUCTION,440400.0,1,1,1,1
BECHARPURA GRAM PANCHAYAT,440000.0,4,1,1,1
GP CHULHARI,440000.0,5,1,3,1
SUBHRAJITA PANI,440000.0,11,1,1,1
MM Central Avadamy Nebua,440000.0,4,1,1,1
Saduthala Gram Panchayat,440000.0,4,1,1,1
GRAM PANCHAYAT LOHANGI,440000.0,4,1,1,1
GRAM PANCHYAT GURIYA,440000.0,3,1,1,1
Raghavendra M H,440000.0,4,1,1,1
RALISANA GRAM PANCHAYAT,439999.0,3,1,1,1
Janak Prasad Sharma,439761.0,1,1,1,1
Balwinder Singh Bodal Mistri,439650.0,12,1,2,1
BL Contractor,439364.0,1,1,1,1
SWAGIMANI HEMBRAM,439354.0,1,1,1,1
ABDUL SALEEM M,438969.0,1,1,1,1
Ashraful Islam,438898.0,5,1,1,1
Kohladi,438732.0,6,1,1,1
WIN POWER CONSTRUCTION CO,438500.0,1,1,1,1
SANWALIYA CONSTRUCTION,438409.0,1,1,1,1
PAL CONSTRUCTIONS,438297.0,1,1,1,1
Rvinder,438267.0,1,1,1,1
GARM PANCHAYAT KHANDHAURA,437487.0,4,1,1,1
MS TEJA SINGH PIPE FACTORY,437224.0,12,1,2,1
BSG INTERNATIONAL,436437.0,3,1,1,1
MS Sharma Brock Tech,436100.0,25,1,2,1
Bindra Engineers,436028.0,1,1,1,1
KAILASH SUBBA,436023.0,3,1,1,1
Sagar Satmaram Allam,436016.0,1,1,1,1
Sumit patil,436000.0,13,1,1,1
MOHAMMAD YOUSUF KAND,436000.0,1,1,1,1
TN Mohan Reddy,435985.0,1,1,1,1
The Guru Nanak Co op L and C Society Ltd,435846.0,1,1,1,1
SUPER TILE WORKS,435844.0,11,1,2,1
Shri Krishna Traders,435219.0,6,1,1,1
DE OP ADILABAD,435000.0,2,1,1,1
Tahasildar Banspal,434670.0,18,1,2,1
Shiv Shakti iron and Cement store,434574.0,6,1,1,1
TANISA ENTERPRISE,434369.0,1,1,1,1
KCS Traders,434349.0,15,1,2,1
MAA SANTOSHI INDUSTRY,434096.0,1,1,1,1
PJ ENTERPRIESES,433992.0,3,1,1,1
RS CEMENT STORE,433800.0,5,1,1,1
AMBA JEE DEVELOPERS,433324.0,1,1,1,1
HARDEEP WELDING WORKS,433224.0,6,1,2,1
MATHEW M,433152.0,1,1,1,1
Manpreet Singh,433120.0,4,2,3,2
THOMAS JOHN,432975.0,1,1,1,1
MANOJ KUMAR YADAV,432960.0,3,1,1,1
CHANDIGARH STONE CRUSHER,432054.0,10,1,1,1
GRAM PANCHAYAT KUNVA,432000.0,2,1,1,1
GRAM PANCHAYAT BARBASPUR,432000.0,2,1,1,1
VUPPALAPATI MURALI NAIDU,431849.0,1,1,1,1
SUBRAT KUMAR MUKHI,431500.0,1,1,1,1
JEBIN JOHNSON,430969.0,1,1,1,1
GP KURAL,430638.0,3,1,1,1
Ghumman Spun Cement Pipe And Cement Store,430600.0,3,1,1,1
Yudhvir Singh,430500.0,3,1,1,1
H AND C Stores,430390.0,8,1,1,1
SHREENATH CONSTRUCTION COMPANY,430231.0,1,1,1,1
GARG ENTERPRISES,430206.0,10,1,1,1
Ankush Sharma,430200.0,4,1,1,1
SHA CHAGANLAL JAYANTHILAL JAIN,430000.0,1,1,1,1
Punjab Interlock Tiles,429750.0,15,1,1,1
VISWAS COMPUTERS MULTI BRAND SHOPPE,429750.0,3,1,1,1
ASSISTANT ENGINEER LAEO VSK NAWADA,428600.0,2,1,1,1
Hind Tiles Industry,428400.0,2,1,1,1
Gupta Enterprises,428400.0,6,1,2,1
PLATIA CEMENT STORE,428000.0,3,1,1,1
Saini Cement and Shuttering Store,427678.0,16,1,1,1
RAGHAV INDUSTRIES,426977.0,1,1,1,1
santosh saini,426871.0,3,1,1,1
RUBUL BORUAH,426792.0,3,1,1,1
SAMRIDHA CONSTRUCTION,426104.0,1,1,1,1
PESI PRIVATE LIMITED,426013.0,1,1,1,1
RAJU ROY,425280.0,2,1,2,2
MS PRANAV ENGINEERS,425180.0,1,1,1,1
Bilal Ahmad Surkha,425100.0,3,1,1,1
JITENDER KUMAR,425079.0,3,1,1,1
JANA CONSTRUCTION Prop Paresh Chandra Jana,425050.0,1,1,1,1
Musa Mansoor,425043.0,1,1,1,1
Fulmati devi purv madhyamik vidyalay,425000.0,2,1,1,1
JAGAT NARAYAN SARASWATI VIDYALAYA SAMITI,425000.0,2,1,1,1
JANTA INTER COLLEGE ASIDHAWA,425000.0,2,1,1,1
SARASWATI UCHCHTAR MADHYAMIK VIDYALAY,425000.0,2,1,1,1
Bipul Gogoi,424980.0,5,1,1,1
SHRI SHYAM METAL,424554.0,2,1,1,1
J S ENTERPRISES,424204.0,6,2,2,2
Vishri Construction And Paver Block,424168.0,1,1,1,1
Mansoor Keethadath,424041.0,1,1,1,1
KK BUILDING MATERIAL STORE,423756.0,12,1,2,1
saurabh katara,423700.0,2,1,1,1
JOHN V P,423646.0,1,1,1,1
THIPPANI RAM REDDY,423508.0,1,1,1,1
SHIVSHANKAR MAJOOR SAHAKARI SANSTHA LIMITED,423406.0,1,1,1,1
SHRIVASTAVA GROUP,423385.0,1,1,1,1
BANOTH SUDHAKAR,423013.0,1,1,1,1
GRAM PANCHAYAT GALABKHURD,422340.0,6,1,1,1
BMN Trading Co,422283.0,6,1,1,1
MS CHANDAN TILES INDUSTRY,422218.0,4,1,1,1
The Mallowal Cooprative LC Society,422066.0,1,1,1,1
OMESH SHARMA,421500.0,3,1,1,1
JVS  CONSTRUCTIONS,421405.0,1,1,1,1
PABITRA SAIKIA,420897.0,5,1,1,1
sandesar gram panchyat,420815.0,3,1,1,1
GOLUSULA MAHESH,420698.0,1,1,1,1
INFO TECH CORPORATION OF LIMITED,420156.0,6,1,1,1
NURAIN MIYAN,420114.0,6,1,1,1
Meero Construction Company,420004.0,1,1,1,1
Construction and Renovation of Community Hall near Pakretary Khanka,420000.0,1,1,1,1
Construction of road at Junaki Path,420000.0,1,1,1,1
GOTTAM KUMAR,420000.0,3,1,1,1
MR SUBHASH INTER COLLAGE BEGAM GANG UMREE BEGAM GANJ,420000.0,1,1,1,1
Satya sai Traders,420000.0,2,1,1,1
SARPANCH SACHIV GRAM PANCHAYAT USHADH,420000.0,3,1,1,2
GRAM PANCHAYAT BARIUMRAON,420000.0,3,1,1,2
BALAGA SRIRAMULU,419938.0,2,1,1,1
Sarpanch Gram Panchayat Harsolav,419640.0,3,1,1,1
Kuldeep Singh,419290.0,14,5,5,4
RAJIB ALI,419223.0,1,1,1,1
HOTHIJI KHADBA GRAM PANCHAYAT,418982.0,1,1,1,1
PURUSHOTHAMAN E P,418865.0,1,1,1,1
MEMBER WORKS COMMITTE GP PETERU,418694.0,1,1,1,1
GRAM PANCHAYAT GWALOO,418620.0,6,1,1,1
BABA TEERATH DAS BAL VIDHYA MANDIR,418320.0,2,1,1,1
Abishek Thakur,418200.0,3,1,1,1
Chandra Bhushan Construction,418140.0,1,1,1,1
Mouttouraman G,417912.0,3,1,1,2
KRISHNA TALWAR,417642.0,1,1,1,1
BRIGHT CONTSTRUCTION,417480.0,2,1,1,1
ABDUL SATTAR,417413.0,1,1,1,1
PURUSOTTAM HEMBRAM,417306.0,2,1,2,1
POOJA CONSTRUCTION COMPANY,417223.0,4,1,1,1
Pawan bhalla bko,417216.0,3,1,1,1
Abdul Wahid Magray,417000.0,1,1,1,1
RAJESH,416993.0,5,2,2,2
Shiv Traders,416916.0,16,1,1,1
PARTEEK CONSTRUCTION,416880.0,1,1,1,1
MADHUSUDAN PARHI,416871.0,1,1,1,1
BINSU DANIEL,416286.0,1,1,1,1
Som Pal Chaudhary,416250.0,9,1,1,1
Ajay khare,416000.0,13,1,1,1
SHREE BALA JI PIPE INDUSTRIES,415888.0,10,1,1,1
SHAHINSHA,415837.0,1,1,1,1
Gram Panchayat Uberao,415784.0,1,1,1,1
SHIV TRADING CO,415731.0,3,1,1,1
LATIF KHAN,415700.0,14,2,2,2
EX SERVICEMEN ASSOCIATION,415577.0,1,1,1,1
SHREE  CHARBHUJA ENTERPRISES,415415.0,1,1,1,1
Gram Panchayat Bhela,415278.0,4,1,2,1
GRAM PANCHAYAT PHATEHA KA KHIRAK,415276.0,4,1,2,1
GRAM PANCHAYAT TANGA,415276.0,4,1,2,1
gram panchaayt chandrapura,415169.0,4,1,2,1
gram panchayat nandanwara,415158.0,4,1,2,1
DEBENDRA PAUL,414730.0,2,1,1,1
gram panchayat bamhori abda,414373.0,4,1,2,1
PRAVINBHAI MAKVANA,414000.0,3,1,1,1
RAMENDRANARAYAN KAR,414000.0,3,1,1,1
GRAM PANCHAYAT BUDHDHA,414000.0,3,1,1,1
AIJAZ AHMAD BHAT,414000.0,1,1,1,1
Jai Dhanop Maa Contrctor,413962.0,1,1,1,1
Shri Shyam Construction Company,413664.0,1,1,1,1
SHRI CHAMUNDA CEMENT SUPPLIERS,413522.0,2,1,1,1
GURPREET SINGH,413250.0,25,2,2,2
Sanjay Majur Sahkari Sanstha Maryadit,413099.0,1,1,1,1
RAGHAV CONSTRUCTION AND SUPPLIERS,413050.0,1,1,1,1
GAYATRI ENTERPRISES,412866.0,1,1,1,1
AB ENTERPRISE,412623.0,2,1,1,1
SIVAMOTORS,411000.0,3,1,2,1
SHARADA ENTERPRISES,410876.0,1,1,1,1
Chandra Singh Dhabai,410845.0,1,1,1,1
ESS KAY BRICKS INDUSTRIES BKO,410500.0,6,1,1,1
Mittal traders,410408.0,1,1,1,1
GRAM PANCHAYAT GOTET,410261.0,4,1,2,1
RELIABLE TRADERS,410242.0,1,1,1,1
TALUKA DEVELOPMENT OFFICE NADIAD,409587.0,4,1,1,1
GURU NANAK CEMENT STORE,409500.0,11,2,2,2
BHARAT SANITARY HOUSE,409203.0,12,1,1,1
PRATAPBHAI BHUPATBHAI BHAMBHLA,409056.0,3,1,1,1
BRIGHT CONSTRACTION,408894.0,9,1,1,1
MS RAJENDRA SINGH PURAWAT,408890.0,1,1,1,1
NAMAN TRADERS,408783.0,3,1,2,1
PATNAM NAGESH,408727.0,1,1,1,1
Assistant Engineer BAC Kaluk,407440.0,1,1,1,1
Dhirendra Singh Jeena Suppliers,407070.0,7,1,1,1
THE LAVISH COOPERATIVE LABOUR AND CONSTRUCTION SOCIETY LIMITED,406787.0,1,1,1,1
ABHI CONSTRUCTION,406358.0,5,1,1,1
Aparna Construction and Suppliers,406316.0,1,1,1,1
EEEDD 2 CHANDPUR,405900.0,3,1,1,1
Shri Ram Industries,405265.0,1,1,1,1
Sanjeev bricks field,405000.0,3,1,2,1
Daramvir Singh Contractor,405000.0,1,1,1,1
Dalipa Ram,405000.0,6,1,1,1
Sh Mohd Rafi So Keema Ro Dalwah Sangaldan Tehsil Gool District Ramban Contractor,405000.0,3,1,1,1
JOGNIYA EARTH MOVERS,404604.0,1,1,1,1
BIJARNIYA CONTRACTOR AND SUPPLIERS,404036.0,1,1,1,1
Ratan Kumar Mandal,403810.0,3,1,1,1
OM IRON AND CEMENT STORE,403686.0,3,1,1,1
SHAJIMON B,403509.0,1,1,1,1
CHARBHUJA CONTRACTOR,403489.0,1,1,1,1
CHAUDHARY TRADERS,403467.0,9,1,1,1
Sajeeesh kumar,403398.0,1,1,1,1
Pal kaur,403389.0,7,1,1,1
CHABBA INTERLOCK TILES FACTORY,403000.0,1,1,1,1
Rampur Baghelan Bal Kalyan Samiti,403000.0,1,1,1,1
Ms Jovanpreet Contractor,402978.0,2,1,1,1
Sai Enterprise,402871.0,3,1,1,1
shree shyam construction company,402034.0,1,1,1,1
MS Manuke Brick Ind,402000.0,16,1,2,1
JEYID ENTERPRISE,401730.0,3,1,1,1
Kothapally Visnuvardhan  Reddy,401207.0,1,1,1,1
ROSHAN LAL,401115.0,5,2,2,2
KALGIDHAR TRADERS,400731.0,6,1,1,1
ABUTURAAB ELECTRICAL ENGINEERING,400186.0,1,1,1,1
SARPANCH SACHIV DP DHAURABHANTA,400000.0,1,1,1,1
LINCH GRAM PANCHAYAT,400000.0,2,1,1,1
Parevala Gram Panchayat,400000.0,1,1,1,1
Bansal Industries,400000.0,2,1,1,1
VISALIYA GRAM PANCHAYAT,400000.0,1,1,1,1
VIRA GRAMPANCHAYAT,400000.0,1,1,1,1
GRAM PANCHAYAT MITRAL,400000.0,2,1,1,1
Moti Varnoli Gram Panchayat,400000.0,1,1,1,1
AKHAJ GRAM PANCHAYAT,400000.0,1,1,1,1
MANGAVAPAL GRAMAPANCHAYAT,400000.0,1,1,1,1
Sarpanch Gram Panchayat   RAMPURI,400000.0,1,1,1,1
SARPANCH SACHIV GRAM PANCHAYAT KUTHREL,400000.0,1,1,1,1
SARPANCH SACHIV GRAM PANCHAYAT PARSADAJOSHI,400000.0,2,1,1,1
SANDHU FARM TIPPER TROLRY,400000.0,2,1,2,1
Lakhapar Juth Gram Panchayat,400000.0,1,1,1,1
SEBASTIAN KHARMAWPHLANG,400000.0,4,1,1,1
DOLIYA GRAM PANCHAYAT,400000.0,1,1,1,1
GRAM PANCHAYAT VAVKULLI 2,400000.0,2,1,1,1
SARPANCH SACHIV GRAM PANCHAYAT GANYARI,400000.0,1,1,1,1
RANGBAH SHNONG LAWJYNRIEW NONGTHYM,400000.0,1,1,1,1
Pingstarwell Nongphud,400000.0,4,1,1,1
Nandarkha Group Gram Panchayat,400000.0,2,1,1,1
JEDWIN LYNGDOH,400000.0,2,1,1,1
MOTA DEVALIYA GRAM PANCHAYAT,400000.0,1,1,1,1
MORAGAR JUTH GRAM PANCHAYAT,400000.0,1,1,1,1
UNDAWA GRAM PANCHAYAT,400000.0,2,1,2,1
MANOJ KUMAR SWAIN,400000.0,2,1,1,1
DORBAR SHNONG IEWMAWIONG,400000.0,1,1,1,1
MULJIBHAI BHANJIBHAI PRAJAPATI,400000.0,1,1,1,1
SHREE KHAVDA GRAM PANCHAYAT,400000.0,1,1,1,1
SDSCO Paonta,400000.0,2,1,2,1
Sarpanch Shri Dharisna,400000.0,1,1,1,1
Sarpanch Shri Vadod,400000.0,1,1,1,1
Sarpanch Shri Khadiya Thadakuva,400000.0,1,1,1,1
Grampanchayat Kangashiyali,400000.0,1,1,1,1
Mohanpur gram panchayat,400000.0,1,1,1,1
Bhatasana Gram Panchayat,400000.0,1,1,1,1
SHREE LORIA GRAM PANCHAYAT,400000.0,1,1,1,1
GRAM PANCHAYAT MALKHEDA,400000.0,4,1,1,1
GAMBHU GRAM PANCHAYAT 14TH FINANCE COMMISSION,400000.0,2,1,1,1
GP Patnaun MPLads,400000.0,4,1,3,1
ABHOR GRAM PANCHAYAT,400000.0,1,1,1,1
GOTHHADA JUTH GRAM PANCHAYAT,400000.0,2,1,1,1
SAMPANGI NARSAIAH,400000.0,1,1,1,1
BACCHI DEVI SHIVRAJ SINGH SIKSHA SEWA SANSTHAN,400000.0,1,1,1,1
GRAM PANCHYAT CHNIYA KHURD,400000.0,4,1,1,1
sarvesh construction prop RAJENDRA,400000.0,2,1,2,1
RAJU N,400000.0,1,1,1,1
Rampar Abada,400000.0,1,1,1,1
GORAL GRAM PANCHAYAT,400000.0,1,1,1,1
gram panchayat bayla,400000.0,4,1,1,1
Vithon gram panchayat,400000.0,1,1,1,1
RAJ KUMAR GHADAIPATRO,400000.0,1,1,1,1
YERRA DEVARAJ,400000.0,1,1,1,1
MALU GRAM PANCHAYAT,400000.0,2,1,1,1
GP TANGNU JANGLIKH,400000.0,4,1,2,1
GALA GRAM PANCHAYAT,400000.0,1,1,1,1
SHRI GIRIRAJ DHARAN GOUSHALA JEEV SEWA SAMITI,400000.0,4,1,1,1
GRAM PANCHAYAT NANIMUDEL,400000.0,5,1,1,1
GRAM PANCHAYAT DEVA VANTA,400000.0,1,1,1,1
LALITENDU SATPATHY,400000.0,1,1,1,1
NARANPUR NARSOLI GRAM PANCHAYAT,400000.0,1,1,1,1
Laxmishankar Prathamik Vidyalaya,400000.0,2,1,1,1
Ashley Ch Momin,400000.0,4,1,1,1
MOTA VASNA GRAM PANCHAYAT,400000.0,1,1,1,1
Shihor Thikariya Juth Gram Panchayat,400000.0,1,1,1,1
KATKAM  GANGA RADHA,400000.0,1,1,1,1
NARANPAR ROHA JUTH GRAM PANCHAYAT,400000.0,1,1,1,1
GP DIGHAVAN JP UDAIPURA,400000.0,4,1,1,1
gram panchaytat kamti,400000.0,4,1,2,1
gram panchayat salapar,400000.0,4,1,1,1
Gram Panchayat Basnajhar,400000.0,4,1,2,1
GRAM PANCHAYT NARPURA,400000.0,1,1,1,1
NAGALPUR GRAM PANCHAYAT,400000.0,1,1,1,1
Grampanchayat Jasapar,400000.0,1,1,1,1
Press Club Joginder Nagar,400000.0,2,1,1,1
GP SEMLIBARI A,400000.0,1,1,1,1
GP Kothi jhikli,400000.0,4,1,1,1
Mirapuri Grampanchayat,400000.0,2,1,1,1
PYNBIANGBOR SAD,400000.0,2,1,1,1
RASALTYA GRAM PANCHAYAT,400000.0,1,1,1,1
KHUADA GRAM PANCHAYAT,400000.0,1,1,1,1
GRAM PANCHAYAT KAAMTA,400000.0,2,1,1,1
SHRI KADBAL GRAM PANCHAYAT,400000.0,1,1,1,1
SHRI GURUJI SHIKSHAN SAMITI SAUSAR,400000.0,2,1,1,1
MALEKPUR GRAM PANCHAYAT,400000.0,4,1,1,1
GP Muhalkar,400000.0,4,1,1,1
Narsinhpura Gram panchayat,400000.0,1,1,1,1
SHRI KOTHARA JUTH GRAM PANCHAYAT,400000.0,1,1,1,1
PURUSOTTAM MEHER,400000.0,1,1,1,1
PALKHANDA,400000.0,1,1,1,1
SARPANCH SHRI DELADVA GRAM PANCHAYAT,400000.0,1,1,1,1
SARPANCH SHRI JALUNDRA NANA,400000.0,1,1,1,1
MEGHAPIPALIYA  GRAM PANCHAYAT,400000.0,1,1,1,1
SARPANCH GRAM PANCHAYAT BAGDUMAR,400000.0,1,1,1,1
Gram Panchayat Troh,400000.0,4,1,1,1
Ms LTY Enterprises,400000.0,1,1,1,1
Gram Panchayat Khadki,400000.0,2,1,1,1
GRAM PANCHAYAT BARIAFALI,400000.0,2,1,1,1
Mahammadpura Gram Panchayat,400000.0,1,1,1,1
MEGHRAJ GRAM PANCHAYAT,400000.0,1,1,1,1
MEGHAPIPALIYA GRAM PANCHAYAT,400000.0,1,1,1,1
Gram Panchayat Banoti,400000.0,4,1,2,1
Gram Panchayat Bardu Chaina,400000.0,2,1,1,1
DORBAR SHNONG MAWPAT PYLLUN,400000.0,1,1,1,1
DKHIAH PRESBYTARIAN SCHOOL,400000.0,2,1,1,1
GP NAYAKHEDA JP UDAIPURA,400000.0,4,1,1,1
SARPANCH GPKHARSALIA 16126,400000.0,4,1,1,1
sarpanch gp mordongrikhurd,400000.0,1,1,1,1
CHANDRANAGAR DA GRAM PANCHAYAT,400000.0,4,1,1,1
CHAITANYA,400000.0,2,1,1,1
CHANDRODA GRAM PANCHAYT,400000.0,1,1,1,1
KARAMCHAND D SINGH,400000.0,2,1,1,1
GP Barkheda setu JP obedullaganj,400000.0,4,1,1,1
GRAM PANCHAYAT KAPKHEDA,400000.0,4,1,2,1
GRAM PANCHAYAT ANARA,400000.0,2,1,1,1
SRI BANNARI AMMAN TRADERS,400000.0,1,1,1,1
SANTHOSH KUMAR SHETTY,400000.0,1,1,1,1
JITPUR GRAM PANCHAYAT,400000.0,1,1,1,1
KANBIPALLI GRAM PANCHAYAT,400000.0,2,1,2,1
SONDHI GRAM PANCHAYAT,400000.0,1,1,1,1
Meghpar Gram Panchayat,400000.0,1,1,1,1
SARITA PING,400000.0,2,1,1,2
MUNJAKHEDI,400000.0,1,1,1,1
Kebinal Momin,400000.0,4,1,1,1
GRAM PANCHAYAT KHILODI,400000.0,2,1,1,1
TARAKATALAV GRAMAPANCHAYAT,400000.0,2,1,1,1
IOHHOK L P SCHOOL NONGKYNNYIH,400000.0,4,1,1,1
TARADHARI GRAM PANCHAYAT,400000.0,1,1,1,1
RAVMOTI GRAM PANCHAYAT,400000.0,1,1,1,1
sarpanch gp khirsadoh,400000.0,4,1,1,1
MAC Systems,400000.0,1,1,1,1
Mawkohlar,400000.0,4,1,1,1
HARIPAR KERALA GRAM PANCHAYAT,400000.0,1,1,1,1
MADHAV CONSTRUCTION,400000.0,1,1,1,1
HARPREET TRADING CO,400000.0,2,1,1,1
NIKIL SHETTY,400000.0,1,1,1,1
Gram Panchayat Rama Dhoun,400000.0,4,1,2,1
Rikrak M Sangma,400000.0,4,1,1,1
gram panchayat jhaphal,400000.0,1,1,1,1
MAHENDRAPUR GRAM PANCHAYAT,400000.0,1,1,1,1
Reynold M Sangma,400000.0,2,1,1,1
SOUBHAGYA KUMAR NAYAK,400000.0,1,1,1,1
JNP ENTERPRISES,400000.0,1,1,1,1
Gram Panchayat Dharech,400000.0,4,1,2,1
K RAMESH REDDY,400000.0,1,1,1,1
Gaddam Ravikiran Reddy,400000.0,1,1,1,1
GRAM PANCHAYAT RAYDI,400000.0,2,1,1,1
RAGHUNATH SAHOO,400000.0,1,1,1,1
BALAGAN SIDHU,400000.0,2,1,1,1
VANDHIYA GRAM PANCHAYAT,400000.0,1,1,1,1
INDRAJIT BHOI,400000.0,2,1,1,2
DHARMARAJ BISWAL,400000.0,1,1,1,1
BAKROL GRAM PANCHAYAT,400000.0,1,1,1,1
bhadara Gram panchayat,400000.0,1,1,1,1
GRAM PANCHAYAT BALINTA,400000.0,4,1,1,1
BHENSHKHETAR GRAM PANCHAYAT,400000.0,2,1,1,1
Nightstar Shangpliang,400000.0,4,1,1,1
gram bharti,400000.0,2,1,1,1
Gram Panchayat Sankota  janpad Panchayat Dharmpuri District Dhar,400000.0,1,1,1,1
gp salwan,400000.0,4,1,1,1
AMODARA GRAM PANCHAYUAT,400000.0,2,1,1,1
VADINATH GRAM PANCHAYAT,400000.0,2,1,2,1
BHANPURA GRAM PANCHAYAT,400000.0,2,1,2,1
GP AJROLI,400000.0,4,1,2,1
MADHUSUDAN DAS,400000.0,2,1,1,1
GP Anu,400000.0,5,1,3,1
Temsu Ao,400000.0,1,1,1,1
AMARESH CH NAYAK,400000.0,1,1,1,1
GRAM PANCHAYAT TADAVA,400000.0,1,1,1,1
GP Ratangarh,400000.0,4,1,2,1
shree jambarvala gram panchayat,400000.0,1,1,1,1
GP RAST,400000.0,4,1,2,1
PANCHAL METAL CAST,399996.0,4,1,2,1
EDDULA CHANGAL REDDYGARI MAHESWARA REDDY,399992.0,1,1,1,1
KANVIRDI GRAM PANCHAYAT,399975.0,1,1,1,1
NEW GARG ENTERPRISES,399974.0,1,1,1,1
RAMINENI NAGARAJA NAIDU,399973.0,1,1,1,1
SHREE RINARI GRAM PANCHAYAT,399954.0,1,1,1,1
ARERA GRAM PANCHAYAT,399952.0,2,1,1,1
THAMMI VENKATA RAMANAIAH,399951.0,1,1,1,1
BADODRA ROPDA GRAM PANCHAYAT,399949.0,1,1,1,1
Gram Panchayatdavalpura,399942.0,1,1,1,1
JK APPASAMY CONSTRUCTION,399940.0,2,1,1,1
RADHAPPA C,399908.0,5,1,2,1
O L RAVI,399907.0,1,1,1,1
SachivGramPanchayatPanjarakala,399900.0,4,1,1,1
Sachiv gram panchayat Shail,399900.0,4,1,1,1
GRAM PANCHYAT HADALA SORIMBHADA,399886.0,1,1,1,1
VADANA GRAM PANCHAYAT,399884.0,1,1,1,1
Kalaimani Nallur,399872.0,2,1,1,1
APIYA GRAM PANCHAYAT,399851.0,1,1,1,1
SANTI ENTERPRISE,399830.0,2,1,1,1
GRAM PANCHAYAT VADLA,399829.0,1,1,1,1
grampnachyat sadanapura,399811.0,1,1,1,1
R D MAHENDRA,399800.0,2,1,1,1
KAPADYARI,399785.0,1,1,1,1
RAJASHEKAR,399782.0,2,1,1,1
VIJALIYA GRAM PANCHAYAT,399779.0,1,1,1,1
M VELU,399772.0,1,1,1,1
ANURAG JAIN,399764.0,1,1,1,1
BAIJU S,399729.0,1,1,1,1
Sarpanch Shri Zak,399705.0,1,1,1,1
SARPANCH SHRI ZAK,399705.0,1,1,1,1
KADIVETI ANVESH KUMAR REDDY,399700.0,1,1,1,1
DHANDABANI K NALLUR,399689.0,1,1,1,1
AEGIS AUTOMATION INDIA PVT LTD,399625.0,1,1,1,1
GIRISH H S,399608.0,2,1,1,1
Pachha Ajay,399605.0,1,1,1,1
SWARUP SARKAR,399582.0,1,1,1,1
Boratvada Gram Panchayt,399553.0,1,1,1,1
GP Kharal,399503.0,4,1,1,1
JINU GEORGE,399467.0,1,1,1,1
TOPOJI BHAGYALAXMI,399408.0,2,1,1,1
Sarpanch Shri Demaliya,399320.0,1,1,1,1
SHAPURAM GANESH,399284.0,1,1,1,1
SARPANCH GRAM PANCHAYAT SORAM,399248.0,4,1,1,1
HALASWAMY A,399248.0,1,1,1,1
PALL Iron and Hardware Store,399200.0,1,1,1,1
TATARPURA GRAM PANCHAYAT,399200.0,2,1,2,1
The Pricons,399168.0,1,1,1,1
MS SHIVALAY TRADERS,399132.0,2,1,2,1
RANJITPAR GRAM PANCHAYAT,399118.0,1,1,1,1
ARJUN DAS,399106.0,2,1,1,1
PATAN GRAM PANCHAYAT,399068.0,1,1,1,1
MOHINDER SINGH,399000.0,3,1,1,1
Gaivinath Constraction Vijaypur,399000.0,1,1,1,1
KAIRALI LABOUR CONTRACT CO OP SOCIETY,398926.0,1,1,1,1
K S PRADEEP,398900.0,2,1,1,1
SHIVARAMAIAH,398734.0,1,1,1,1
SHIHOR GRAM PANCHAYAT,398703.0,1,1,1,1
GRAM PANCHAYAT MAJEVADI,398683.0,1,1,1,1
PAVAN CONSTRUCTIONS,398678.0,1,1,1,1
Ved Publication,398577.0,2,1,1,1
YARAGARLA RADHAKRISHNA,398519.0,1,1,1,1
SILVANOS VALAPPILLIL ANTONY,398294.0,1,1,1,1
GP WARPA,398292.0,1,1,1,1
PITAHADIYA GRAM PANCHAYAT,398167.0,1,1,1,1
MS SHRI VARA MATAJI JCB,398164.0,1,1,1,1
PAWAN ENTERPRISIS,398132.0,1,1,1,1
GANGADHAR SHIVARAY NIMBAL,398124.0,2,1,1,1
GRAM PANCHAYAT FALLA,398113.0,1,1,1,1
SHRI MOTABHADUKIYA GRAM PANCHAYAT,398074.0,1,1,1,1
Guguloth Rambabu,398073.0,1,1,1,1
VIJAYAKUMAR GURAPPA DHARWAD,398067.0,1,1,1,1
UJJAWAL ENTERPRISES PROP MANISHA DEVI,398052.0,1,1,1,1
gram panchayt khapa,398000.0,4,1,2,1
MS VIVEK MARBLES,397764.0,9,1,1,1
MS ANAAYA ENTERPRISE,397593.0,3,1,1,1
M P NAGARAJ,397583.0,1,1,1,1
Lindum Taju Enterprise,397486.0,1,1,1,1
ALDESAN GRAM PANCHAYAT,397444.0,2,1,1,1
BABA NANAK PIPES,397440.0,3,2,2,2
VEERANNA RAMPPA BARAKER,397413.0,1,1,1,1
GRAM PANCHAYAT KARSU,397291.0,2,1,1,1
Panchaneni Samatha,397280.0,2,1,2,1
GNANANETRA ENGINEERING AND  INFRA PR,397179.0,1,1,1,1
BHOJRAJ MAJOOR SAH SANTHA SAWNER,397004.0,1,1,1,1
KHASTA GRAM PANCHAYAT,396941.0,1,1,1,1
Friends shuttering store,396920.0,28,1,1,1
SHRI KRISHNA STONE AND M SEND,396900.0,9,1,2,1
mahadeviya gram panchayat,396547.0,1,1,1,1
VIPIN SAHRMA,396419.0,2,1,1,1
Shivaji Bhajantri,396375.0,1,1,1,1
Rajwinder Kaur,396282.0,4,2,3,2
Syed Mahammad Firoz Ali,396167.0,1,1,1,1
J K ENTERPRISES JALENDHAR,396124.0,1,1,1,1
RAJU YADAV,396117.0,1,1,1,1
MAHI ENTERPRISES Dharmendra kumar,396034.0,1,1,1,1
MS SURGIMAX INSTRUMENTS,396000.0,2,1,2,1
MS Sarvajeet Singh,395963.0,1,1,1,1
N NALLATHAMBI,395921.0,1,1,1,1
MONALISA MOHAPATRA,395600.0,1,1,1,1
Ajit Senapati,395561.0,2,1,1,1
BABA SADARAM TRADING COMPANY,395512.0,2,1,1,1
AEN OM AVVNL ROOPANGARH,395324.0,2,1,1,1
Ogireddy satya Lokesh Kumar,395244.0,1,1,1,1
GULAM Hussain,395000.0,1,1,1,1
ACCOUNT OFFICER,395000.0,1,1,1,1
BIDYADHARA PATRA,394762.0,1,1,1,1
Jagtar Inderjit Singh,394650.0,9,1,2,1
AMAN ENTERPRISE,394266.0,2,1,1,1
MS DOYING BOTE ENTERPRISE,394182.0,1,1,1,1
KARTIK CHANDRA MAHARANA,394176.0,1,1,1,1
NILKANTH POWER,394095.0,6,1,1,1
AYE ENTERPRISE,393971.0,1,1,1,1
JAI BAJRANG BALI ENTERPRISES,393371.0,1,1,1,1
BHANWAR SINGH RAJPUROHIT,393300.0,3,1,1,1
BANSAL BUILDING MATERIALS,393178.0,19,1,1,1
NARESH SINGH,393000.0,1,1,1,1
EDD Machhalishahar,393000.0,3,1,2,1
Sasidharan K N,392894.0,1,1,1,1
MS Bharta Ram,392751.0,3,1,1,1
Bhupinder Kumar,392692.0,2,1,1,1
Diganta Kalita,392580.0,5,1,1,1
VLC President Neelakantaraopeta GP,392528.0,2,1,1,1
GUPTA BUILDING MATERIAL,392340.0,6,1,2,1
GAINDA SINGH DEVELOPERS,392083.0,1,1,1,1
ms shyam construction,392011.0,3,1,1,1
DAVINDER KUMAR,392000.0,2,1,1,1
Pachar and Company,391823.0,1,1,1,1
Shri Moraj Grampanchayat,391812.0,1,1,1,1
Sumeet Garg Contractor,391600.0,1,1,1,1
BHOOP SINGH,391582.0,2,1,2,1
UDAY CHAND NANDY,391478.0,1,1,1,1
Sanguri Hardware,391404.0,3,1,1,1
MR RANGPUR GRAM PANCHAYAT,390719.0,1,1,1,1
SHREE NAGNARAY CONSTRUCTION COMPANY,390638.0,1,1,1,1
Sampat Singh,390560.0,2,1,1,1
MUHAMMED SHAREEF,390528.0,1,1,1,1
Parash Khatiwoda,390451.0,1,1,1,1
SAVITA ENTERPRISES,390240.0,3,1,1,1
GRAM PANCHAYAT MUNGAWAL,390000.0,3,1,2,1
SARPANCHSHRI KAMLI GRAM PANCHAYAT,390000.0,3,1,1,1
GP SIHANA,390000.0,4,1,3,1
GRAM PANCHAYAT AADNAR,390000.0,3,1,2,1
CHIRAG INDUSTRIES,389966.0,2,1,1,1
GUGNANI MOTORS,389916.0,3,1,1,1
KEERTHI S J,389712.0,2,1,1,1
AFSAR ENTERPRISE,389649.0,3,1,1,1
MS KHAN CONSTRUCTION,389610.0,3,1,1,1
Anup Jyoti Bora,388975.0,1,1,1,1
Satya SaiKalyan Sewa Samiti,388763.0,1,1,1,1
Raoof Ahmad,388524.0,1,1,1,1
Shri Ganpati Tiles,388500.0,10,1,1,1
DASHMESH BKO,388470.0,15,1,1,1
Ms Guru Nanak Pipe Industry,387527.0,10,1,1,1
Shri velva gram panchyat,387478.0,1,1,1,1
Jahangir Ahmad Kumar,387457.0,1,1,1,1
PALAVALASA RAVIKUMAR,387411.0,4,1,1,1
ASHOK JANA,387117.0,3,1,1,1
Bharat Solar And Mechanical Works,387000.0,3,1,2,1
Guru Nanak Eletrical Works,387000.0,3,1,2,1
T B CONSTRUCTION,386451.0,1,1,1,1
Sh Mod Shafi So Ghulam Mohd Ro Rajgarh Tehsil Rajgarh District Ramban Contractor,386000.0,2,1,1,1
Ms Duhan Bhatta Co,385978.0,1,1,1,1
BIJU M,385571.0,1,1,1,1
SARPANCH SACHIV GRAM PANCHAYAT HARIPUR,385200.0,3,1,1,1
GUPTA STEEL CEMENT STORE,384821.0,14,1,2,1
OMASSERY LABOUR CONTRACT CO OPARATIVE SOCIETY,384403.0,1,1,1,1
MUNIR AHMED,384000.0,2,1,1,1
SHRI RAM TRADERS,384000.0,4,1,2,1
Ram Ji Dass,383767.0,1,1,1,1
ASSISTANT ENGINEER SOUTH DISTRICT ZILLA PANCHAYAT,383737.0,1,1,1,1
MEV CONSTRUCTION COMPANY,383628.0,1,1,1,1
Vejandla Ekambareswara Rao,383578.0,2,1,1,1
ARUN DEVELOPERS,383500.0,1,1,1,1
DROM CONSTRUCTION,383364.0,2,1,1,1
AMEER,383009.0,1,1,1,1
SAGGU ENGINEERING WORKS,382880.0,3,1,1,1
SUNDARASU,382845.0,1,1,1,1
Gupata Baba Trading Co,382710.0,2,1,1,1
Hariom Plywood and Fibre House,382674.0,3,1,1,2
Kintali Sai Kumar,382515.0,1,1,1,1
Vice President VTDA Balleruguda,382493.0,1,1,1,1
R K Groups,381850.0,7,1,1,1
MARUTI HARDWARE,381660.0,3,1,1,1
PRADHAN JI CONSTRUCTION COMPANY,381621.0,1,1,1,1
GURU NANAK BUILDING MATERIAL,381600.0,9,1,2,1
GURU KIRPA TRADING CO,381550.0,6,1,1,1
MUNAGALA NAVYA,380996.0,1,1,1,1
JAI BHAWANI MATERIAL SUPPLIERS,380889.0,1,1,1,1
Shri Dev Construction,380469.0,1,1,1,1
MITTAL IRON STORE,380391.0,3,1,1,1
GRAM PANCHAYAT RAJUPURA,380390.0,1,1,1,1
Govind Chandra Mohanta,380228.0,1,1,1,1
venkateswara rao ganesana,380097.0,1,1,1,1
Sarpanch Gram Panchayat PACHGAON,380000.0,3,1,1,1
Sidhu and CO,380000.0,2,1,1,1
GHANI SHAM,380000.0,2,1,1,1
GRAM PANCHAYAT TABBA,380000.0,3,1,2,1
GULATI BRICKS,379842.0,6,1,1,1
Shaji P Kuriakose,379627.0,1,1,1,1
RISHABH TRADERS,379519.0,1,1,1,1
Shankheshwar Construction,379313.0,1,1,1,1
SDO GOPAL NAGAR TECH GOPAL NGR SUB DIV PSPCL EAST DIVISION,378664.0,4,1,1,1
ABDUL BASITH KT,378641.0,1,1,1,1
GURBIK TILES,378352.0,10,1,2,1
SIBIN B S,377663.0,1,1,1,1
new prabhu kirpa enterprises2,377450.0,14,1,2,1
THE SHIVAM CO OP L AND C SOCIETY LTD,377197.0,1,1,1,1
DULFIKAR K V,377147.0,1,1,1,1
Shree  VISHWAKARMA RCC PIPE CO,376672.0,4,1,1,1
AKASH UNNIKRISHNAN,376398.0,1,1,1,1
AMAR SHUKLA,376239.0,1,1,1,1
Salh Cement Store,376037.0,4,1,1,1
SASMITARANI SAHU,376000.0,10,1,1,1
THE SUNRISE CO OP L AND C SOCIETY LTD,375732.0,1,1,1,1
Dev Narayan Construction Company,375565.0,1,1,1,1
The New Bharat CoOp L and C Soceity LTD,375393.0,3,1,2,1
KAILASH CHANDR TIWARI,375350.0,1,1,1,1
S B CONSTRUCTION CO,375259.0,1,1,1,1
Pardhan GP  Thora Bhaloon,375000.0,3,1,1,1
GRAM PANCHAYAT BELKHEDA,375000.0,3,1,1,1
GP BARRAM,375000.0,3,1,1,1
GRAM PANCHAYAT BHINAR,375000.0,3,1,1,1
GP Kupahda,375000.0,3,1,1,1
GRAM PANCHAYAT DEVGARH,375000.0,5,1,1,1
RICHHAWAR,375000.0,1,1,1,1
Chandan P Gowda,375000.0,1,1,1,1
GRAM PANCHYAT KEKADA,375000.0,3,1,1,1
SARPANCHSHREE TINTODAN GRAM PANCHAYAT,375000.0,3,1,1,1
cmo sanawad,375000.0,3,1,1,1
SARPANCHSHREE SUNDARPUR GRAM PANCHAYAT,375000.0,3,1,1,1
SARPANCH SHREE GRAM PANCHAYAT PATI,375000.0,3,1,1,1
GRAM PANCHAYAT TANAKHAR,375000.0,3,1,1,1
GRAM PANCHYAT KHIRETI,375000.0,3,1,1,1
SOMANATH MALLAPPA HUNDRE,375000.0,1,1,1,1
R Mallaiah,375000.0,3,1,1,1
RAGHVENDRA MARUTI NAIK,375000.0,1,1,1,1
gram panchayat ghansore,375000.0,2,1,1,1
HEMANTH KUMAR T,375000.0,1,1,1,1
YAMANAPPA WALMIKI,375000.0,1,1,1,1
B H Harish,375000.0,1,1,1,1
Ricky Dkhar,375000.0,1,1,1,1
GRAM PANCHAYT KHAIRI R INDIRA GANDHI VRIDHAVASTHA PENSAN YOJANA,375000.0,1,1,1,1
Gram panchayat Lonadei,375000.0,3,1,1,1
Gram pancahyat samardhoh,375000.0,3,1,1,1
GRAM PANCHAYAT PARUJAN,375000.0,3,1,1,1
Gram pancahyat saleiybulaki,375000.0,3,1,1,1
SARPANCH SHRI GRAM PANCHAYAT MENDHAR,375000.0,3,1,1,1
GRAM PANCHAYAT SUNWARA,375000.0,1,1,1,1
gram panchayat jhola,375000.0,1,1,1,1
MOUNESH,375000.0,1,1,1,1
MULBHUT G P BARTARAI,375000.0,3,1,1,1
MULBHUT G P PONDIGOSAI,375000.0,3,1,1,1
SHRI SWAMI CONSTRUCTIONS PROP P C SHATAVAJI,375000.0,1,1,1,1
GRAM PANCAHYAT DELVADA VADOLI ALURA,375000.0,3,1,1,1
SIDRAMAPPA SANGAPPA METI,375000.0,1,1,1,1
DADU NYAMGOUDA,375000.0,1,1,1,1
GRAM PANCHAYAT PUNGAR,375000.0,1,1,1,1
GRAM PANCHYAT CHARGAW PRAHLAD,375000.0,6,1,1,1
GOVINDA NAYAK,375000.0,1,1,1,1
GRAM PANCHAYAT PONSRI,375000.0,3,1,1,1
GRAM PANCHAYAT PIPARIYA RAIYAT,375000.0,3,1,2,1
GRAM PANCHAYAT PATHA,375000.0,3,1,1,1
gram panchayat madwa,375000.0,1,1,1,1
GP Sach,375000.0,3,1,1,1
DODDABASANAGOUDA ANANDGOUDA PATIL,375000.0,1,1,1,1
RAJYA PRAWARTIT YOJNA G P SEMRA,375000.0,3,1,1,1
RAJYA PRAWARTIT YOJANA G P KUMHARI DARRI,375000.0,3,1,1,1
GP Protha,375000.0,3,1,1,1
Nagarpalika Amarwara,375000.0,3,1,1,1
GRAM PANCHYAT BANDRA,375000.0,3,1,1,1
gram panchayat budhore,375000.0,1,1,1,1
GRAM PANCHAYAT PARSOLI,375000.0,3,1,1,1
Gram pancahyat bheskhoh,375000.0,3,1,1,1
ASANGEPPA HANUMANTAPPA BANDIWADDAR,375000.0,1,1,1,1
Devaraja D Haralahalli HNP,375000.0,1,1,1,1
JILA CHANDRAWANSHI GOULI MAHASABHA SAMITI BHOMA SEONI,375000.0,1,1,1,1
SURAT BORGOYARY,375000.0,1,1,1,1
UMESH J,375000.0,1,1,1,1
Gram pancahyat madhi,375000.0,3,1,1,1
shivpad sarkar contractor,375000.0,1,1,1,1
GRAM PANCHAYAT MAGOB BHATHA,375000.0,3,1,1,1
GRAM PANCHAYAT MIRJAPORE,375000.0,3,1,1,1
LINGANANDA TALAWAR URF HANCHINAMANI,375000.0,1,1,1,1
BEERAPPA S YANNI,375000.0,1,1,1,1
SANJU SHIVAPPA JEEVANNAVAR,375000.0,1,1,1,1
SANJU B GHORPADE,375000.0,1,1,1,1
SARPANCH OF GRAM PANCHAYAT KARTALA,375000.0,3,1,1,1
SARPANCH OF GRAM PANCHAYAT POTAPANI,375000.0,3,1,1,1
GRAM PANCHAYAT VANSI,375000.0,3,1,1,1
GRAM PANCHAYAT VADSANGAL,375000.0,3,1,1,1
GRAM PANCHAYAT KHURSIPAR MAL,375000.0,1,1,1,1
Sardar  Belavalli colony ASK,375000.0,1,1,1,1
SARPANCH OF GRAM PANCHYAT ALGEDANGH,375000.0,3,1,1,1
Sahanwin,375000.0,3,1,3,1
LINGAPPA,375000.0,1,1,1,1
SANGUL,375000.0,1,1,1,1
Gram pancahyat ghoghri,375000.0,3,1,1,1
Gram pancahyat kohpani,375000.0,3,1,1,1
Gram pancahyat khamtara,375000.0,3,1,1,1
Gram pancahyat reiyarao,375000.0,3,1,1,1
S NAWAJ REDDY,375000.0,3,1,1,1
Sachin S Madiwalar,375000.0,1,1,1,1
OTHER RESOURCE GP RODE,375000.0,3,1,1,1
GRAM PANCHYAT NANDANVADI,375000.0,3,1,1,1
BASAVARAJ GANAGAPPA AMBIGER,375000.0,1,1,1,1
BASAVARAJ GOUDAPPA KARIKALL,375000.0,1,1,1,1
BASAVARAJU,375000.0,1,1,1,1
SARPANCH GRAM PANCHAYAT MASA,375000.0,3,1,1,1
SACHIN KOKKALKI,375000.0,1,1,1,1
VILLAGE PANCHAYAT DHOLAI,375000.0,3,1,1,1
VINAYAK MANE,375000.0,1,1,1,1
Gram Pancahyat AHARWADA,375000.0,3,1,1,1
GRAM PANCHAYAT GHANAUMARI,375000.0,3,1,1,1
GRAM PANCHAYAT KHERGAM,375000.0,3,1,1,1
GRAM PANCHAYAT KHULARI BLOCK CHAWARPATHA,375000.0,1,1,1,1
RAVIKUMAR M,375000.0,1,1,1,1
Gram Panchayat Raipur,375000.0,1,1,1,1
SARPANCH GRAM PANCHAYAT PATHARI,375000.0,3,1,1,1
GRAM PANCHAYAT MANGROL,375000.0,3,1,1,1
GRAM PANCHAYAT DANTI,375000.0,3,1,1,1
GRAM PANCHAYAT MALWADA,375000.0,6,1,1,1
VINAYAK TAMMANACHE,375000.0,1,1,1,1
Shivkumar,375000.0,1,1,1,1
PRKAY CONSTRUCTION PRIVATE LIMITED,375000.0,1,1,1,1
VIJAY S HODLUR,375000.0,1,1,1,1
GRAM PANCHAYAT DHANOURA,375000.0,1,1,1,1
GRAM PANCHAYAT DOB,375000.0,6,1,1,1
ABHISHEK JAMBU MOHITE,375000.0,1,1,1,1
Gram Pancahyat ATRIYA,375000.0,3,1,1,1
E MADHUSUDHAN REDDY,375000.0,3,1,1,1
BHURADABRA VIKAS DABAR,375000.0,3,1,2,1
GRAM PANCHAYAT DULHAPUR,375000.0,1,1,1,1
GRAM PANCHAYAT DIPLA,375000.0,3,1,1,1
G R MAHESH,375000.0,1,1,1,1
DILIP KUMAR DASHORE,375000.0,13,1,1,1
ABHISHEK V GOUDAR,375000.0,1,1,1,1
BOINI ASHAPPA,374988.0,3,1,1,1
SARPANCH SACHIV GRAM PANCHAYAT TINSARA,374868.0,6,1,1,1
VADDE YADAIAH,374775.0,3,1,1,1
SARSWATI SHISHU MANDIR SISWA,374708.0,1,1,1,1
GP MOUDA,374589.0,5,1,1,1
Rajib Haque,374491.0,3,1,1,1
ROCKY CONSTRUCTION,374458.0,1,1,1,1
KAMMARI ANURADHA,374295.0,3,1,1,1
AMAR,374250.0,1,1,1,1
PRALHAD,374250.0,1,1,1,1
P MAHIPAL REDDY,374040.0,3,1,1,1
HIMANSHU GUPTA,374000.0,2,1,1,1
Krishnaveni Loganathan,373998.0,1,1,1,1
T LAKSHMI NARAYANA GBN,373899.0,3,1,1,1
IQBAL SiNGH,373848.0,7,1,2,1
HANAMANT WADDAR,373761.0,3,1,1,1
SR Enterprises prop shahrukh,373538.0,1,1,1,1
SURINDER PAUL SINGH,373500.0,3,1,1,1
E RAGHAVENDER GOUD,373470.0,3,1,1,1
OMRAN PROJECTS PRIVATE LIMITED,373418.0,1,1,1,1
L C Agro,373200.0,6,1,1,1
M Raja Reddy,373161.0,3,1,1,1
RAJU P LAMANI,373141.0,1,1,1,1
MS Shyamal Sarmah,373094.0,3,1,1,1
Ishfaq Shafi,372900.0,3,1,1,1
JAI BAJRANGBALI CONSTRUCTION,372836.0,1,1,1,1
The Keshopura Handa Coop LC Soc Ltd,372797.0,1,1,1,1
KUMARASWAMI H GOUDAR,372723.0,1,1,1,1
Executive Engineer iph Division Dharamshala,372366.0,3,1,1,1
AISURYA RAJALAXMI NATHA,372126.0,2,1,1,1
Ghulam Hussain,372000.0,3,1,1,1
KUSHAL CONSTRUCTION,371994.0,1,1,1,1
QAUDRI FEBRICATION,371992.0,4,1,1,1
Gram Panchayat Jaitpur Sekhpur,371569.0,1,1,1,1
PRAVEENKUMAR KAYAKAD,371547.0,1,1,1,1
KASHINATH BASANNA METRI,371250.0,1,1,1,1
Siddareddy,371250.0,1,1,1,1
RAVI S KATNALLI,371250.0,1,1,1,1
T NAGARATHNA,370728.0,3,1,1,1
BABA SAHIB DASS ENTERPRISES,370656.0,11,2,2,2
DASHMESH TILE FAACTORY,370000.0,1,1,1,1
GRAM PANCHAYAT BHAMBLA,370000.0,4,1,1,1
UMTYLLUN SOHSYNNAM ANIMAL WELFARE SOCIETY,370000.0,2,1,1,1
Mehraj ud din badroo,369900.0,1,1,1,1
CHAKRAPANI B S,369849.0,1,1,1,1
SARPANCH GRAM PANCHAYAT SURAJGAON,369567.0,3,1,2,1
SHIVAKUMAR M SARAGANACHARI,369027.0,3,1,1,1
Executive Engineer Operation APEPDCL Kakinada,369000.0,3,1,2,1
UNIQUE TECHNO SOLUTIONS PVT LTD,368820.0,2,2,2,2
KLK Ventures Private Limited,368736.0,24,1,1,2
SHREE BALAJI CONSRTUCTION CO,368458.0,1,1,1,1
PAWAN KUMAR SANJAY KUMAR,368227.0,1,1,1,1
K Narender,368226.0,3,1,1,1
AEN JVVNL LAXMANGARH,368194.0,1,1,1,1
Parth Construction Company,368034.0,1,1,1,1
Sabu K A,367621.0,1,1,1,1
Akhila C,367500.0,1,1,1,1
SN AGENCIES,367500.0,1,1,1,1
UT INTERNATIONAL TILES,367040.0,4,1,1,1
Rajwinder singh,366999.0,6,1,1,1
MATESHWARI ENTERPRISES,366792.0,1,1,1,1
Sh Mohd Muzamal Sohil So Abdul Rehman Ro Hewagan Sojmatna Ramoo District Ramban Contractor,366000.0,2,1,1,1
VA MURALIDHAR,365698.0,1,1,1,1
BALVIR SINGH,365666.0,9,1,2,1
Vijander Sharma,365280.0,2,1,1,1
Sarpanch Gram Panchayat   KHEIRIRANI,365000.0,3,1,1,1
RUPA CONSTRUCTION,364707.0,3,1,1,1
Gill Transport Co and Building M,364155.0,12,1,1,1
ALMELKAR ARCHITECTS INTERIOR DESIGNERS,363826.0,1,1,1,1
ASOKAN V,363479.0,1,1,1,1
UPPCL EE EDD MAHMUDABAD,363450.0,7,1,1,1
MUKESH KUMAR,362950.0,11,4,4,4
BINUKUMAR A,361934.0,1,1,1,1
The Shree jeen mata coop lc society,361830.0,1,1,1,1
Gajula Sambasiva Rao,361739.0,1,1,1,1
Shivam Traders,361447.0,1,1,1,1
M D Traders,361435.0,1,1,1,1
GOGOI ENTERPRISE,361080.0,3,1,1,1
Quality Marble Granites,360990.0,9,1,1,1
shri giriraj dharan construction,360731.0,2,1,1,1
GURU NANAK TRADERS,360562.0,3,2,2,2
Dinesh Biswas,360383.0,3,1,1,1
Gopinath Ram,360096.0,1,1,1,1
Pasupula Mounika,360009.0,3,1,2,1
CC for Construction of common work sheds near Maa Mongalmoyee Mandir,360000.0,1,1,1,1
CONST OF OFFICE ROOM AT ATHUGAON NAMGHAR,360000.0,1,1,1,1
SARPANCH SACHIV GRAM PANCHAYAT PURAPOSER,360000.0,3,1,1,1
Gram Panchayat Ghangret,360000.0,3,1,3,1
Jiwa Ram Rattan Chand,360000.0,3,1,1,1
Changada Gp Account,360000.0,3,1,1,1
GYANU WELDING FABRICATION,360000.0,3,1,2,1
ARTIFICIAL LIMBS MANUFACTURING,360000.0,8,1,1,2
Cmo kanatafoad,360000.0,3,1,1,1
Construction of Community hall near Brihattar Chaimile Lakshmi Mandir Artha Samajik Unnayan samity,360000.0,1,1,1,1
GRAM PANCHAYAT DEODARA,360000.0,3,1,2,1
PATDI,360000.0,4,1,2,1
Construction of Crematoriums at Gaon Dimoria,360000.0,1,1,1,1
GRAM PANCHAYAT KEHAD,360000.0,3,1,1,1
GP Balduhak,360000.0,3,1,3,1
GP Mahori,360000.0,3,1,2,1
GP Bajga,360000.0,3,1,2,1
GP KHINWSAR,360000.0,3,1,1,1
Sarpanch Sachiv Gram Panchayat Katra,360000.0,4,1,1,2
Gram Panchyat Bhatgarh,360000.0,4,1,2,1
ASSISTANT ENGINEER I NAYAGARH BLOCK,360000.0,9,1,1,2
GP Kohla,360000.0,3,1,3,1
ISHITA TRADERS,359900.0,1,1,1,1
Sika Hansepi,359814.0,3,1,2,1
Miyan Brothers,359780.0,2,1,1,1
GP MAHANGVA,359680.0,5,1,1,1
Sarpanch Sachiv Gram Panchayat Dharhar,359536.0,4,1,1,2
GURDIT TILE TRADING CO,359100.0,2,1,1,1
CHHOTU LAL MEENA,359000.0,1,1,1,1
SARPANCH SACHIV GRAM PANCHAYAT BELPAT,358977.0,4,1,1,2
NARSIMULU CHAPALA,358888.0,2,1,1,1
RAM PARSHAD,358500.0,3,1,1,1
Water World,358334.0,1,1,1,1
HANUMAN CONSTRUCTION,358019.0,1,1,1,1
GURCHARAN SINGH,358000.0,4,2,3,2
PAWANDEEP KAUR,358000.0,2,1,2,1
KRISHAN SINGH,357916.0,16,2,2,2
Mahalaxmi MPS,357813.0,3,1,2,1
Pramod K M,357809.0,1,1,1,1
A Sathyanarayana,357627.0,1,1,1,1
SIMARJEET KAUR,357418.0,4,1,1,1
Dev iron store,357249.0,12,1,1,1
RUPESH GENDALAL PRAJAPAT,357000.0,10,1,1,1
Jagan Nath Dharam Chand,356293.0,8,1,1,1
Bhiwani Singh,356170.0,2,1,1,1
TAKIAR GYM INDUSTRY,355986.0,3,1,1,1
GRAM PANCHAYAT NIMBI KHURD,355950.0,4,1,1,1
SHREE MAHAKAL CONSTRUCTION,355950.0,6,1,2,1
DEV FURNITURE AND ELECTRONICS,355800.0,3,1,1,2
THE LEHRI CO OP L AND C SOCIETY LTD,355724.0,1,1,1,1
Shafiq Ahmed,355500.0,2,1,1,1
RAJSHEKHAR S SAJJAN,355226.0,1,1,1,1
POUDEL AND POUDEL ENTERPRISE,355143.0,2,1,1,1
CHETAN SHARMA,355000.0,1,1,1,1
R K Enterprises,354595.0,1,1,1,1
Arsheed Hassan Lone,354570.0,1,1,1,1
BLAZE SYSTEMS AND SERVICES,354472.0,1,1,1,1
Sanjeev Building Material,354276.0,5,1,2,1
The Om Swastik Co op L and C Society Ltd,354253.0,1,1,1,1
SHANTI CONSTRUCTION COMPANY,354070.0,1,1,1,1
DASHMESH HARDWARE AND BUILDING MATERIAL STORE,354028.0,8,1,1,1
TANSI PROJECT CELL ERODE,354000.0,3,1,1,1
DAVINDER SINGH,352893.0,10,2,2,2
Enok A Sangma,352500.0,6,1,1,1
Gellen Ch Marak,352500.0,6,1,1,1
Manu B Marak,352500.0,6,1,1,1
Permithson B Marak,352500.0,6,1,1,1
PAWAN KUMAR,351792.0,11,2,2,2
RAVEENDRA NAIDU ANDRAVARI,351339.0,1,1,1,1
K D TRADING COMPANY,351080.0,1,1,1,1
SWARNATHAMMAL,350955.0,1,1,1,1
BALAJI TILES UDYOG,350928.0,1,1,1,1
NIHAL CHAND ENTERPRISES,350404.0,1,1,1,1
Prince Enterprises,350402.0,1,1,1,1
Sahi Trading Co,350300.0,11,1,1,1
Sri Krishna Agencies,350082.0,3,1,1,1
BHATGAON,350000.0,1,1,1,1
CEO Janpad Panchayat korba PMAGY,350000.0,2,1,1,1
GP BHAWARCHUWA,350000.0,1,1,1,1
SARPANCH SHREE MAGODI GRAM PANCHAYAT,350000.0,1,1,1,1
GRAM PANCHAYAT NAUGAWAN DHIR SINGH,350000.0,2,1,1,1
ST THOMAS HSS HIGHER SECONDARY SECTION,350000.0,1,1,1,1
SARING GRAM PANACAHAYT,350000.0,2,1,1,1
SAROJ BARIK,350000.0,3,1,1,1
sarpanch gp sindraiguraiyathar,350000.0,4,1,1,1
GRAM PANCHYAT TENDANI MAL,350000.0,7,1,1,1
SARPANCH SACHIV G P DHURGUDA,350000.0,1,1,1,1
GP KOTI BOUNCH,350000.0,7,1,2,1
GRAM PANCHAYAT BAJIPURA,350000.0,2,1,1,1
GRAM PANCHYAT KHAMARIYA,350000.0,3,1,1,1
langarpur,350000.0,1,1,1,1
cmo badwah,350000.0,3,1,1,1
GP BAOBOG,350000.0,1,1,1,1
GP Barara,350000.0,4,1,2,1
SARPANCH GRAM PANCHAYAT  MUTANPAL,350000.0,1,1,1,1
SARPANCH  SACHIV G P KARANPUR,350000.0,1,1,1,1
GOJALI GRAM PANCHAYAT,350000.0,1,1,1,1
Gram Panchayat Jai Pidi Mata,350000.0,4,1,2,1
RAJA CHIPS CHUGATH HOUSE,350000.0,3,2,3,2
GRAM PANCHAYAT BANKI,350000.0,3,2,2,2
ANKIT VASANTBHAI RAMPARIYA,350000.0,1,1,1,1
SARPANCH HIMMATPUR GRAM PANCHAYAT,350000.0,1,1,1,1
GP SER JAGAS,350000.0,4,1,2,1
SARPANCH GRAM PANCHAYAT TELIGUNDRA,350000.0,1,1,1,1
SARPANCH GRAM PANCHYAT CHANGORI,350000.0,1,1,1,1
SAMASPURA GRAM PANCHAYAT,350000.0,1,1,1,1
LADOLI GRAM SEWVA SHAKARI SAMITI LIMITED,350000.0,1,1,1,1
SHREE DADOR JUTH GRAM PANCHAYAT,350000.0,1,1,1,1
Gram Panchayat Usnar Kalan,350000.0,4,1,3,1
MOTA LAYJA GRAM PANCHAYAT,350000.0,1,1,1,1
GP Mann,350000.0,4,1,3,1
MATH BHOJAYAT GRAM PANCHAYAT,350000.0,1,1,1,1
Construction of community hall at Tharka Bazar near kalimandir  Joyramkhusi,350000.0,2,1,1,1
RABINDRA MOHANTY,350000.0,1,1,1,1
Helios Medical Systems,350000.0,1,1,1,1
RAM PYARE LAL MEMO PUBLIC PRIMARY SCHOOL,350000.0,3,1,1,1
GP Balh Bihal,350000.0,4,1,3,1
Construction of additional  room at Gojapara Zamat Community Hall Darak,350000.0,2,1,1,1
GP BINDLA DIGWA,350000.0,4,1,2,1
SARPANCH GRAM PANCHAYAT LAKHANPURKALA,350000.0,2,1,1,1
Dillod,350000.0,1,1,1,1
gram panchayat kirgi,350000.0,4,1,1,1
HANDOD GRAM PANCAHAYT,350000.0,2,1,1,1
VASAIPURA GRAM PANCHAYAT,350000.0,1,1,1,1
SARAPNCH SACHIV GRAM PANCHAYAT PAUWARA,350000.0,1,1,1,1
ADARSH BAL SHIKSHAN SAMITI,350000.0,1,1,1,1
sarpanch gp mankadehi khurd,350000.0,4,1,1,1
Gram Panchayat Birhashyamkhedi,350000.0,1,1,1,1
Gram Panchayat Bachhadawada janpad Panchayat nalchha district dhar,350000.0,1,1,1,1
GRAM PUNCHAYAT BHATGAON,350000.0,1,1,1,1
Gram Panchayat AJANDA JANPAD PANCHAYAT MANAWAR,350000.0,1,1,1,1
GP Hanoh,350000.0,4,1,3,1
varamseda gram panchayat,350000.0,1,1,1,1
G  KISHAN,349999.0,2,1,1,1
Sudharsan,349992.0,1,1,1,1
GRAM PANCHAYAT GHUGHUTA,349990.0,1,1,1,1
Mehraj u din khan,349985.0,1,1,1,1
Neiseingul Tiengsing,349965.0,1,1,1,1
FRIENDS SALES COPORATION,349895.0,1,1,1,1
J K TRADERS,349840.0,1,1,1,1
KALER TILE FACTORY,349835.0,2,1,1,1
BANSAL PIPE INDUSTRIES,349824.0,9,1,1,1
MS Siwach Engineering Works,349752.0,2,1,1,1
DEEP CONSTRUCTION,349718.0,1,1,1,1
S K ENGINEERING WORKS,349674.0,1,1,1,1
GRAM PANCHAYAT KUKASVADA,349560.0,1,1,1,1
EVERGREEN ENTERPRISE,349504.0,1,1,1,1
AMAR TRACTORS,349500.0,1,1,1,1
Siddharth Enterprises,349470.0,3,1,1,1
MANSOOR BABU,349426.0,1,1,1,1
OHAB SK,349363.0,1,1,1,1
KRUSHNANAGAR GRAM PANCHAYAT,349310.0,1,1,1,1
GRAM PANCHAYAT NADALA DEVGADH,348886.0,1,1,1,1
Akhil Anil Palkar,348794.0,1,1,1,1
LIMAJ GRAM PANCHAYAT,348538.0,1,1,1,1
Khachora Ahirwar,348225.0,3,1,1,1
Saji C,348164.0,1,1,1,1
Narindera Cement Store,348000.0,3,1,1,1
amitabh,347961.0,1,1,1,1
SAMANI GRAM PANCHAYAT,347855.0,2,1,1,1
Sandeep Kumar Garg Contractor,347733.0,6,1,1,1
SHIVA BRICK KILN,347516.0,20,1,1,1
JASVIR SINGH SO GULZARA SINGH,347412.0,12,2,3,1
SAINIK TRADERS,347250.0,2,1,1,1
D K Enterprise,347023.0,1,1,1,1
VATAMAN GRAM PANCHAYAT,346949.0,2,1,1,1
JAY MAA KARNI ENTERPRISES,346735.0,1,1,1,1
Puspanjali Murmu,346500.0,1,1,1,1
SR Engineering Industries,346362.0,3,1,1,1
Rabiul Khan,346137.0,1,1,1,1
Nafis Enterprise,346022.0,1,1,1,1
S J Construction,345968.0,1,1,1,1
NEW SANWARIYA TRADERS DEPALPUR,345900.0,5,1,1,1
Ms S Sarki,345759.0,1,1,1,1
Husner Machinery Store,345498.0,6,1,1,1
GRAM PANCHAYAT JAANA,345465.0,3,1,1,1
BALWANT ELECTRIC WORKS,345432.0,3,1,2,1
MS ANAS HARDWARE,345060.0,6,1,1,1
RACHNA ENTERPRISES,345000.0,3,1,1,1
Vishal Iron,344754.0,6,1,1,1
Saradr Enterprise,344675.0,10,1,2,1
UJJAWAL ENTERPRISE,344332.0,3,1,1,1
MS SAPRAI TRADING CO,344100.0,2,1,1,1
Suresh naika,343886.0,3,1,1,1
Dinesh,343800.0,9,1,2,1
Sharma Cement Store,343440.0,3,1,2,1
HANUMAN CONSTRUCTION COMPANY,343400.0,1,1,1,1
MS AGGARWAL ENGINE STORE,343200.0,3,1,1,1
MS Bezbaruah Enterprise,343084.0,5,1,1,1
Pratik Automobiles ranchi,342782.0,2,1,2,1
BAJRANG CONSTRUCTIONS,342628.0,2,1,1,1
HARESHBHAI VAJUBHAI MITHAPARA,342543.0,3,1,1,1
Sukhwinder Singh,342270.0,11,3,4,3
KHALSA ENTERPRISES,342000.0,3,1,2,1
SAHOTA CEMENT PIPE WORKS,341965.0,3,2,2,1
Jai Durga CO LC Society Ltd  Bakhli,341894.0,2,1,1,1
SAHYOG CONSTRUCTION COMPANY,341611.0,1,1,1,1
SHREDHARA RURAL DEVP PROJECTS,341028.0,3,1,1,1
Avtar Agro Industries,341000.0,5,1,1,1
Attar Brothers,340600.0,1,1,1,1
S S Enterprise,340430.0,1,1,1,1
KIRAN auto HUB LLP,340387.0,3,2,2,2
P S N AUTOMOTIVE MARKETING PVT LTD,340338.0,3,1,1,1
J M D ENTERPRISES,340250.0,1,1,1,1
SOMIK SEN,340224.0,2,1,2,2
JOY DAS,340224.0,2,1,2,2
BALJEET SINGH,340200.0,5,1,1,1
GP Manjhiar,340000.0,5,1,3,1
GRAM PANCHAYAT JHIRIYA,340000.0,2,2,2,2
Koduvally block multi engineering labour contract Co Operative society,339734.0,1,1,1,1
Crystal Enterprise,339662.0,1,1,1,1
TALARI UTTANNA,339606.0,3,1,1,1
VENKATA SUBBA REDDY POTHIREDDY,339327.0,1,1,1,1
The Kalyan Cooperative Labour and Construction Society Limted,339216.0,1,1,1,1
Sandeep Iron Store Malout,339192.0,9,1,1,1
MR MANIBHADRA ROUT,338948.0,1,1,1,1
PUSPA CONSTRUCTION PROP HIRANYA MAITY,338899.0,1,1,1,1
S SATYANARAYANA,338859.0,1,1,1,1
Gram Panchayat Dokarwani,338616.0,1,1,1,1
Rajveer Kaur,338604.0,7,2,2,2
BABA DEEP SINGH CEMENT PIPE FACTORY,338376.0,2,1,1,1
Aggarwal Trading Comapny,338235.0,12,1,1,1
SURJEET SINGH,338100.0,3,1,1,1
Gayatri Engineering Company,337854.0,1,1,1,1
Balaji Construction Company Dhod Sikar,337613.0,1,1,1,1
GRAMPANCHAYAT ROHSIBUJURG SANSADNIDHI,337500.0,1,1,1,1
RUDRA ENTERPRISES,337500.0,3,1,2,1
Aroosa Interlock Tiles,337365.0,3,1,1,1
JASPREET TRADING COMPANY,337260.0,9,1,1,1
Bulbul Alam,337090.0,5,1,1,1
HS Steel Store,337017.0,12,1,1,1
Bhagyoday Rubber Mould,337000.0,4,1,1,1
Omprakash,336933.0,19,4,6,5
SEKHON GRAM UDYOG SAMTI,336800.0,13,1,2,1
GRAM PANCHAYAT UDAKA,336776.0,4,1,1,1
Ramesh Kumar Mistery,336576.0,9,1,2,1
Minu Electricals,336516.0,3,1,1,1
MS rAJESH KUMAR,336300.0,12,1,1,1
R UDHAYAKUMAR,336000.0,3,1,1,1
MAAN CONCRETE,336000.0,2,1,2,1
RAJ CONTACTOR,335645.0,1,1,1,1
Ms Ganpati Bhatta Company,335532.0,1,1,1,1
DAHINTHARA METHALI JUTH PANCHAYAT,335500.0,1,1,1,1
BS CEMENT STORE,335100.0,9,1,1,1
Marwari Yuva Manch,335000.0,1,1,1,1
VIJAY KUMAR,334605.0,13,3,3,3
ARJUN LAL CHOUDHARY,334225.0,1,1,1,1
Javahar Navodaya Vidyalayam Kottayam,333840.0,3,1,1,1
Shaban,333834.0,6,1,1,1
JAGDAMBAY BRICKS INDUSTRY,333271.0,9,2,3,2
JYOTI JAMWAL,333000.0,2,1,1,1
SAROJ KUMAR YADAV,332544.0,1,1,1,1
Harnaib Singh,332250.0,23,1,1,1
Rakesh  Khajuria,332000.0,2,1,1,1
EX EN EDD Jalalpur,331686.0,2,1,1,1
Nagka Garam Panchayat,331662.0,1,1,1,1
Surinder Nath,331500.0,7,1,2,1
Harbans Singh,331260.0,2,1,2,1
PRABHU WELDING WORK SHOP,330978.0,6,1,2,1
MS RANDHAWA INTERLOCK TILES,330860.0,3,1,1,1
SAKTHI T,330780.0,1,1,1,1
Bolleddu Sangeetha Rao,330722.0,1,1,1,1
NIRMAL SINGH SO BALOR SINGH,330624.0,6,1,1,1
NEW SYNDICATE SPORTS,330600.0,2,1,1,1
vijaynagar gram panchayat,330352.0,2,1,1,1
CK ENTERPRISE,330103.0,1,1,1,1
RAMA AND COMPANY,330000.0,3,1,1,1
Gram Panchyat Bharadi,330000.0,5,1,2,1
KAIRALI BOOKS PVT LTD,330000.0,4,1,1,2
Sarpanch Gram Panchayat SIMARIYAKALA,329700.0,5,1,1,1
BABA CHHABALPIR ENTERPRISE,329679.0,1,1,1,1
BHILLOWAL TRADERS,329620.0,3,1,1,1
MS Shakti Concrete Precasting Works,329220.0,6,1,2,1
Sanjib Narah,329139.0,3,1,1,1
VAJKSR00060651,329000.0,1,1,1,1
Maharishi Durwasha Bricks Kiln Co,328928.0,1,1,1,1
Om Sri Sai Srinivas Motors LLP,328755.0,3,1,1,1
Shri Agrasen Marketing,328488.0,12,1,1,1
TANKALA RAVISANKAR GUPTA,327925.0,1,1,1,1
AMIRGADH GRUP GRAM PANCHAYAT,327648.0,1,1,1,1
YASHASVI ENTERPRISES,327471.0,1,1,1,1
RAJPOOT AUTO AGENCY SIDHI,327459.0,3,1,1,1
UJJAWAL ENTERPRISES,327450.0,1,1,1,1
Dhanda Bhatta Co,327065.0,4,1,1,1
GOLUSULA RAMA KRISHNA,327014.0,2,1,1,1
K P Ahammedkutty,326820.0,1,1,1,1
TP CENTRAL ODISHA DISTRIBUTION LTD,326747.0,1,1,1,1
UGGAR SAIN,326732.0,12,1,1,1
HARSHITA CONSTRECTION,326514.0,1,1,1,1
sp singh traders,326397.0,9,1,1,1
Sohan Lal Massean,326226.0,6,1,2,1
PUSHPENDRA AHIRWAR,325530.0,9,1,2,1
ram narayan enterprises,325417.0,1,1,1,1
VISHAL,325350.0,4,2,3,2
Gram Panchayat Jharumargaon,325000.0,2,1,1,1
DANGIVADA GRAM PANCHAYAT,325000.0,1,1,1,1
N Builders,325000.0,1,1,1,1
GRAM PANCHAYAT JHALOUN SFC,325000.0,4,1,1,1
NAVKAR,325000.0,5,1,2,1
AMDO  NS,325000.0,1,1,1,1
Sparta Fitness,325000.0,1,1,1,1
SAT NARAIN MODI AND SONS,324800.0,2,1,1,1
JASIMUDDIN SEKH,324617.0,1,1,1,1
ELITE CONSTRUCTION,324617.0,1,1,1,1
DHARM VIR SINGH,324500.0,1,1,1,1
SRI AMBEY TILES UDHYOG,324404.0,5,1,2,1
GRAM PANCHAYATPalaj,324149.0,1,1,1,1
Sri Maheshwari Contract Works,324108.0,1,1,1,1
GRAM PANCHYAT SURANGDOH,324000.0,1,1,1,1
Manjit Kaur Sarpanch Hodla Kalan,323999.0,10,1,1,1
SATWINDER SINGH,323972.0,4,1,2,1
BANDARU CHANDRASEKHAR,323756.0,1,1,1,1
The M P Cooperative Labour and Construction Society Ltd,323660.0,1,1,1,1
Ganpati Brick Industries,323499.0,6,1,1,1
GANESH SAHOO,323157.0,1,1,1,1
GURUKIRPA CONTRACTOR,322952.0,1,1,1,1
Y NAGESWAR RAO,322595.0,1,1,1,1
TULARAM MEHER,322564.0,1,1,1,1
SUDHIR KUMAR MOHANTY,322548.0,2,1,2,2
ANANT CONSTRUCTION,322414.0,1,1,1,1
SHIV SHAKTI CEMENT AND SHUTTERING STORE,321999.0,4,1,1,1
DAS SCIENTFIC HOUSE,321965.0,2,1,1,1
Pigeon Enterprises,321918.0,4,1,1,1
MAA PITAMBRA GROUP,321713.0,1,1,1,1
PREM SHANKAR KUMAR BHARTI AE LAEO WORKS DIVISION SAHARSA,321356.0,1,1,1,1
Rakesh Kumar BKO,321257.0,10,1,1,1
NATIONAL BRICKS COMPANY,320862.0,6,1,1,1
Jatinder Kaur,320799.0,6,1,2,1
MS AGGARWAL AND CO,320335.0,8,1,1,1
BELWAL TREDERS,320113.0,4,1,1,1
FAZIL AHAMMED P,320090.0,1,1,1,1
gram panchayat barto,320000.0,4,1,1,1
GP Halyatar,320000.0,4,1,1,1
Gram Panchayat Dudhamaniya,320000.0,2,1,1,1
PP MANI,319969.0,2,1,1,1
JYOTIRMAYEE DASH,319866.0,1,1,1,1
Dashmesh Cement store,319849.0,8,1,1,1
MS GURU NANAK TILES,319794.0,9,1,1,1
RAKESH,319725.0,8,4,4,4
JASPAL SINGH,319700.0,3,2,2,2
BLUE CHIP,319598.0,1,1,1,1
AHIDUL KHAN,319377.0,9,1,1,1
MK Traders,319200.0,4,1,1,1
FORTUNE HEIGHTS,319200.0,1,1,1,1
JUNIOR ENGINEER,318931.0,1,1,1,1
Shri Ram Trading co,318906.0,24,1,1,1
NATIONAL IRON STORE,318777.0,12,1,2,1
Shiva Brick Kiln Enterprises,318000.0,7,1,1,1
Sh Sandeep Singh So Gucha Ram Ro Hoochak Ukhral District Ramban Contractor,318000.0,2,1,1,1
CORAL ENGINEERS AND INNOVATIONS,317838.0,1,1,1,1
AVISHKA ENTERPRISES,317719.0,1,1,1,1
PSPCL,317373.0,3,1,1,1
KARATI BUILDERS AND ORDER SUPPLIERS,317250.0,3,1,1,1
AJAYA KUMAR SAHOO,317166.0,1,1,1,1
Parshotam Lal Sharma,317000.0,1,1,1,1
Ms Shri Bala Ji Traders,316959.0,4,1,1,1
Jaswinder Singh,316318.0,14,1,2,1
THE SHAKTI CO OP L AND C SOCIETY LTD,316141.0,1,1,1,1
DALJIT SINGH,316062.0,4,2,2,2
ARORA BRICKS,316017.0,9,1,1,1
SHREE BALAJI CONSTRUCTION COMPANY,316000.0,1,1,1,1
DEVINDER SINGH JAMWAL,316000.0,2,1,1,1
Shree Dev Building Material Suppliers,315900.0,1,1,1,1
KATOSAN GRAM PANCHAYAT,315708.0,4,1,1,1
Long Kather,315669.0,3,1,2,1
VENKATACHALAM,315606.0,1,1,1,1
PUNEET CONCRETE PRODUCTS,315575.0,7,1,1,1
Dharminder Kumar BKO,315412.0,12,1,2,1
RANJIT SINGH,315301.0,17,3,3,3
Ajay Stone Crusher,315000.0,3,1,2,1
shree chamunda construction company,315000.0,1,1,1,1
JODHPUR VIDHYUT VITRAN NIGAM LTD BHADRA,315000.0,3,1,1,1
PRATIGYA HARDWARE STORE,314974.0,1,1,1,1
Moparthy Srinivasa Rao,314762.0,1,1,1,1
POONAM,314655.0,10,4,5,4
BHUMI SREE TRADERS,314598.0,3,1,1,1
Zeal Internayional,314000.0,1,1,1,1
THE SUNSHINE COOP LABOUR AND CONSTRUCTION SOCIETY LIMITED,313809.0,3,1,1,1
New Kohinoor Marble Industries,313602.0,8,1,1,1
Rahul Kesar,313500.0,1,1,1,1
UPPARA RAMACHANDRA,313189.0,1,1,1,1
SUNDARAM BUILDING MATERIAL STORE,313140.0,8,1,1,1
RUDRA   LAXMIRAJAM,312923.0,1,1,1,1
KULWINDER SINGH,312711.0,12,3,5,3
AJ BRICK KILN,312549.0,7,1,2,1
Ankita Supplier,312228.0,4,1,1,1
SARPANCH PANCHAYAT MOGAR,312000.0,3,1,1,1
EDDPipri,312000.0,3,1,2,1
ANJALI CONSTRUCTION prop ANJALI SAHOO,311824.0,1,1,1,1
SRI SHIVAGURU INFRA,311784.0,1,1,1,1
Sainik Enterprise,311675.0,1,1,1,1
SEPURA,311460.0,3,1,2,1
MAHEBACHAKRA3,311460.0,3,1,2,1
TOURIYAKHAS,311460.0,3,1,2,1
DINAU,311460.0,3,1,2,1
GRAM PANCHAYAT MANPASAR,311460.0,3,1,2,1
Gram Panchayat Judawan,311460.0,3,1,2,1
Gram Panchayat majna,311460.0,3,1,2,1
BHAGWANTPURA,311460.0,3,1,2,1
MAHEBACHAKRA4,311460.0,3,1,2,1
Gram Panchayat Lar,311460.0,3,1,2,1
GRAM PANCHAYAT JARUWA,311460.0,3,1,2,1
TEELANARENI,311460.0,3,1,2,1
HARKANPURA,311460.0,3,1,2,1
Gram Panchayat Dunda,311460.0,3,1,2,1
Gram Panchayat Radhapur,311460.0,3,1,2,1
Gram Panchayat Bhaira,311460.0,3,1,2,1
Gram Panchayat Bhainswari,311460.0,3,1,2,1
GRAM PANCHAYAT TILA,311458.0,3,1,1,2
GRAM PANCHAYAT KUNWARPURA VIKRAMPURA,311457.0,3,1,2,1
gram panchayat chipri,311457.0,3,1,2,1
GRAM PANCHAYAT MATOL,311457.0,3,1,2,1
GRAM PANCHAYAT VARMADANG,311457.0,3,1,2,1
GRAM PANCHAYAT LUHARGUWAN,311457.0,3,1,2,1
GRAM PANCHAYAT JARUA,311457.0,3,1,2,1
GRAM PANCHAYAT KHAKRON KHAS,311457.0,3,1,2,1
Wasim Raja,311346.0,3,1,1,1
Amar Ahirwar,311250.0,3,1,1,1
GLOBAL LOGISTICS AND SUPPLIER,311217.0,2,1,1,1
MS UD ENTERPRISE,311205.0,3,1,1,1
STAR ELECTRICAL,310875.0,3,1,1,1
Veerbhadreshwar Majoor Sahakari Sanstha Maryadit,310438.0,1,1,1,1
Babita Trading,310308.0,6,1,1,1
Ramji Dass Bansal Sons,310186.0,15,1,2,1
SAINI STEEL FABRICATORS,310149.0,3,1,1,1
GP Jangal Ropa,310000.0,4,1,3,1
Tariq Ahmad Mir,310000.0,2,1,1,1
Rohit,309960.0,6,1,1,1
GRAM PANCHAYAT SUDAN,309951.0,2,1,1,1
E AND M UDYOG,309838.0,1,1,1,1
PALAIYA GRAM PANCHAYAT,309797.0,4,1,1,1
VAISHNOBI ENTERPRISE,309579.0,1,1,1,1
FRIENDS BKO,309060.0,16,1,1,1
Mahanbir Singh,308895.0,6,1,2,1
DAYAMAYEE ENTERPRISE prop NABARUN MAITY,308875.0,1,1,1,1
A One Electricals and Hardware,308490.0,9,1,1,1
Guru Nanak Bricks Industries,308146.0,10,1,1,1
Kiran Boruah,307925.0,4,1,1,1
PRABH RCC PIPES,307850.0,8,1,1,1
Kornepati Ashok Kumar,307485.0,1,1,1,1
SHEMEER M,307420.0,1,1,1,1
The Sanjay CoOp L and C Society LTD,307272.0,1,1,1,1
SUBHAJIT SAHOO,307136.0,1,1,1,1
RAM PRASAD JAT,307107.0,1,1,1,1
AN Enterprise,307020.0,1,1,1,1
MIRAJ ENTERPRISE PROP SK JAHANGIR,306898.0,1,1,1,1
CHAUDHARY TRADING CO,306300.0,7,1,1,1
Yuvraj Enterprises,306000.0,4,1,1,1
SOHAN SINGH,306000.0,2,1,1,1
BHABHA SHREE INFRATECH,305937.0,1,1,1,1
Anmol Trading Company,305934.0,3,1,2,1
RASIK INDUSTRIES,305634.0,3,1,2,1
VEMULA   SRIHARI,305428.0,1,1,1,1
SAMIT MAITY,305166.0,1,1,1,1
Rajib Phukan,304440.0,6,1,1,1
VARUGHESE K,303975.0,1,1,1,1
Balbir Chand,303936.0,9,1,1,1
HMS Construction Company,303401.0,2,1,1,1
SUFA ASSOCIATES,303240.0,3,1,1,1
SHAPEGREY CONSTRUCTION PVT LTD,303237.0,2,1,1,1
Balaji Construction Lambi ahir,303175.0,1,1,1,1
HARBANS LAL AND SONS,302814.0,6,1,1,1
S SCEMENT PIPE FACTORY,302500.0,1,1,1,1
PARIHAR TRADERS,302462.0,1,1,1,1
MS HAMDANI SPORTS GALLERY,302220.0,2,1,1,1
RATHOD NILESHKUMAR JERAMBHAI,302181.0,3,1,1,1
Sanjoy Timung,302004.0,3,1,2,1
AV Traders,301800.0,15,1,2,1
M S MAHIPAL SINGH,301000.0,1,1,1,1
ARORA BRICK CO,300984.0,5,1,1,1
MS DRR HARDWARE,300440.0,1,1,1,1
JAI ENTERPRISES,300428.0,1,1,1,1
CHOUDHARY TILES,300332.0,1,1,1,1
R R CABLE NETWORK,300165.0,1,1,1,1
Seng Pator,300144.0,1,1,1,1
RAJASTHAN CONSTRUCTION AND ENTERPRISES,300091.0,1,1,1,1
SHREE BALAJI TRADERS,300076.0,2,1,1,1
Goodwill Associates,300015.0,9,1,2,1
SARPANCH SACHIV GRAM PANCHAYAT SIVNI,300000.0,3,1,1,2
RAMESH CH PANIGRAHI,300000.0,1,1,1,1
Nongbareh SC HWC,300000.0,1,1,1,1
GRAM PANCHAYAT NIWARI,300000.0,1,1,1,1
ODA GRAM PANCHAYAT,300000.0,1,1,1,1
SUKHPUR JUTH GRAM PANCHAYAT,300000.0,1,1,1,1
GRAM PANCHAYAT BHEEKAMPUR,300000.0,1,1,1,1
GRAM PANCHAYAT BHENDRA,300000.0,2,1,2,1
GRAM PANCHAYAT BHANER,300000.0,2,1,1,1
HIRANA GRAM PANCHAYAT,300000.0,1,1,1,1
CHARADU GRAMPANCHAYAT,300000.0,3,1,1,1
SUDARSAN KATA,300000.0,1,1,1,1
GRAM PANCHAYAT NAVAGAMVANTA,300000.0,1,1,1,1
TRIVENI ENTERPRISES,300000.0,1,1,1,1
GRAM PANCHAYATSUNEVKALLA,300000.0,1,1,1,1
SURYA NRN LENKA,300000.0,1,1,1,1
SUPDT OF POLICE LINE FUND,300000.0,1,1,1,1
CHAKRAPANI PRADHAN,300000.0,1,1,1,1
Delvada Gram Panchayat Delvada,300000.0,1,1,1,1
GRAM PANCHAYAT NARENDRAGARH,300000.0,1,1,1,1
STAR GALAXY NUTRITION,300000.0,1,1,1,1
SUBASH CHANDRA GOCHHAYAT,300000.0,1,1,1,1
GRAM PANCHAYAT GHEJ,300000.0,3,1,1,1
RUPAL KUKAS GRAM PANCHAYAT,300000.0,3,1,1,1
SARPANCHA SACHIV BARHACHHOTA,300000.0,3,1,1,1
Sachiv Gram panchayat kulamadi,300000.0,4,1,1,1
Sachiv gram panchayat Saheli,300000.0,3,1,1,1
Lalrinzama,300000.0,1,1,1,1
Woman Musafir Khana,300000.0,1,1,1,1
WANAKBORI GRAM PANCHYAT GRAM PANCHYAT,300000.0,3,1,1,1
KARAJISAN GRAM PANCHAYAT,300000.0,3,1,1,1
ISARI GRAM PANCHAYAT,300000.0,1,1,1,1
GRAM PANCHAYAT GUDHORA,300000.0,1,1,1,1
GRAM PANCHAYAT GONJHIMAL,300000.0,3,1,2,1
Gram Panchayat Sainthal Padain,300000.0,6,1,1,1
CHETHAN UDYOG TWOWHEELERS LLP,300000.0,2,1,1,1
San Raid Secondary School Umlaper,300000.0,6,1,1,1
GRAM PANCHAYAT CHASA,300000.0,3,1,1,1
GRAM PANCHAYAT CHAITMA,300000.0,3,1,1,1
SARPANCH SACHIV GRAM PANCHAYAT NARAUR,300000.0,3,1,1,2
GP Karot,300000.0,2,1,2,1
GP Katli,300000.0,3,1,2,1
Gram Panchayat JHUROWAL,300000.0,2,1,2,1
GANESHPURA JUTH GRAM PANCHAYAT,300000.0,1,1,1,1
NAVGAMA GRAM PANCHYAT GRAM PANCHYAT,300000.0,3,1,1,1
ANTALIYA GRAM PANCHAYAT,300000.0,1,1,1,1
NAVA DEVPURA GRAM PANCHAYAT,300000.0,3,1,1,1
CHAUDHARY MEHER,300000.0,1,1,1,1
Purno R Sangma,300000.0,2,1,1,1
GRAM PANCHAYAT MURDAI,300000.0,6,1,2,1
GRAM PANCHAYAT NADOD,300000.0,3,1,1,1
NAGAR PALIKA PARISHAD SENDHWA,300000.0,1,1,1,1
NAGAR PARISHAD PALSOOD,300000.0,1,1,1,1
SANJALI GRAM PANCHAYAT,300000.0,1,1,1,1
GP Darin MPLADS,300000.0,3,1,3,1
MUKHAYA KARAYAPALAN ADHIKARI BHANPURA JANADPAD PANCHAYAT,300000.0,1,1,1,1
Munna Marak,300000.0,6,1,1,1
GRAM PANCHAYAT NAGESHRI,300000.0,1,1,1,1
OUM SAI CONSTRUCTION,300000.0,1,1,1,1
Bhojpara Gram Panchayat,300000.0,1,1,1,1
GRAM PANCHAYAT BARHATTI,300000.0,3,1,1,1
GRAM PANCHAYAT BARIUMRAV,300000.0,3,1,1,1
GRAM PANCHAYAT BARKHEDA,300000.0,1,1,1,1
SRI HUBRAJ JAISAWAL MAHILA MAHAVIDYALAYA BARIYAWAN,300000.0,1,1,1,1
HATHNORA B,300000.0,1,1,1,1
HAVTAD GRAM PANCHAYAT,300000.0,1,1,1,1
GARMPANCHAYAT NARSHIPUR,300000.0,1,1,1,1
UCHAIYA GRAM PANCHAYAT,300000.0,1,1,1,1
SUBASH CHANDRA PRADHAN,300000.0,1,1,1,1
Devrasan Gram Panchayat,300000.0,2,1,1,1
SARPANCH SACHIV GRAM PANCHAYAT BADRAUDI,300000.0,3,1,1,2
SARPANCH SACHIV GRAM PANCHAYAT CHANGERI,300000.0,3,1,1,2
GP Kharla,300000.0,3,1,2,1
Sarpanch Gram Panchayat   PHUTERA,300000.0,4,1,1,1
Kanjipani Gram Panchayat,300000.0,3,1,2,1
BD EDUCATIONAL AND SOCIAL SOCIETY,300000.0,1,1,1,1
GRAM PANCHAYAT JALAG,300000.0,3,1,1,1
Gram Panchayat Kuthed,300000.0,3,1,1,1
SALADI GRAM PANCHAYAT,300000.0,1,1,1,1
Sarpanch Gram Panchayat Bhiladiyakhurd,300000.0,3,1,1,1
UGRESON MOHAPATRA,300000.0,1,1,1,1
Tarun Vijan,300000.0,1,1,1,1
GRAM PANCHAYAT JOGISONDHA,300000.0,1,1,1,1
KAMBOPA GRAM PANCHYAT,300000.0,3,1,1,1
SRI LAXMI BHANDAR,300000.0,1,1,1,1
CHIBHADA GRAM PANCHAYAT CHIBHDA,300000.0,1,1,1,1
CHIEF EXECUTIVE OFFICER JANPAD PANCHAYAT KARTALA,300000.0,1,1,1,1
CONST COMMITTEE PROTECT MEASURE VILL PUB MACHARA KASUMARA,300000.0,1,1,1,1
SPI NONGSIEJ,300000.0,2,1,1,1
SARPANCHSHREE DEVIPURA GRAM PANCHAYAT,300000.0,3,1,1,1
SARPANCHSHREE GERITA GRAM PANCHAYAT,300000.0,1,1,1,1
SARPANCHSHREE KHANUSA GRAM PANCHAYAT,300000.0,3,1,1,1
SARPANCHSHRI KHATASANA GRAM PANCHAYAT,300000.0,1,1,1,1
SARPANCHSHRI NAVAPURA GRAM PANCHAYAT,300000.0,1,1,1,1
Gram Panchayat Jambuda,300000.0,1,1,1,1
GP KUI,300000.0,3,1,2,1
MEU GRAM PANCHAYAT,300000.0,3,1,1,1
JETPURA GRAM PANCHAYAT,300000.0,3,1,1,1
JEEBAN KUMAR MISHRA,300000.0,1,1,1,1
ASHOK KUMAR KHUNTIA,300000.0,1,1,1,1
LUCKY SPORTS EQUIPMENTS,300000.0,1,1,1,1
GP Bela,300000.0,3,1,3,1
GRAM PANCHAYAT GOLANA,300000.0,3,1,1,1
BHUBANESWARI STEELENIUM,300000.0,1,1,1,1
Kishan Mahavidyalay Educational Society Khadda,300000.0,1,1,1,1
GRAM PANCHYAT SEJA,300000.0,3,1,1,1
GRAM PANCHYAT SONWADA,300000.0,1,1,1,1
KINNESSTAR NONGRANG,300000.0,2,1,1,1
PRAFULLA KUMAR MISHRA,300000.0,1,1,1,1
Gram Panchayat Diur,300000.0,3,1,1,1
Raghunath Panda,300000.0,1,1,1,1
GRAM PANCHAYAT BAGLAI UJAR,300000.0,3,1,2,1
Sarpanch Sachiv Gram Panchayat Bagdi,300000.0,3,1,1,2
Mr Bikramjit Barik,300000.0,1,1,1,1
LIMBADI GRAM PANCHAYAT GRAM PANCHAYAT,300000.0,3,1,1,1
Velkotar Gram Panchayat,300000.0,1,1,1,1
Vadaval Grampanchayat,300000.0,1,1,1,1
Vasana Sebhar Grampanchayat,300000.0,1,1,1,1
GRAM PANCHAYAT MOTAP,300000.0,1,1,1,1
GP Batran,300000.0,3,1,3,1
MORVAD GRAM PANCHAYAT,300000.0,3,1,1,1
GP DharKandru,300000.0,3,1,2,1
BHACHALVA GRAM PANCHAYAT,300000.0,1,1,1,1
AMLAREM SECONDARY SCHOOL,300000.0,1,1,1,1
GRAM PANCHAYAT BADAIYAKHEDA,300000.0,6,1,2,1
GRAM PANCHAYAT BADJHAR,300000.0,3,1,2,1
GRAM PANCHAYAT KAND,300000.0,3,1,1,1
JE PANCHAYAT SAMITI DASAMANTPUR,300000.0,1,1,1,1
ASSISTANT ENGINEER1 BHATLI BLOCK,300000.0,1,1,1,1
Sarpanch sachu gram panchayat murmur,300000.0,3,1,1,2
Barwala baval Gram Panchayat,300000.0,1,1,1,1
Batabari Ambari Markula,300000.0,1,1,1,1
LAXMIPURA NAN GRAM PANCHAYAT,300000.0,3,1,1,1
Sarpanch Sachiv Gram Panchayat Parasi,300000.0,3,1,1,2
GRAM PANCHAYAT DALKHANIYA,300000.0,1,1,1,1
PIPODARA GRAM PANCHAYAT,300000.0,1,1,1,1
Fatma Begum,300000.0,1,1,1,1
MR BHAGABAN SAHOO,300000.0,1,1,1,1
gp bhajotyra,300000.0,4,1,1,1
gp pindray nainpur,300000.0,1,1,1,1
GRAM PANCHAYAT TAPPER,300000.0,3,1,1,1
SARVODYA INTER COLLEGE KOTWA MUHAMMADPUR,300000.0,1,1,1,1
GROUP GRAM PANCHAYAT NANIBHUGEDI,300000.0,1,1,1,1
Dhaliwal Enterprises,300000.0,2,1,2,1
RANAWAS GRAM PANCHAYAT,300000.0,1,1,1,1
SARPANCH GRAM PANCHYAT Sipkonha,300000.0,6,1,1,1
Sarpanch Shri Kadajodara,300000.0,1,1,1,1
Gram panchayat Divi,300000.0,1,1,1,1
HARIHAR GOUDA,300000.0,1,1,1,1
Chandrama Naik,300000.0,1,1,1,1
Masadara Gram Panchayat,300000.0,1,1,1,1
Computer Vision,300000.0,1,1,1,1
GRAM PANCHAYAT AMJHAR MAL,300000.0,1,1,1,1
GRAM PANCHAYAT AKOLA,300000.0,4,1,2,1
GRAM PANCHAYAT ALHED,300000.0,3,1,1,1
GRAM PANCHAYAT ALIPORE,300000.0,3,1,1,1
BHABOKLANG RYNTATHIANG,300000.0,2,1,1,1
Katwadi Bagdath,300000.0,2,1,2,1
SANKAL T JUTH GRAM PANCHAYAT,300000.0,3,1,2,1
PARDIP KUMAR,300000.0,1,1,1,1
Udhavan Gram Panchayat,300000.0,3,1,2,1
MAYADHAR BEHERA,300000.0,1,1,1,1
Gram panchayat Mehrakhapa,300000.0,1,1,1,1
GP MORSU SULTANI,300000.0,3,1,3,1
Construction of Community hall at Jyoti Nagar mahila samiti  Jyotinagar,300000.0,1,1,1,1
RABINDRA KUMAR NAYAK,300000.0,1,1,1,1
Const of Community Hall at Bongaigaon District Ex servicemen Asso,300000.0,1,1,1,1
GALIBA GROUP GRAM PANCHAYAT,300000.0,1,1,1,1
MITHAPUR NAKKI,300000.0,1,1,1,1
Garmula Gram Panchayat,300000.0,3,1,2,1
Shabhrai Moti Juth Gram Panchayt,300000.0,1,1,1,1
NARENDRA MOHANTY,300000.0,1,1,1,1
TERSA GRAM PANCHYAT,300000.0,1,1,1,1
Imtijungla,300000.0,1,1,1,1
Rennovtion of community hall at khaija dolaigaon,300000.0,1,1,1,1
GRAM PANCHAYAT GAONSARI,300000.0,3,1,2,1
GILLOR  NS,300000.0,1,1,1,1
gram panchayat beena,300000.0,3,1,1,1
Threevand Ch Marak,300000.0,4,1,1,1
Hemanta Kumar Rout,300000.0,1,1,1,1
GRAM PANCHAYAT DEVSAR,300000.0,3,1,1,1
GREEN LAND NURSURY,300000.0,3,1,1,1
GRMA PANCHAYAT KATRA,300000.0,3,1,2,1
GRAM PANCHAYAT DELAKHARI,300000.0,4,1,1,1
BILIANCY MANGU,300000.0,3,1,1,1
INDIAN SPORTS AND GYM EQUIPMENTS,300000.0,1,1,1,1
GRAM PANCHAYAT DEVATAJ,300000.0,3,1,1,1
Panchyat Chhui,300000.0,3,1,1,1
GRAM PANCHAYAT KHAMBHALA,300000.0,1,1,1,1
GRAM PANCHYAT GONDRA,300000.0,4,1,1,1
PIROJPUR GRAM PANCHAYAT,300000.0,3,1,1,1
The Harihar Cooperative Labour and Construction Society Limited,300000.0,3,1,1,1
BALIYADEV GRAM PANCHYAT GRAM PANCHYAT,300000.0,3,1,1,1
gram panchayat bober,300000.0,3,1,1,1
gram panchayat budgaon,300000.0,4,1,2,1
Construction of Hall at Lakhipur College Lakhipur,300000.0,1,1,1,1
Construction of Rest House at Barchara Samsan Ghat,300000.0,1,1,1,1
SHUBHAM ENTERPRISES,300000.0,3,1,2,1
GRAM PANCHAYAT MAHANTPUR JP DAMOH,300000.0,1,1,1,1
GADHNAMUVADA GRAM PANCHAYAT GRAM PANCHAYAT,300000.0,3,1,1,1
Gram Panchayat Kathasu,300000.0,3,1,2,1
MOBHA PANCHAYAT,300000.0,1,1,1,1
Dilseng A Sangma,300000.0,1,1,1,1
GP Bathmana Jabri,300000.0,3,1,2,1
KHARACHIYA GRAM PANCHAYAT,300000.0,1,1,1,1
RAFEEQGANJ  NS,300000.0,2,1,1,1
DAHIDA GRAM PANCHAYAT,300000.0,1,1,1,1
DAITARI DASH,300000.0,1,1,1,1
gram panchayat maroli,300000.0,3,1,1,1
gram panchayat motipur,300000.0,2,1,1,1
JUNIOR ENGINEER BDO NARAYANPATNA,300000.0,1,1,1,1
GP DARCHA,300000.0,1,1,1,1
Gram Panchayat Nava Ujla,300000.0,1,1,1,1
Toru Danda Anj,300000.0,3,1,2,1
VARAD,300000.0,1,1,1,1
PANDIT SANTRAM AGYARAM SARPANCH PUBLIC SCHOOL,300000.0,1,1,1,1
PANIYADEV GRAM PANCHAYAT,300000.0,1,1,1,1
GRAM PANCHAYAT GANDEVA,300000.0,3,1,1,1
PALMATA BUILDING MATERIAL SUPPLIERS,300000.0,1,1,1,1
VAKTAPUR GRAM PANCHAYAT,300000.0,3,1,1,1
VANKOD GRAM PANCHAYAT,300000.0,1,1,1,1
PRAVAKAR SAMAL,300000.0,1,1,1,1
GRAM PANCHAYAT GHONTKHEDA,300000.0,1,1,1,1
GRAM PANCHAYAT GHUTAS,300000.0,1,1,1,1
GP Bharmoti Khurd,300000.0,3,1,3,1
ROHID GRAM PANCHAYAT,300000.0,1,1,1,1
Gram Panchayat Luhna,300000.0,3,1,1,1
Gram Panchayat Kotha,300000.0,3,1,1,1
GP Jagothi,300000.0,3,1,2,1
PHALGUNI NIAL,300000.0,1,1,1,1
PHRINLYSHON K SYIEMLIEH,300000.0,2,1,1,1
GP Galor Khas,300000.0,3,1,3,1
Gram Panchayat Seu,300000.0,3,1,1,1
GRAM PANCHYAT PATHARKUHI,300000.0,6,1,1,1
GRAMPANCHAYAT SARABHAN,300000.0,1,1,1,1
NARANPURA KAMPA GRAM PANCHAYAT,300000.0,1,1,1,1
Aarav International Jalandhar,300000.0,2,1,2,1
DITLA GRAM PANCHAYAT,300000.0,1,1,1,1
RB TRADERS,300000.0,3,1,1,1
BHAJPURA GROUP GRAM PANCHAYAT,300000.0,1,1,1,1
GRAM PANCHAYAT INDRI MAWAI,300000.0,1,1,1,1
Thilode,300000.0,3,1,1,1
JADA GRAM PANCHAYAT JADA,300000.0,1,1,1,1
KADIYALI GRAM PANCHAYT,300000.0,1,1,1,1
HAJI NOORULLAH J H SCHOOL ILTIFATGANJ,300000.0,1,1,1,1
GP magardha jp badi,300000.0,4,1,1,1
GRAM PANCHAYAT PATNA,300000.0,1,1,1,1
GP NAWNA BHATWAAD,300000.0,3,1,2,1
Gandhara Gram Panchayat,300000.0,3,1,2,1
SHRI KRISHNA ASSOCIATES PRO ANJALI YADAV,300000.0,2,1,1,1
GPKalkacch,300000.0,3,1,2,1
Nani Vavdi Gram Panchayat,300000.0,1,1,1,1
GRAM PANCHAYAT PONDI,300000.0,2,1,1,1
K M CONSTRUCTION,300000.0,1,1,1,1
JUNIOR ENGINEER SANKHA,300000.0,1,1,1,1
gram panchayat nandiya,300000.0,3,1,2,1
gram panchayat pandeytola,300000.0,2,1,1,1
GRAM PANCHAYAT SOSA,300000.0,1,1,1,1
SAPAVADA GRAM PANCHAYAT,300000.0,1,1,1,1
VENKATESH S,300000.0,1,1,1,1
VIDHAN INFRACON PRO NITIN KUMAR SHUKLA,300000.0,6,1,1,1
PADHARIYA GRAMPANCHAYAT,300000.0,3,1,1,1
GRAM PANCHAYAT ZOZ,300000.0,1,1,1,1
Gram Panchayat Virpur,300000.0,1,1,1,1
LAITDOM MIHNGI SCHOOL CRC SPORT CLUB,300000.0,3,1,1,1
BOSS FITNESS EQUIPMENTS and FOODS,300000.0,1,1,1,1
SHRI GANGDA GRAMPANCHAYAT,300000.0,1,1,1,1
RAJ ENTERPRISES,300000.0,1,1,1,1
Gram Panchayat Bhatiya,300000.0,1,1,1,1
GP Shrauntha,300000.0,3,1,2,1
PILUDARA GRAM PANCHAYAT,300000.0,1,1,1,1
GP Singadhar,300000.0,3,1,1,1
GP Sundla,300000.0,3,1,1,1
GP Suri,300000.0,6,1,1,1
GRAM PANCHAYAT POUNAR,300000.0,2,1,1,1
GRAM PANCHAYAT PURWA,300000.0,1,1,1,1
PADMALOCHAN DANDSENA,300000.0,1,1,1,1
Thordi Gram Panchayat,300000.0,1,1,1,1
G P Mudpar Chhote,300000.0,3,1,2,2
Gp Khalana,300000.0,1,1,1,1
Simulbari Anchalik,300000.0,1,1,1,1
PURNA CHANDRA SAMAL,300000.0,2,1,1,1
Gram Panchayat Ulhawadi,300000.0,6,1,1,1
MS W M TRADERS,300000.0,4,1,1,1
GP Banaha Dhini,300000.0,3,1,2,1
GP Bani,300000.0,3,1,3,1
NAAZ Constructions,300000.0,3,1,2,1
BACHAN INTERLOCK TILES,300000.0,9,1,1,1
NIMAHA KHAKLARY,300000.0,2,1,1,1
FARTIKUI GRAM PANCHAYAT,300000.0,1,1,1,1
GOPALGRAM GRAM PANCHAYAT,300000.0,1,1,1,1
KUVARVA GRAM PANCHAYAT,300000.0,1,1,1,1
GRAM PANCHYAT BHESADAND,300000.0,4,1,1,1
GRAM PANCHAYAT KAPOORNALA,300000.0,2,1,1,1
Executive Engineer Rural Development Department,300000.0,1,1,1,1
MUKHYA K J P PONDI UPRORA,300000.0,2,1,1,1
GRAM PANCHAYAT KISANPUR,300000.0,3,1,1,1
GRAM PANCHAYAT KOLASANA,300000.0,3,1,1,1
GRAM PANCHAYAT KOLKA SAMANYA,300000.0,3,1,1,1
PARAMESWAR SAHOO,300000.0,2,1,1,1
VADIYA GRAM PANCHAYAT VADIYA,300000.0,1,1,1,1
Gram Panchayat Sukhpur,300000.0,1,1,1,1
Geetanjali Pidika,300000.0,1,1,1,1
DHRANDAV GROUP GRAM PANCHAYAT DHRANDAV,300000.0,1,1,1,1
DEV GRAM PANCHYAT GRAM PANCHYAT,300000.0,3,1,1,1
GRAM PANCHAYAT RAMDEVRI,300000.0,1,1,1,1
MANO RANJAN MALLIK,300000.0,1,1,1,1
SHANTI KUNJJ SHIKSHA SAMITI TEJGAD,300000.0,1,1,1,1
SHNONG UMKYRPONG,300000.0,2,1,1,1
UMESH PRASAD DAS,300000.0,1,1,1,1
SHIVANNA T,300000.0,1,1,1,1
GP SATOG,300000.0,3,1,2,1
GP SATYAS,300000.0,2,1,1,1
Gram Panchayat Barthata,300000.0,6,1,2,1
Gram Panchayat Barud,300000.0,1,1,1,1
GOVINDPURA JUTH GRAM PANCHAYAT,300000.0,3,1,1,1
GODA GRAM PANCHAYAT,300000.0,1,1,1,1
SHNONG MOWKYNDENG,300000.0,2,1,1,1
RAJYA PARIVARTIT YOJNA G P JALKEY,300000.0,3,1,1,1
GP Nathan,300000.0,1,1,1,1
GRAM PANCHAYAT DONGAR MANDLA,300000.0,1,1,1,1
TANSI Tool  Engineering Works,300000.0,1,1,1,1
BHANUMATI TUDU,300000.0,1,1,1,1
TANSI Tool Engineering Works,300000.0,1,1,1,1
TAPAN KUMAR SETHY,300000.0,1,1,1,1
KOTARBOR GRAM PANCHYAT GRAM PANCHYAT,300000.0,3,1,1,1
KOTODA FO GRAM PANCHAYAT,300000.0,1,1,1,1
VADGAMADA GRAM PANCHAYAT,300000.0,1,1,1,1
PARABIA JETHOLI GRAM GRAM GRAM PANCHYAT,300000.0,3,1,1,1
Ms Kissan Bhalai Kendra Dasuya,300000.0,9,1,2,1
VEC Mulang Nongbah,300000.0,2,1,1,1
GRAM PANCHAYAT DUNGARIYA,300000.0,1,1,1,1
IMPVT OF ROAD WITH SAND GRAVELLING FROM HARIS RAY HOUSE TO SARBESWAR,300000.0,1,1,1,1
IMRAN ALI BEPARI,300000.0,1,1,1,1
GRAM PANCHAYAT ERAND,300000.0,1,1,1,1
GP Nouri,300000.0,3,1,1,1
Rangsilchi Ch Marak,300000.0,4,1,1,1
GOLAVI GRAM PANCHAYAT GOLAVI,300000.0,1,1,1,1
Jordiyali Takhatpura Gram Panchayat,300000.0,1,1,1,1
NGIMTALAKPE EHEILUNG,300000.0,3,1,1,1
NANDITA ENTERPRISE,300000.0,3,1,1,1
VATAM JUNA GRAM PANCHAYAT VATAM JUNA,300000.0,1,1,1,1
VATAM NAVA GRAM PANCHAYAT,300000.0,1,1,1,1
JANTA INTER COLLEGE BELA PARSA AMBEDKARNAGAR,300000.0,1,1,1,1
NANA KANKOT GRAM PANCHAYAT,300000.0,1,1,1,1
GRAM PANCHAYAT TIMLA,300000.0,1,1,1,1
MURLI MANOHAR SHIKSHA SAMITI PATERA,300000.0,1,1,1,1
SAROJ KUMAR KATUAL,300000.0,1,1,1,1
GRAM PANCHAYAT SARANGBHIRI,300000.0,4,1,1,1
ACHARASAN GRAM PANCHAYAT,300000.0,3,1,1,1
shelna gram panchayat,300000.0,1,1,1,1
GRAM PANCHAYAT SHAKKARJHIRI,300000.0,6,1,1,1
GRAM PANCHAYAT SHIHOLDI,300000.0,1,1,1,1
NITISH TRADERS,300000.0,3,1,2,1
sarpanch gp khajriantu,300000.0,3,1,1,1
sarpanch gp mordongri kala,300000.0,3,1,1,1
GRAM PANCHAYAT SAKWAH NAINPUR,300000.0,1,1,1,1
GRAM PANCHAYAT SILON,300000.0,1,1,1,1
sachiv gram panchayat Bamhangaonkala,300000.0,4,1,1,1
Jeon Wala Trading Co,300000.0,3,1,2,1
Jesangpura Gram Panchayat,300000.0,3,1,1,1
Gram Panchayat Badhal,300000.0,3,1,2,1
RAJIB CHOWDHURY,300000.0,2,1,1,1
RAJU KAR,300000.0,2,1,1,1
GOURA CHANDRA MISHRA,300000.0,1,1,1,1
DHANAVADA GRAMPANCHAYAT,300000.0,1,1,1,1
GRAM PANCHAYAT TRANJA,300000.0,2,1,1,1
SHIR GRAM PANCHAYAT,300000.0,3,1,1,1
NOKHA GRAM PANCHAYAT NOKHA,300000.0,1,1,1,1
AARTI BOOK CENTRE,300000.0,3,1,2,1
AALELA GRAM PANCHAYAT,300000.0,3,1,1,1
Gram Panchayat Nani Monpari,300000.0,1,1,1,1
Gram Panchayat Natned,300000.0,3,1,1,1
GRAM PANCHAYAT SIMALGAM,300000.0,3,1,1,1
GRAM PANCHAYAT SINGARPUR,300000.0,1,1,1,1
GRAM PANCHAYAT NAGWARA,300000.0,3,1,2,1
SHAKHPUR GRAM PANCHAYAT,300000.0,1,1,1,1
GP PUJARLI3,300000.0,3,1,2,1
SARPANCH SACHIV GRAM PANCHAYAT SEMARDARRI,300000.0,3,1,1,2
GP Pujarli 4,300000.0,3,1,2,1
ALINDRA GRAM PANCHAYAT,299999.0,1,1,1,1
GRAM PANCHAYAT CHARBHATA KU,299999.0,4,1,1,1
GRAM PANCHAYAT GOLADHAR,299998.0,1,1,1,1
GRAM PANCHAYAT KANBHAIPURA,299997.0,1,1,1,1
ODC CARD CALENDAR,299994.0,1,1,1,1
VASAI GRAM PANCHAYAT,299994.0,1,1,1,1
GRAM PANCHAYAT HADMATIYA,299993.0,1,1,1,1
Director HIMURJA,299985.0,1,1,1,1
GRAM PANCHAYAT KATHROTA,299977.0,1,1,1,1
KOYALKAR KISHAN,299975.0,1,1,1,1
VIKAS,299963.0,1,1,1,1
Ramehar,299944.0,1,1,1,1
Best Grade Solutions LLP,299944.0,1,1,1,1
VIBHANIYA GRAM PANCHAYAT,299927.0,1,1,1,1
JALANSAR GRAM PANCHAYAT,299927.0,1,1,1,1
harpreet kaur,299924.0,4,1,2,1
F A M ENTERPRISE,299923.0,1,1,1,1
PRATHUGADH GRAM PANCHAYAT,299912.0,1,1,1,1
Bhunad,299908.0,4,1,1,1
INDARVA JUNA,299905.0,1,1,1,1
NATHAD GRAM PANCHAYAT,299892.0,1,1,1,1
GHANSHYAMPUR GRAM PANCHAYAT,299889.0,1,1,1,1
GOSANA GRAM PANCHAYAT,299883.0,1,1,1,1
TARORA GRAM PANCHAYT,299874.0,1,1,1,1
NAGRAJ K R,299870.0,1,1,1,1
Sankra Gram Panchayat,299869.0,1,1,1,1
Vansa Gram Panchayat,299869.0,1,1,1,1
KARANPUR GRAM PANCHYAT GRAM PANCHYAT,299868.0,3,1,1,1
JAKSH SPORTS,299850.0,3,1,1,1
PIPLATA GRAM PANCHAYAT,299846.0,2,1,1,1
Abhijyan Bhuyan,299845.0,1,1,1,1
GUNDA NA PARA,299832.0,3,1,1,2
PARKASH BRICKS TRADING CO BKO,299811.0,9,1,1,1
VIRVIDARKA GRAMPANCHAYAT,299810.0,1,1,1,1
MEWAR CONSTRUCTION AND BUILDERS,299800.0,1,1,1,1
RAJESH K,299799.0,1,1,1,1
GRAM PANCHAYAT MORUKA,299762.0,1,1,1,1
gram panchayat kudhurtal,299760.0,6,1,1,1
GRAM PANCHYAT GARAMBHADI,299757.0,1,1,1,1
Piluvada Gram Panchayat,299756.0,1,1,1,1
GRAM PANCHAYAT CHOKLI,299715.0,1,1,1,1
GRAM PANCHAYAT KHANPUR,299701.0,3,1,1,1
GRAM PANCHAYAT DALSATOLA,299700.0,2,1,1,1
Bhullar Spun Pipe Factory,299698.0,7,1,2,1
KUMBHAN GRAM PANCHAYAT,299697.0,1,1,1,1
Bhalana Gram Panchayat,299683.0,1,1,1,1
SANJAY B M K SAH SANSTHA PARASTOLA,299649.0,1,1,1,1
BISHT ENTERPRISES,299642.0,1,1,1,1
Malsund Gram Panchayat,299630.0,1,1,1,1
S S D CONSTRUCTION,299604.0,1,1,1,1
Vijaypur GP,299590.0,1,1,1,1
VINOD KUMAR CONTRACTOR,299565.0,1,1,1,1
METTU SRINIVAS REDDY,299553.0,1,1,1,1
GRAMPANCHAYAT DENVA,299539.0,1,1,1,1
SAJAN JOSE,299536.0,1,1,1,1
NAVAGAM GRAMPANCHAYAT,299535.0,1,1,1,1
HARISHA A,299530.0,2,1,1,1
SHIVENDRANAGAR GRAMPANCHAYAT,299527.0,1,1,1,1
Haridas T,299522.0,2,1,1,1
PALASH MITRA,299493.0,3,1,1,1
VANODA  GRAMPANCHAYAT,299477.0,1,1,1,1
grampanchayat sarola bk,299448.0,1,1,1,1
SIVA KUMAR AGGI,299427.0,3,1,1,1
Ponnam Sreenivas,299418.0,1,1,1,1
ANANDA,299400.0,2,1,1,1
Kureja Gram Panchayat,299343.0,1,1,1,1
PRESIDENT VILLAGE LEVEL COMMITTEE JAGUVARIPALLI GP,299340.0,1,1,1,1
SARPANCHSHREE GRAM PANCHAYAT VEJALKA,299311.0,1,1,1,1
JALIYA GRAMPANCHAYAT,299289.0,1,1,1,1
Mitul Deka,299250.0,3,1,1,1
TAPASYA CONSTRUCTIONS,299227.0,1,1,1,1
MAHIITADI   GRAMPANCHAYAT,299207.0,1,1,1,1
The Chairmen VLWC Kamasamudram,299169.0,1,1,1,1
MAGHAPURA  GRAM PANCHAYAT,299154.0,1,1,1,1
MAGHAPURA GRAM PANCHAYAT,299154.0,1,1,1,1
uppiretla venkateswarlu,299150.0,1,1,1,1
executive engineer R B BUDGAM,299149.0,7,1,1,1
napadvanta gram panchyat,299129.0,3,1,1,1
ASSISTANT ENGINEER AC JHAJHA,299051.0,1,1,1,1
TAREDI GRAM PANCHAYAT,299023.0,1,1,1,1
SAMADHIYALA PATI GRAM PANCHAYAT,299023.0,1,1,1,1
KHARSADA GRAM PANCHAYAT,299013.0,3,1,1,1
Ewolves Sports and Fitness,299000.0,1,1,1,1
GRAM PANCHAYAT SURVA,298991.0,1,1,1,1
P VISHNU VARDHAN,298990.0,1,1,1,1
GP VIKRAMPUR,298914.0,3,1,2,1
Garal Gram Panchayat,298886.0,1,1,1,1
GRAM PANCHAYAT JUNA VAGHANIYA,298670.0,1,1,1,1
SHRI KOB GRAMPANCHAYAT,298649.0,1,1,1,1
GP KASAISODA,298620.0,3,1,2,1
GARMPANCHAYAT GADIYARA,298605.0,3,1,1,1
PUNNIYAKHIDI,298562.0,2,1,1,1
SONU ENTERPRISES,298410.0,9,1,1,1
BARKAT PAVER INDUSTRY,298325.0,10,1,2,1
GRAM PANCHAYAT AMARGADH,298300.0,1,1,1,1
SARPANCH ENTERLOCK TILES,298200.0,3,1,2,1
DP Enterprises,298108.0,1,1,1,1
GUGALIYANA GRAM PANCHAYAT,298052.0,1,1,1,1
Amit tomar,298004.0,1,1,1,1
BHAGWATI ENTERPRISES,298000.0,1,1,1,1
PALLE SRAVANATH REDDY,297994.0,1,1,1,1
GRAMPANCHAYAT KAMBARE BUDRAK,297993.0,1,1,1,1
shree ummed surgical AND equipment,297926.0,1,1,1,1
BORUAH HARDWARE,297911.0,1,1,1,1
MAA BHAGWATI SUPPLIER,297888.0,3,1,2,1
dharai gram pamchayat,297700.0,1,1,1,1
JEEVANA,297663.0,1,1,1,1
GRAM PANCHAYAT CHOKI,297612.0,1,1,1,1
MahaDev Profiles and steel Industries,297600.0,3,1,2,1
Vikas Puri,297590.0,1,1,1,1
SUDHA ENTERPRISES,297528.0,2,1,2,1
GRAM PANCHAYAT PALOL,297510.0,3,1,1,1
MS MONDAL ENTERPISE,297480.0,3,1,1,1
VIRADI GRAM PANCHAYAT,297439.0,1,1,1,1
SIDHESWAR MAHARANA,297393.0,3,1,2,2
Shri KHAJUDRA GRAM PANCHAYAT,297369.0,1,1,1,1
Sanosari gram panchayat,297363.0,1,1,1,1
Aquifer Innovations,297360.0,6,1,1,1
SARTHAK ENTERPRISES,297360.0,3,1,1,1
GOEL IRON STORE,297318.0,9,2,3,2
GRAM PANCHAYAT BEDWA,297294.0,3,1,1,1
KUMAR V,297283.0,1,1,1,1
STAR CONSTRUCTION,297281.0,1,1,1,1
GRAM PANCHAYAT MOHAMMADPURA,297183.0,3,1,1,1
BHAVYA CONSTRUCTION,297174.0,1,1,1,1
Shaik Rafi,297171.0,1,1,1,1
GARMPANCHAYAT MOTI ZER,297072.0,3,1,1,1
Tarlok Singh,297051.0,8,1,2,1
GURUKRIPA HARDWARE,297000.0,6,1,1,1
LACHHMAN DASS CONTRACTOR,297000.0,1,1,1,1
MANJUNATHA TIPPANNA WADDAR,296964.0,1,1,1,1
DAN SINGH NEGI,296948.0,1,1,1,1
Jammu Cemmnt Store,296904.0,12,1,2,1
CHANDGADH GRAM PANCHAYAT,296790.0,1,1,1,1
SHREE VISHE BHAJE CONTRUCTION CO,296584.0,2,1,1,1
LEKKALA BRAHMAREDDY,296424.0,1,1,1,1
KIRMANI BUILDERS AND SUPPLIERS,296424.0,3,1,1,1
Shahul Hameed,296265.0,1,1,1,1
TAPAS KUMAR DAS,296250.0,2,1,1,1
Rathod Ramesh,296123.0,1,1,1,1
Nazir Ahmad Surka,296100.0,3,1,1,1
CHHARODIYA GRAM PANCHAYAT,295909.0,1,1,1,1
Julka Brick Kiln,295800.0,3,1,1,1
Bhookya sathish,295608.0,3,1,1,1
VANKHUTA GRAM PANCHAYAT,295600.0,1,1,1,1
BATHINDA Connectingh Links,295356.0,3,1,1,1
Sukhwinder singh Sarpanch,295349.0,3,1,2,1
1.03001E+11,295292.0,1,1,1,1
THE KHUIYAN NEPALPUR MALIK COOP LC SOCIETY,295282.0,1,1,1,1
kavita construction company,295263.0,1,1,1,1
D GANAPATHI REDDY,295243.0,1,1,1,1
More Hardware,295110.0,1,1,1,1
Sankarlal Agarwala,295110.0,1,1,1,1
HALDHARVAS GRAM PANCHAYAT,295032.0,3,1,1,1
Gram Panchayat Ratang,294836.0,1,1,1,1
SACHIV SARPANCH VISHESH NIDHI GRAMPANCHAYAT KURANKHED,294791.0,2,1,1,1
George Joseph,294725.0,1,1,1,1
SHERGADH GRAM PANCHAYAT,294521.0,1,1,1,1
SATHVAV GRAM PANCHAYAT,294472.0,2,1,2,1
NAYINI NARESH,294384.0,2,1,1,1
ANKOLALI GRAM PANCHAYAT,294295.0,1,1,1,1
JARAGALI GRAM PANCHAYAT,294185.0,1,1,1,1
GRAM PANCHAYAT Bamroli,294180.0,1,1,1,1
Kodidra Gram Panchayat,294030.0,1,1,1,1
ASHWANI KUMAR,294000.0,1,1,1,1
MS Walia Bricks,294000.0,7,1,2,1
NAMBARDAR BRICKS CO,294000.0,4,1,1,1
JAVID IQBAL,294000.0,1,1,1,1
GRAM PANCHAYAT ATARSUMBA,294000.0,1,1,1,1
Aman Contractor,294000.0,1,1,1,1
CHENN KRISHN MUTTMSETTI,293903.0,1,1,1,1
Shebbin Sebastian,293794.0,1,1,1,1
GOPAL SINGH RAWAT,293761.0,1,1,1,1
GRAM PANCHAYAT MANDORNA,293736.0,1,1,1,1
HARIS BABU,293676.0,1,1,1,1
Dharmender Kumar,293398.0,1,1,1,1
NEW BHATIA TRADERS,293160.0,5,1,2,1
Punjab Energy Development Agency,293025.0,1,1,1,1
Kuldeep Kumar,292971.0,7,3,4,3
VELAKOT GRAM PANCHAYAT,292919.0,1,1,1,1
GRAM Panchayat JIA KHAS,292806.0,4,1,1,1
SHRI SATAPADA GRAM PANCHAYAT,292735.0,1,1,1,1
MS HARDEV SINGH AND SONS,292650.0,3,1,2,1
Nirakar Swain,292598.0,1,1,1,1
NAIB SINGH SO JAGJEET SINGH,292548.0,6,1,1,1
Jatinder Singh,292290.0,2,2,2,2
CHARBHUJA HARDROCK DRILLER,292199.0,1,1,1,1
Dhamnej Gram Panchayat,292199.0,1,1,1,1
CHAIRMAN NAMDEO MAHARAJ MAJOOR SAHKARI SANSTHA LIMITED LIMBOLI,292053.0,1,1,1,1
KULDEEP KUMAR,292000.0,2,1,1,1
BIRDI BRICKS,291999.0,9,1,2,1
M S TRADING CO,291990.0,5,1,1,1
SINGLA TRADERS,291720.0,8,1,1,1
MOTA AGARIYA GRAM PANCHAYAT,291607.0,1,1,1,1
Harbhjan Singh Massean,291600.0,6,1,2,1
MS Janta Tile Company,291411.0,3,1,1,1
Ashok Kumar Saraswat,291333.0,1,1,1,1
PUSHPANJALI TRADING CO,291165.0,11,1,1,1
SARAO CEMENT STORE,291053.0,9,1,1,1
PARENT TEACHERS ASSOCIATION,291000.0,3,1,2,1
RIMON DEV,290902.0,4,1,1,1
SANDEEP SINGH,290882.0,5,2,2,2
MS AMAN ENTERPRISES,290700.0,6,1,2,1
A J construction,290367.0,1,1,1,1
MANPREET SON OF TARSEM LAL,290274.0,3,1,2,1
MASUD ENTERPRISE PROP SAIFUL MALLICK,290250.0,1,1,1,1
PABITRA HANDIQUE,290210.0,1,1,1,1
GRAM PANCHAYATChanga,290021.0,1,1,1,1
GRAM PANCHAYAT SEMARA,289738.0,2,1,1,1
Guru Nanak Raita Bazri Supplier,289680.0,3,1,1,1
om CEMENT ENT UDYOG,289655.0,1,1,1,1
MAHENDRA SINGH,289158.0,11,3,3,3
HEADMISTRESS,289000.0,4,2,3,2
The Mangwal Coop Labour and Construction Society Limited,288896.0,1,1,1,1
Sohal Commission Agent,288720.0,5,1,1,1
DHARAM PAUL BKO,288600.0,10,1,1,1
Patto Cement Store  Nihal Singh Wala,288321.0,4,1,1,1
Ishfaq Ahmad MIr,288300.0,2,1,1,1
Jindal Iron Store Nihal Singh Wala,288240.0,4,1,2,1
RAJ KUMAR BKO,288000.0,6,2,3,2
SUNBEAM,288000.0,3,1,1,1
ANTONY LYNGDOH,288000.0,2,1,1,1
ASHISH RAJENDRA DAHAKE,287925.0,1,1,1,1
Rewa International,287850.0,6,1,1,1
Gunukula Madhava Reddy,287731.0,1,1,1,1
SHIVO BKO,287250.0,3,1,1,1
Grampanchayat Karyalaya Kininawre,287196.0,1,1,1,1
The R K Gram Udyog Samiti,287000.0,2,1,2,1
MS Balaji Enterprises,286988.0,5,1,1,1
REJO MATHEW,286859.0,1,1,1,1
GUPTA BRICKS CO,286836.0,7,1,1,1
Tridip Das,286630.0,1,1,1,1
Saminathan,286413.0,1,1,1,1
Nirmal Kumar Rout,286382.0,1,1,1,1
BDPO JIND,286323.0,1,1,1,1
Aen JDVVNL Rural Sri Ganganagar,286306.0,2,1,1,1
Rakesh Construction,286299.0,1,1,1,1
MS GURU NANAK ENTERPRISES,286116.0,6,2,3,2
SLH Traders,286052.0,3,1,1,1
LUCKY CEMENT STORE AND BUILDINGH MATERIAL,285600.0,6,1,2,1
Kholiya Enterprises,285582.0,6,1,1,1
Vishkarma Cement Store,285300.0,2,1,2,1
BHANTHALA GRAM PANCHYAT GRAM PANCHYAT,285093.0,3,1,1,1
Dhanaula BKO,285020.0,15,1,1,1
PAMALA YAMUNA,284908.0,1,1,1,1
AEE SOUTH SUB DIVISION PSPCL AMRITSAR,284667.0,3,1,1,1
MEKPATI KONDALA RAO,284601.0,1,1,1,1
Sahil Precast,284550.0,10,1,1,1
Jirsong Teron,284430.0,3,1,2,1
SHABANA BEE,284146.0,3,1,1,1
Abdul Azeez Poonthala,284001.0,1,1,1,1
Haritham Books,283581.0,8,1,1,1
NALI REDDI PRASAD,283452.0,1,1,1,1
Gram panchayat Sabha Nidhi Kopra,283443.0,3,1,1,1
I CUBE SOLUTIONS,283200.0,3,1,1,1
PARVEEN SINGH CO,283150.0,4,1,1,1
Dynamic Infratech,283045.0,1,1,1,1
Durga Iron Store,282854.0,4,1,2,1
PRAKASH TAYSAM,282556.0,1,1,1,1
Doppalapudi Vasudeva Rao,282121.0,1,1,1,1
AJAY SHARMA,282000.0,1,1,1,1
Ranjith Construction,282000.0,7,1,1,1
Dhillon Constructions,281802.0,3,1,1,1
Sh Kamaljit Kumar Sarpanch GP Hedon Bet,281480.0,4,1,2,1
Ms Dhillon Tile Factory,281466.0,6,1,1,1
N V SURENDRAN,281465.0,1,1,1,1
Rama Chandra Rout,281432.0,1,1,1,1
Asha Tissopi,281265.0,3,1,2,1
Suresh K L,281250.0,3,1,1,1
APS POWER SYSTEM,281250.0,3,1,1,1
MAMTA CONSTRUCTION AND MATERIAL SUPPLIERS,281196.0,2,1,1,1
SAJAN DANIEL,281152.0,1,1,1,1
SHREE RADHE CONSTRUCTION,281046.0,1,1,1,1
Zimidara Hardware Cemment Store,280763.0,1,1,1,1
VM Enterprises,280650.0,6,1,1,1
Sunnys Stationery World,280296.0,9,1,1,1
ABIKESH SHARMA,280000.0,2,1,1,1
gram panchayat batri,280000.0,5,1,1,1
Gram Panchayat Kathyaun,280000.0,5,1,1,1
GP Chabutra,280000.0,4,1,3,1
GRAM PANCHAYAT BICHAUKHURD,280000.0,5,1,1,1
SARPANCH GRAM PANCHAYAT BAGALKHEDI,280000.0,8,1,1,1
MEMBER HWC THURPPALEM,279988.0,1,1,1,1
GRAM PANCHAYAT KHANSOL,279943.0,4,1,1,1
Nava Ishanpur Gram Panchayat,279439.0,1,1,1,1
BDO SUBDEGA PS MISC,279396.0,23,1,2,2
Om Ganesh Enterprise,279129.0,3,1,1,1
AMAR SINGH,279040.0,5,3,3,4
PARAVADA GRAM PANCHAYAT,278927.0,1,1,1,1
VANSHIKA IRON AND STEEL TRADERS,278766.0,3,1,1,1
Mr ABHINAY GOUD DURKI,278706.0,1,1,1,1
TAHASILDAR BHAPUR,278564.0,34,1,1,2
BHAI BHAI ENTERPRAIGE,278393.0,1,1,1,1
GTB ENTERPRISES,278091.0,6,1,1,1
JAGJIT SINGH SO NACHHATAR SINGH,277950.0,3,1,1,1
Rajendra Kumar,277886.0,3,2,2,2
Gram Panchayat Dhekal Badi,277517.0,1,1,1,1
The Jai Maa Chintpruni L And C Society,277400.0,3,1,1,1
RABHADA GRAM PANCHAYAT,277362.0,1,1,1,1
GS Malik Enterprices Hasanpur,277200.0,6,1,1,1
St Berchmans College,276864.0,3,1,2,1
JANKIT INDUSTRIES,276711.0,3,1,1,1
NANA MACHIYALA GRAM PANCHAYAT,276630.0,1,1,1,1
Muhammed Shafi N,276409.0,1,1,1,1
PRAVESH GUPTA,276190.0,2,1,1,1
AMRIK SINGH LALINA,276012.0,3,1,1,1
FAROOQ AHMAD BHAT,276000.0,1,1,1,1
RK BUILDING MATERIAL,276000.0,3,1,1,1
SUMEET SINGH,276000.0,3,1,1,1
shri shyam construction company,275866.0,1,1,1,1
SUMAN INFO,275820.0,3,1,1,1
Kajla Cement and Sanitary Store,275652.0,6,1,2,1
Shabeer Ahmad,275600.0,2,1,1,1
Super Tile Works,275270.0,4,1,1,1
DTC Tiles,275270.0,10,1,2,1
CHAVVA RUKMANGADHA REDDY,275219.0,1,1,1,1
DFJUNIOR ENGINEER III BARANGA BLOCK,275208.0,1,1,1,1
JANMEJAYA JENA,275071.0,1,1,1,1
GP Badehar,275000.0,5,1,3,1
GRAM PANCHAYAT CHERWAPARA,275000.0,1,1,1,1
Sarpanch Gram Panchayat PIPARIYAKHATI,275000.0,5,1,1,1
Rasulpura gram panchayat,275000.0,1,1,1,1
gram panchayat murmunda,275000.0,2,1,1,1
RAJANI KUMAR MANDALA,274831.0,1,1,1,1
GRAM PANCHAYAT SARDARPURA,274825.0,1,1,1,1
Bahia building material suppliers,274574.0,5,1,1,1
HIGH RISE ENGINEERS PRIVATE LIMITED,274458.0,7,1,1,1
Dayal Enterprises,274156.0,5,1,1,1
Balram,273800.0,7,1,2,1
Sabu R,273495.0,1,1,1,1
NEW BANSAL SUPAR STEEL,273323.0,1,1,1,1
Vadlamudi Parvathi,273144.0,1,1,1,1
SHRINIVAS SADASHIV MENI,273043.0,1,1,1,1
GRAM PANCHAYAT BHETASI BA BHAG,272642.0,2,1,1,1
Sukh Building Material,272600.0,2,1,2,1
Jana Enterprise,272501.0,1,1,1,1
Hemanta Bhattarai,272295.0,1,1,1,1
NARESH KUMAR BHAWANI SHANKAR BARMER,272224.0,1,1,1,1
MS GAURAV CONTRACTOR,271948.0,1,1,1,1
Garg Gram Udyog Samiti,271800.0,7,1,2,1
Gudupuru Gangayya,271522.0,1,1,1,1
Kuldeep singh,271086.0,3,1,1,1
PARDEEP KUMAR GOVT CONTRACTOR,270913.0,1,1,1,1
GRAM PANCHAYAT OLADAN,270700.0,7,1,1,1
PEACOCL FEATHERS,270499.0,16,1,1,1
JK Industries,270478.0,6,1,1,1
Rajasthan Construction Company,270278.0,1,1,1,1
JAI JAWALA STONE CRUSHER,270060.0,13,1,1,1
Gram panchayat Kamthikala,270000.0,4,1,1,1
JITENDRA RATHORE,270000.0,9,1,1,1
GRAM PANCHAYAT MANOLA,270000.0,3,1,1,1
Babu Brij Bihari Singhmahavidyalay,270000.0,3,1,1,1
Gram Panchyat Lana Cheta,270000.0,4,1,2,1
GP Gawahi,270000.0,4,1,2,1
Naman Enterprises,269986.0,1,1,1,1
Yeshi Choden Sunickjee,269922.0,4,1,1,1
R v Sports,269910.0,6,1,1,1
Pritam Singh and Sons,269910.0,6,1,1,1
MS TANUJA CONSTRUCTION,269859.0,3,1,2,1
Prem Singh,269756.0,2,2,2,2
CG State Renewable Energy Development Agency,269688.0,1,1,1,1
LOKNATH ENTERPRISE PRO KOUSHIK MAJEE,269532.0,1,1,1,1
AAQIB ENTERPRISES,269430.0,2,1,1,1
LAL JI CEMENT PRODUCTS,269430.0,5,1,1,1
The Malik Co Op L C Society Ltd Dabodha Khurd,269310.0,1,1,1,1
BABUN KUMAR SAHU,268878.0,1,1,1,1
FATSAR GRAM PANCHAYAT,268481.0,1,1,1,1
Md Azeemuddin,268220.0,1,1,1,1
THOTA   RAJA REDDY,268220.0,1,1,1,1
Thalla Srinivas,268220.0,1,1,1,1
NEELESH JAIN,268164.0,1,1,1,1
K  AADHI REDDY,268123.0,1,1,1,1
THE ANMOL TURAN COOPERATIVE LABOUR AND CONSTRUCTION,268101.0,3,1,1,1
GRAM PANCHAYAT DHOLARVA,268042.0,1,1,1,1
Kalleda Vinod,268006.0,1,1,1,1
Illumix LED Lighting Private Ltd,268000.0,1,1,1,1
S M Bricks,267994.0,9,1,1,2
Poweron Buisness Solutions,267960.0,1,1,1,1
THE PARDEEP SINGHMAR CO OP L C SOCIETY LTD,267945.0,3,1,1,1
Kanishka enterprises,267840.0,3,1,1,1
PRESIDENT VILLAGE LEVEL COMMITTEE KVRR PURAM CHITVEL,267654.0,1,1,1,1
KUNDANAM INDUSTRIES,266975.0,6,1,1,1
Sidhu Hardware Paint Store,266707.0,11,1,2,1
SHAM LAL AND SONS,266495.0,9,1,1,1
Parul Construction,265865.0,1,1,1,1
BDO Kunzer,265266.0,3,1,1,1
SAINI CEMENT SARIA STORE,265100.0,7,1,1,1
HANDA IRON STORE,265045.0,10,1,1,1
AEN O M JVVNL NAGAL RAJAWATAN,264771.0,7,1,2,1
aggarwal bko,264600.0,9,1,1,1
Amanpreet ement and Iron Store,264588.0,4,1,1,1
Om Concrete Products,264424.0,1,1,1,1
GRAM PANCHAYAT CHAREGAOV,264238.0,6,1,1,1
Balram Constuction,264000.0,4,1,1,1
Gurbaksh kaur,263889.0,9,1,1,1
FUTURE SYSTEM,263840.0,1,1,1,1
PARTHA PRATIM PHUKAN,263543.0,2,1,1,1
Abdul Rasheed P,263480.0,1,1,1,1
K M Joseph,263430.0,1,1,1,1
TAHASILDAR PIPILI,263295.0,63,1,1,1
GRAM PANCHAYAT TENDUHA NO 1,263156.0,3,1,1,1
JAGAN NATH BRICKS CO,262957.0,10,1,1,1
BACHHALI NARSIMHULU,262903.0,1,1,1,1
THE SEGA SHREE BALA JI COOP LABOUR AND CONST SOCIETY LTD,262744.0,1,1,1,1
GRAM PANCHAYAT USARI,262500.0,3,1,2,1
GRAM PANCHAYAT DHUBGHAT,262500.0,3,1,1,1
Kalra Iron And Timber Store,262266.0,6,1,2,1
The Shree Siya Ram Coop L and C,261397.0,1,1,1,1
PRI.G.G.HR.SEC.SCHOOL CHURAHAT,261270.0,3,1,1,1
Jalpa Trasport Construction,260925.0,1,1,1,1
Jhirmal Singh,260490.0,5,1,1,1
VINDHYAVASHINI CONSTRUCTION COMPANY,260308.0,1,1,1,1
SUKANTA KISHORE BARIK,260000.0,1,1,1,1
G P Mattal Bakhog,260000.0,5,1,2,1
GP Ghaini,260000.0,8,1,2,1
SARPANACH SACHIV GOHGAWARI,260000.0,5,1,1,1
Parvez Iqbal,260000.0,1,1,1,1
GP Changer,260000.0,4,1,3,1
BHAGWATI MAHILA MANDAL CHATTAR,260000.0,5,1,3,1
Gram Panchayat Sakroha,260000.0,4,1,1,1
SARPANCH GRAM PANCHAYAT JAMGAON M,260000.0,1,1,1,1
Gram Panchayat Badosa,260000.0,5,1,1,1
Padapadar gram panchayat,259902.0,1,1,1,1
NS BRICKS IND,259620.0,8,1,2,1
GOWNIPURAM VISALI,259232.0,2,1,2,1
Kanhaiya BKO,259200.0,8,1,1,1
Gram Panchayat Barwas,259156.0,4,1,2,1
HARJAP,259050.0,6,1,1,1
Kapil Enterprises,258751.0,1,1,1,1
Kesho Ram Aggarwal and sons,258750.0,3,1,1,1
Gram Panchayat DHAR,258552.0,5,1,1,1
Pawan Kumar,258315.0,7,3,3,3
The Shubh Coop L and C Society Ltd,258000.0,4,1,1,1
State Motor Garages Department,257979.0,3,1,1,1
SOM NATH,257920.0,8,1,2,1
GANESH KUMAR,257900.0,1,1,1,1
RAJENDRA SINGH,257877.0,14,4,5,4
SHRI SAI ENTERPRISES,257870.0,2,1,1,1
Gill Interlock tiles,257754.0,4,1,1,1
K Sravanthi,257460.0,3,1,1,1
Jaspal Singh Sarpanch,257415.0,6,1,1,1
Sunil Masih,257360.0,3,1,1,1
Manuj Kumar Brahma,257250.0,3,1,1,1
SB Bricks Gram Udyog,257233.0,10,2,2,1
MK Cement and Sanitary Store,257150.0,7,1,2,1
JIWAN INDUSTRIES,256768.0,2,1,1,1
Karan Intelock Tiles,256204.0,6,1,1,1
BHATTI ENTERPRISES,256080.0,4,1,1,1
Mangta Sheikh,256000.0,2,1,1,1
Kunhimoidu K K,255949.0,1,1,1,1
Fit Sirat,255700.0,2,1,1,1
SHYAM DAS,255648.0,3,1,1,1
LATE HARIHAR PRASAD SAHANI P M V,255000.0,2,1,1,1
MR ELECTRONIC,255000.0,3,1,2,1
Mobility kart,255000.0,3,1,1,1
HEADMISTRESS GUPS NERIAMANGALAM,255000.0,3,1,1,1
RO CARE CENTRE DODA,255000.0,3,1,2,1
SAJAN SINGH,255000.0,9,1,1,1
JYOTI PIPE,254880.0,3,1,1,1
Godavari Enterprises,254847.0,3,1,2,1
SARPANCH GRAM PANCHAYAT KANTIYA,254475.0,1,1,1,1
JAIN PLYWOOD,254316.0,3,1,1,1
TAHASILDAR BARGAON,254262.0,15,1,2,2
PAMPANA NAGARAJU,254158.0,1,1,1,1
Asmatullah Khan,254000.0,2,1,1,1
C Jeevan Babu,253710.0,3,1,1,1
AEN AVVNL KDL JJM,253694.0,2,1,1,1
Rajul Ahmed,253650.0,2,1,1,1
SHREE SHYAM TRADING COMPANY,253552.0,2,1,1,1
EE  NICHLAUL,253299.0,1,1,1,1
Gurmel singh,253080.0,7,1,1,1
BALA JI AND COMPANY,253052.0,5,1,1,1
Ramvir,252864.0,3,1,1,1
RAM CHANDRA SINGH,252857.0,1,1,1,1
Shanker Traders,252847.0,7,1,1,1
AEN O AND M JODH VVNL MANDAR,252714.0,3,1,1,1
Baljit Singh,252600.0,7,2,2,2
Sachiv gram panchayat Nitaya,252500.0,3,1,1,1
Ms JHINGER TILE FACTORY,252478.0,6,1,1,1
SHARDA BKO,252000.0,9,1,1,1
KMALA RANI BKO,252000.0,6,1,1,1
MANGA SINGH,252000.0,9,1,1,1
RAMDEV SUPPLIERS,251925.0,1,1,1,1
Hem Raj Darshan Kumar,251874.0,12,1,1,1
Vikram kumar,251547.0,1,1,1,1
Kapila Trading Co,251320.0,9,1,1,1
SANJU RAM,251100.0,12,1,1,1
Jagtar Singh,250710.0,4,2,2,2
VARINDER SAHNI HDFC,250566.0,4,1,2,1
THE BPR CO OP LABOUR AND CONSTRUCTION SOCIETY LTD,250152.0,3,1,1,1
Gram Panchayat Badaudakhurda,250000.0,1,1,1,1
sarpanch gp tumdi,250000.0,4,1,1,1
GP SINGAT,250000.0,1,1,1,1
GRAM PANCHAYAT REVDRA,250000.0,1,1,1,1
GRAM PANCHAYAT RATA,250000.0,1,1,1,1
Dorbar Shnong Madan And Riat Laban,250000.0,1,1,1,1
Kur Sookpoh Khadar Wyrnai Development Society,250000.0,1,1,1,1
BINOD GOCHHAYAT,250000.0,1,1,1,1
BIDYESWAR KAMAN,250000.0,1,1,1,1
GRAM PANCHAYAT FULIPURA,250000.0,1,1,1,1
Gram Panchayat Udiyakala,250000.0,1,1,1,1
GRAM PANCHAYAT SALODA,250000.0,1,1,1,1
SENG KYNTHEI LAWSOHTUN,250000.0,1,1,1,1
Gamdi gram panchayat,250000.0,1,1,1,1
DHUNDHAVANA GRAM PANCHAYAT,250000.0,1,1,1,1
Gram Panchayat Kumhar Daniya,250000.0,1,1,1,1
MR SARPANCH GP BHUTHIYA,250000.0,1,1,1,1
Gram pancahyat hadhai,250000.0,2,1,1,1
GRAM PANCHAYAT CHARCH,250000.0,1,1,1,1
Gram Panchayat Barkhadi,250000.0,1,1,1,1
GRAM PANCHAYAT RAYMA,250000.0,1,1,1,1
KJP Girls Maintnce Fun,250000.0,1,1,1,1
GRAM PANCHAYAT KOYLARJHORI,250000.0,1,1,1,1
GRAM PANCHAYT BHUTPADA,250000.0,1,1,1,1
GRAM PANCHAYAT BIRANPURKALA,250000.0,1,1,1,1
Divisional Forest Officer Palampur,250000.0,2,1,1,1
Gram Panchayat Sargawan,250000.0,1,1,1,1
BHARAT CHANDRA SINGH,250000.0,1,1,1,1
Khapmaw Pres LP School,250000.0,1,1,1,1
RAYPUR JUTH GRAM PANCHAYAT,250000.0,2,1,1,1
RAWELI,250000.0,1,1,1,1
M  Ramesh,250000.0,2,1,1,1
Blue Diamond Enterprise,250000.0,1,1,1,1
Gram Panchayat Khudawali,250000.0,1,1,1,1
PANCH PIPLA GRAM PANCHAYAT,250000.0,1,1,1,1
Akummeren Sanglir,250000.0,1,1,1,1
Akoti Gram Panchayat,250000.0,1,1,1,1
GP Bairi,250000.0,5,1,1,1
GRAM PANCHAYAT MADMADA,250000.0,2,1,1,1
Aiborlang Makdoh,250000.0,2,1,1,1
Ajida Marbaniang,250000.0,1,1,1,1
Gram Panchayat Kathegra,250000.0,1,1,1,1
GADSAI GRAM PANCHAYAT,250000.0,1,1,1,1
ST PETER AND UP PRIMARY SCHOOL MAWPAT,250000.0,1,1,1,1
CHANDRAKANT DIXIT,250000.0,1,1,1,1
CHANDISAR GRAM PANCHAYAT,250000.0,1,1,1,1
GRAM PANCHAYAT MAGHROL,250000.0,4,1,1,1
GRAM PANCHAYAT MAGARWADA,250000.0,1,1,1,1
NARAYAN MAHATO,250000.0,5,1,1,1
GP Bahadkur,250000.0,1,1,1,1
GP BRGF PAJHRAPALI,250000.0,1,1,1,1
MR SARPANCH GP BALSI,250000.0,1,1,1,1
IATREILANG FISH FARMER FED PRO CO LTD,250000.0,1,1,1,1
SARPANCHSHRI MAHERVADA GRAM PANCHAYAT,250000.0,1,1,1,1
Gram Panchayat Kaliarai,250000.0,1,1,1,1
SARPANCHSHREE KOTADI GRAM PANCHAYAT,250000.0,1,1,1,1
SARPANCHSHRI KARANPUR GRAM PANCHAYAT,250000.0,1,1,1,1
GRAM PANCHAYAT BANGAI,250000.0,4,1,1,1
GRAM PANCHAYAT BAMRA,250000.0,1,1,1,1
Baloch Gram Panchayat,250000.0,1,1,1,1
SARPANCHSHRI AITHOR GRAM PANCHAYAT,250000.0,1,1,1,1
GRAM PANCHAYAT DHAMARDA,250000.0,1,1,1,1
Gram Panchayat Piyava,250000.0,1,1,1,1
GRAM PANCHAYAT JARHATOLA,250000.0,1,1,1,1
TIROT SING MEMORIAL COLLEGE,250000.0,1,1,1,1
BAVALAVADAR GRAM PANCHAYAT,250000.0,1,1,1,1
RITUPURNA SWAIN JE,250000.0,1,1,1,1
MR GP BRGF NAVRANGPUR,250000.0,1,1,1,1
GRAM PANCHAYAT BANKAL,250000.0,1,1,1,1
CHARAN SAMADHIYALA GRAM PANCHAYAT,250000.0,1,1,1,1
Gram Panchayat Kaikhoda,250000.0,1,1,1,1
GRAM PANCHAYAT MINMINIYA MAIDAN,250000.0,1,1,1,1
GRAM PANCHAYAT MONGRAGAHAN,250000.0,1,1,1,1
Gram Panchayat Jaitpur,250000.0,1,1,1,1
Surma Nongsiej,250000.0,1,1,1,1
GRAM PANCHAYAT GHONGHADIH,250000.0,1,1,1,1
LANGTOR HIGHER SECONDARY SCHOOL,250000.0,1,1,1,1
SARPANCH GRAM PANCHAYAT KUNDA,250000.0,1,1,1,1
Dilseng M Sangma,250000.0,1,1,1,1
LAKSHYE MEHER,250000.0,1,1,1,1
GRAM PANCHAYAT MOVASA,250000.0,2,1,1,1
GRAM PANCHAYAT MOTIRAVAL,250000.0,1,1,1,1
GRAM PANCHAYAT VADI,250000.0,2,1,1,1
Vicky Pale,250000.0,1,1,1,1
Mr KANDRAI  SARPANCH GRAM PANCHAYAT KANDRA,250000.0,1,1,1,1
Dashmesh Agriculture Works,250000.0,1,1,1,1
SARPANCHSHRI UNAVA GRAM PANCHAYAT,250000.0,1,1,1,1
Mawkhar Christian Secondary School,250000.0,1,1,1,1
GRAM PANCHAYAT ARAIBAND,250000.0,1,1,1,1
MADHAVKAMPA GRAM PANCHAYAT,250000.0,1,1,1,1
R Marlemba Ao,250000.0,1,1,1,1
Wanbor Nongneng,250000.0,1,1,1,1
MADHIYA GRAMPANCHAYAT,250000.0,1,1,1,1
KANTOL GRAM PANCHAYAT,250000.0,1,1,1,1
GRAM PANCHAYAT NAWAGAON,250000.0,1,1,1,1
GRAM PANCHAYAT NEWASPUR,250000.0,1,1,1,1
Nora Evalyn Higher Secondary,250000.0,1,1,1,1
Nonglatem Secondary School Nonglatem,250000.0,1,1,1,1
Gram panchayat Jogibandh,250000.0,1,1,1,1
SATIJA MOTORS P LTD,250000.0,1,1,1,1
Wajiajer Presbyterian Secondary School,250000.0,1,1,1,1
GRAM PANCHAYAT BACHEDI,250000.0,1,1,1,1
Chhatral Gram Panchayat,250000.0,1,1,1,1
Gram Panchayat Giltari,250000.0,4,1,2,1
KANDA JUTH GRAM PANCHAYAT,250000.0,1,1,1,1
GRAM PANCHAYAT KHARAIDAVAR,250000.0,1,1,1,1
Assistant Engineer Dasamantpur Block,250000.0,1,1,1,1
GRAM PANCHAYAT CHIMRA,250000.0,1,1,1,1
KUKARWADA GRAM PANCHAYAT,250000.0,2,1,1,1
Sarpanch Gram Panchayat   MOARI,250000.0,2,1,1,1
Sarpanch Gram Panchayat   JHIRIYA,250000.0,2,1,1,1
Imtinungsang,250000.0,1,1,1,1
LUDARA GRAM PANCHAYAT LUDARA,250000.0,1,1,1,1
TENPUR GRAM PANCHAYAT,250000.0,1,1,1,1
GRAM PANCHAYAT DARRABHATHA B,250000.0,1,1,1,1
Sarpanch Gram Panchayat Khapariya,250000.0,1,1,1,1
HELABELI GRAM PANCHAYAT,250000.0,1,1,1,1
GRAM PANCHAYAT TIKARI,250000.0,1,1,1,1
GRAM PANCHAYAT PADARDI,250000.0,1,1,1,1
Gram Panchayat Talbhev,250000.0,1,1,1,1
Gram Panchayat Gersa,250000.0,1,1,1,1
Gram Panchayat Sonhar,250000.0,1,1,1,1
BILDI GRAM PANCHAYAT,250000.0,1,1,1,1
SARMILA KUMARI NAYAK,250000.0,1,1,1,1
Gram Panchayat Surajpura jangal,250000.0,1,1,1,1
Suragpur Gram Panchayat,250000.0,1,1,1,1
GRAM PANCHAYAT GHATAI,250000.0,1,1,1,1
RUSHIKESH SUJIT SALVI,250000.0,1,1,1,1
Gram Panchayat Gangpur,250000.0,1,1,1,1
Gram Panchayat Gangibahara,250000.0,1,1,1,1
Nirmalkumar Bharatbhai Patel,250000.0,1,1,1,1
abhibhashak sangh goharganj,250000.0,1,1,1,1
Sunday Diengdoh,250000.0,1,1,1,1
GRAM PACNHAYAT KOSMANDA,250000.0,1,1,1,1
GRAM PANCHAYAT AAMGAON,250000.0,1,1,1,1
MAHDEV CONSTRACTION COMPANY,250000.0,1,1,1,1
Ruar,250000.0,1,1,1,1
Gram Panchayat Bariya janpad Panchayat gandhwani Dhar,250000.0,1,1,1,1
GRAM PANCHAYAT RAIPUR,250000.0,1,1,1,1
Joseph  LAlhmangaiha,250000.0,2,1,1,1
Kadampur,250000.0,1,1,1,1
SAMIYALA GRAM PANCHAYAT,250000.0,1,1,1,1
GRAM PANCHAYAT KESHMARDA,250000.0,1,1,1,1
Tranlyroy Kharbani,250000.0,2,1,1,1
LOTESHVAR GRAM PANCHAYAT,250000.0,1,1,1,1
SARPANCH KATKOI JOOTH GRAM PAN,250000.0,1,1,1,1
Sarpanch Gram panchayat Jhharguda,250000.0,1,1,1,1
Patanvav Gram Panchayat,250000.0,1,1,1,1
DULANANDA HANSA,250000.0,1,1,1,1
Rao Adhikari Srinivasa,250000.0,1,1,1,1
GOURI SHANKAR ROY,250000.0,1,1,1,1
GP DUBAHA,250000.0,1,1,1,1
Gram Panchayat Piplav,250000.0,4,1,1,1
Kalpesh Ram Goje,250000.0,1,1,1,1
POOJA CONSTRUCTION,250000.0,1,1,1,1
RANCHHODPURA GRAM PANCHAYAT,250000.0,1,1,1,1
SANGMA GRAM PANCHAYAT,250000.0,1,1,1,1
Mr GP BRGF MOHDA,250000.0,1,1,1,1
GRAM PANCHAYAT PANDARIYA,250000.0,1,1,1,1
GRAM PANCHAYAT TARO,250000.0,1,1,1,1
dhairya traders,250000.0,2,1,1,1
gram panchayat baigatola,250000.0,1,1,1,1
gram panchayat sarsai,250000.0,1,1,1,1
Gupta Tele System,250000.0,1,1,1,1
DNS WAHLANG MEMORIAL HIGHER SECONDARY SCHOOL,250000.0,1,1,1,1
GRAM PANCHAYAT SANKRA,250000.0,1,1,1,1
Hemant Singh Negi,250000.0,2,1,1,1
gram panchayat chamaray tolagaon,250000.0,1,1,1,1
GramPanchayat Bahgavan,250000.0,1,1,1,1
Gram panchayat bordi inami,250000.0,1,1,1,1
GP UMAR,250000.0,1,1,1,1
MALANAKA GRAM PANCHAYAT,250000.0,1,1,1,1
Gram panchayat Puhputra,250000.0,1,1,1,1
Gram Panchayat Chakrampur,250000.0,1,1,1,1
Richard Plain,250000.0,1,1,1,1
JUNIOR ENGINEER DASAMANTAPUR BLOCK,250000.0,1,1,1,1
JUNIOR ENGINEER BLOCK OFFICE LAXMIPUR GHADEI,250000.0,1,1,1,1
KA FUND SHNONG RALIANG,250000.0,1,1,1,1
gram panchayat pendri,250000.0,2,1,1,1
sunil ganpat padyar,250000.0,1,1,1,1
A S Traders Amarwara,250000.0,1,1,1,1
VIRANI AGRO,249998.0,1,1,1,1
NAVA MALANIYAD GRAM PANCHAYAT,249973.0,1,1,1,1
Raj consruction company,249970.0,1,1,1,1
Juna Devaliya Gram Panchayat,249966.0,1,1,1,1
GRAM PANCHAYAT BADHAURA,249940.0,5,1,1,1
GRAM PANCHAYAT BHARI,249937.0,1,1,1,1
RANJITGADH GRAM PANCHAYAT,249934.0,1,1,1,1
NKS Industries,249924.0,3,1,1,1
THE CHAIRMAN VLC KALUVAPALLE GP,249920.0,1,1,1,1
Radheshyam Singh,249920.0,1,1,1,1
MAHOLEL GRAM PANCHAYAT,249897.0,2,1,1,1
SUNDARI BHAVANI GRAM PANCHAYAT,249893.0,1,1,1,1
EXECUTIVE ENGINEER EDD LAKSAR,249849.0,1,1,1,1
Boparai Building Material,249820.0,1,1,1,1
BONDLA VENKATI,249808.0,1,1,1,1
VINZOL  gram panchayat,249759.0,1,1,1,1
PRADEEP KUMAR PRADHAN,249759.0,1,1,1,1
Gram panchayat Khanpur,249707.0,1,1,1,1
MARGHAKUI  gram panchayat,249689.0,1,1,1,1
D B ENTERPRISE,249667.0,1,1,1,1
GRAM PANCHAYAT LANGODRA,249662.0,1,1,1,1
ALAUL ISLAM,249653.0,1,1,1,1
GRAM PANCHAYAT ISHAPUR,249649.0,1,1,1,1
AKLACHA  gram panchayat,249585.0,1,1,1,1
GRAM PANCHAYAT KHAMBHALIYA,249573.0,1,1,1,1
JORAPURA  gram panchayat,249568.0,1,1,1,1
SRINATH GOWDA M S,249559.0,1,1,1,1
CSUBRAMANIAN,249559.0,1,1,1,1
GRAM PANCHAYAT SUKHPUR,249527.0,1,1,1,1
DHUNADARA  gram panchayat,249501.0,1,1,1,1
Rahul K P,249500.0,1,1,1,1
TANIK PAYUM,249476.0,1,1,1,1
GRAM PANCHAYAT VADHAVI,249467.0,1,1,1,1
GRAM PANCHAYAT BAJIPURA VAGPURA,249459.0,1,1,1,1
MAHENDRA SHETTY,249447.0,1,1,1,1
G M ENTERPRISE,249432.0,1,1,1,1
Village Level Committe President Pollopalli GP,249431.0,1,1,1,1
PIPALVADA  gram panchayat,249389.0,1,1,1,1
Shri Simar Gram Panchayat,249385.0,1,1,1,1
UMBA grampanchayat,249332.0,1,1,1,1
GRAM PANCHAYATA MATWA,249291.0,1,1,1,1
GRAM PANCHAYAT SAHADA,249291.0,1,1,1,1
GRAM PANCHAYATA VAJELAW,249291.0,1,1,1,1
BALIYAWAD GRAM PANCHAYAT,249284.0,1,1,1,1
shree sidhatri enterprises,249282.0,1,1,1,1
CHANDAPPA S KAREKALLA,249229.0,2,1,1,1
SARA GRAM PANCHAYAT,249216.0,1,1,1,1
T Lakshmi Narayana Gbn,249199.0,2,1,1,1
GRAM PANCHAYAT SINHOL,249191.0,1,1,1,1
VITTHALPURA  AGRAM PANCHAYAT,249164.0,1,1,1,1
AGARVA  gram panchayat,249119.0,1,1,1,1
TIMBA NA MUVADA GRAM PANCHAYAT,249119.0,1,1,1,1
GRAM PANCHAYAT GALALIYAWAD,249073.0,1,1,1,1
SARPANCH SACHIV GRAM PANCHAYAT BARWASAN,249031.0,2,1,1,1
AMEERAFZAL BAGEWADI,249009.0,2,1,1,1
GRAM PANCHAYAT DUNGARA,249000.0,1,1,1,1
Gram panchayat Madwa,248987.0,2,1,1,1
DABHALI  GRAMPANCHAYAT,248980.0,1,1,1,1
SANDEEP WAGHMORE,248884.0,2,1,1,1
MD SAHABAT HOSSAIN,248606.0,1,1,1,1
DHARSAN GRAM PANCHAYAT,248592.0,1,1,1,1
PASVARI GRAM PANCHAYAT,248556.0,1,1,1,1
M B SALES CORPORATION,248426.0,1,1,1,1
GRAM PANCHAYAT  BANDIBAR,248388.0,1,1,1,1
GRAM PANCHAYAT BANDIBAR,248388.0,1,1,1,1
GRAM PANCHAYAT ZARIKHURD,248299.0,1,1,1,1
Santosh Billawria,248000.0,1,1,1,1
KANG BRICKS,247968.0,6,1,2,1
N MANJUNATHA,247960.0,2,1,1,1
JANARDHANA KULAL,247800.0,1,1,1,1
YAKIYAM PAYUM,247783.0,1,1,1,1
SRINIVAS K,247759.0,2,1,1,1
GRAM PANCHAYAT GARHIMEWAT,247740.0,3,1,2,1
Rayia bricks co,247701.0,9,1,1,1
Rabbul Hussain,247700.0,3,1,1,1
Mr Venkata Subba Reddy Suram,247659.0,1,1,1,1
VAGHASI GRAM PANCHAYAT,247601.0,2,1,1,1
PUNEETH M N,247588.0,2,1,1,1
BHUTARDI GROUP GR PANCHAYAT,247496.0,1,1,1,1
SHREE DERVAN GRAM PANCHAYAT,247395.0,1,1,1,1
OMAN PAYUM,247150.0,1,1,1,1
Jasveer Singh,247104.0,3,1,1,1
Puneet Iron Store,246861.0,6,1,1,1
Shri Kaj Gram Panchayat,246824.0,1,1,1,1
CHAUTA GRAM PANCHAYAT,246770.0,1,1,1,1
JASVIR KAUR SARPANCH MALAKPUR,246631.0,4,1,2,1
HAMADPARA GRAM PANCHAYAT,246471.0,1,1,1,1
GROUP GRAM PANCHAYAT MANDALI,246300.0,1,1,1,1
AM Solar Energy,246192.0,1,1,1,1
Gadhvana Gram Panchayat,246176.0,1,1,1,1
Kirat Building Material,246162.0,6,1,2,1
Dwarka Dass Mohal Lal,246000.0,1,1,1,1
THEPADA GRAM PANCHAYAT,245998.0,1,1,1,1
GRAM PANCHAYAT JAALAT,245955.0,1,1,1,1
Vijay Enterprises,245952.0,4,1,1,1
GRAM PANCHAYAT RAI,245900.0,1,1,1,1
GRAM PANCHAYAT JESAWADA,245831.0,1,1,1,1
GRAM PANCHAYAT GANGARDI,245831.0,1,1,1,1
Avinash H C,245824.0,2,1,1,1
Nadeem Chowdhary,245800.0,1,1,1,1
ALOM NYIGANG,245631.0,1,1,1,1
Manjit Singh,245616.0,7,2,2,2
KADEGI GARAM PANCHAYAT,245563.0,1,1,1,1
Mr KALAPAN GRAM PANCHAYAT,245516.0,1,1,1,1
LOT INTERNATIONAL,245400.0,6,1,1,1
PAN KHAN GRAM PANCHAYAT,245256.0,1,1,1,1
Fatsar gram panchayat,245256.0,1,1,1,1
BIKASH KUMAR BARA,245243.0,1,1,1,1
GRAM PANCHAYAT BHOOTODI,245098.0,1,1,1,1
SARPANCHSHRI LIHODA GRAM PANCHAYAT,245087.0,1,1,1,1
FAREDA GRAM PANCHAYAT,245076.0,1,1,1,1
MS KSK AND CO,245006.0,1,1,1,1
Gram pancahyat  bhoipar,245000.0,2,1,1,1
SAHIL SHARMA CONTRACTOR,245000.0,2,1,1,1
GP DOBHI,245000.0,1,1,1,1
National cement  store,244949.0,1,1,1,1
National cement store,244949.0,1,1,1,1
ITVAYA GRAM PANCHAYAT,244903.0,1,1,1,1
Shri Bij Gram Panchayat,244869.0,1,1,1,1
SHREE KARNI TENT HOUSE AND LIGHT DECORATION,244750.0,1,1,1,1
Shri BHATHROT GRAM PANCHAYAT,244700.0,1,1,1,1
avani agency,244510.0,1,1,1,1
Gram panchayat TARVADIYA VAJA,243973.0,1,1,1,1
Shri KHAN GRAM PANCHAYAT,243877.0,1,1,1,1
Ghulam Mohi ud din Sheikh,243800.0,1,1,1,1
THE KHARINDWA CO OP LABOUR AND CONST SOCIETY KHARINDWA,243777.0,3,1,1,1
MS Radhika Enterprises,243775.0,1,1,1,1
Nikhil Enterprises,243625.0,1,1,1,1
Bhambra Steel and Aluminum Works,243618.0,3,1,1,1
Gram Panchayat bhanpur,243560.0,1,1,1,1
Sarpancha Sachiv Gram panchayat  Orchha,243500.0,1,1,1,1
Ms Parveen Trading Co Behbal Manj Mukerian,243450.0,6,1,2,1
ABDUL LATHEEF K,243349.0,1,1,1,1
Ameer Faisal P,243093.0,1,1,1,1
SURJAN CEMENT AGENCY,243006.0,7,1,1,1
Lalit sungat,243000.0,6,1,1,1
UDEPUR GROUP GRAM PANCHAYAT UDEPUR,243000.0,1,1,1,1
NEHA PLAYWAYS EQUIPMENTS PRIVATE LIMITED,243000.0,6,1,1,1
ARUN GAO,242819.0,3,1,1,1
Jaswinder Singh Mistry,242700.0,16,1,2,1
HARDEEP SINGH MISTRI,242000.0,7,1,1,1
shri vithalpur gram panchayat,241950.0,1,1,1,1
A K CONTRACTOR,241932.0,1,1,1,1
Lovepreet Singh,241906.0,11,2,3,3
EASHWARAN ELECTRICAL WORKS,241826.0,1,1,1,1
Sharma BKO,241400.0,2,1,2,1
PRINCIPAL GOVT COLLEGE OF NURSING THRISSUR,241365.0,3,1,2,1
RAO CONSTRUCTION CO,241300.0,1,1,1,1
SONY BUILDING MATERIAL STORE,241200.0,4,1,1,1
Rishav,240969.0,1,1,1,1
Tahasildar Nayagarh,240835.0,12,1,1,2
GURU KIRPA INTERLOCK TILES,240660.0,5,1,1,1
om sai builders,240641.0,3,1,1,1
satguru batala,240500.0,1,1,1,1
Malwa enterprise,240366.0,6,1,1,1
VADLI GRAM PANCHAYAT,240309.0,1,1,1,1
SARABJIT KAUR WO PRITAM SINGH,240306.0,3,1,1,1
Karipe Vilas,240305.0,1,1,1,1
GRAM PANCHAYAT BUDOUR,240000.0,1,1,1,1
GP Goies,240000.0,3,1,3,1
GP Brasli,240000.0,3,1,2,1
GP Himri,240000.0,3,1,2,1
Gram Panchayat Mayali Jejad,240000.0,3,1,2,1
Jatinder Puri,240000.0,3,1,1,1
Gram Panchyat Khood Drabil,240000.0,3,1,2,1
SPR IMPEX PRIVATE LIMITED,240000.0,12,1,1,1
Sarpanch Gram Panchayat KERIYA,240000.0,2,1,1,1
GRAM PANCHAYAT CHIKATBARRI,240000.0,4,1,1,1
Gram Pancahyat ANDHOL,240000.0,3,1,1,1
Sarpanch Sachiv Gram Panchayat Dhanoura,240000.0,3,1,1,2
GRAM PANCHYAT GOPH,240000.0,4,1,1,1
Sarpanch Gram Panchayat   KERIYA,240000.0,2,1,1,1
GRAM PANCHAYAT KHERAKALA,240000.0,1,1,1,1
SRI SRI NARASINGHA GOPAL NAMGHAR VILL KAMARGAON,240000.0,1,1,1,1
Gram panchayat Bairagad,240000.0,1,1,1,1
GRAM PANCHAYAT GHATBAHRA JP PENDRA,240000.0,3,1,1,2
GRAM PANCHAYAT TARAI,240000.0,4,1,1,1
jain computer,240000.0,3,1,1,2
GP Mandal,240000.0,3,1,1,1
SAR AND SAC GRAM PANCHAYAT JOGISAR,240000.0,3,1,1,2
GP Manjheli,240000.0,3,1,3,1
SHREYA TRADING,240000.0,2,1,1,1
GRAM PANCHYAT PINDRIKLA,240000.0,2,1,1,1
Narayan Debnath,240000.0,1,1,1,1
SARPANCH SACHIV GRAM PAN KOTMI KHURD,240000.0,3,1,1,2
KHANDOSAN GRAM PANCHAYAT,240000.0,3,1,1,1
GRAM PANCHAYAT IKALBIHARI,240000.0,5,1,1,1
Devesh pandit,240000.0,10,1,1,1
SachivSarpanch gram panchayat Semriharchand,240000.0,3,1,1,1
GRAM PANCHAYAT KAMAH,240000.0,2,1,2,1
GRAM PANCHYAT THAWRIKLA,240000.0,2,1,1,1
GRAM PANCHAYAT CHAUBARA,240000.0,1,1,1,1
GP BALT,240000.0,3,1,1,1
GRAM PANCHAYAT UMRADI,240000.0,4,1,1,1
Construction of Open Stage near Chandrapur Sarbajanin Durga Mandir,240000.0,1,1,1,1
RAAZ STEEL INDUSTRIES,240000.0,1,1,1,1
GRAM SABHA LUHARPURA,240000.0,1,1,1,1
GRAM SABHA PATARA,240000.0,1,1,1,1
Atul computers,240000.0,3,1,1,1
CONSTRUCTION OF CULTURAL STAGE AT BARHARID NEAR SRI SRI KALIA NAMGHAR,240000.0,1,1,1,1
gram panchayat bhawras,240000.0,2,1,2,1
GP Bhutli Manal,240000.0,3,1,2,1
Rennovation of Natghar at Rabhapara,240000.0,1,1,1,1
Janak Raj Prop Ms Kissan Bhatta co maur kalan,239994.0,10,1,1,1
ARIHANT INDUSTRIAL CORPORATION LIMITED,239803.0,1,1,1,1
MS AJAIB SINGH BKO,239634.0,13,1,1,1
SURENDRA TILES UDHYOG,239476.0,1,1,1,1
Thakur Tile Industries,239388.0,7,1,2,1
BOBICONSTRUCTIONCOMPANY,239376.0,1,1,1,1
NIMAIN ROUL,239300.0,1,1,1,1
mitra traders,239233.0,1,1,1,1
HOSPITAL MANAGEMENT COMMITTEE,239151.0,3,1,1,1
Jain Industries,239085.0,1,1,1,1
Shri Damali Gram Panchayat,239051.0,1,1,1,1
KAPILA TRADERS,238960.0,2,1,1,1
Khalid Lathiya,238912.0,1,1,1,1
Ms Shiv Shakti Traders,238879.0,2,1,1,1
RAM PRAKASH SINGH SIKSHA SAMIT,238800.0,2,1,1,1
KALIGOTA NARSAREDDY,238618.0,2,1,1,1
CHIKHALKUBA GRAM PANCHAYAT,238587.0,1,1,1,1
ABDUL NASAR M P,238462.0,1,1,1,1
AK Traders,238200.0,6,1,2,1
UMESH BHUE,238065.0,1,1,1,1
LAL SINGH,237742.0,4,2,2,2
ASHRAF E,237376.0,1,1,1,1
KAMADGIRI TRADERS,237319.0,1,1,1,1
DEPUTY MANAGER KELTRON,237118.0,2,1,1,1
Fateh Traders,236800.0,4,1,1,1
BALRAJ SINGH,236615.0,5,1,1,1
UPPAL BUILDING MATERIAL,236183.0,1,1,1,1
Bhatti cement and iron store,235990.0,1,1,1,1
Rampara gram panchayat,235847.0,1,1,1,1
BHURU KHA,235800.0,9,1,1,1
Jarnail Singh,235500.0,6,1,1,1
Guru Nanak Trading Company,235320.0,6,1,2,1
AKAL CEMENT TILES,235154.0,7,1,1,1
GANESH LAL,235137.0,4,1,1,1
Gudla Venkata Pavan,235134.0,1,1,1,1
SHARMA MILL STORE,235020.0,3,1,1,1
PALLAB JYOTI DUTTA,234619.0,3,1,1,1
GURU NANAK BKO JOGA,234528.0,7,1,1,1
Dhan Guru Nanak Tiles Hub,234000.0,3,1,1,1
RAJ KUMAR N,233917.0,1,1,1,1
AFSANA ENTERPRISE prop SK ANUAR,233836.0,1,1,1,1
Ravi Kumar,233550.0,3,1,1,1
LAXMI BRICKS COMPANY,233470.0,1,1,1,1
Katipelly Jagadeshwar Reddy,233010.0,6,1,1,1
surinder sngh bko,233000.0,6,1,1,1
RAJKISHOR SAHU,232795.0,1,1,1,1
Gram Panchayat Kotada,232613.0,1,1,1,1
Gram Panchayat Phool Dhawadi,232613.0,1,1,1,1
KRISHAN GARG,232581.0,2,2,2,2
Rattan Lal and Sons,232578.0,1,1,1,1
The Kuber Co Op LC Soc Ltd,232296.0,3,1,1,1
RAMESH KUMAR,231040.0,16,3,3,4
TYAGI CONSTRUTION AND ORDER SUPPLIERS,230926.0,1,1,1,1
INDIA SALES CORPORATION,230700.0,6,1,1,1
MS TATA BRICKS,230500.0,5,1,1,1
Shinder pal Singh,230040.0,3,1,1,1
GRAM PANCHAYAT JETPUR DU,230000.0,1,1,1,1
BAJWA AIRCON SERVICES,230000.0,2,1,1,1
jopir mize,229684.0,1,1,1,1
kASHMIR TRADING CO,229470.0,9,1,2,1
Raja Sahib Ji Traders,229400.0,2,1,2,1
G S Tiles Factory,229400.0,2,1,1,1
J S TRADERS,229330.0,9,1,1,2
ABDUL MAJEED K,229077.0,1,1,1,1
BALI WOOD WORKS,228600.0,1,1,1,1
BHANA RAM KESHO DASS DHURI,228600.0,3,1,1,1
shri Swastik Bko,228536.0,7,1,1,1
CHAND AND SONS Bhatta CO,228536.0,1,1,1,1
BARDWA TIMBER MART,228500.0,4,1,1,1
NB Power Tiles Behnangal,228000.0,5,1,2,1
M AND M CONSTRUCTION,228000.0,6,1,1,1
Atla gram Udyog Samiti,227680.0,9,1,1,1
rohit kumar,226068.0,6,1,1,1
Labard Instruchem Pvt Ltd,225900.0,2,1,1,1
N A Contractor,225873.0,3,1,1,1
The Sharan Coop L and C Society,225847.0,2,1,1,1
SOHI TRADERS,225585.0,12,1,2,1
mkk iron store,225204.0,9,1,1,1
THASKA GRAM UDYOG SAMITI,225111.0,1,1,1,1
Gram Panchayt Chapapadar,225000.0,1,1,1,1
SARPANCH GRAM PANCHAYAT UNDACH LUHAR FALIYA,225000.0,3,1,1,1
SACHIV GRAM PANCHAYAT RAIPUR,225000.0,3,1,1,1
BHAGYAMMA,225000.0,1,1,1,1
GP Kihar,225000.0,3,1,1,1
ASHWATHAM SHASAPPA REBINAL,225000.0,1,1,1,1
C S RAMESH,225000.0,1,1,1,1
Sachiv gram Panchayat Bhatti,225000.0,3,1,1,1
Greden M Marak,225000.0,3,1,1,1
sarpanch gp dungariyatitra,225000.0,3,1,1,1
sarpanch gp ambada,225000.0,3,1,1,1
sarpanch gp semartal,225000.0,3,1,1,1
sarpanch gp mayawadi,225000.0,3,1,1,1
sarpanch gp leekhawadi,225000.0,3,1,1,1
sarpanch gp jatachhapar,225000.0,3,1,1,1
SACHIN NAMADEV RATHOD,225000.0,1,1,1,1
Sarpanch Gram Panchayat Bheropur,225000.0,3,1,1,1
GRAM PANCHAYAT TIKRI,225000.0,3,1,2,1
Mejingstone D Sangma,225000.0,3,1,1,1
GRAM PANCHAYAT MADPAL JAGDALPUR,225000.0,3,1,2,1
Rikse M Sangma,225000.0,3,1,1,1
Gram Panchayat Vaghrech,225000.0,3,1,1,1
CHANDRAKANT AIHOLLI,225000.0,1,1,1,1
SARPNACH SACHIV GRAM PANCHAYAT UMMEDPURA,225000.0,3,1,1,1
GRAM PANCHAYAT LIGHARI,225000.0,3,1,2,1
GRAM PANCHAYAT JARJOLA,225000.0,3,1,1,1
Gram Panchayat Sarotri,225000.0,3,1,1,1
GP SHIVTALA JP BADI,225000.0,3,1,1,1
asian brick klin,225000.0,3,1,2,1
GRAM PANCHAYAT BAILLY,225000.0,3,1,1,1
GRAM PANCHAYAT AJRAI,225000.0,3,1,1,1
GRAM PANCHAYAT PANARJHIR,225000.0,1,1,1,1
UMESH KAMATAR,225000.0,1,1,1,1
GRAM PANCHAYAT BAKORI,225000.0,3,1,2,1
John Marbin Kharumnuid,225000.0,3,1,1,1
sarpanch gp sirgorikhurd,225000.0,3,1,1,1
KANTHARAJU C,225000.0,1,1,1,1
Warning Marak,225000.0,3,1,1,1
SHIVANAND MALLAPPA MENASINAKAI,225000.0,1,1,1,1
SHIVAJI BHIMU JADHAV,225000.0,1,1,1,1
GRAM PANCHAYAT BARHETA,225000.0,3,1,2,1
Gram Panchayat Jamli,225000.0,3,1,3,1
GRAM PANCHAYAT KHAJARI,225000.0,1,1,1,1
Slowrina Ch Marak,225000.0,3,1,1,1
GRAM PANCHAYAT SURAJGAO,225000.0,3,1,2,1
GP thala jp udaipura,225000.0,3,1,1,1
GRAM PANCHAYAT VASAN,225000.0,3,1,1,1
Gram Panchayat Dhobiguda,225000.0,1,1,1,1
GP KOthuwan,225000.0,3,1,3,1
GRAM PANCHYAT SAUR,225000.0,3,1,3,1
GP Bhadian Kothi,225000.0,3,1,1,1
GRAM PANCHAYAT PASI,225000.0,3,1,2,1
gram Panchayat Rangari,225000.0,3,1,1,1
Gram Panchayat Sirhkund,225000.0,3,1,1,1
BERIN KLEIN,225000.0,3,1,1,1
GP JANAKPUR JP BADI,225000.0,1,1,1,1
GRAM PANCHAYAT BOUCHAR,225000.0,3,1,2,1
Enian N Sangma,225000.0,3,1,1,1
GRAM PANCHAYAT GORAKHPUR,225000.0,3,1,2,1
GRAM PANCHAYAT MEHGAON,225000.0,3,1,2,1
DUBEY CONSTRUCTION PRO SANTOSH KUMAR DUBEY,224818.0,1,1,1,1
Vijayaragavan J,224779.0,1,1,1,1
Avreen Industeries Mukerian,224581.0,6,1,1,1
DEO BUILDING MATERIAL,224500.0,4,1,1,1
Brar Associates,224400.0,6,1,1,1
Gourav Traders,224356.0,1,1,1,1
Raphi Talom,224256.0,1,1,1,1
BAVANA DILLESWARARAO,224217.0,1,1,1,1
sokhda khurd gram panchayat,224138.0,1,1,1,1
The Aggarwal Gram Udyog Samti,224000.0,11,1,1,1
INDERJEET PASWAN,223878.0,6,1,1,1
Ghotra Traders,223860.0,4,1,2,1
VEER INTERLOCK TILES,223746.0,7,1,2,1
Mohd Rafiq Mir,223600.0,1,1,1,1
UNLIMITED INC,223560.0,6,1,1,1
Prasannakumar K S,223260.0,1,1,1,1
SHANKER TRADING COMPANY,223250.0,5,1,1,1
NARAYAN ROUT AND SMT SWARNALATA ROUT,223000.0,1,1,1,1
The Raily Co op L and C Society ltd,222531.0,3,1,2,1
Gram Panchayat Bhetasi Talpad,222522.0,3,1,1,1
High School Chargoda,222450.0,3,1,1,1
GURU TEG BAHADUR CEMENT AND MATERIAL STORE,222354.0,9,1,1,1
Vasudeva Steel Traders,222288.0,2,1,1,1
Balaji Enterprises,221850.0,6,1,2,1
J and T CONCRETE INDUSTRY,220952.0,3,1,1,1
NADARI GRAM PANCHAYAT,220950.0,3,1,1,1
LAVISH ENTERPRISES,220170.0,3,1,1,1
Sunil Welding Works,220077.0,4,1,2,1
KARAGHOGHA,220000.0,1,1,1,1
BAKARPUR GRAM PANCHAYAT,220000.0,1,1,1,1
GRAM PANCHAYAT PURENAKHALSA,220000.0,4,1,1,1
THALOTA GRAM PANCHAYAT,220000.0,1,1,1,1
GP Jalpehar,220000.0,4,1,1,1
GRAM PANCHAYAT BAMANWADA,220000.0,4,1,1,1
CHITRODA MOTA GRAM PANCHAYAT,220000.0,1,1,1,1
GP ROPA PADHAR,220000.0,4,1,1,1
KIYADAR GRAM PANCHAYAT,220000.0,2,1,1,1
GRAM PANCHAYAT BHAKARA,220000.0,4,1,1,1
KANSARAKUI GRAM PANCHAYAT,220000.0,2,1,1,1
GRAM PANCHAYAT KHAMKHEDA RYT,220000.0,4,1,1,1
Gram Panchayat Gwarimal,220000.0,4,1,1,1
SARPANCH GRAM PANCHAYAT CHOURAHET,220000.0,4,1,1,1
GRAM PANCHYAT JESARVA,219587.0,1,1,1,1
MOHAMEDALI T,219548.0,1,1,1,1
JINDAL BRICK KILN CO,219100.0,7,1,1,1
SWASTIK TRADERS,219075.0,3,1,2,1
Dhruv Tile Factory,219050.0,2,1,1,1
KASANA BULIDING MATERIAL SUPPLIERS,218890.0,7,1,1,1
MS Lovely Cement Store,218824.0,5,1,1,1
HARISH KUMAR,218632.0,2,2,2,2
gram panchyat padalwas,218625.0,3,1,2,1
SHAMSHER SINGH,218590.0,6,2,2,2
ISHFAQ AHMAD SHEIKH,218400.0,1,1,1,1
JAGSEER SINGH SO BHOLA SINGH,218349.0,6,1,1,1
ACHOLISH KUJUR,218250.0,1,1,1,1
Santosh Kumar Das,218000.0,1,1,1,1
KATHGARH TILE CO,217740.0,2,1,1,1
SRI LAKSHMI ELECTRICAL SERVICE,217548.0,1,1,1,1
Billa Bricks Industries BKO,217500.0,6,1,2,1
SHIVARATHRI NARESH,216832.0,1,1,1,1
HARPREET SINGH SARPANCH,216534.0,3,1,1,1
Jashanpreet Singh so Balwant Singh Mistri,216474.0,3,1,2,1
THE KRISHNA COOP LC SOCIETY LTD NANGAL,216434.0,1,1,1,1
GOVIND SINGH,216378.0,14,2,2,2
MPLAD WITHHELD,216045.0,23,1,2,1
LAXMI AUTO AGENCIES PRIVATE LIMITED,216000.0,2,1,1,1
PARVEEN SINGH,215600.0,1,1,1,1
NARESH KUMAR,215355.0,19,3,4,4
BS AND SONS,215300.0,4,1,2,1
Mr Chamoda Gram Panchayat,214982.0,1,1,1,1
Sakshi Cement Store,214870.0,7,1,1,1
EUDD 11 KV LT,214837.0,1,1,1,1
HM UHSS ANNANAD,214467.0,3,1,1,1
GRAM PANCHAYT DHALSHIMAL,214000.0,1,1,1,1
SMC GES DHADDE,213970.0,1,1,1,1
Dhaner Traders Mehal Kalan,213960.0,5,1,1,1
S M BRICK KILN,213844.0,7,1,1,1
MANSURI BUILDING MATERIAL,213600.0,6,1,1,1
Gandi Krishna,213585.0,1,1,1,1
PREM CHAND HARBHAJAN LAL,213000.0,6,2,3,1
Navakhal Gram Panchayat,212864.0,4,1,1,1
AEN AVVNL CSD I SIKAR,212823.0,3,1,1,1
Jindal Bricks company,212576.0,6,1,2,1
MS GMM ENTERPRISES,212548.0,26,1,1,1
ROYAL BUILDING MATERIAL,212500.0,2,1,1,1
SWASTIK IDUSTRIES,212400.0,3,1,2,1
Gram Panchayat Moicharni,212267.0,1,1,1,1
BAWA BRICKS SUPPLY CO,212100.0,4,1,1,1
HEAD MISTRESS,211787.0,3,2,3,2
SANJUKTA BEHURIA,211408.0,1,1,1,1
kumaon traders,211354.0,4,1,1,1
EDD SARDHANA MEERUT,211345.0,2,1,1,1
YAPUN JERANG,211339.0,1,1,1,1
YAJER TAKOH,211086.0,1,1,1,1
Karan Singh BKO,211012.0,6,1,1,1
Bajwa Tiles Mart New,210778.0,5,1,1,1
MANJU DEVI,210631.0,12,5,5,5
MITTAL ENTERPRISES,210450.0,3,1,1,1
Pankaj Sharma,210400.0,1,1,1,1
RAJA STEEL CENTRE,210360.0,3,1,2,1
Joginder Singh,210100.0,4,2,2,2
sarpanch gp musadehi,210000.0,3,1,1,1
Gram Panchayat Kuthera,210000.0,3,1,1,1
DS VIRK BUILDING MATERIAL,210000.0,3,1,2,1
Bhagat Singh Yuva Club,210000.0,3,1,1,1
BALJINDER PAL SONI,210000.0,3,1,1,1
INSTROMEDIX INDIA PVT LTD,210000.0,1,1,1,1
MS JANTA SUBMERSIBLE AND ELECTRICAL STORE,210000.0,3,1,1,1
SHRI RADHE KRISHAN ENTERPRISES,210000.0,1,1,1,1
Gram Panchayat Ropri,210000.0,3,1,1,1
Gram Panchayat Badehar,210000.0,3,1,1,1
MS VINOD ENTERPRIES,210000.0,1,1,1,1
Gram Panchayat Maman Banandar,210000.0,3,1,1,1
Gram Panchayat Tikri Mushera,210000.0,3,1,1,1
ANAND,209730.0,4,2,2,2
Rapal Cement Store,209100.0,6,1,1,1
DHIMAN WELDING WORKS,209034.0,6,2,2,2
THE SHREE JI COOP L AND C SOCIETY LTD,208926.0,1,1,1,1
EE EUDD 1,208800.0,1,1,1,1
SHRI BALAJI SERVICES,208145.0,1,1,1,1
GH LANDSCAPES,208000.0,1,1,1,1
SOUMYA RANJAN TARAI,207982.0,1,1,1,1
Gram Panchayat Pahadi Tilwaran,207640.0,2,1,2,1
Gram Panchayat Narguda,207640.0,2,1,2,1
Gram Panchayat Hiranagar,207640.0,2,1,2,1
Gram Panchayat Minoura,207640.0,2,1,2,1
Gram Panchayat Kakarwaha,207640.0,2,1,2,1
Gram Panchayat Jaswantnagar,207640.0,2,1,2,1
Gram Panchayat Kumrau Khiriya,207640.0,2,1,2,1
GRAM PANCHAYAT SHIVRAJPUR,207638.0,2,1,2,1
GRAM PANCHAYAT KITAKHERA,207638.0,2,1,2,1
GRAM PANCHAYAT PANCHAMPURA,207638.0,2,1,2,1
GRAM PANCHAYAT BHACHHODA,207638.0,2,1,2,1
GRAM PANCHAYAT PUNOL KHAS,207638.0,2,1,2,1
GRAM PANCHAYAT KUWARPURA MOHANGARH,207638.0,2,1,2,1
GRAM PANCHAYAT VIRAU,207638.0,2,1,2,1
GRAM PANCHAYAT RANIGANJ,207638.0,2,1,2,1
GRAM PANCHAYAT RATANGUWAN,207638.0,2,1,2,1
GRAM PANCHAYAT DARGAYN KALA,207638.0,2,1,2,1
GRAM PANCHAYAT SIMARIYA,207638.0,2,1,2,1
gram panchayat sijora,207637.0,2,1,1,1
JASVIR KAUR SARPANCH,207411.0,3,1,1,1
ASIAN SPORTS,207240.0,3,1,1,1
AEN A5 JVVNL,207175.0,1,1,1,1
AKHILESH CONSRUCTION,206882.0,2,1,1,1
RATNA ENGINEERING CORPORATION,206805.0,3,1,1,1
navi sambyal,206800.0,1,1,1,1
LUXMI SALES,206760.0,3,1,2,1
Abdul Gani Koka,206720.0,5,1,1,1
SHUTTERING,206700.0,6,1,1,1
DEEPIKA,206676.0,2,1,1,1
Surinder Singh,206400.0,5,1,2,1
ee en edd III capital ac electricity,206250.0,33,1,1,1
RAVINDER KUMAR,206094.0,3,1,1,1
Lileswar Majhi,206000.0,1,1,1,1
DHARMENDRA KUMAR SAHOO,206000.0,1,1,1,1
MS Dashmesh Trading Company,205994.0,7,1,1,1
Gram Panchayat Diggi,205859.0,1,1,1,1
Gram Panchayat Bawadi Badi,205792.0,1,1,1,1
Bhupinder Singh,205298.0,4,2,2,2
Jaideep Singh Cement Store,205000.0,2,1,1,1
SAHIL TRADING COMPANY,204869.0,5,1,1,1
GD GALAXY INFRA,204836.0,2,1,1,1
EEEDD 3 LONI,204737.0,1,1,1,1
Suresh Kumar,204708.0,7,3,4,3
MS Goldy Cement Store,204390.0,6,1,2,1
Varun Bhatt,204368.0,10,1,1,1
Sharma Traders,204281.0,1,1,1,1
SARSWATI SHISHU MANDIR SUKWARI,204110.0,5,1,1,1
AEN AVVNL LOSAL,203824.0,1,1,1,1
Surender Kumar,203664.0,4,1,1,1
ROHIM MORAN,203650.0,1,1,1,1
BASANT LAL SATENDRA KUMAR,203374.0,1,1,1,1
JAGJIT SINGH,203250.0,9,1,2,1
The Titani Co op l and C Society LTD,202988.0,1,1,1,1
Sukhwinder Kaur,202629.0,18,1,1,1
Swran Singh,202320.0,6,1,1,1
Hara Ram,202266.0,6,1,1,1
NACHHATTAR SINGH,202020.0,6,1,2,1
Satguru Traders,202000.0,7,1,1,1
GP FATHPUR KALAN,201960.0,3,1,2,1
Gram Panchayat Khawasa,201843.0,1,1,1,1
RANA PAINT AND HARDWARE,201600.0,3,1,1,1
Koj Puming,201452.0,2,1,1,1
SANDHU BROTHER CEMENT STORE,201300.0,3,1,2,1
BHOOMI ELECTRONICS AND HOME APPLIANCES,201000.0,3,1,2,1
ASSISTANT ENGINEER DARBHANGA SHAHARI,200798.0,1,1,1,1
SHRINATH ASSOCIATES,200769.0,1,1,1,1
Sarup Singh,200751.0,3,1,1,1
Billa Bricks Manufacting,200750.0,5,1,1,1
OPET TAGGU,200568.0,1,1,1,1
PANKAJ THAKUR,200500.0,1,1,1,1
Goyal Pipe and Hardware Store,200455.0,1,1,1,1
Romeo Talom,200373.0,1,1,1,1
MS SHIV SHAKTI BKO,200256.0,12,1,1,1
jai mata di enterprises,200228.0,1,1,1,1
GURSEWAK SINGH,200200.0,12,3,4,3
Ashok Kumar,200050.0,5,3,3,3
GARMPANCHAYAT TORNA,200000.0,1,1,1,1
MOTI CHANDUR GRAM PANCHAYAT,200000.0,1,1,1,1
SANJAY KUMAR PRADHAN,200000.0,1,1,1,1
MENCHU SRINIVAS,200000.0,1,1,1,1
VISATPURA GRAM PANCHAYAT,200000.0,1,1,1,1
SANDHU FARM  TIPPER TROLRY,200000.0,1,1,1,1
RAJGADH KOSMADI GROUP GRAM PANCHAYAT,200000.0,2,1,1,1
Bombay Sports Syndicate,200000.0,1,1,1,1
DHARPURA KHANT,200000.0,1,1,1,1
GP BARAH KALAN JP BADI,200000.0,1,1,1,1
om sai traders,200000.0,1,1,1,1
GUTAL GRAM PANCHAYAT,200000.0,1,1,1,1
Sachiv gram panchayat Kerkhidi,200000.0,4,1,1,1
MANKA GRAM PANCHAYAT,200000.0,1,1,1,1
DHARAMPUR BHALTHI GRAM PANCHAYAT,200000.0,1,1,1,1
saduthala,200000.0,1,1,1,1
Gudmeny R Marak,200000.0,2,1,1,1
Gram Panchayat Unchabeda,200000.0,1,1,1,1
KALPANA PADHY,200000.0,1,1,1,1
COLLECTION ACCOUNTS OF HPSEB,200000.0,1,1,1,1
GURUCHARAN KISHAN,200000.0,1,1,1,1
HARRAI BELDING WORKS,200000.0,4,1,2,1
SATRUGHNA SAHOO,200000.0,1,1,1,1
GRAM PANCHAYAT ARARAMA,200000.0,1,1,1,1
Drug,200000.0,2,1,1,1
NANDEJ GRAM PANCHAYAT,200000.0,1,1,1,1
VAVAR GRAM PANCHYAT,200000.0,1,1,1,1
GAMANPURA GRAMPANCHAYAT,200000.0,1,1,1,1
CHHIPIAL GRAM PANCHAYAT,200000.0,2,1,1,1
GOYASUNDAL GRAM PANCHAYAT,200000.0,1,1,1,1
JITPURA GRAM PANCHAYAT,200000.0,1,1,1,1
GRAM PANCHAYAT NARKELI,200000.0,1,1,1,1
CHANDARDA GRAM PANCHAYAT,200000.0,1,1,1,1
GANESHPURA ALODA GRAM PANCHAYAT,200000.0,1,1,1,1
Dream Enterprises,200000.0,1,1,1,1
GRAM PANCHAYAT DELASA,200000.0,1,1,1,1
GRAM PANCHAYAT ASNAD,200000.0,1,1,1,1
gram panchayat LACHHANPUR,200000.0,1,1,1,1
AMBAKHUNT KANPUR GRAM PANCHAYAT,200000.0,1,1,1,1
GRAM PANCHAYAT TARA,200000.0,4,1,1,1
DURYODHAN DAS,200000.0,1,1,1,1
DURYODHAN BEHERA,200000.0,1,1,1,1
G H Transmission,200000.0,1,1,1,1
GRAM PANCHYAT  CHNIYA KHURD,200000.0,2,1,1,1
LACHHMAN SINGH AND SONS,200000.0,2,1,2,1
Ranjitnagar Gram Panchayat,200000.0,1,1,1,1
MAHAPURA,200000.0,1,1,1,1
gram panchayat jhanda talab,200000.0,1,1,1,1
SHYAM SUNDAR MAJHI,200000.0,1,1,1,1
GRAM PANCHAYAT DHAROI,200000.0,1,1,1,1
UDELA,200000.0,1,1,1,1
Gram Panchayat Kothi,200000.0,4,1,1,1
Tralin Mynsong,200000.0,1,1,1,1
Societyof empowerment education development,200000.0,1,1,1,1
PALASNI JUTH GRAM PANCHAYAT,200000.0,1,1,1,1
GRAM PANCHAYAT MAANGROL,200000.0,1,1,1,1
GIBONSING KYNTER,200000.0,1,1,1,1
GRAM PANCHAYAT NANDOLI,200000.0,2,1,1,1
SARPANCHSHRI LAXMIPURA GRAM PANCHAYAT,200000.0,1,1,1,1
SARPANCHSHRI GANGAPURA GRAM PANCHAYAT,200000.0,1,1,1,1
SARPANCHASHRI PURAL GRAM PANCHAYAT,200000.0,1,1,1,1
SARPANCH SHRI SALAKI,200000.0,1,1,1,1
GP MANDAWAR JP NARSINGARH,200000.0,1,1,1,1
Gopi Riba,200000.0,1,1,1,1
S Srinivas,200000.0,2,1,1,1
BORA HARDWARE AND ELECTRICALS,200000.0,1,1,1,1
Ksanbok Pyrtuh,200000.0,1,1,1,1
TAKARWADA GRAM PANCHAYAT,200000.0,1,1,1,1
SANIYAD GRAM PANCAHAYT,200000.0,2,1,1,1
GRAM PANCHAYAT KHALAL,200000.0,2,1,1,1
SARAS GRAM PANCHAYAT,200000.0,1,1,1,1
SHRI MAA DURGE CONSTRUCTION PRO REETU VERMA,200000.0,2,1,1,1
GRAM PANCHAYAT KHADODHI,200000.0,1,1,1,1
gram panchayat khaprikala,200000.0,1,1,1,1
KADI GRAMPANCHAYAT,200000.0,2,1,1,1
JUNIOR ENGINEER CHANDRAPUR ONE,200000.0,1,1,1,1
MR KAILASH MAJHI,200000.0,1,1,1,1
GRAM PANCHAYAT MIRJAPOR,200000.0,1,1,1,1
KAPASI GRAM PANCHAYAT,200000.0,1,1,1,1
GOYAVANT GRAM PANCHAYAT,200000.0,1,1,1,1
KARAN GRAM PANCHAYAT,200000.0,2,1,1,1
SUNARAM MURMU,200000.0,1,1,1,1
Luzendro D Sangma,200000.0,2,1,1,1
Gram Panchyat Linga,200000.0,4,1,1,1
D BHABANI SANKAR DORA,200000.0,1,1,1,1
Garo Baptist Convention,200000.0,1,1,1,1
SARPANCH GRAM PANCHAYAT RUHI,200000.0,1,1,1,1
Phrangding Lyngkhoi,200000.0,2,1,1,1
Sarpanch Gram Panchayat JAMUNIYA,200000.0,2,1,1,1
PARDHOL GRAM PANCHAYAT,200000.0,1,1,1,1
JAGSEER SINGH,200000.0,1,1,1,1
Banbuhaiing Makdoh,200000.0,1,1,1,1
GRAM PANCHAYAT OBARHA JANPAD PANCHAYAT SIDHI,200000.0,2,1,1,1
Gokalpura Gram panchayat,200000.0,1,1,1,1
PARUNA GRAM PANCHAYAT,200000.0,1,1,1,1
UNTAVA GRAM PANCHAYAT,200000.0,1,1,1,1
KUDIYANA GRAM PANCHAYAT,200000.0,1,1,1,1
GRAM PANCHAYAT BHATAGAN,200000.0,1,1,1,1
gram panchayat shreenagar,200000.0,2,1,1,1
ALAM ENTERPRISES,200000.0,1,1,1,1
GP CHANDNIYAKHEDI,200000.0,1,1,1,1
JUVAL RUPAVATI GRAM PANCHAYAT,200000.0,1,1,1,1
gram panchayat maloh,200000.0,2,1,1,1
Nangiairoi LP School,200000.0,1,1,1,1
Rangpurada Gram Panchayat,200000.0,2,1,1,1
MALOSAN GRAM PANCHAYAT,200000.0,2,1,1,1
Farod Gram Panchayat,200000.0,1,1,1,1
Gram Panchayat Mandal,200000.0,4,1,2,1
gram panchayat vicharpur,200000.0,1,1,1,1
GRAM PANCHAYAT KAMROLI,200000.0,1,1,1,1
GP GOUSHAL,200000.0,1,1,1,1
GP HARNAVDA ASHTA,200000.0,1,1,1,1
BAIDYANATH CHANDAN,200000.0,1,1,1,1
DETHALI GRAM PANCHAYAT AT DETHALI,200000.0,1,1,1,1
Adhyaksh sarv samaj utthan sewa samiti imaliya,200000.0,1,1,1,1
PADMALOCHAN CHANDA,200000.0,1,1,1,1
SAPLA GRAMPANCHAYAT,200000.0,2,1,1,1
PADHORA GRAM PANCHAYAT,200000.0,1,1,1,1
SARPANCH SACHIN GRAM PANCHAYAT BEETLI,200000.0,2,1,1,1
GP Kakar MPLADS,200000.0,4,1,3,1
GP Kanjian MPLADS,200000.0,4,1,3,1
Saldi Gram Panchayat,200000.0,1,1,1,1
Gram Panchayat Diudi,200000.0,2,1,2,1
ASHISH KUMAR KESHARI,200000.0,1,1,1,1
Samir Bisoyi,200000.0,1,1,1,1
JETPUR GRAM PANCHAYAT,200000.0,1,1,1,1
JEDWIN  LYNGDOH,200000.0,1,1,1,1
GRAM PANCHAYAT SONDLAKHARA,200000.0,1,1,1,1
khanpura gram panchayat,200000.0,1,1,1,1
GRAM PANCHAYAT SONDAMITHA,200000.0,1,1,1,1
AJABPURA GRAM PANCHAYAT,200000.0,1,1,1,1
Junishedhavi Gram Panchayat,200000.0,1,1,1,1
AIMS ENTERPRISES,200000.0,1,1,1,1
DEHLI GRAM PANCHAYAT,200000.0,2,1,1,1
MANDALI GRAM PANCHAYAT,200000.0,1,1,1,1
KWINRILAN RYNJAH,200000.0,1,1,1,1
RANIGAW,200000.0,1,1,1,1
Sayajinagar Gram Panchayat,200000.0,1,1,1,1
Basanta Kumar Palei,200000.0,1,1,1,1
CHHATHIYARDA GRAM PANCHAYAT,200000.0,1,1,1,1
CHOUDHARI CONSTRUCTION,200000.0,1,1,1,1
Rinchvani Gram Panchayat,200000.0,1,1,1,1
Zinzari Gram Panchayat,200000.0,1,1,1,1
SARPANCH GRAM PANCHAYAT RAMPURA,200000.0,1,1,1,1
LAVACHHA GRAM PANCHAYAT,200000.0,1,1,1,1
VARKHADIYA GRAM PANCHAYAT,200000.0,1,1,1,1
Teilang Diengdoh,200000.0,1,1,1,1
GRAM PANCHYAT GUNDRAI,200000.0,1,1,1,1
TRILOCHAN SAHOO,200000.0,1,1,1,1
TIYA ENTERPRISES,200000.0,1,1,1,1
GRAM PANCHAYAT MINDHI,200000.0,1,1,1,1
Lamkyrdan Sungoh,200000.0,1,1,1,1
MS TARENDRA KUMAR,200000.0,1,1,1,1
VILLAGE PANCHAYAT PACHEGAM,200000.0,1,1,1,1
KHARTHANGMAW LP SCHOOL,200000.0,2,1,1,1
KHARA GRAM PANCHAYAT,200000.0,1,1,1,1
KHANPATLA GRAM PANCHAYAT,200000.0,1,1,1,1
GRAM PANCHAYAT MAHALPUR,200000.0,4,1,1,1
Laljinagar Gram Panchayat,200000.0,1,1,1,1
Development Fund Shillong Vidyalaya,200000.0,1,1,1,1
GRAM PANCHAYAT RAJNAGAR,200000.0,1,1,1,1
GRAM PANCHAYAT PRATAPGADH,200000.0,1,1,1,1
GP SHEKUKHEDA JAWAR,200000.0,1,1,1,1
SHIVRAJGADH GRAM PANCHAYAT,200000.0,1,1,1,1
GP SAMRIBONDA A,200000.0,1,1,1,1
DHAMMU AGRI Works,200000.0,1,1,1,1
ISHANPOR,200000.0,1,1,1,1
MANN ENTERPRISES,200000.0,1,1,1,1
united impex mohali,200000.0,1,1,1,1
Jamindro R Marak,200000.0,2,1,1,1
Gram Panchayat Dongritola p,200000.0,2,1,1,1
SARPANCHSHRI VARVADA GRAM PANCHAYAT,200000.0,1,1,1,1
GRAM PANCHAYAT BHADURPURAKHAS,200000.0,1,1,1,1
HILARIOS SYNGKLI,200000.0,1,1,1,1
Mihmyntdu RC EVE Secondary School,200000.0,1,1,1,1
Peter Jyrwa,200000.0,1,1,1,1
GROUP GRAM PANCHAYAT MOKAL,200000.0,1,1,1,1
Seinraij Shnong Sabahmuswang,200000.0,2,1,1,1
KOLIYAD GRAMPANCAHYT,200000.0,2,1,1,1
Ghogha Gram Panchayat,200000.0,1,1,1,1
TABA NETA GOYANG,200000.0,1,1,1,1
Kantaveda Gram Panchayat,200000.0,1,1,1,1
Gram Panchayat Nandpur,200000.0,4,1,2,1
BEBETO N MARAK,200000.0,2,1,1,1
GRAM PANCHYAT LAIKDUM SGVY,200000.0,1,1,1,1
RESTER BROWN SANGMA,200000.0,2,1,1,1
Jorapura Gram Panchayat,200000.0,1,1,1,1
ADMOR GRAM PANCHAYAT,200000.0,1,1,1,1
SARPANCH SHREE TRANSVAD GRAM PANCHAYAT,200000.0,1,1,1,1
SARPANCH SHREE GRAM PANCHAYAT,200000.0,1,1,1,1
GRAM PANCHYAT SARNA,200000.0,8,1,1,1
GRAM PANCHAYAT HATHISA,200000.0,1,1,1,1
Kebinal  Momin,200000.0,2,1,1,1
DHRUBA CHARAN DAS,200000.0,1,1,1,1
BENUDHAR GARDIA,200000.0,1,1,1,1
MS SAIPUNG SECONDARY SCHOOL SAIPUNG,200000.0,1,1,1,1
utvad gram Panchayat,200000.0,1,1,1,1
P S Raveendran Nair,199996.0,1,1,1,1
UDAY KUMAR M H,199995.0,1,1,1,1
Durai V,199980.0,1,1,1,1
MARTOLIA TRADERS,199980.0,1,1,1,1
GNX IT SHOP AND SERVICES,199970.0,1,1,1,1
GRAM PANCHAYAT MOTIPURA KODVA,199966.0,1,1,1,1
KERALA ARTISANS DEVELOPMENT CORPORATION LTD NRO KOZHIKODE,199951.0,1,1,1,1
ahima gram panchyat,199924.0,1,1,1,1
S SAHADEVA REDDY,199910.0,1,1,1,1
Grama Panchayat Dumardih,199899.0,4,1,2,1
SHIVPUR GRAM PANCHAYAT,199864.0,1,1,1,1
Sandanboina Kumaraswami,199847.0,1,1,1,1
JAY SOMNATH CONSTRUCTION,199843.0,1,1,1,1
GRAM PANCHAYAT JALSAN,199831.0,1,1,1,1
Sachiv gram panchyat Singpur,199816.0,2,1,1,1
GRAM PANCHAYAT VASTANA,199804.0,1,1,1,1
UDAYA KANCHAN,199804.0,1,1,1,1
R Kumar,199800.0,1,1,1,1
BHUPESH BAFILA,199737.0,1,1,1,1
CHHANCHHVA GRAM PANCHAYT,199700.0,1,1,1,1
SARPANCH GRUP GRAM PANCHAYAT ZARNA,199694.0,1,1,1,1
DASARATH MAJHI,199693.0,1,1,1,1
Gram Panchayatisarama,199692.0,1,1,1,1
NAVEENKUMAR K,199670.0,1,1,1,1
METRO ENTERPRISES,199656.0,1,1,1,1
KANCHUMATI NARESH,199628.0,1,1,1,1
CHOUHAN SPORTS,199610.0,2,1,2,1
A M INFRA SPACE,199596.0,1,1,1,1
SGP GALAB KALAN,199572.0,2,1,1,1
GRAM PANCHAYAT JORNANG,199532.0,1,1,1,1
Yahia Alam,199500.0,2,1,1,1
deepak enterprises,199500.0,3,1,2,1
MR ANSARUL ISLAM,199500.0,2,1,1,1
PALASAN GRAM PANCHAYAT,199464.0,1,1,1,1
VEGADAVAV GRAM PANCHAYAT,199331.0,1,1,1,1
NITHIN KUMAR M N,199322.0,1,1,1,1
G Sreenivasula Reddy,199317.0,1,1,1,1
TIMBA GRAM PANCHAYAT,199308.0,1,1,1,1
VAMSI KRISHNA CONSTRUCTIONS,199300.0,1,1,1,1
TERESA ENTERPRISE,199292.0,1,1,1,1
Basaveswara Infratech,199287.0,1,1,1,1
Maraneni Upender Rao,199222.0,1,1,1,1
RAMA RAM,199200.0,4,2,2,2
Sona Singh,199200.0,3,1,1,1
Dane Thirupathi,199188.0,2,1,1,1
ATTARI FABRICATION,199125.0,1,1,1,1
MS KISAN ENT BHATTA,199112.0,2,1,1,1
RAROD GRAM PANCHAYAT,199100.0,1,1,1,1
SODHI ENTERPRISES BATHINDA,199000.0,2,1,1,1
AAVESH RAUF SHEIKH,198998.0,1,1,1,1
GP Kuthed Budhoda,198938.0,1,1,1,1
RAVIKUMAR KADI,198900.0,2,1,1,1
BHAGAL TRADING CO,198900.0,3,1,1,1
MANJINDER SINGH SHANKARPUR SAR,198900.0,3,1,1,1
PARAKHMONI KALITA,198890.0,3,1,1,1
Prasanta Dutta,198865.0,1,1,1,1
Kalimata Construction,198864.0,1,1,1,1
R L ENTERPRISE,198853.0,1,1,1,1
IRAM ENTERPRISES,198720.0,1,1,1,1
Sh Payar Singh So Lal Man Ro Hochak Banjuni District Ramban Contractor,198700.0,1,1,1,1
S K ROMAN PAINTS HARDWARE AND ELECTRICALS,198652.0,1,1,1,1
Panchaneni  Samatha,198640.0,1,1,1,1
Ganotra Communications,198500.0,1,1,1,1
PNASAR GROUP GRAM PANCHAYAT,198492.0,1,1,1,1
Gurlab Singh,198472.0,2,1,2,1
DUMKHAL GROUP GRAM PANCHAYAT,198460.0,1,1,1,1
SANKLI GRAM PANCHAYAT,198371.0,1,1,1,1
DIVAKARA K H,198169.0,1,1,1,1
SANDEEP CEMENT STORE,198053.0,2,1,1,1
DABKA GROUP GRAM PANCHAYAT,197799.0,1,1,1,1
Nagi Building Materials Village Passi Kandi,197650.0,17,1,2,1
Guru Nanak Building Material,197543.0,6,1,1,1
SURESH SINGH,197500.0,2,1,1,1
Kasalpura Gram Panchayat,197475.0,1,1,1,1
Patan Ayub Ali Khan VLC President,197365.0,1,1,1,1
BHAGIRATHI TRIPATHY,197324.0,1,1,1,1
Sh Mangal Deep Singh So Arjan Singh Thaker Ro Marog Tehsil and Distt Ramban Contractor,197000.0,1,1,1,1
Amrit E Moters,196998.0,2,1,1,1
HM SNDPHSS PALISSERY,196617.0,3,1,1,1
ORILAL BRICK FIELD,196161.0,3,1,1,1
ANIL K C,196051.0,1,1,1,1
Ram Partap Yadav,196013.0,1,1,1,1
BEJ NATH,196000.0,1,1,1,1
INDUS INITIATIVE COUNCIL,195706.0,1,1,1,1
ARETHI GROUP GRAM PANCHAYAT,195631.0,1,1,1,1
RR Fabricater,195491.0,9,1,1,1
Kiranjeet Kaur Sarpanch Piplian,195456.0,2,1,1,1
Sahil TILE INDUSTRIES,195195.0,5,1,1,1
JOPAI MIZE,195159.0,1,1,1,1
JAGDEV SINGH,195106.0,6,2,2,2
GP Neri,195000.0,4,1,3,1
Sarpanch Gram Panchayat   DHANORA,195000.0,2,1,1,1
Ralh Steel,194911.0,5,1,1,1
SHIVA SAI ENTERPRISES,194544.0,2,1,1,1
GANDHINAGAR MUNICIPAL CORPORATION,194505.0,1,1,1,1
DHOLASAN GRAM PANCHAYAT,194432.0,1,1,1,1
ANIL BHATT,194425.0,8,1,1,1
Abhi Building Material Store,194420.0,4,1,1,1
Shagun Bricks Industry,194400.0,7,1,2,1
KULDEEP SINGH SO KEWAL SINGH,194358.0,3,1,1,1
MC REWARI,194181.0,3,1,1,1
lovish international,193992.0,2,1,2,1
P C FORMS AND STATIONERY,193606.0,1,1,1,1
Govind singh chouhan,193500.0,9,1,1,1
NAVNEET SINGH,193500.0,1,1,1,1
Siram Sushma,193484.0,2,1,1,1
Khalsa Exports Pvt Ltd,193483.0,1,1,1,1
ms luxmi bko,193204.0,4,1,1,1
MS Malik Brothers Prop Shabir Ahmad Malik,193156.0,1,1,1,1
TOPHAN SETHI,193039.0,1,1,1,1
ARMAN TILES INDUSTRIS,193021.0,4,1,1,1
GAURAV BRICK FIELD,192750.0,2,1,1,1
GRAM PANCHAYAT BAGHAYU,192500.0,6,1,1,1
Happy cement store,192300.0,6,2,3,1
Ms Kalsi Building Material Dasuya,192300.0,3,1,2,1
BABA FARID BKO,192150.0,6,1,2,1
GP KHEDATHAKUR,192135.0,3,1,2,1
Ishfaq Ahmad Sheikh,191780.0,1,1,1,1
wapcos ltd,191601.0,9,1,1,1
THE BESAR COOPRATIVE LABOUR AND CONSTRUCTION SOCIETY LTD,191547.0,1,1,1,1
GURMEL SINGH,191516.0,5,2,2,2
MAA BAAYAN,191390.0,1,1,1,1
Jagdev Singh,191313.0,2,2,2,2
DILSHAN CONSTRUCTION,191289.0,1,1,1,1
DASHMESH TRADING CO,191000.0,5,1,1,1
Sachin Gupta,190800.0,9,1,1,1
SGP Aligarh,190250.0,3,1,1,1
Raj tiles And Sanitary Store upper bham,190221.0,6,1,2,1
Sidhu  and CO,190000.0,1,1,1,1
Kuldeep Raj,190000.0,1,1,1,1
GRAM PANCHAYAT BHENDARA,189645.0,2,1,1,1
A K TRADERS,189567.0,3,1,1,1
MS BUILD WORKS CORPORATION,189500.0,1,1,1,1
Dipak Saikia,189500.0,1,1,1,1
Santosha Kumar Mallik,189488.0,1,1,1,1
BHIMANUGAM GRAM PANCHAYAT,189460.0,1,1,1,1
apar construction company,189250.0,1,1,1,1
Sushil Kumar,189212.0,1,1,1,1
S Virat Contractor,189090.0,9,1,2,1
M MOHAN,188922.0,3,1,1,1
Bharat Bhatta Co,188833.0,2,1,1,1
VISHAL MOTOR BODY BUILDERS,188682.0,3,1,1,1
DHILON BUILDUP,188400.0,2,1,1,1
Pritam Singh,188000.0,1,1,1,1
PUNJAB BRICKS SUPPLY CO,187600.0,4,1,1,1
Naveen kumar K R,187500.0,1,1,1,1
K S HARISH KUMAR,187500.0,1,1,1,1
Prakash construction company,187500.0,1,1,1,1
MADESHA H,187500.0,1,1,1,1
UMAKANT,187500.0,1,1,1,1
RAVI RAMU RATHOD,187500.0,1,1,1,1
Kamdingliana,187500.0,1,1,1,1
PREMA KUMAR C V,187500.0,2,1,1,1
S A TRADERS,187365.0,10,1,1,1
SANTOSH KUMAR MALLICK,187121.0,1,1,1,1
EXECUTIVE ENGINEER ELECTRICITY DD GRAMIN BASTI,187100.0,1,1,1,1
MANDEEP SINGH,187072.0,10,2,3,2
Subash Chander,187000.0,1,1,1,1
GARG PIPE STORE,186780.0,3,1,1,1
RAVINDER SINGH JALALPUR,186538.0,3,1,1,1
Sri Venkateswaraswami mahila Podupu Sangham Naidupalem,186429.0,1,1,1,1
Shankar Hardware and Cement Store,186240.0,5,1,1,1
Executive Engineer Central store UJS Haldwani,186227.0,1,1,1,1
Aisurya Rajalaxmi Natha,186063.0,1,1,1,1
Nehali Ram and Co,186018.0,3,1,1,1
DAVY ELECTRONICS,186000.0,3,1,2,1
Jagan Nath Aggarwal BKO,186000.0,3,1,1,1
Neha Creations,186000.0,6,1,1,1
MANJINDER SINGH,186000.0,6,1,2,1
DE OPERATION GHANPUR,185980.0,2,1,2,1
BUKYA ANIL NAYAK,185939.0,1,1,1,1
GP PURLI MPLADS,185806.0,4,1,3,1
RATUL GOWALA,185797.0,2,1,1,1
SHANTI CONSTRCTION,185793.0,1,1,1,1
Durga Steel,185625.0,6,1,2,1
Shiv krapa contstruction company,185440.0,5,1,2,1
Bhagirathi Bhuiyan,185073.0,1,1,1,1
GP MARHOON,185028.0,1,1,1,1
SHRE DHAKAD BROTHERS,184800.0,2,1,1,1
Balvir Singh maherna kalan,184784.0,6,1,2,1
NURISLAM SEKH,184777.0,1,1,1,1
SUN ENTERPRISE,184506.0,1,1,1,1
NSR TRADING CO,184500.0,3,1,1,1
Punjab Electrical,184276.0,5,1,1,1
Aai Mogal Krupa Enterprise,184000.0,4,1,1,1
JASPREET SINGH,183600.0,6,1,2,1
S SAYYADSABVALI,183546.0,1,1,1,1
ALCON CONCRETE PRODUCT,183520.0,4,1,1,1
Murari Lal,183400.0,7,1,2,1
SD TILE AND ANDUSTRIES,183360.0,4,1,1,1
BHAGWATI BRICKS KILN COMPANY,183195.0,6,1,1,1
JAY ENTERPRISE,183139.0,1,1,1,1
SWARAN SINGH CONTRACTOR,182959.0,1,1,1,1
Neeraj Thakur,182676.0,3,1,2,1
Samir Kabi,182646.0,1,1,1,1
Mushtaq Ahmad Panjra,182300.0,1,1,1,1
Wahe Guru Pipe Store,182005.0,14,1,1,1
Singla Enterprises,182000.0,5,1,1,1
JATINDER NATH,182000.0,3,1,1,1
Sanjay Kumar,182000.0,1,1,1,1
BHAKTIRATAN DAS,182000.0,1,1,1,1
TAHASILDAR GHATGAON,181723.0,22,1,2,1
MS Salma Hardware,181604.0,1,1,1,1
Ram Lal,181554.0,7,2,2,2
CHARANJIT SINGH,181349.0,7,1,1,1
Chouhan Lokesh,181341.0,1,1,1,1
KHIZRABAD BRICK KILN,181280.0,6,1,1,1
Dhira construction co,181100.0,2,1,1,1
SANJAY DIWAKER,181053.0,8,1,1,1
Karsan Singla Govt Cont,180788.0,1,1,1,1
Dhanna jatt trading company,180600.0,3,1,1,1
SHER SINGH,180543.0,10,2,2,2
MAA BHAWANI COMPUTER ZONE,180540.0,3,1,1,2
MIDDID NARASIMHA REDDY,180407.0,1,1,1,1
KALER BRICKS COMPANY,180400.0,1,1,1,1
RESHAM SINGH,180380.0,5,2,3,2
JASVIR SINGH,180150.0,6,2,3,2
Bahadur Singh,180144.0,7,1,1,1
RAJESH KUMAR PANDHI,180008.0,1,1,1,1
GRAM PANCHAYAT SARANI,180000.0,1,1,1,1
GRAM PANCHAYAT GURSARI,180000.0,1,1,1,1
GP PARETHA,180000.0,1,1,1,1
GRAM PANCHYAT SANGAKHEDA,180000.0,3,1,1,1
Gram Panchayat Devi,180000.0,3,1,1,1
Gram Panchayat Kida,180000.0,3,1,2,1
BHAGWAN AND CO,180000.0,6,1,1,1
GP SINDURKHI,180000.0,1,1,1,1
GRAM PANCHAYAT CHINDIKAMATH,180000.0,3,1,1,1
VASUDEV CHOUHAN,180000.0,3,1,1,1
GRAM PANCHAYAT HIRDAGARD,180000.0,3,1,1,1
GRAM PANCHYAT UMRAHAR,180000.0,2,1,1,1
GRAM PANCHYAT LONIYA MARU,180000.0,2,1,1,1
Gram Panchayat Hati,180000.0,3,1,2,1
GRAM PANCHAYAT JHOTKALA,180000.0,3,1,1,1
Construction of community hall at Sastrinagar Unnayan Samity,180000.0,1,1,1,1
Gram panchayat Nandanwadi,180000.0,3,1,1,1
GRAM PANCHAYAT DAURIYA,180000.0,1,1,1,1
GRAM PANCHAYAT RAGOULI JP BIJAWAR,180000.0,1,1,1,1
SARPANCH GRAM PANCHAYAT GORA,180000.0,4,1,1,1
Gram panchayat Siratha,180000.0,3,1,1,1
GRAM PANCHYAT THAWRI TEKA,180000.0,3,1,1,1
SHRI SANKAT MOCHAN JAN KALYAN SAMITI,180000.0,1,1,1,1
GRAM PANCHAYAT MUNGNAPAR,180000.0,3,1,1,1
CC Construction of Community hall near Shiva Mandir Namoni,180000.0,1,1,1,1
GRAM PANCHYAT BHONAKHERI,180000.0,2,1,1,1
GRAM PANCHAYAT TELIBAT,180000.0,3,1,1,1
Gram Panchayat Maharajganj,180000.0,3,1,2,1
GRAM PANCHAYAT BRAJPURA,180000.0,1,1,1,1
Gram panchayat Narsala,180000.0,3,1,1,1
CMO TONK KHURD,180000.0,3,1,2,1
GRAM PANCHAYAT BHARDI,180000.0,3,1,1,1
Gram Panchayat Gumtra,180000.0,3,1,1,1
GRAM PANCHAYAT KAKUNPURA,180000.0,1,1,1,1
GRAM PANCHAYAT  TABBA,180000.0,1,1,1,1
Gram Panchayat Khadbeli,180000.0,3,1,1,1
MS BS ENTERPRISE,180000.0,1,1,1,1
BALWANT URF BANTA SINGH CHAN SINGH,180000.0,3,1,1,1
Sudavad Gram Panchayat,180000.0,1,1,1,1
GRAM PANCHAYAT CHAUMAU,180000.0,3,1,1,1
GRAM PANCHAYAT CHAVDA,180000.0,3,1,1,1
Improvement of Bamboo Bridge at Kamalabagan Narengi Guwahati,180000.0,1,1,1,1
AEN JDVVNL,180000.0,1,1,1,1
KRISHNA TILES GALLERY,179946.0,6,1,1,1
VIRK CEMENT STORE,179940.0,5,1,1,1
ROCKY CEMENT STORE,179813.0,3,1,2,1
Zenix Computer,179690.0,2,1,1,1
Bharpur Singh,179564.0,4,1,1,1
Ms Bharti Kissan Shuttering Store,179187.0,6,1,1,1
Riaz Ul Haq,179000.0,1,1,1,1
Jai Ambe Traders,178939.0,3,1,1,1
SHREE KRISHNA ENTERPRISES,178842.0,1,1,1,1
Ashiqur Rahman,178750.0,2,1,1,1
Mir and Co Prop Bilal Ahmad Mir,178709.0,1,1,1,1
MOHD QASIM KHARI,178500.0,1,1,1,1
RISHAV JAMWAL,178500.0,1,1,1,1
JK TRADERS,178374.0,6,1,2,1
Aman Khare,178200.0,3,1,1,1
R K Scientific and Chemicals,178150.0,1,1,1,1
AG ENTERPRISES,178095.0,6,1,1,1
SHAHID CONSTRUCTION SHAHID KHAN,177760.0,1,1,1,1
MS MAA TARINI SUPPLIERS,177701.0,1,1,1,1
Aggarwal Khad Store,177700.0,8,1,1,1
JD WORLD,177483.0,1,1,1,1
Assistant Engineer O M Ajmer Vidyut Vitran Nigam Limited Patan,177460.0,1,1,1,1
Debnath Traders,177116.0,1,1,1,1
GOVARDHAN IRON,176919.0,1,1,1,1
RAHUL KUMAR SO MEGHA RAM,176700.0,3,1,1,1
Hitesh Kumar,176700.0,3,1,1,1
GP nagariya panchela,176400.0,3,1,2,1
BOTHI RAMAKRISHNAN S,176353.0,1,1,1,1
SHIVANNA C,176250.0,1,1,1,1
Dabbugunta Bhaktavatsalam,176201.0,1,1,1,1
Rama Krishana Traders,176150.0,1,1,1,1
Hrishikesh Bera,176020.0,1,1,1,1
DEEPAK TREDURS,175910.0,3,1,1,1
GRAM PANCHAYAT MAWAI,175530.0,3,1,2,1
B S Building Material,175500.0,6,1,1,1
Aulakh Home Solutions,175305.0,6,1,2,1
GRAM PANCHAYT CHOKAR,175000.0,1,1,1,1
GRAM PANCHAYAT KODA,175000.0,1,1,1,1
Gram Panchayat Tumda,175000.0,2,1,1,1
GRAM PANCHAYT BHAINSGAON,175000.0,1,1,1,1
GRAM PANCHAYT BHOND,175000.0,1,1,1,1
GRAM PANCHAYAT DHAWALPUR,175000.0,1,1,1,1
Gram Panchayat Bhirinda,175000.0,1,1,1,1
Gram Panchayat Ulnar,175000.0,1,1,1,1
Gram Panchayat Tarapur,175000.0,1,1,1,1
NewDabbu Traders,175000.0,1,1,1,1
GRAM PANCHAYAT KADRENWA,175000.0,1,1,1,1
GRAM PANCHAYT ICHHAPUR,175000.0,1,1,1,1
Sarpanch Sachiv Gram Panchayat Bhejapadar,175000.0,1,1,1,1
Gram Panchayat Paikpal,175000.0,1,1,1,1
GRAM PANCHAYT BAGMOHALI,175000.0,1,1,1,1
Gram Panchayat Dhodrepal,175000.0,1,1,1,1
SARPANCH SACHIV GP DEVGARH,175000.0,1,1,1,1
GRAM PANCHAYT MUNDAPAL,175000.0,1,1,1,1
GRAM PANCHAYT KARMARI,175000.0,1,1,1,1
GP Bankavedi,175000.0,1,1,1,1
shree mahalaxmi stone crusher,174930.0,2,1,1,1
DEVARAM,174750.0,7,3,3,3
SUM TAGGU,174646.0,1,1,1,1
Ms Brothers Sales Suppliers,174600.0,7,1,2,1
DIBYA PRASAD NAYAK SUPPLIER,174586.0,2,1,2,2
Adarsh Sood,174500.0,3,1,1,1
MS AKRUTI SUPPLIERS,174269.0,1,1,1,1
Deepu Singh,174000.0,3,1,2,1
Satguru Construction Co,173920.0,1,1,1,1
EDD Mzn,173600.0,1,1,1,1
Dashmesh Febricator,173514.0,6,1,1,1
Bajwa Building Material,173400.0,2,1,1,1
Gram Panchayat Khalkhandvi,173249.0,1,1,1,1
ms santosh traders,173131.0,1,1,1,1
shiva cement store kitdunna,173010.0,5,2,2,2
INDEX ELECTRONICS,173000.0,1,1,1,1
Dhiraj Singh Bisht,172887.0,10,1,1,1
KALURI HEMAKUMAR,172822.0,2,1,2,1
VADAMALAPETA DILLIMMA,172822.0,2,1,2,1
Nemili Rajendran,172822.0,2,1,2,1
Ashni Kumar Mistery Sehrak,172500.0,6,1,2,1
SAMEER HYDER,172257.0,1,1,1,1
Bhole Shankar Bricks Industry,172000.0,8,1,2,1
Deepak Sales Company,171992.0,8,1,1,1
Smt Shilpa Devi Wo Sone Chand Ro Papriya District Ramban Contractor,171900.0,1,1,1,1
ANTTAL TILE INDUSTRIES,171900.0,4,1,1,1
AH BUILDER AND CONTRACTOR,171820.0,1,1,1,1
CHANDINI ENTERPRISES,171618.0,1,1,1,1
Krishna Trading Co Malout,171612.0,8,1,1,1
SHRI GURU ARJAN DEV JI,171610.0,5,1,1,1
TAMEM JAMOH,171446.0,1,1,1,1
Doaba Cemment Mandeep Kumar,171435.0,5,1,1,1
Har Enterprises,171000.0,4,1,1,1
R P ELECTRICALS,170987.0,1,1,1,1
Bharat Paver and Concrete industries,170985.0,4,1,1,1
Bains Cement and Hardware Store,170702.0,1,1,1,1
AMAR NATH SHANKAR DASS,170544.0,3,1,1,1
M K TRADERS,170370.0,6,1,1,1
SATYA PRIYA PAUL,170112.0,1,1,1,1
PUSHPA KHAD BHANDAR,170028.0,2,1,1,1
KTWO Health care pvt ltd,170000.0,1,1,1,1
GP Deorighat,170000.0,2,1,1,1
EXECUTIVE ENGINEER PANCHAYATI RAJ,169986.0,7,1,1,1
Jaspal Singh,169596.0,4,2,2,2
Prince Manhas Iron Store Chathial,169500.0,6,1,2,1
RAJESH THAMADAPALLE,169280.0,1,1,1,1
LOVELY BRICK TRADERS,169184.0,4,1,1,1
Ms Singla Bricks Majri Jattan Ropar,169176.0,6,1,1,1
SHIVARATRI VENKATAIAH,169005.0,1,1,1,1
ABHINANDAN PRESHAR,169000.0,1,1,1,1
CHIEF EXECUTIVE OFFICER DMF,168654.0,101,1,2,1
KSP BUILDER,168600.0,5,1,1,1
SUPRIYO DEB,168340.0,1,1,1,1
Sudhawati Devi,168150.0,1,1,1,1
BISHAN SINGH,168000.0,1,1,1,1
JAI SACHIDANAND HARDWARE,167992.0,2,1,1,1
Kavita Pandey,167904.0,9,1,1,1
The Shakarpura Janta Co op LC Society ltd,167830.0,1,1,1,1
SHREE JI ENTERPRISES,167790.0,1,1,1,1
gram panchayat ekta,167766.0,3,1,2,1
Lakhvir Chand,167550.0,3,1,2,1
ATMA RAM SOHAN LAL AGENCIES PRIVATE LIMITED,167130.0,5,1,1,1
SHRI RAM CEMENT STORE,167070.0,6,1,1,1
FARID AKHTER,167000.0,1,1,1,1
BITTO DEVI,167000.0,1,1,1,1
Cheema Brick Kiln,166954.0,4,1,1,1
Hari Trading Company,166741.0,4,1,1,1
Sandhu Cement Store,166368.0,3,1,1,1
GRAM PANCHAYAT PARASWARA,166155.0,3,1,2,1
LAKHI HAZARIKA,166096.0,1,1,1,1
Mohd Altaf Mir,166089.0,1,1,1,1
Hygiene Surgical and Chemicals,165998.0,4,1,1,1
VINAYAK CONSTRUCTION,165990.0,1,1,1,1
ABHILASH K U,165959.0,1,1,1,1
ENDOLITE INDIA LTD,165900.0,1,1,1,1
GREEN SHINE TRADERS,165900.0,2,1,1,1
THE KAILASH CO OP L C SOCIETY LTD,165836.0,1,1,1,1
MOMIN,165750.0,3,1,1,1
Chhotu Ram,165750.0,6,1,1,1
RAKEEB MOH.,165750.0,3,1,1,1
Gone Shankar,165735.0,3,1,1,1
MS Amrit Brick Co,165600.0,3,1,1,1
SHAM LAL BAL MUKAND,165340.0,2,1,1,1
HP CIVIL Supply Bhaba nagar,165244.0,2,1,1,1
SIDCO SALES EMPORIUM,165200.0,1,1,1,1
BAHANAGA BLOCK JUNIOR ENGINEER III,164995.0,5,1,1,1
GUPTA TUBEWELL AND MACHINERY STORE,164700.0,2,1,1,1
Kerala State Differently Abled Welfare Corporation Limited,164588.0,1,1,1,1
EE Rural Division APSPDCL Tirupati,164097.0,3,1,2,1
MEDILINE SURGICALS,164000.0,1,1,1,1
Manzoor Iqbal Batt,164000.0,1,1,1,1
Sham Lal,164000.0,1,1,1,1
PUNMA RAM,163800.0,4,1,1,1
Mahadev prasad,163113.0,1,1,1,1
UNIVE TILES,163075.0,1,1,1,1
DILBAG CHHILLAR,163032.0,3,1,1,1
GURJEET SINGH SEKHON,162894.0,3,1,2,1
BRAJAKISHORE SAHOO,162782.0,1,1,1,1
Balakrishna Sahoo,162738.0,1,1,1,1
BANDANA SRIVASTAVA,162486.0,1,1,1,1
UJAGAR BRICKS INDUSTRY,162248.0,4,2,3,2
Rajinder Singh Gill,162000.0,8,1,1,1
Assistant Engineer O M Ajmer Vidyut Vitran Nigam Limited Laxmangarh,162000.0,1,1,1,1
GILL PAINTS AND HARDWARE STORE,161840.0,2,1,1,1
MANIRAM,161745.0,9,2,3,2
ASHAK MASIH MISTRY,161712.0,6,1,2,1
Byawastha Shulk JVIC Paho,161194.0,1,1,1,1
Satgur Simran Traders,161039.0,8,1,2,1
Abduk Rajak,160900.0,2,1,1,1
Municipal Corporation Bathinda,160667.0,7,1,1,1
THE JEEN MATA COOPERATIVE LABOUR AND CONSTRUCTION SOCIETY LIMITED,160642.0,1,1,1,1
SHAMEER M,160603.0,1,1,1,1
MOHAN LAL,160424.0,8,5,5,5
Pinku Hial,160310.0,1,1,1,1
Block Development Officer Daspalla,160303.0,37,1,1,2
gp aaju,160080.0,2,1,1,1
Gram panchayat Rajna,160000.0,1,1,1,1
SADHANA MISHRA,160000.0,4,1,1,1
SARPANCH GRAM PANCHAYAT BODIDR,160000.0,1,1,1,1
Billa Da Bhatha,160000.0,4,1,1,1
SHREEJI SECURITY AUTOMATION,160000.0,2,1,1,1
SARPANCH GRAM PANCHAYAT SHIVPUR,160000.0,2,1,1,1
DHANANJAY RAI,160000.0,2,1,1,2
sachiv gram panchyat kandai kala,160000.0,4,1,1,1
GRAM PANCHAYAT SEVRA J P PENDRA,160000.0,1,1,1,1
Lalit Kumar,160000.0,1,1,1,1
SWAGATIKA DAS,160000.0,4,1,1,1
SARPANCH SACHIV GP KUDKAI,160000.0,1,1,1,1
GRAM PANCHAYAT MOKALWADI,159984.0,2,1,1,1
Puspadhar Gogoi,159945.0,3,1,1,1
GRAM PANCHAYAT BORIA,159726.0,1,1,1,1
AGGARWAL BRICK WORKS,159600.0,4,1,1,1
CHAHAL TRADING CO,159600.0,6,1,1,1
MS Guru Nanak Traders,159210.0,3,1,1,1
THE KHARAL SHRI RAM CO OP LC SOCIETY,159114.0,1,1,1,1
Baba Gareeb Das Building Material,159000.0,2,1,1,1
PUREWELL,159000.0,1,1,1,1
Dhillon Shutring Store,159000.0,3,1,1,1
MAYANK SHREE,158950.0,10,1,1,1
Daljeet SIngh Aithmian,158900.0,1,1,1,1
Tahir Mohiuddin Mir,158860.0,1,1,1,1
Manish Kumar,158760.0,9,2,3,2
PAITDA KEONJHAR MPLADS,158472.0,9,1,1,1
AMEECHAND SINGH,158408.0,6,1,1,1
GRAM PANCHAYAT KHERDA,158047.0,1,1,1,1
Narender Building Material,157920.0,4,1,2,1
Kamla,157784.0,10,3,3,3
BHARAT NIRMAN CO,157656.0,2,1,1,1
Sanjay Sharma,157500.0,1,1,1,1
Yadav Builders,157367.0,1,1,1,1
Randeep Singh Sandhu,157279.0,4,1,1,1
KAMAL KUMAR,157200.0,7,2,2,2
RK Trader,157200.0,6,1,1,1
JYOTI NYIGANG,157132.0,1,1,1,1
JAGDISH CHANDRA KANDPAL,156948.0,10,1,1,1
SKYBOAT MARKETING,156900.0,1,1,1,1
MAHADEV CONSTRUCTION,156835.0,2,1,1,1
Sidhi Lal So Mukhtiar Shing Mistri,156483.0,6,1,2,1
HP State Civil supplies ws Panchrukhi,156400.0,5,1,1,1
PAWAN ENTERPRISES,156332.0,1,1,1,1
SaiRam Construction Co,156013.0,1,1,1,1
MR ALBERT MASIH,156000.0,3,1,1,1
Rohit Traders,156000.0,6,1,2,1
Naib Singh,155907.0,3,1,1,1
Aggarwal BKO Sekha,155800.0,4,1,1,1
MAA CHINTPURNI BUILDING MATERIAL,155490.0,3,1,2,1
Sarpanch Gram Panchayat   HIWARKHEDI,155000.0,3,1,1,1
Shiva Trading Co,155000.0,1,1,1,1
MODERN FURNITURE,154987.0,1,1,1,1
Balwinder Singh,154800.0,9,1,2,1
RANA BUILDING MATERIAL STORE,154479.0,24,1,1,1
SUKHWINDER SINGH,154460.0,4,2,2,2
MERKURY ELECTRICAL CORPORATION,154435.0,1,1,1,1
MS Kinigs Fabrigators,154400.0,1,1,1,1
GANESHA RAM,154350.0,3,1,1,1
chela ram,154350.0,3,1,1,1
CHANDRABHAN,154350.0,3,1,1,1
manohar lal,154350.0,3,1,1,1
MANCHHA RAM,154350.0,3,1,1,1
Balwinder singh,154183.0,4,1,1,1
JASWANT SINGH,154148.0,3,2,2,2
KAMLA DEVI,154134.0,19,4,4,4
YANGPHEL TRADING COMPANY,154000.0,2,1,1,2
BHUPINDER PAL SINGH,153510.0,3,1,2,1
Block Development Ofiicer Zaingeer,153497.0,1,1,1,1
PARMINDER SINGH CONTRACTOR,153480.0,3,1,1,1
SANGAM BRICKS COMPANY,153400.0,4,1,1,1
Modran Agro Machinery Store,153270.0,6,1,1,1
MS BEHRU BUILDING MATERIALS,153100.0,4,1,1,1
HEAD MISTRESS ST MARYS U P SHOOL,152622.0,3,1,1,1
PRINCE STEELS,152400.0,3,1,2,1
TEAM SPORTS WEARS,152269.0,2,1,1,1
AMARCHAND,152100.0,7,2,2,2
FRONTLINE SYSTEMS,152040.0,3,1,2,1
SIJIMON K R,151769.0,1,1,1,1
Kamat Shankar,151700.0,5,1,2,1
Sanjay BKO,151670.0,1,1,1,1
WELCOM BUILDING MATERIAL,151620.0,9,1,2,1
SACHIV MP BHAVAN EAVAM ANYA SANIRMAN KARMKAR KALYAN MANDAL BHOPAL,151462.0,27,3,3,2
MS New Shiv Shakti Paint Store,151440.0,3,1,1,1
EX ENGINEER EDD II,151313.0,1,1,1,1
SHANAVANKIYA GRAM PANCHAYAT,151273.0,1,1,1,1
Jaswinder Khan,151130.0,4,1,1,1
KALYANI TRADERS PROP GAGENDRA KHALATKAR,151058.0,2,1,1,1
Lakshmi BKO,151040.0,10,1,1,1
Deepak Kumar Sahoo,151010.0,1,1,1,1
Singhal iron store,150660.0,5,1,1,1
ABHIMAN HARAPAL,150437.0,2,1,1,1
Surinder Kumar,150423.0,1,1,1,1
THE L D COOPERATIVE LABOUR AND CONSTRUCTION SOCIETY LTD,150402.0,3,1,1,1
H M NSS UP SCHOOL THRIKKARIYOOR,150240.0,3,1,1,1
Mansoor Ali,150190.0,1,1,1,1
BDS Bricks Industries,150039.0,1,1,1,1
Gp gurariya Jp badi,150000.0,3,1,1,1
siddhesh sadanand vibhute,150000.0,1,1,1,1
GRAM PANCHAYAT GOURMATI,150000.0,1,1,1,1
GP Baghera,150000.0,1,1,1,1
GP Bagheigarh,150000.0,1,1,1,1
GP BORDA JP BIAORA,150000.0,1,1,1,1
GP BORAS JP UDAIPURA,150000.0,3,1,1,1
AGLOD GRAM PANCHAYAT,150000.0,1,1,1,1
DODIWADA GRAM PANCHAYAT,150000.0,1,1,1,1
sarpanch gp bhamodi,150000.0,2,1,1,1
Elmoon Surong,150000.0,1,1,1,1
MS SANTOSHI TRADERS,150000.0,1,1,1,1
PYNDAP MAIN TONGPER,150000.0,1,1,1,1
Treibor Kharpan,150000.0,1,1,1,1
Gram Panchayat Sondka,150000.0,3,1,2,1
GRAM PANCHAYAT VANZNA,150000.0,3,1,1,1
GUPTA ENTERPRISES,150000.0,1,1,1,1
GRAM PANCHAYAT MISROD SARPANCH GRAM,150000.0,1,1,1,1
GP KHURSHURU JP UDAIPURA,150000.0,3,1,1,1
GRAM PANCHYAT  BHESADAND,150000.0,2,1,1,1
GRAM PANCHAYAT CHHUI,150000.0,1,1,1,1
Sarpanch Gram Panchayat Pouni,150000.0,1,1,1,1
Sarpanch Gram Panchayat RAMGARH,150000.0,2,1,1,1
Sarpanch sachiv gram panchayat Tekapar,150000.0,2,1,1,1
SARPANCH GRAM PANCHAYAT PANEKA,150000.0,1,1,1,1
Khonglah RCLP School,150000.0,1,1,1,1
Khonglah Secondary School,150000.0,1,1,1,1
GRAM PANCHAYAT GHURPUR,150000.0,3,1,1,1
GP Dhamandri,150000.0,1,1,1,1
mohd sadda gamla wala,150000.0,2,1,1,1
Gram pancahyat tinsai,150000.0,5,1,1,1
RK light and sound,150000.0,3,1,2,1
HIRPURA GRAM PANCHAYAT,150000.0,1,1,1,1
GRAM PANCHAYAT NARYAWALI,150000.0,2,1,1,1
Sarpanch Gram Panchayat PANJRA,150000.0,2,1,1,1
SARSAV GRAM PANCHAYAT,150000.0,1,1,1,1
CHHALVANT JUTH GRAM PANCHAYAT,150000.0,1,1,1,1
Richard Nongphlang,150000.0,1,1,1,1
SARPANCH SACHIV GRAM PANCHAYAT SIRSAKHURD,150000.0,1,1,1,1
DORBAR SHNONG OF MYNTHNING VILLAGE,150000.0,1,1,1,1
Mr PYNDAPBOR MANNER,150000.0,1,1,1,1
MARAN SECURITY SYSTEM,150000.0,1,1,1,1
DOMINIC A SANGMA,150000.0,1,1,1,1
GRAM PANCHAYAT CHIMLA,150000.0,3,1,1,1
GRAM PANCHAYAT KRISHNPUR,150000.0,1,1,1,1
Sarpanch Gram Panchayat BAMHANWADA,150000.0,2,1,1,1
Sarpanch Gram Panchayat CHACHEDI,150000.0,1,1,1,1
Sarpanch Gram Panchayat JHILMILI,150000.0,2,1,1,1
GRAM PANCHYAT SINGODI,150000.0,3,1,1,1
GRAM PANCHYAT TIKTOLI,150000.0,2,1,1,1
GRAM PANCHAYAT CHIKHLI,150000.0,3,1,1,1
GRAM PANCHYAT CHIMOA,150000.0,3,1,1,1
EE EDD BSR RURAL,150000.0,1,1,1,1
GRAM PANCHAYAT DONGARGAON ANDIA,150000.0,2,1,2,1
cmobistan,150000.0,1,1,1,1
Debakanta Roy,150000.0,1,1,1,1
Sarpanch Gram Panchayat KEOLARISAMBHA,150000.0,2,1,1,1
GRAM PANCHAYAT KHANORA,150000.0,2,1,1,1
HATHNOLI GRAM PANCHAYAT,150000.0,1,1,1,1
GRAM PANCHAYAT PONIYA DUNGARIYA,150000.0,3,1,2,1
RAJA K,150000.0,1,1,1,1
GRAM PANCHYAT MANDANGADH,150000.0,3,1,1,1
Surpanch Shree Gram Panchayat Dhanol,150000.0,1,1,1,1
Ribok Kharpran,150000.0,1,1,1,1
Rishab Dev Agro Tech,150000.0,1,1,1,1
Robert Benison Wahlang,150000.0,1,1,1,1
NARSANDA GRAM PANCHAYAT,150000.0,1,1,1,1
GRAM PANCHYAT  GONDRA,150000.0,2,1,1,1
NADASHA GRAM PANCHAYAT,150000.0,1,1,1,1
KALSI INTERLOCK TILES,150000.0,5,1,1,1
GP Lana Bhalta,150000.0,3,1,2,1
Sh Surjeet Singh So Kahan Chand Ro Hochak Ukhral Ramban District Ramban Contractor PWDJNKCONT202431,150000.0,1,1,1,1
GP Bardhyad,150000.0,3,1,3,1
GP Uhal MPLADs,150000.0,3,1,3,1
Bansara Rumnong,150000.0,1,1,1,1
GRAM PANCHAYAT LAXMIPURA,150000.0,1,1,1,1
SARPANCH GRAM PANCHAYAT TALKESLI,150000.0,6,1,1,1
Gram Panchayt Rajnagar,150000.0,1,1,1,1
gram panchayat kanjai,150000.0,3,1,2,1
K T SOMASHEKHAR,150000.0,1,1,1,1
Gawalu,150000.0,3,1,1,1
Maa Sharda Valding Work Shop,150000.0,1,1,1,1
Alvin Jones Nongkhlaw,150000.0,1,1,1,1
GRAM PANCHAYAT PETLA,150000.0,1,1,1,1
Construction of boundary wall near Krishna Mandir Namghar Kundil Nagar Hirimbapur,150000.0,1,1,1,1
RIPIL MAWPHNIANG,150000.0,1,1,1,1
GRAM PYT KAILASHPUR INDRA AWAS JIWAN,150000.0,1,1,1,1
Sunshine Kharbani,150000.0,1,1,1,1
HARINDER SINGH BHAMRA,150000.0,2,1,1,1
GRAM PANCHAYAT PALAMAU,150000.0,3,1,1,1
PINGALWADA GRAM PANCHAYAT,150000.0,1,1,1,1
RISHA L RANI,150000.0,2,1,1,1
GRAM PANCHAYAT DUDWARA,150000.0,2,1,2,1
SYRLEIN SECONDARY SCHOOL,150000.0,1,1,1,1
Sachiv gram panchayat Somalwada khurdChadone,150000.0,2,1,1,1
Dev Raj Massean,150000.0,5,1,2,1
K V GEETHA,150000.0,1,1,1,1
KA PHAN L NONGLAIT MEMORIAL LP SCHOOL NONGTHLIEW,150000.0,1,1,1,1
GRAM PANCHAYAT PATHRANAI,150000.0,3,1,1,1
Arbinus Lyngdoh,150000.0,1,1,1,1
GRAM PANCHAYAT CHANDANWADA KHURD,150000.0,1,1,1,1
Modgil Concrete industry,150000.0,3,1,2,1
Charity Dora Ropmay,150000.0,1,1,1,1
GRAM PANCHAYAT CHHINDI,150000.0,3,1,1,1
Shala prabandhan Samiti Jasarvani,150000.0,1,1,1,1
JASWINDER SINGH SO DARSHAN SINGH,150000.0,3,1,1,1
R S BARWALA INFRASTRUCTURE,150000.0,1,1,1,1
GRAM PANCHAYAT  KAPOORNALA,150000.0,1,1,1,1
SARPANCH GRAM PANCHAYAT GURANJAGHAT,150000.0,3,1,1,1
GP KENKDA JP UDAIPURA,150000.0,3,1,1,1
SARPANCH OF GRAM PANCHAYAT DUMARKACHAR,150000.0,3,1,1,1
GP KUCHWADA JP UDAIPURA,150000.0,3,1,1,1
Sarpanch Gram Panchayat   PACHGAON,150000.0,1,1,1,1
GP Kholanal,150000.0,1,1,1,1
GP KUWAR KOTRI JP NARSINGARH,150000.0,1,1,1,1
GP JAMONIYA JP BIAORA,150000.0,1,1,1,1
KOLPURA,150000.0,1,1,1,1
GRAM PANCHYAT KALYANPUR,150000.0,1,1,1,1
AMIT EKKA,150000.0,1,1,1,1
GP KARALASH,150000.0,3,1,2,1
Gram Panchayat Kavitha,150000.0,1,1,1,1
Gram Panchat Pahurbel,150000.0,1,1,1,1
sarpanch gp budlapathar,150000.0,2,1,1,1
SENGMITHA M SANGMA,150000.0,1,1,1,1
JAI SHREE CONSTRUCTION CO,150000.0,1,1,1,1
SARPANCHSHREE SOKHADA GRAM PANCHAYAT,150000.0,1,1,1,1
GRAM PANCHAYAT BHANWARASA,150000.0,1,1,1,1
sachiv gram panchayat Dolariya,150000.0,1,1,1,1
ARKA ENTERPRISES,150000.0,1,1,1,1
GP DHANALG,150000.0,1,1,1,1
GP Dhirar,150000.0,1,1,1,1
SHANTHI ELECTRICALS,149996.0,1,1,1,1
KATIPELLY JAGADHEESHWAR REDDY,149972.0,1,1,1,1
AKHANDALAMANI HARDWARE AND PAINT STORE,149959.0,1,1,1,1
RAJNAGAR GRAM PANCHAYAT,149955.0,1,1,1,1
RUBAL TRADING COMPANY,149955.0,2,1,1,1
PRINCE SPORTS,149940.0,3,1,1,1
GRAM PANCHAYAT DEVIPUR,149928.0,1,1,1,1
SWATI ENTERPRISE,149925.0,1,1,1,1
MEMAR GRAM PANCHAYAT,149916.0,1,1,1,1
SVS Enterprises,149900.0,1,1,1,1
LONGKI PHANGCHO,149830.0,1,1,1,1
Mr SARPANCH GRAM PANCHAYAT KUNJNAGAR,149823.0,1,1,1,1
Jaswinder Kumar so Ramesh Kumar,149640.0,3,1,1,1
ISHFAQ ALI DIN,149595.0,1,1,1,1
Chandan Bordoloi,149479.0,1,1,1,1
MAA SANTOSHI TRADERS,149451.0,1,1,1,1
SANJEEV KUMAR AND BROS,149430.0,3,1,1,1
Akash Pipes,149402.0,2,1,1,1
B P LAB SOLUTION,149400.0,3,1,2,1
Ram Battery,149400.0,3,1,1,1
THE SHRI BABA RUPADASS COOPERATIVE L AND C SOCIETY LIMITED DONGRA AHIR,149357.0,1,1,1,1
ZIMIDARA AGRO STORE,149215.0,3,1,1,1
SOHAL CEMENT STORE,149200.0,4,1,1,1
Nallathamby I,149171.0,1,1,1,1
Super Tile Factory,149110.0,1,1,1,1
Prem kumar Nikhil Kumar,149104.0,1,1,1,1
SUBHASHIS MAHANTA,149058.0,3,1,1,1
SDO OP Division DHBVN Mundhal,149028.0,3,1,1,1
DD BKO,148800.0,4,1,1,1
MS BISWAL TRADERS,148698.0,1,1,1,1
Gurpreet kaur,148687.0,2,1,1,1
Gram Panchayat Madiyadaroi,148500.0,3,1,1,1
BDO LAKHANPUR,148130.0,7,1,1,1
YOGENDRA KUMAR PATEL,148020.0,1,1,1,1
Bansal Cement And Sanitary Store,147960.0,3,1,1,1
RAJENDRA PRASAD OJHA,147913.0,1,1,1,1
LUXMI PIPE STORE,147690.0,3,1,1,1
SUKHWINDER SINGH SO MEJOR SINGH,147673.0,5,1,1,1
Jaswal Traders,147597.0,3,1,1,1
ACHU ALIAS ALEX,147568.0,1,1,1,1
Chunni Lal,147511.0,1,1,1,1
JALIA GRAM PANCHAYAT,147419.0,1,1,1,1
Balbir Kaur,147230.0,2,1,1,1
Kumar Traders,147177.0,3,1,2,1
JK Hardware Cement Store,147097.0,5,1,1,1
AKASH CHANDAN,147000.0,1,1,1,1
Daya singh,147000.0,3,1,1,1
Durga devi jat,147000.0,3,1,1,1
KHALSA AND CO,147000.0,4,1,1,1
SIDDHI VINAYAK BKO,146916.0,6,1,1,1
MS JINDAL BKO,146916.0,5,1,1,1
shri ram trading company,146800.0,2,1,1,1
Lassara Pohlewas Sakinder Singh,146688.0,2,1,2,1
Lassara Lakhowas Swaranjit Kaur,146688.0,2,1,2,1
Zimidara Hardware,146570.0,3,1,1,1
Rajat Sharma Contractor,146556.0,11,1,1,1
Shivan Bricks Industries,146350.0,4,1,1,1
SURADA SONIYA,146346.0,1,1,1,1
GRAM PANCHAYAT MEGHPAR,146343.0,3,1,1,1
GRAM PANCHAYAT BANDHA CHOUTH,146300.0,2,1,2,1
Gunindra Deka,146300.0,1,1,1,1
The MAA DURGA SOCIETY COOPERATIVE LABOUR AND CONSTRUCTION SOCIETY,146271.0,1,1,1,1
Amninder Pal,146184.0,3,1,1,1
GURU KIRPA SCRAP STORE,146025.0,3,1,1,1
Paramjit Singh Massean,145800.0,3,1,2,1
Shri Vishvakarma Traders,145779.0,6,1,2,1
Raj Brick Industries,145770.0,5,2,2,1
ST JOSEPHS UP SCHOOL KARITHALA,145598.0,2,1,1,1
Ms Garg Bricks,145500.0,4,1,2,1
RUPINDER MARBLES,145317.0,3,1,2,1
SATLUJ BRICKS INDUSTRY,145287.0,5,1,2,1
MAHI TRADING COMPANY,144882.0,1,1,1,1
Sh Sadham Hussain So Mohd Rafiq Ro Janoori Dehdah Distt Ramban 182144 Contractor,144600.0,1,1,1,1
SIRSA HW AND PIPE STORE,144296.0,1,1,1,1
Gurmeet Singh,144258.0,8,2,2,2
SARPANCHSHREE MAHADEVPURA GRAM PANCHAYAT,144080.0,1,1,1,1
Vikram singh,144078.0,12,3,4,3
Ms Rajinder Singh Bhagwant Singh And Co,144000.0,2,1,1,1
TITU B K O,144000.0,3,1,1,1
Mansa Bricks,144000.0,6,1,1,1
Darshan Kumar,144000.0,3,2,2,2
Paramjit Singh,144000.0,1,1,1,1
JORAWAR TRADING CO,143799.0,3,1,1,1
VIKASH ELECTRICALS,143600.0,2,1,1,1
BANTU PRASHANTH,143565.0,1,1,1,1
GP KHEMRA,143412.0,3,1,2,1
MZADA ELECTRICALS,143055.0,1,1,1,1
NEW ARORA SANITARY STORE,142980.0,3,1,2,1
KUMMARA BABU,142881.0,3,1,1,1
Dhaliwal Cement Store,142860.0,6,1,1,1
GRAM PANCHAYAT JANUTHAR,142800.0,3,1,2,1
Buta Singh and Sons,142800.0,3,1,1,1
harmesh singh,142752.0,4,1,1,1
BDO RAJGANGPUR DEDUCTION,142627.0,20,1,2,2
Kanwar Tile Factory,142550.0,5,1,1,1
MOHIT GIRDHAR,142257.0,1,1,1,1
Amarjit Singh Boring Company,142200.0,9,1,1,1
B AND C INDUSTRIES,142000.0,2,1,2,1
parveensingh,141750.0,3,1,1,1
TALWINDER SINGH,141750.0,3,1,1,1
prince marbles and granite,141746.0,2,1,2,1
Zimidara Cement Store Mianpur,141719.0,3,1,1,1
Rajat Upadhyay,141546.0,1,1,1,1
GEETA DEVI,141480.0,15,5,5,5
JAGMOHAN SINGH DEOL,141450.0,1,1,1,1
NARESH TRADERS AND SETRING,141388.0,2,1,1,1
Jarnail singh,141340.0,3,2,2,2
Rajkumar,141238.0,11,5,6,5
Hilal E Ahmar Enterprises,141000.0,1,1,1,1
A N SREEDEVI HEADMISTRESS,140999.0,1,1,1,1
Baru Khan Boring Company,140700.0,9,1,1,1
Sri Ragavendra Bore wells,140532.0,2,1,1,1
Anmol Kalia,140519.0,1,1,1,1
Jaswinder Singh Sarpanch,140454.0,3,1,1,1
gram bharti balaghat,140286.0,2,1,1,1
Parveen kaur,140268.0,4,1,1,1
SHIV SHAKTI BKO,140044.0,8,1,1,1
Ram Nath,140000.0,1,1,1,1
Shiva Mahila Mandal,140000.0,2,1,1,1
Sarpanch Gram Panchayat   SIMARIYAKALA,140000.0,2,1,1,1
Gram pancahyat bhalpani,140000.0,3,1,1,1
SINGLA SUBMERSIBLE PIPE STORE,140000.0,2,1,1,1
DHIR BUILDING MATERIAL STORE,140000.0,4,1,2,1
Gram Panchayat ACHNAGAON,140000.0,1,1,1,1
Sri Ragapranitha Speech and Hearing Centre,140000.0,1,1,1,1
CITY HEARING AIDS SHIMOGA,140000.0,2,1,1,1
Vishwkarma Interlock Tile,139977.0,1,1,1,1
EXECUTIVE OFFICER MUNICIPAL COUNCIL PATAUDI MANDI,139974.0,2,1,1,1
KISHAN LAL,139842.0,7,3,3,3
MOHAN SPORTS,139820.0,4,1,1,1
DKS PRECAST CONCRETE ENGINEERING AND BUILDING,139783.0,1,1,1,1
National Rexine Cloth House,139752.0,9,1,2,1
MS Ganesh cement store,139710.0,4,1,1,1
SOMA SUDARSHAN REDDY,139666.0,1,1,1,1
Satya Laxmi Shankar,139651.0,2,1,1,1
Dhan singh,139614.0,4,1,1,1
Green Nursery,139500.0,3,1,1,1
Parmjit Kaur,139370.0,3,1,1,1
PHILLIPS INTERNATIONAL,139320.0,1,1,1,1
JAI DURGA BRICKS,139284.0,3,1,1,1
Lambardar Gurbax Cement Store,139180.0,3,1,1,1
rajveer kaur gill,139140.0,3,1,2,1
R K Cement Store,139000.0,2,1,1,1
AS Trading CO,138787.0,1,1,1,1
Baba Deep Singh Cement Store,138725.0,1,1,1,1
CAPITAL STEEL CORPORATION,138718.0,2,1,1,1
HARYANA CEMENT STORE,138700.0,4,1,1,1
Ms A K Traders,138535.0,4,1,1,1
SURINDER SINGH BOLAR,138282.0,5,1,1,1
BALAJI CEMENT STORE,138150.0,12,1,1,1
Vinod Kumar Tiwari,138134.0,7,1,1,1
GRAM PANCHAYAT JOSHIKUVA,138100.0,1,1,1,1
SATBIR KHAN,138000.0,6,1,1,1
SALEEM ALI,137700.0,6,1,1,1
Khalsa Cement Store,137555.0,3,1,1,1
MANASH CHETIA,137408.0,1,1,1,1
SAVERA AUTOCRAFT LLP,137000.0,1,1,1,1
Ms Krishna Bhatta,136952.0,4,1,1,1
SAHIL TRADING CO,136800.0,6,1,1,1
Sangrur Tiles,136800.0,2,1,1,1
D S Builders,136785.0,3,1,1,1
JB Traders,136671.0,7,1,1,1
KALA SHUTTERING,136296.0,6,1,2,1
RAMESH KUMAR BKO,136230.0,4,1,1,1
BEANT SINGH,136155.0,12,2,2,2
Gouranga Charan,136025.0,1,1,1,1
Ms Ab Traders,136000.0,2,1,1,1
Nishan Singh,136000.0,2,1,1,1
Shiva Bricks Kiln Company,136000.0,2,1,2,1
Gagandeep Singh,135865.0,2,1,1,1
SINGLA SANITARY AND PAINT STORE,135630.0,12,1,1,1
BHULLAR STEEL STORE,135228.0,3,1,1,1
Ankit Traders,135125.0,4,1,1,1
OPI GAO,135003.0,2,1,1,1
MS Garg BKO,135000.0,3,1,2,1
GORELAL TIROLE,135000.0,3,1,1,1
THE PANILION,135000.0,3,1,2,1
PASULA GANGA REDDY,135000.0,1,1,1,1
MR GRAM PANCHAYAT MANGLA SAMANYA,135000.0,6,1,1,1
Khalsa Trading Co,135000.0,3,1,1,1
GP DATHLOTHI,134955.0,3,1,2,1
BATH AND BHINDER TILE FACTORY,134874.0,1,1,1,1
Dasari Anitha,134861.0,1,1,1,1
Khajan Chandra Tiwari,134802.0,7,1,1,1
NANGKU JERANG,134750.0,1,1,1,1
JAGJIT SINGH SO SUKHWINDER KAUR,134631.0,3,1,2,1
Ghanshyam Pandey,134610.0,9,1,1,1
SUNWORLD SPORTS,134600.0,1,1,1,1
SATYANARAYAN,134475.0,6,1,1,1
Gurnoor building material,134400.0,1,1,1,1
THE MEHLA COOP LC SOCIETY,134080.0,1,1,1,1
AEN O M AVVNL REENGUS,134058.0,1,1,1,1
WELKIN HEALTH CARE PVT LTD,133922.0,1,1,1,1
sandeep,133803.0,3,1,1,1
TAHASILDAR PATNA,133728.0,23,1,2,1
Royality Addl Royality,133590.0,7,1,1,1
GURPREET TRADING CO,133500.0,5,1,1,1
MANOJ RATILAL SAGAR,133367.0,1,1,1,1
Mehraj ud Din Shah,133300.0,1,1,1,1
Nissan Singh Sarpanch Achanak,133176.0,5,1,1,1
DIMPLE SHARMA,133000.0,1,1,1,1
Fojraj,132888.0,6,1,1,1
HARSIMRAN BKO,132765.0,4,1,1,1
Goparam Saini,132600.0,3,1,1,1
GIAN SINGH,132305.0,5,1,2,1
MS JAY BEE AND COMPANY,132300.0,3,1,1,1
Amanpreet  ement and Iron Store,132294.0,2,1,1,1
PUNEET KUMAR SO HEM RAJ,132088.0,1,1,1,1
GURU NANAK AGRI HARDWARE AND SANITARY STORE,132000.0,3,1,2,1
RAKRESH DEHARIYA,132000.0,7,2,2,1
KANG TILES,131905.0,1,1,1,1
B B ENTERPRISE,131520.0,1,1,1,1
Sh Anchal Singh So Khushi Ram Ro Kumate Tehsil Rajgarh District Ramban Contractor,131300.0,1,1,1,1
BJ TRADERS BRICKS AND TILES MANFUFATURES,131200.0,2,1,1,1
Binder Singh,131031.0,12,2,2,2
Joshy Thomas,130930.0,1,1,1,1
GULZAR BIBI,130800.0,1,1,1,1
Tirumalasetty Ashok Kumar,130677.0,1,1,1,1
moti lal,130547.0,15,1,1,1
JASWINDER KUMAR,130200.0,6,1,1,1
SAI KIRSHNA HONDA,130165.0,1,1,1,1
GRAM PANCHAYAT NAGARI SWACH BHARAT MISSION YOJANA,130000.0,1,1,1,1
Ashish patel,130000.0,2,1,1,1
BOKARVADA GRAM PANCHAYAT,130000.0,1,1,1,1
JETALVASANA GRAM PANCHAYAT,130000.0,1,1,1,1
TARABH GRAM PANCHAYAT KACHERI,130000.0,1,1,1,1
P GOGOI ENTERPRISE,129958.0,1,1,1,1
BALAJI BHATTA GRAM UDYOG,129744.0,1,1,1,1
sehaj building mterial,129465.0,3,1,2,1
Davinder Singh mistri,129168.0,3,1,1,1
Rajvinder Singh,129159.0,5,1,1,1
Shiv Shakti Hardware Store,129000.0,6,1,2,1
Sanjay Pandey,128693.0,8,1,1,1
Jai Bhole Shankar BKO,128652.0,7,1,1,1
Guru Kirpa Cement and Shuttering Store,128620.0,6,1,1,1
HIMASHREE ENTERPRISE,128415.0,1,1,1,1
SHANTANU MONDAL,128337.0,1,1,1,1
Monumohan Dutta,128250.0,2,1,1,1
REHMET BUILDING MATERIAL SANITARY,128052.0,3,1,2,1
MS Patial Bricks,128003.0,4,1,1,1
PRABHU,127799.0,9,1,1,1
Sunil Mankotia,127705.0,1,1,1,1
Des Raj,127700.0,1,1,1,1
Govind pipes,127439.0,1,1,1,1
MS SUPRIYA CONSTRUCTION,127360.0,1,1,1,1
KRISHNA TILES AND BATH,127341.0,9,1,1,1
VINOD KUMAR AND COMPANY,127100.0,4,1,1,1
HARMONY MOTORS PVT LTD,126851.0,1,1,1,1
Sri Vaishnavi Enterprises,126526.0,1,1,1,1
Shri Krishna building material,126460.0,3,1,2,1
Avon Interlock Tile Industries Barnala,126255.0,4,1,1,1
Gram Panchayat Ban,126152.0,1,1,1,1
MAHENDRA,126142.0,12,3,3,4
KARAN TRADING COMPANY,126096.0,3,1,1,1
Ms Balaji Brick Ind Dasuya,126000.0,9,1,2,1
M S KAUSHAL BROTHERS BKO,126000.0,3,1,1,1
Ravi Kumar So Satnam Singh Mistri Patti Chhourian,126000.0,3,1,2,1
Paramjeet Singh,125795.0,2,1,1,1
Ajit Pipe Store,125464.0,2,1,1,1
KUMAS GRAM PANCHAYAT,125265.0,1,1,1,1
MS SARMA TIMBER FARNITURE HOUSE,125158.0,1,1,1,1
Nongsynrieh Deficit,125000.0,1,1,1,1
GRAM PANCAHYAT UMBHRAT,125000.0,1,1,1,1
Living June Nongbri,125000.0,1,1,1,1
Jamli V juth Gram Panchayat,125000.0,1,1,1,1
SARPANCHSACHIV GRAMPANCHAYATMOHAR,125000.0,1,1,1,1
Banshngainlang Nongkynrih,125000.0,1,1,1,1
Saw Balang U P School Sohphoh,125000.0,1,1,1,1
SRI TIRUMALA ELEVATORS AND ENTERPRISES,125000.0,1,1,1,1
Synshai Jana,125000.0,1,1,1,1
KavalYellaiah,125000.0,1,1,1,1
SUNDI,125000.0,1,1,1,1
Gram pancahyat  bheskhoh,125000.0,1,1,1,1
KANGSI,125000.0,1,1,1,1
Abraham Persara UP School,125000.0,1,1,1,1
DHARAMPAL,125000.0,1,1,1,1
CMO CHHURIKALA SANSAD MAD,125000.0,1,1,1,1
Nagar Palika Parishad chourai,125000.0,1,1,1,1
Gram Panchayat Movasa,125000.0,1,1,1,1
gram panchayat lalutola,125000.0,1,1,1,1
GRAM PANCHAYAT  BANGAI,125000.0,2,1,1,1
Gram Panchayat Vadi,125000.0,1,1,1,1
Jambugoral Gram Panchayat,125000.0,1,1,1,1
Dudolla Bhumanna,124941.0,1,1,1,1
Bhumanna Duda,124941.0,1,1,1,1
CEO Janpad Panchayat Pondi Uprora,124896.0,1,1,1,1
Surendra Singh,124857.0,8,2,2,2
HONEY SAHOTA,124800.0,4,1,1,1
RAJ MAL,124716.0,3,1,1,1
GUNNALA SRINIVAS REDDY,124660.0,1,1,1,1
CHOUDHRY IRON STORE,124640.0,3,1,1,1
GRAM PANCHAYAT SAHANIYA,124582.0,1,1,1,1
GP SARDARPUR,124582.0,1,1,1,1
GRAM PANCHAYAT RANIPURA,124582.0,1,1,1,1
GRAM PANCHAYAT DOUNI,124582.0,1,1,1,1
GRAM PANCHAYAT DAMOURA,124582.0,1,1,1,1
GRAM PANCHAYAT SILAVAT,124582.0,1,1,1,1
GRAM PANCHAYAT MATODHA CHOUBAN,124582.0,1,1,1,1
Juntupalli Krishna,124518.0,1,1,1,1
Vishkarma Kalab Store,124400.0,2,1,2,1
PAL TRADING COMPANY,124088.0,1,1,1,1
BHARAT PAINT,124008.0,6,1,1,1
JASVEER KAUR,123996.0,2,1,1,1
THE HEADMASTER PURATHIYIL NEW MOPLA U P,123788.0,1,1,1,1
Amarjeet Kaur Kailey,123680.0,4,1,2,1
Darshana Kaur Sarpanch Juglan New,123669.0,1,1,1,1
MS MALWA BKO,123500.0,3,1,1,1
AMRIK SINGH SO MOHINDER SINGH,123432.0,3,1,1,1
Kisan Building material supplier,123414.0,6,1,1,1
ABHIJIT BORKAKATI,123259.0,1,1,1,1
GRAM PANCHAYAT AMBAV,123239.0,1,1,1,1
Aggarwal Construction Co,123199.0,1,1,1,1
PURI TRADERS,123158.0,3,1,1,1
Bhodipura JCB Service,123000.0,4,1,2,1
SWanjee Kumar Mister Khokhar Dwakhari,123000.0,3,1,2,1
JS MALHI TRADING CO,123000.0,1,1,1,1
UKA RAM,122850.0,3,1,1,1
GRAM PANCHAYAT ASARMA,122642.0,1,1,1,1
GRAM PANCHAYAT UMETA,122642.0,1,1,1,1
NITISH KUMAR,122614.0,2,1,1,1
SSK SANITATION,122484.0,3,1,2,1
AHMEDABAD MUNICIPAL CORPORATION,122452.0,1,1,1,1
RAJWINDER KAUR,122320.0,2,1,1,1
Bhuwan Chandra Bhatt,122094.0,6,1,1,1
Amrik Singh,122046.0,2,2,2,2
SHREYA ENTERPRISES,122000.0,1,1,1,1
Singla Bricks Manufacturing Company,121990.0,1,1,1,1
SHIVKUMAR,121800.0,7,2,2,1
SUNIL BHATT,121626.0,8,1,1,1
GOYAL PAINT AND HARDWARE STORE,121560.0,15,1,1,1
laxmita hardware and building materials,121020.0,2,1,1,1
Mohd Ishaq Naik,121000.0,1,1,1,1
TIWARI TRADERS,120960.0,2,1,1,1
18th MP LAD,120901.0,21,1,2,1
Arjun Bhatt,120897.0,6,1,1,1
MAHAVEER,120758.0,4,2,2,2
KHATRRA SANITARY AND TILE MART,120696.0,9,1,1,1
Lakhvir Cemnt Store,120600.0,2,1,2,1
Dhaman Bricks Traders Bagwali,120600.0,6,1,1,1
YAKEN DARANG,120591.0,1,1,1,1
Ghulam Hassan Mir,120515.0,1,1,1,1
MAJISA BUILDIND MATERIAL and constructon,120501.0,2,1,1,1
SHREE VISHWAKARMA RCC PIPES AND PAVERS,120432.0,3,1,2,1
Jagdish Cement Store,120400.0,2,1,1,1
JINTU SAIKIA,120240.0,1,1,1,1
MALHAR BUILDING MATERIAL SUPPLIERS,120036.0,2,1,1,1
GP Sirmouri Mandir,120000.0,3,1,2,1
FAUJI IRON AND CEMENT STORE,120000.0,3,1,2,1
BHOGAL PAINTS AND TRADERS,120000.0,3,1,2,1
JITENDRA VISWAKARMA,120000.0,3,1,1,1
KAMALPUR KHA GRAM PANCHAYAT,120000.0,1,1,1,1
KAMALPUR  KHA GRAM PANCHAYAT,120000.0,1,1,1,1
jai ganesh bko,120000.0,4,1,1,1
GRAM PANCHYAT  GURIYA,120000.0,1,1,1,1
GRAM PANCHYAT  PINDRIKLA,120000.0,1,1,1,1
GRAM PANCHYAT  THAWRIKLA,120000.0,1,1,1,1
Kapil Singh Bagri,120000.0,6,1,2,1
JYOTI PRASAD BORGOHAIN,120000.0,1,1,1,1
GRAM PANCHYAT KHAIRWAR BAI SGVY,120000.0,1,1,1,1
GRAM PANCHAYAT JHIJHAN,120000.0,1,1,1,1
Ashik Ahmed Saikia,120000.0,2,1,1,1
Jitendra tirole,120000.0,4,1,1,1
LOVEJEET SINGH,120000.0,1,1,1,1
GRAM PANCHAYAT BINDRAI,120000.0,2,1,1,1
Harpreet Singh,120000.0,9,1,2,1
THIRUPATHYRAJ R,120000.0,1,1,1,1
MOHAN LAL GURNAM SINGH BKO,120000.0,3,1,1,1
GRAM PANCHYAT MURGIDHANA,120000.0,5,1,1,1
GRAM PANCHAYAT BADI KHAIRI,120000.0,1,1,1,1
GUPTA IRON STORES,120000.0,1,1,1,1
BALAJI ENTERPRISE,120000.0,1,1,1,1
SB Intermediate collage Sandi,120000.0,2,1,1,1
SARPANCH GRAM PANCHAYAT ANCHALKHEDA,120000.0,3,1,1,1
Gram Panchayat Dhotki,120000.0,1,1,1,1
Biju Hussain,120000.0,2,1,1,1
Saaz Building,120000.0,6,1,2,1
GRAM  PANCHAYAT POUNAR,120000.0,1,1,1,1
GRAM PANCHAYAT SIHUNTA,120000.0,1,1,1,1
GP Dhaned,120000.0,1,1,1,1
Sanindra Boro,120000.0,1,1,1,1
PANNALAL MASRE,120000.0,4,1,1,1
Jagan Nath BKO,120000.0,4,1,1,1
Sarpanch Gram Panchayat   BIJHAWADA,120000.0,1,1,1,1
Sarpanch Gram Panchayat BIJHAWADA,120000.0,1,1,1,1
Ravinder singh,119856.0,3,1,1,1
Hemari Kro,119775.0,1,1,1,1
Jorpuri,119700.0,3,1,1,1
VIKARAM YADAV,119700.0,6,1,1,1
BRIJESH YADAV,119700.0,6,1,1,1
Adil Gafoor,119600.0,1,1,1,1
WARAICH TRADERS,119571.0,6,1,1,1
ANKIT,119543.0,3,2,2,2
PARVEEN SINGH LAADI HDFC,119172.0,4,1,2,1
GOBINDGARH IRON STORE,119121.0,3,1,1,1
MINKENG NONANG,119046.0,6,1,1,1
BHANGAL TRADERS,119040.0,3,1,1,1
MUKTAR HUSSAIN,119000.0,1,1,1,1
UBHI STEEL WORK,118994.0,7,1,1,1
JAI JAGDAMBEY STEEL TRADERS,118873.0,1,1,1,1
BUGHANI BROTHERS AND COMPANEY,118863.0,1,1,1,1
J P TRADING COMPANY,118800.0,1,1,1,1
Ganesh Bricks Co,118800.0,3,1,1,1
Sandeep Khan,118794.0,3,1,1,1
SWATI NIGALTIYA,118584.0,9,1,1,1
Sahib Preet Traders,118556.0,1,1,1,1
Sekhon Enterprises,118476.0,3,1,1,1
Sree maa Motors,118408.0,1,1,1,1
Angrej Singh,118328.0,5,2,2,2
AEN O M DANTARAMGARH,118072.0,1,1,1,1
Punjab Mechanical Works,117965.0,1,1,1,1
Ram Kumar,117936.0,3,1,1,1
Girish Chandra,117930.0,7,1,1,1
GUPS CHERUPULASSERY,117924.0,1,1,1,1
garg iron and hardware store,117917.0,3,1,1,1
SARPANCH CEMENT IRON STORE,117866.0,3,1,1,1
Gurdeep Kumar So Tarsem Lal Mistri Passi Pandi,117800.0,7,1,2,1
DEVRAJ SO KHAJAN CHAND,117766.0,4,2,2,1
Mangat Ram,117600.0,4,1,1,1
MALWA CEMENT STORE,117532.0,5,1,1,1
NEW ZIMIDARA CEMENT STORE,117530.0,8,1,1,1
MOHIT KANDPAL,117486.0,9,1,1,1
pardhan singh,117262.0,3,1,1,1
Davinder Singh,117000.0,3,1,1,1
PARAMHANS CEMENT AND IRON STORE,117000.0,3,1,1,1
Muna Lal Massean,117000.0,3,1,2,1
Markanti Sathish,116872.0,1,1,1,1
PAPPU RAM,116850.0,5,2,2,2
SADANAND,116800.0,4,1,1,1
Shahnawaz Hussain Wani,116758.0,1,1,1,1
Ganpati Enterprises,116500.0,7,1,2,1
MAKHA STEEL WORKS,116466.0,3,1,1,1
RAMOLA BUILDING MATERIAL SUPPLIER,116288.0,2,1,1,1
HM OF GLPS CHADANGAMKULAM,115998.0,2,1,1,1
Global group bricks,115982.0,3,1,1,1
BDO Champua MP LADS,115971.0,20,1,2,1
Rajinder Bld Mtrl Str and Rental Service,115950.0,1,1,1,1
KAMLESH KUBERBHAI CHAVDA,115800.0,1,1,1,1
SHREE SHYAM TRADING CO,115680.0,9,1,1,1
VINOD KUMAR GOVT CONTRACTOR,115444.0,1,1,1,1
ANITA,115377.0,24,5,6,5
GRAM PANCHAYAT RAIKHEDI SFC,115355.0,2,1,1,1
KARANDEEP SINGH,115275.0,2,1,1,1
GARG CEMENT STORE,115220.0,2,1,1,1
sata ram,115190.0,7,1,1,1
Bashanling Nongrum,115000.0,1,1,1,1
Narinder Pal,114975.0,3,1,1,1
O P GRAM UDYOG BKO,114750.0,6,1,1,1
SAPTHAGIRI BOREWELLS,114728.0,1,1,1,1
TEJAS TILES FACTORY,114700.0,2,1,1,1
TCM Steels,114667.0,1,1,1,1
Dinesh Bhatt,114480.0,6,1,1,1
Bahia Tile Factory,114345.0,3,1,1,1
MS SON NATH RAM SAROOP,114323.0,7,1,1,1
BARDWA  TIMBER MART,114250.0,2,1,1,1
DAL SINGH,114073.0,7,1,1,1
Hem Raj,114000.0,2,1,1,1
MAHADEV BUILDING MATERIALS,114000.0,3,1,2,1
TARSEM CHAND CONTRACTOR,113925.0,3,1,2,1
Malik Coop LC soc Rinku 8168391440,113902.0,1,1,1,1
Ms Shiva Briks Company,113884.0,4,1,1,1
CAPITAL AC EDD BEHAT,113721.0,1,1,1,1
M H Bricks,113632.0,4,1,2,1
AGRI BUSINESS CENTER SHAPAR,113600.0,4,1,1,1
BHUTANI TRADERS,113426.0,1,1,1,1
The Dhirowal Bricks Kiln Gram Udyog Samiti,113400.0,3,1,2,1
RATAN SOLANKI,113400.0,6,1,1,1
Negi supplier,113160.0,1,1,1,1
Dhillon building Material,113000.0,2,1,2,1
NSSKPT HS OTTAPPALAM,112983.0,1,1,1,1
Rajju Sen,112897.0,1,1,1,1
AMRIT BRICK WORKS,112560.0,1,1,1,1
COMPUTER HUT,112500.0,3,1,2,1
GRAM PANCHAYAT TIKKAR RAJPUUTAN,112500.0,3,1,2,1
pirsingh,112248.0,6,1,1,1
bhawan nirman,111855.0,3,1,1,1
PADAM SINGH,111810.0,11,2,3,2
JAGDEEP BUILDING MATERIAL,111780.0,10,1,1,1
HARJAP SINGH AND SONS,111329.0,4,1,1,1
TARSEM BRICKES COMPANY,111300.0,4,1,2,1
Nalla Ramesh,111231.0,3,1,1,1
Omkar,111200.0,2,1,1,1
Shree Ganesh Iron Store,111180.0,1,1,1,1
SUYAL TRADERS AND ART,111158.0,5,1,1,1
Kartar Building Material Store,111000.0,12,1,1,1
NAHAR SINGH AND CO,111000.0,3,1,1,1
GRAM PANCHAYAT SIRAS,110902.0,2,1,1,1
HM Account of VRVMGHSS VAYALAR,110792.0,2,1,1,1
BABA VISHWAKARMA CEMENT STORE,110790.0,9,1,1,1
Gupta Building Material Malout,110700.0,3,1,1,1
GARJA SINGH,110679.0,9,1,1,1
KAPS MOTORS,110518.0,1,1,1,1
TARSEM SINGH SO SURJIT SINGH,110489.0,5,1,1,1
GODHA RAM,110250.0,3,1,1,1
cHAUDHARY tRADING CO,110127.0,3,1,1,1
sarabjit cement store vill baddon,110071.0,3,1,1,1
RAMPURA GRAM PANCHAYAT,110000.0,1,1,1,1
Kankupura Go Gram Panchayat,110000.0,1,1,1,1
IYASARA GRAM PANCHAYAT,110000.0,1,1,1,1
SEVALIYA GRAM PANCHAYAT,110000.0,1,1,1,1
DIRECTOR STATE INSTITUTE OF LANGUAGES,110000.0,1,1,1,1
Rampura La Gram Panchayat,110000.0,1,1,1,1
THUMTHAL GRAM PANCHAYAT,110000.0,1,1,1,1
CHHOGALA GRAM PANCHAYAT,109930.0,1,1,1,1
Maa Vaishno Marbles And Sanitary Ware,109900.0,2,1,1,1
Shaymalendu Mondal,109846.0,1,1,1,1
SHANKAR BUILDING MATERIAL STORE,109800.0,7,1,1,1
vISHAVKARMA wELDING,109710.0,1,1,1,1
Buta Singh So Ruliya Ram Mistery Kular,109200.0,3,1,2,1
Vikram Kumar,109059.0,6,1,1,1
Manpreet Singh So Hans Singh,109020.0,3,1,1,1
Sukhdev Singh,108880.0,4,2,3,2
diparam,108873.0,9,1,1,1
dala ram,108684.0,5,1,1,1
VICKY ELECTRICALS,108210.0,6,1,2,1
KHALSA CEMENT STORE,108182.0,4,1,1,1
Gourav Verma,108155.0,1,1,1,1
VISHAL CEMENT STORE,108153.0,6,1,1,1
Guru Nanak Gram udyog Samiti,108000.0,3,1,1,1
BB Bricks,108000.0,3,1,1,1
SIKANDER SINGH CHIB,108000.0,1,1,1,1
HARPAL SINGH,108000.0,3,1,1,1
Assistant Engineer Gyalshing District Zilla Panchayat,107965.0,1,1,1,1
Shaik Rahil Faraz,107956.0,2,1,2,1
MUKESH,107955.0,13,3,4,4
BHAG SINGH SON OF GARIB DASS,107400.0,4,1,2,1
Bhagirathi Gond,107376.0,1,1,1,1
KULWANT SINGH MISTRY,107358.0,3,1,2,1
sarpanch building matiral store,107230.0,4,1,1,1
GRAM PANCHAYAT SADRI,107100.0,1,1,1,1
GRAM PANCHAYAT MUNDRAI KHURD,107000.0,1,1,1,1
nathu lal,106809.0,9,1,1,1
Radhe Krishna Surgical trading,106798.0,2,1,1,1
P S Enterprises,106680.0,6,1,1,1
RANJIT KUMAR BALABANTARAY,106619.0,1,1,1,1
NAGAR PALIKA ALMORA,106590.0,3,1,2,1
MS ASIATIC BRICK COMPANY,106500.0,3,1,2,1
BALWINDER SINGH,106398.0,6,2,2,2
Lakhwinder Singh,106392.0,2,1,1,1
GURDEEP SINGH CHAMARHERI,106309.0,4,1,1,1
AMA ZILA PANCHAYAT UTTARKASHI,106100.0,1,1,1,1
Warsi Medico Systems and Services,106000.0,1,1,1,1
Sadha SIngh,105872.0,2,1,1,1
Satpal and Sons,105800.0,2,1,1,1
NARAYAN DUTT JOSHI,105750.0,7,1,1,1
T D Parodkar and Company,105600.0,1,1,1,1
Jasvir Singh Massean,105529.0,2,1,1,1
SUJANPURA GRAM PANCHAYAT,105389.0,1,1,1,1
MAKHAN SINGH,105386.0,3,1,1,1
bashir mohammad,105380.0,1,1,1,1
BIRBALRAM,105300.0,3,1,1,1
DEVILAL,105300.0,3,1,1,1
SURYA KUMAR,105300.0,3,1,1,1
GURDEEP SINGH SO AJAIB SINGH,105273.0,3,1,1,1
Bachhi devi,105270.0,6,1,1,1
Gurveer Cement and Verka Feed Store Lodhi Majra,105256.0,5,1,1,1
satnam singh,105250.0,2,1,1,1
Ankush Iron Store,105138.0,3,1,2,1
Gram Panchayat Panjahal,105000.0,3,1,2,1
MERCURY MEDITECH,105000.0,3,1,1,1
Bala Rani BKO,105000.0,3,1,1,1
Sarpanch Gram Panchayat Pathara,105000.0,1,1,1,1
ARORA TARDERS,105000.0,3,1,1,1
Laroyia Brick Kiln Chhokran,105000.0,3,1,1,1
NIJJAR INFRASTRUCTURES,105000.0,3,1,1,1
MP SPORTS AND STATIONARS,105000.0,3,1,1,1
RAKESH DEHARIYA,105000.0,7,2,2,1
Faqir Chand IRON WORKS,105000.0,3,1,1,1
KRISHAN SINGH DHARARI JATTAN,104950.0,5,1,1,1
pintu kumar,104433.0,9,1,1,1
RB BUILDERS,104195.0,1,1,1,1
RAVI KANT,104190.0,2,1,1,1
Heer Paint Store,104151.0,3,1,1,1
JAGESHVER TRADERS,104150.0,1,1,1,1
Sachin,104132.0,4,2,2,2
HANUMAN,104067.0,9,1,1,2
EXECUTIVE ENGINEER DHBVNL MAHENDERGARH,104061.0,3,1,1,1
IQBAL SINGH,104000.0,2,1,1,1
Ramesh Kumar and Co,104000.0,4,1,1,1
Jagseer Singh,103961.0,4,1,1,1
GRAM PANCHAYAT AIROURA,103820.0,1,1,1,1
GRAM PANCHAYAT IMLANA,103820.0,1,1,1,1
Gram Panchayat Patha,103820.0,1,1,1,1
GRAM PANCHAYAT GUKHRAI,103820.0,1,1,1,1
GRAM PANCHAYAT HIRAPUR NAJ SARKANPUR,103820.0,1,1,1,1
Gram Panchayat Parakhas,103820.0,1,1,1,1
GRAM PANCHAYAT IMALIYA,103820.0,1,1,1,1
GRAM PANCHAYAT PACHER KHAS,103820.0,1,1,1,1
GRAM PANCHAYAT BADAGHAT,103820.0,1,1,1,1
GRAM PANCHAYAT BANPURA BUJURG,103820.0,1,1,1,1
GRAM PANCHAYAT BANERA,103820.0,1,1,1,1
GRAM PANCHAYAT KANNPUR,103820.0,1,1,1,1
GRAM PANCHAYAT PIPRA MADORI,103820.0,1,1,1,1
GRAM PANCHAYAT PIPRA BILARI,103820.0,1,1,1,1
GRAM PANCHAYAT AHAAR,103820.0,1,1,1,1
GRAM PANCHAYAT MALGUWAN,103820.0,1,1,1,1
Gram Panchayat Gudanwara,103820.0,1,1,1,1
GRAM PANCHAYAT JINAGARH,103820.0,1,1,1,1
Gram Panchayat Dunda Toura,103820.0,1,1,1,1
GRAM PANCHAYAT FUTER CHAK 1,103820.0,1,1,1,1
GRAM PANCHAYAT DOOBDEI,103820.0,1,1,1,1
Gram Panchayat Bakpura,103820.0,1,1,1,1
GRAM PANCHAYAT LUHARRA,103820.0,1,1,1,1
Gram Panchayat Harpura Madiya,103820.0,1,1,1,1
GRAM PANCHAYAT SHYAMPURA,103820.0,1,1,1,1
GRAM PANCHAYAT KHARILA,103820.0,1,1,1,1
GRAM PANCHAYAT TALMAU,103820.0,1,1,1,1
GRAM PANCHAYT KOTRA,103820.0,1,1,1,1
Gram Panchayat Kunwarpura,103820.0,1,1,1,1
GRAM PANCHAYAT IQBAL PURA,103819.0,1,1,1,1
GRAM PANCHAYAT GUJJRAKALAN,103819.0,1,1,1,1
GRAM PANCHAYAT NORA,103819.0,1,1,1,1
GRAM PANCHAYAT PUCHHIKARGUWAN,103819.0,1,1,1,1
GRAM PANCHYAT JHINGORA,103819.0,1,1,1,1
GRAM PANCHAYAT JAGATNAGAR,103819.0,1,1,1,1
GRAM PANCHAYAT MUHARA,103819.0,1,1,1,1
GRAM PANCHAYAT DEVRINAYAK,103819.0,1,1,1,1
GRAM PANCHAYAT MOGNA,103819.0,1,1,1,1
GRAM PANCHAYAT LADPURA,103819.0,1,1,1,1
HOSPITAL MANAGEMENT COMMITTE,103361.0,3,1,1,1
MAHESHKUMAR NARANBHAI VANOL,103130.0,1,1,1,1
PAWAN Kumar and Company,103050.0,3,1,1,1
Baljinder Singh SGP Ghdella,102890.0,1,1,1,1
SUKHPAL SINGH SO CHET SINGH,102796.0,3,1,1,1
BHERU LAL,102585.0,6,1,1,1
Arjun Barnasiya,102426.0,1,1,1,1
Iqbal Singh Cement Store,102375.0,6,1,1,1
GILL SANITARY AND BUILDING MATERIAL STORE,102314.0,1,1,1,1
GRAM PANCHAYAT KHAMCHAURA,102300.0,1,1,1,1
JBD TILES AND SANITATION,102210.0,3,1,1,1
MS Balwant Singh And Sons,102000.0,1,1,1,1
JVVNL SIKRAI,101984.0,4,1,1,1
bechararam,101922.0,4,1,1,1
GARG BKO PANJGRAIAN,101850.0,3,1,1,1
MEGA INTERPRISE,101775.0,1,1,1,1
Manoj Kumar BKO,101760.0,3,1,1,1
Hem raj,101696.0,1,1,1,1
KOURA IRON STORE,101598.0,4,1,1,1
JASVEER SINGH SARPANCH,101528.0,3,1,1,1
BIJNESH,101400.0,6,1,1,1
Headmistress SINI SREEDHARAN,101388.0,1,1,1,1
AM Industries Bhawanigarh,101355.0,1,1,1,1
Binud Gogoi,101169.0,9,1,1,1
RATAN LAL,100930.0,10,1,1,2
MS Ahuja Transports Co,100826.0,3,1,1,1
SHRI GANESH WELDING WORKS,100800.0,1,1,1,1
NARMADA STONE CRUSHER,100800.0,2,1,1,1
deepak hardware,100657.0,2,1,1,1
Mahesh and Company,100555.0,1,1,1,1
Vinodan C,100500.0,1,1,1,1
Gurinderpal Singh Mistry,100500.0,3,1,2,1
DASHMESH RETA BAJRI TALL,100250.0,4,1,1,1
DULUMONI DULAKAKHORIA,100079.0,1,1,1,1
Sarpanch Gram Panchayat Khanpur,100000.0,1,1,1,1
GRAM PANCHAYAT KATIYA,100000.0,1,1,1,1
Dindigul District Library,100000.0,1,1,1,1
Ashoka Solar Energy Service Ludhiana,100000.0,1,1,1,1
Health and Wellness Sub Centre Pasadwar,100000.0,1,1,1,1
GRAM PANCHAYAT KHOBI,100000.0,1,1,1,1
GRAM PANCHAYAT SIMRIYA KALA,100000.0,1,1,1,1
MAWIONG KHRI PRES LP SCHOOL,100000.0,1,1,1,1
GRAM PANCHAYAT Silvai,100000.0,1,1,1,1
GP CHHAWARA JP BADI,100000.0,2,1,1,1
Bankiewlang VO NRLM Khlieh Umtrew,100000.0,1,1,1,1
Sarpanchshri Gram Panchayat Torna,100000.0,1,1,1,1
GRAM PANCHAYAT KUMHADI,100000.0,2,1,1,1
Sarpanch Sachiv Gram panchayat Tuiyapani,100000.0,1,1,1,1
KALA GRAM PANCHAYT,100000.0,1,1,1,1
BABA SAI TRADERS,100000.0,2,1,1,1
Assitant Engineer Dev ZP Sub Division Bijhari,100000.0,1,1,1,1
GP Bhadrol,100000.0,1,1,1,1
Rehal Agri works,100000.0,2,1,1,1
GRAM PANCHAYAT REECHA,100000.0,1,1,1,1
KAHONA GRAM PANCAHAYT,100000.0,1,1,1,1
HASANPUR GRAM PANCHAYAT,100000.0,1,1,1,1
Rezina R Marak,100000.0,1,1,1,1
GRAM PANCHAYAT BAMORI,100000.0,1,1,1,1
B B Kang Enterprises,100000.0,2,1,2,1
SOHAR,100000.0,1,1,1,1
GRAM PANCHAYAT NAWATOLA,100000.0,1,1,1,1
ZALODA GRAM PANCHAYAT,100000.0,1,1,1,1
Gram Panchayat Dashrangpur,100000.0,1,1,1,1
PIYUSH CONSTRUCTION,100000.0,2,1,1,1
gram panchayat khamariya,100000.0,1,1,1,1
Gram Panchayat Alampura,100000.0,1,1,1,1
Tejpura gram panchayat,100000.0,1,1,1,1
VADTAL GRAM PANCHAYAT,100000.0,1,1,1,1
Gritalson Arengh,100000.0,1,1,1,1
Sarpanch Gram Panchayat Amladakalan,100000.0,1,1,1,1
MITTAL TILES,100000.0,1,1,1,1
G P LARKODA MULBHUT,100000.0,1,1,1,1
Sarpanch Sachiv Gram panchayat Deori,100000.0,1,1,1,1
GRAM PANCHAYAT CHOPNA,100000.0,2,1,1,1
GP Bandli,100000.0,1,1,1,1
Palak Shikshak Sangh Madhyamik Shala Mangrol,100000.0,1,1,1,1
Gram Panchayatdhairyapura,100000.0,1,1,1,1
Sarpanch Gram Panchayat Chandwad,100000.0,1,1,1,1
Gram Panchayat Mahratola,100000.0,1,1,1,1
MANGALPUR GRAMPANCHAYAT,100000.0,1,1,1,1
GRAM PANCHAYAT KOTHAVI,100000.0,1,1,1,1
FULETRA GRAM PANCHAYAT,100000.0,1,1,1,1
JANOD GRAM C GRAM PANCHYAT,100000.0,1,1,1,1
MANGLEJDHNORA GRAM PANCHAYT,100000.0,1,1,1,1
SARPANCH SACHIV CHHATTARPUR,100000.0,1,1,1,1
GRAM PANCHAYAT RAMHEPUR,100000.0,1,1,1,1
GRAM PANCHAYATManej,100000.0,1,1,1,1
PILODARA GRAM PANCHYAT GRAM PANCHYAT,100000.0,1,1,1,1
KURALI GRAM PANCHAYT,100000.0,1,1,1,1
Sarpanch Gram Panchayat GHORAWADI,100000.0,4,1,1,1
mp enterprises sadar bazar ludhiana,100000.0,1,1,1,1
Alexis A Sangma,100000.0,1,1,1,1
fram panchayat mekh,100000.0,1,1,1,1
Sarpanch Gram Panchayat   JAMUNIYA,100000.0,1,1,1,1
GP SILARIKALA JP UDAIPURA,100000.0,1,1,1,1
GP SIHORA,100000.0,1,1,1,1
RAJEBUL,100000.0,7,1,1,1
GRAM PANCHAYAT KANAJIYA,100000.0,1,1,1,1
GRAM PANCHAYAT LOTIYA,100000.0,2,1,1,1
GRAM PANCHAYAT PANDOLI,100000.0,2,1,1,1
SARODA GRAM PANCHYAT GRAM PANCHYAT,100000.0,1,1,1,1
BSGS CONSULTANCY AND SERVICES,100000.0,1,1,1,1
Mo karul,100000.0,7,1,1,1
GRAM PANCHAYAT BUNDIYA,100000.0,1,1,1,1
SARPANCH SACHIV GRAM PANCHAYAT KHURSIPAR,100000.0,1,1,1,1
Sachiv gram panchayat Chadone,100000.0,1,1,1,1
GIRIRAJ DHARAN GAU SHALA JEEV RAKSHA SAMITI RICHHAWAR,100000.0,1,1,1,1
Gram Panchayat Bharnal,100000.0,1,1,1,1
sarpanch gram panchayat Damdam,100000.0,1,1,1,1
Shri Nagri Mahavir Vyayamshala Samiti,100000.0,1,1,1,1
IBHARAMPURA GRAM PANCHAYAT,100000.0,1,1,1,1
GRAM PANCHAYATBhurakui,100000.0,1,1,1,1
Jotvad Gram Panchayat,100000.0,1,1,1,1
GRAM PANCHAYATDanteli,100000.0,1,1,1,1
SUTARIA GRAM PANCHYAT GRAM PANCHYAT,100000.0,1,1,1,1
Krishna Machinery Store,100000.0,2,1,1,1
GP JimJima,100000.0,2,1,1,1
SURVADA GRAM PANCHAYT,100000.0,1,1,1,1
gram panchayat katkuhi,100000.0,1,1,1,1
GP BHARKACHHA KHURD JP BADI,100000.0,2,1,1,1
VEMARDI GRAM PANCAHAYT,100000.0,1,1,1,1
BAICHALIKHURD,100000.0,1,1,1,1
GRAM PANCHYAT BELKHEDI,100000.0,1,1,1,1
GRAM PANCHAYAT KAREAAM RATED,100000.0,2,1,1,1
The Kitab Arr Publication,100000.0,1,1,1,1
GRAM PANCHAYAT LIMBALI,100000.0,1,1,1,1
Gosindra Gram Panchayat,100000.0,1,1,1,1
GRAM PANCHAYAT HARRAKACHHAR,100000.0,2,1,1,1
DHAVAT GRAM PANCHAYT,100000.0,1,1,1,1
GRAM PANCHAYAT NAR,100000.0,1,1,1,1
CHANGOD GRAM PANCHAYAT,100000.0,1,1,1,1
MOHAMMED KAHAJA RAHAMATHULLAH,100000.0,1,1,1,1
GRAMPANCHAYAT HINOTIYA,100000.0,1,1,1,1
MS LANGSTIEHRIM PRESBYTERIAN LP SCHOOL LANGSTIEHRIM,100000.0,1,1,1,1
gram panchayat noni,100000.0,1,1,1,1
GP Chanawag,100000.0,1,1,1,1
GRAM PANCHAYAT GANGIYAL,100000.0,1,1,1,1
BANDISERVAN GRAM PANCHAYAT,100000.0,1,1,1,1
Lucky Computer Hardware,100000.0,1,1,1,1
Gram Panchayat Gothda,100000.0,1,1,1,1
Lolindha Ch Sangma,100000.0,1,1,1,1
GUNCHHALI GRAM PANCHAYAT,100000.0,1,1,1,1
GRAM PANCHAYAT GHANDALWIN,100000.0,1,1,1,1
ESEKIEL LAPANG,100000.0,1,1,1,1
Gram Panchayat Sankli,100000.0,1,1,1,1
Gram Panchayat Sasej,100000.0,1,1,1,1
NARESH KUMAR SAHU,100000.0,2,1,1,1
GRAM PANCHAYAT MOHAGAOKISAN,100000.0,1,1,1,1
GRAM PANCHAYAT VIROL,100000.0,1,1,1,1
JB BROTHERS,100000.0,1,1,1,1
Kashipura Gram Panchayat,100000.0,1,1,1,1
GP Sandhu,100000.0,1,1,1,1
gram panchayat poniya kuk,100000.0,1,1,1,1
THADOD GRAM PANCHAYAT,100000.0,1,1,1,1
Khandivav Gram Panchayat,100000.0,1,1,1,1
GRAM PANCHAYAT BHODIYAPANI,100000.0,2,1,1,1
GRAM PANCHAYAT JAMUNIYA,100000.0,1,1,1,1
SURINDERA MACHINERY STORE,100000.0,2,1,1,1
GRAM PANCHAYAT BHADROLI KHURD,100000.0,1,1,1,1
YVS Fitness and gym equipment,100000.0,1,1,1,1
GRAM PANCHAYAT BELKHEDISHED,100000.0,1,1,1,1
ST MARYS SECONDARY SCHOOL,100000.0,1,1,1,1
Elizabeth S Marak,100000.0,1,1,1,1
VITTHALGAM GRAM PANCHAYAT,100000.0,1,1,1,1
BENEFIT INDIA,100000.0,1,1,1,1
Ik Onkar Sharting Store,100000.0,1,1,1,1
MEDA AADARAJ GRAM PANCHAYAT,100000.0,1,1,1,1
SARPANCHSHREE RANASAN GRAM PANCHAYAT,100000.0,1,1,1,1
S BABA SURGICALS,100000.0,1,1,1,1
OSLAM GRAM PANCHAYT,100000.0,1,1,1,1
GRAM PANCHAYAT GOTEGAONKHEDA,100000.0,1,1,1,1
GRAM PANCHYAT PULPULDHOH,100000.0,2,1,1,1
GRAM PANCHAYAT GOURTALA,100000.0,1,1,1,1
SILOD GRAM PANCHAYAT,99999.0,2,1,1,1
KALPTARU,99991.0,1,1,1,1
SURGE GLOBAL PRIVATE LIMITED,99990.0,1,1,1,1
V HARI BABU,99980.0,1,1,1,1
BIPLABA KESHARI PRADHAN,99962.0,1,1,1,1
NARMDA CONTRACTION,99960.0,1,1,1,1
GRAM PANCHAYAT ISNAV,99932.0,1,1,1,1
HEMA KORANGA,99918.0,6,1,1,1
GRAM PANCHAYAT BANTVA,99916.0,2,1,1,1
DHANVADA GRAM PANCHAYAT,99816.0,1,1,1,1
ANASTU GRAM PANCHAYT,99800.0,1,1,1,1
Oli Ullah Khan,99750.0,1,1,1,1
BATRA TREADING COMPANY,99739.0,1,1,1,1
Harpo Sing Ronghang,99715.0,1,1,1,1
Kakrung Teronpi,99715.0,1,1,1,1
Brijita Beypi,99715.0,1,1,1,1
Jantasing Kro,99715.0,1,1,1,1
Nirmal Khan Kami Khurad,99708.0,5,1,1,1
BDO OKHALKANDA,99626.0,7,1,1,1
SHRINGAAR HARDWARE WORK SHOP,99620.0,1,1,1,1
ANOKH SINGH,99596.0,6,1,1,1
RAJU CEMENT STORE,99580.0,5,1,1,1
BHAVYA ENTERPRISE,99545.0,1,1,1,1
NAMITA PARIDA,99544.0,1,1,1,1
Block Development Officer,99487.0,19,1,1,1
Umiya Assembly Technologies,99480.0,3,1,1,1
IMRAN SILAWAT,99450.0,3,1,1,1
Vijay Book Stall,99445.0,1,1,1,1
KANBHA GRAM PANCHAT,99400.0,1,1,1,1
KHADANA GRAM PANCHYAT,99274.0,1,1,1,1
GRAM PANCHAYAT MALATAJ,99237.0,1,1,1,1
Shree Hargobind Sahib Entt Udyog,99200.0,2,1,2,1
SHEKHADI GRAM PANCHAYAT,99054.0,1,1,1,1
GAGANDEEP SINGH SARPANCH,99051.0,3,1,1,1
D LINGARAJU,99040.0,1,1,1,1
SARPANCH PANCHAYAT KANOD,99000.0,1,1,1,1
RAJHANS TOYS AND SPORTS,99000.0,1,1,1,1
MOHAL LAL MISRTI,99000.0,3,1,1,1
SARABJIT SINGH,99000.0,9,1,1,1
Nirmal kaur,99000.0,2,1,1,1
ALTERENERGYZ,98884.0,1,1,1,1
Executive Eng MPEB Mandsaur,98752.0,1,1,1,1
GP Sullah,98713.0,1,1,1,1
SUNITA,98622.0,23,6,7,6
GOYAL CRUCIBLE HOUSE,98590.0,1,1,1,1
PREM BMS,98560.0,4,1,1,1
Ao Ce Gr Mpmkvvcl Gwalior,98419.0,1,1,1,1
LUXMI HARDWARE STORE,98196.0,9,1,1,1
Lakhbir Singh,98000.0,1,1,1,1
ms Karam Chand hari singh bko,97944.0,2,1,1,1
ms brother brick kiln co,97944.0,3,1,1,1
Virdi Chain Linking,97873.0,1,1,1,1
MANDAL PHOTO STUDIO AND HARDWARE,97784.0,1,1,1,1
J S BATTH CONTRACTORS,97650.0,1,1,1,1
RAMA BRICK WORKS,97500.0,1,1,1,1
SHRI BALAJI CEMENT STORE,97500.0,1,1,1,1
ONKAAR MEDICAL AND SURGICALS,97500.0,1,1,1,1
Manpreet Singh Mistery,97266.0,3,1,2,1
TABOM MIZE,97237.0,1,1,1,1
Ms Aman Kumar,97000.0,1,1,1,1
Dada Udal Dev Industries,96941.0,1,1,1,1
MITTAL BATH CARE,96806.0,8,1,1,1
GURDHIYAN SINGH,96800.0,4,1,2,1
3 Star Enterprises,96603.0,1,1,1,1
Inderjeet Singh,96600.0,1,1,1,1
Naveen Kumar,96520.0,5,2,3,2
Param Enterprises,96454.0,1,1,1,1
MATIYALI TRADERS,96300.0,4,1,1,1
RAHUL,96173.0,8,4,4,4
BDO HARICHANDANPUR MP LADS,96074.0,10,1,2,1
Himanshu Book Co,96009.0,1,1,1,1
BDO BARGAON WITH HELD MONEY,96000.0,9,1,2,2
Manju Enterprises,96000.0,1,1,1,1
HEAD MISTRESS ST MARY S CG HS SCHOOL,96000.0,3,1,1,1
YASH PAUL AND CO BKO,96000.0,6,1,1,1
VARDHAN ENTERPRISE,96000.0,3,2,2,1
bhillowal traders,95900.0,1,1,1,1
GURJANT SINGH WELDING WORKS,95850.0,3,1,1,1
Nachhatar Singh,95820.0,3,1,2,1
JAGRAJ SINGH SO SARBAN SINGH,95820.0,2,1,1,1
SHAJAHAN ALI,95760.0,1,1,1,1
M s Goraya Brick Kiln Co,95600.0,4,1,1,1
Param Construction Material,95600.0,2,1,1,1
THIMMANIGUNTA NARSIMULU,95525.0,1,1,1,1
MAYANK PANDEY,95445.0,6,1,1,1
SINGLA Cement Building Material Store,95430.0,4,1,1,1
Som Surgicals,95426.0,1,1,1,1
Jagdev singh mistary,95280.0,3,1,1,1
MITTAL BRICKS,95000.0,2,1,1,1
LAKH ENTERPRISES,94760.0,2,1,1,1
SHAKTI TRADING CO,94700.0,4,1,1,1
JAGJIWAN SINGH SO GURPIAR SINGH,94635.0,3,1,1,1
SANDEEP,94560.0,10,2,2,3
KANTILAL,94500.0,3,1,1,1
BDO Banspal Withheld,94500.0,18,1,2,1
Tricholan,94290.0,6,1,1,1
Mohan Chandra,94290.0,6,1,1,1
NIJJAR BUILING MATERIAL,94000.0,1,1,1,1
Numberdar Building Material,94000.0,1,1,1,1
RAM LAL PYARE LAL,93831.0,3,1,2,1
Jagdeep Singh,93800.0,2,1,1,1
RAJINDER SINGH,93735.0,5,2,2,2
GOYAL STEEL CORPORATION,93621.0,6,1,1,1
Baldev Chand,93600.0,2,1,2,1
Ramlal,93600.0,4,1,1,1
dharamjit singh,93600.0,2,1,1,1
MS CHAMANLAL,93600.0,3,1,1,1
BAHADUR SINGH,93408.0,4,2,2,2
RAMBAI,93300.0,3,1,2,1
GS TILES,93200.0,1,1,1,1
ANMOL SALES CORPORATION,93088.0,2,1,1,1
TK ENTERPRISES,92920.0,1,1,1,1
AJIT,92920.0,7,1,1,1
AGGARWAL STEEL IMPORTERS,92875.0,7,1,1,1
Sanjeev Bricks Co Gehri Bhagi,92800.0,4,1,1,1
IA IRON WORKS,92800.0,1,1,1,1
MPLAD,92754.0,2,1,1,1
HEADMISTRESS SNUPS CHURULY,92752.0,1,1,1,1
SHRI GANESH BRICK FIELD,92655.0,1,1,1,1
manish kumar joshi,92456.0,7,1,1,1
Arora Building Material Store,92422.0,2,1,1,1
HIMANSHU,92415.0,7,1,1,1
HARMEET SINGH,92400.0,6,1,1,1
SHIV JOT TRADING COMPANY,92298.0,12,1,1,1
NORAT,92292.0,3,1,1,1
GUPTA BROTHERS,92200.0,2,1,2,1
BHAIRU LAL,92070.0,14,1,1,2
HP STate Civil Supplies Corporation Limited Shimla,92000.0,1,1,1,1
Gurtaj Welding Works,92000.0,2,1,1,1
ADITYA ENGINEERS,91999.0,1,1,1,1
Harpreet Kaur,91830.0,3,1,1,1
Vipin Hardware,91800.0,3,1,1,1
nashir khan,91734.0,8,1,1,1
MAHAKAL TRADING COMPANY,91704.0,3,1,1,1
TAHASILDAR ANANDAPUR,91549.0,5,1,2,1
SUKHBIR SINGH,91533.0,9,1,1,1
LALJEET SINGH,91500.0,1,1,1,1
ANAND SANITARY AND HARDWARE STORE,91500.0,6,1,1,1
Amna Jain,91200.0,3,1,1,1
FOCUZ COMPUTERS,91000.0,1,1,1,1
Saini Brothers,91000.0,4,1,2,1
MAIHAR TRADING COMPANY,90720.0,3,1,1,1
MS Chahal Buliders,90414.0,12,1,1,1
Matrix Solution,90372.0,3,1,1,1
VIMLA,90340.0,11,5,5,5
MS JAI DURGA IRON STORE,90246.0,2,1,1,1
SANTOSH DEVI,90246.0,10,3,3,3
lakhwinder singh,90200.0,1,1,1,1
Bhim Chand,90100.0,2,1,1,1
sarabjit singh Cemment,90050.0,2,1,1,1
GRAM PANCHAYAT JIYUNTA,90000.0,1,1,1,1
MEWA RAM,90000.0,3,1,1,1
Bikram Singh JCB Service,90000.0,6,1,2,1
GRAM PANCHAYAT MORAHA,90000.0,1,1,1,1
Sandhu Interlock,90000.0,1,1,1,1
BALLU RAM KUMHAR,90000.0,6,1,2,1
Sarpanch Gram Panchayat AMABOH,90000.0,3,1,1,1
RANJEET,90000.0,3,1,1,1
GRAM PANCHYAT  BHONAKHERI,90000.0,1,1,1,1
Mittal BKO,90000.0,3,1,1,1
Parbdeal,90000.0,1,1,1,1
Resham Singh,90000.0,3,1,2,1
Kartar Cement Store Lamin,90000.0,3,1,2,1
Suresh Kumar Massean,90000.0,3,1,2,1
GR ENTERPRISES SAS Nagar MOHALI,90000.0,2,1,1,1
AMRIK SINGH,90000.0,5,1,1,1
SHRI RAM BKO,90000.0,3,1,1,1
GRAM PANCHYAT  LONIYA MARU,90000.0,1,1,1,1
GRAM PANCHYAT  UMRAHAR,90000.0,1,1,1,1
S S HARDWARE AND PAINT STORE,90000.0,3,1,1,1
GP Dhalara,90000.0,3,1,3,1
Pradeep singh,89937.0,6,1,1,1
Chattha Transport,89775.0,3,1,1,1
MOHAMMAD JAVEEDUDDIN,89769.0,3,1,1,1
SHIVIRAJ MALI,89742.0,3,1,1,1
TAHASILDAR TANGARPALI,89710.0,14,1,2,2
Vikram,89610.0,7,2,2,2
A One Bricks Dabhota HP,89600.0,2,1,1,1
AAI LAXMI ENTERPRISE,89557.0,1,1,1,1
JAI GIRI MAA Enterprises,89552.0,1,1,1,1
GURU NANAK BUILDING AND MATERIAL STORE,89400.0,1,1,1,1
ARSH SEKHON INDUSTRIES,89367.0,6,1,2,1
jitendra devasi,89319.0,9,1,1,1
Karmjit Singh Mistre,89250.0,2,1,1,1
HARDEV MARBLE INDUSTRIES MANSA,89208.0,2,1,1,1
Guru Building Material Berchha,89100.0,6,1,2,1
SIDHU AND SONS BKO,89000.0,1,1,1,1
AGGARWAL TRADING COMPANY,88958.0,4,1,1,1
ANIRUDDHA ENTERPRISES,88840.0,2,1,1,1
BALDEV KRISHAN GUPTA AND SANJ,88800.0,5,1,1,1
GRAM PANCHAYAT JHALA,88800.0,2,1,1,1
Parveen Kumar bko,88800.0,4,1,1,1
NEW GURU NANAK WELDING WORKS,88527.0,10,1,1,1
MS AGGARWAL PIPE AND SUBMERSIBLE STORE,88296.0,2,1,1,1
LOVELY TRADING CO,88229.0,3,1,1,1
TAHASHILDAR GANIA,88151.0,9,1,1,2
SAI CONSTRUCTION CO,88000.0,1,1,1,1
GANPAT LAL,87954.0,7,2,2,2
Venus Sales Corporation,87800.0,1,1,1,1
DSS ENTERPRISES,87768.0,6,1,1,1
sukh dev balai,87750.0,3,1,1,1
KAILASH KUMAWAT,87750.0,3,1,1,1
HIND HARDWERE,87600.0,3,1,1,1
Ms RK Builders,87591.0,3,1,1,1
Teja singh pipe factory,87375.0,1,1,1,1
SHRI KANHA TRADERS,87369.0,1,1,1,1
DHILLON UDYOG COMPANY,87360.0,2,1,2,1
RANJIT,87100.0,5,2,3,2
Shovan singh,87024.0,6,1,1,1
RIHAN CEMENT SARIA STORE,87003.0,6,1,2,1
Keshav Dutt and Brothers,87000.0,2,1,1,1
SUKHDAS,87000.0,7,2,2,1
Kansal Enterprises,86820.0,6,1,1,1
HARISH,86557.0,8,3,3,3
RAJU,86446.0,5,2,2,2
Aggarwal Brick Copany,86432.0,4,1,1,1
PUNJAB BRICK INDUSTRIES,86400.0,3,1,2,1
DETECH,86327.0,4,1,1,1
raj kumar,86316.0,6,1,1,1
dilkush prajapat,86316.0,6,1,1,1
VEERPAL KAUR SARPANCH,86238.0,1,1,1,1
GOYAL TRADERS,86140.0,1,1,1,1
JAMWAL AND BROS,86140.0,2,1,1,1
JAGTAR SINGH,86027.0,3,1,1,1
HEADMISTRESS SNHS NANKICITY,85976.0,1,1,1,1
GURBINDER SINGH,85860.0,6,1,2,1
ARUN VISHVAKARMA,85800.0,3,1,2,1
Navnirman Traders,85800.0,1,1,1,1
SOHAN LAL REGAR,85500.0,3,1,1,1
SABBIR MOHAMMAD,85500.0,3,1,1,1
GURTEJ SINGH PANCH,85498.0,3,1,2,1
Shakti Ventures,85495.0,1,1,1,1
Krishna Cement Store,85400.0,2,1,1,1
HEAD MASTER SNV SANSKRIT H S S,85000.0,1,1,1,1
Executive Engineer and EO,85000.0,1,1,1,1
HEADMISTRESS GOVT HSS CHOWARA,85000.0,1,1,1,1
Joginder Pal,85000.0,1,1,1,1
Akshay Traders,84999.0,6,1,1,1
Raam singh,84876.0,4,1,1,1
SHER RAM,84840.0,3,1,1,1
KASANA  BULIDING MATERIAL SUPPLIERS,84745.0,3,1,1,1
Harbhajan trading company,84689.0,4,1,1,1
bahadur,84672.0,6,1,1,1
Hanumana ram suthar,84672.0,6,1,1,1
Ram krishan singh,84414.0,1,1,1,1
Sachin Kumar Kol,84360.0,3,1,2,1
Rakesh Kumar Pandhi,84189.0,3,1,1,1
Deepak Cement and Hardware Store,84180.0,2,1,1,1
uttam Tradres,84110.0,2,1,1,1
DEKA BROTHERS EMTERPRISE,84004.0,1,1,1,1
KHAJAN SINGH AND BROTHERS,84003.0,3,1,2,1
Sandhu Bricks,84002.0,2,1,1,1
MS BAL AND CO,84000.0,3,1,2,1
Swaran Singh Tarlochan Singh,84000.0,3,1,2,1
MALWA PIPE INDUSTRIES,84000.0,3,1,1,1
Surinderjeet Singh and Sons,83952.0,4,1,1,1
INDRA,83941.0,17,4,5,5
ASV Traders,83927.0,1,1,1,1
NEW SHIV ELECTRIC STORE,83874.0,3,1,1,1
Head Mistress St Michaels High School Kavil,83808.0,1,1,1,1
SAZID TAK,83700.0,6,1,1,1
SAKIL MOHMMAD,83700.0,6,1,1,1
IKRAM TAK,83700.0,6,1,1,1
FARDEEN TAK,83700.0,6,1,1,1
JUNED DEVDA,83700.0,6,1,1,1
BIPUL CHANDRA BORUAH,83697.0,1,1,1,1
Block Developement Officer,83541.0,3,1,2,1
Balwinder Singh Massn,83398.0,2,1,1,1
MPLADS HOLDING ACCOUNT,83226.0,14,1,1,1
TAHASILDAR HARICHANDANPUR,83121.0,10,1,2,1
SHAILENDRA,83000.0,4,1,1,1
Mr MANAS KUMAR SAHOO,83000.0,1,1,1,1
MANMEET SAHEJPAL,82979.0,1,1,1,1
sidhu cement and sanitry store,82970.0,3,1,1,1
Bansal Brothers,82845.0,6,1,1,1
Bhgwan Das,82800.0,3,1,2,1
AK CEMENT HARDWARE STORE AHMEDGARH,82800.0,3,1,1,1
Pritpal Singh,82740.0,1,1,1,1
LALU CHOUHAN,82683.0,6,1,2,1
Hardev singh,82602.0,5,2,2,2
khiva bricks kiln company,82560.0,2,1,1,1
GURNOOR STEEL SHUTTERING AND CEMENT STOE,82490.0,2,1,1,1
Kamla Devi,82330.0,10,3,3,4
sandeep Kumar,82200.0,3,1,1,1
gram panchayat padalwas,81994.0,1,1,1,1
SIDHU CEMENT AND SCRAP STORE,81949.0,3,1,1,1
KUP SINGH,81900.0,9,1,1,1
PANKAJ SINGH,81900.0,9,1,1,1
PABBI SALES,81900.0,3,1,1,1
cheema cement store,81691.0,3,1,1,1
CHANDAN BRICK KILN,81620.0,2,1,1,1
Ms Ishanta Traders,81470.0,1,1,1,1
Girdhari Singh,81408.0,6,1,1,1
The Dhaula Gram Udyog Samiti Dhaula,81375.0,5,1,1,1
manisha suyal,81252.0,6,1,1,1
AKASHDEEP,81250.0,1,1,1,1
Sarabjit Singh so Tulsa Singh,81209.0,1,1,1,1
Parkash Singh Mistri So Mahinder Singh Vill Kaluwal,81200.0,2,1,2,1
SATNAM SINGH,81000.0,9,2,3,2
Modi Sanitary store,81000.0,5,1,1,1
jeewan chandra joshi,81000.0,3,1,1,1
HEADMISTRESS HOLY FAMILY HIGH SCHOOL PARAMPUZHA,80888.0,1,1,1,1
BHIM SAIN MEGH NATH,80850.0,3,1,1,1
Satnam singh,80667.0,5,2,2,2
Parveen Gupta and Co,80640.0,3,1,1,1
SABHARI ELECTICALS,80580.0,4,1,1,1
SATYAM SALES,80574.0,6,1,1,1
Baba Sher Shah Wali Cement Pipe and Tile Factory,80290.0,1,1,1,1
Kamal Belwal,80190.0,3,1,1,1
PANNU BRICKS GRAM UDYOG SAMITI,80136.0,4,1,2,1
Shri Raiput Cement Optical and Traders,80062.0,1,1,1,1
Vikas kumar,80028.0,1,1,1,1
MS Dhillon Buildingh Material and Earth Remover,80010.0,2,1,2,1
sarpanch gp kothar,80000.0,1,1,1,1
GRAM PANCHAYAT AMBADI,80000.0,1,1,1,1
Gram pancahyat ratamati,80000.0,1,1,1,1
Gram pancahyat mehda,80000.0,1,1,1,1
MISTRI BALWINDER SINGH,80000.0,4,1,2,1
GP SATHWIN,80000.0,1,1,1,1
GRAM PANCHYAT THUNIYA UDNA,80000.0,1,1,1,1
SHIVAM Building Material,79996.0,1,1,1,1
HARVINDER SINGH BRAR,79880.0,1,1,1,1
gp sajjanwas,79665.0,1,1,1,1
JK TILE FACTORY,79650.0,3,1,2,1
The Mitathal CO OP L and C Society,79611.0,1,1,1,1
Mohd Basharat Ali,79500.0,1,1,1,1
PTA GOVT UP SCHOOL KALARCODE,79370.0,1,1,1,1
DURGA DEVI,79311.0,17,3,3,4
KARANVEER SINGH,79200.0,3,1,1,1
PABU SINGH,79183.0,8,1,1,1
Rituraj Bhumij,79053.0,1,1,1,1
HUNDAL TREADING COMPANY,79050.0,2,1,1,1
GAGANDEEP SINGH,79050.0,4,2,3,1
Paras Belwal,78975.0,3,1,1,1
ARIHANT STEELS MOONAK,78936.0,2,1,2,1
MANOHAR SINGH,78935.0,8,2,2,2
BHARAT NIRMAN  CO,78828.0,1,1,1,1
Pinninti Ramanamma,78792.0,1,1,1,1
SUBHASH CHAND,78750.0,4,1,1,1
GHUMAN BKO,78738.0,3,1,1,1
NARSI RAM,78624.0,3,1,1,1
MS BASERA BUILDERS,78383.0,1,1,1,1
bhairu lal hira jat,78300.0,3,1,1,1
Simranjit Singh,78200.0,4,1,1,1
TAHASILDAR GHASIPURA,78090.0,4,1,2,1
Gurbaksh Traders,78075.0,6,1,1,1
SS CONSTRUCTION,78035.0,2,1,1,1
MulaKH Raj Kataria,78000.0,3,1,2,1
S S TRADERS,77520.0,3,1,1,1
Radhe krishna Solar Energy System,77400.0,1,1,1,1
Tejendra Singh,77265.0,6,1,1,1
sandip singh,77225.0,2,1,1,1
Trilok Chandra Tiwari,77168.0,4,1,1,1
Manik dhoola store dhaula,77097.0,3,1,1,1
Divisional Engineer Electrical Operations TGNPDCL Metpally,76655.0,1,1,1,1
GLPS MUNDEKKARADU,76627.0,1,1,1,1
TVS VEHICLE MOBILITY SOLUTION PRIVATE LIMITED,76500.0,1,1,1,1
Kamal Kishore,76500.0,6,1,1,1
HARPREET TRADERS,76413.0,3,1,2,1
Parvesh,76368.0,3,1,1,1
BHAMRAH AGRICULTURE WORKS,76260.0,3,1,2,1
Jagwinder Singh,76216.0,1,1,1,1
DEDHNA MACHINERY STORE,76200.0,6,1,1,1
RUPALI,76034.0,6,1,1,1
KULWINDER KAUR,76010.0,1,1,1,1
mishraram,76000.0,2,1,1,1
Suklal Bheel,75800.0,4,1,1,1
Bikramjit Singh,75768.0,2,1,1,1
Executive Engineer Road Division No1,75683.0,2,1,1,1
Director all india institute of speech and hearing,75660.0,2,1,1,1
PRAKASH KUMAR,75600.0,4,1,1,1
BHOLLA TRADING CO,75600.0,3,1,1,1
M S 790 NSS KARAYOGAM NADUBHAGAM,75558.0,1,1,1,1
BT AGRO UDYOG,75449.0,2,1,1,1
ALTAIR CORPORATION,75448.0,1,1,1,1
Ms 3 Star Hardware,75442.0,1,1,1,1
TALOH TASING,75356.0,1,1,1,1
Rema N R,75337.0,1,1,1,1
TAHASILDAR RAJGANGPUR,75233.0,19,1,2,2
KARTAR,75150.0,4,1,1,2
LENZING MIZE,75144.0,1,1,1,1
BALBIR SINGH,75056.0,1,1,1,1
MANGI LAL,75050.0,7,2,2,2
SAHIL MOHAMMAD,75000.0,3,1,2,1
FERNANDO LYNGDOH,75000.0,1,1,1,1
gram panchayat gundrai,75000.0,1,1,1,1
Gram Panchayat Menpani,75000.0,1,1,1,1
Ram Murti,75000.0,1,1,1,1
JUGRAJ SINGH WELDING WORKS,75000.0,3,1,2,1
MAHENDRA MASARE,75000.0,3,1,1,1
shantaram vitthal shelke,75000.0,1,1,1,1
BALAJI CONTRACTION KAPNI TAKIPURA,75000.0,1,1,1,1
GRAM PANCHYAT PURTALA,75000.0,1,1,1,1
Sarpanch Gram Panchayat   PIPARIYAKHATI,75000.0,1,1,1,1
GRAM PANCHAYAT DONGARGAON  ANDIA,75000.0,1,1,1,1
Sarpanch Gram Panchayat   PANJRA,75000.0,1,1,1,1
GRAM PANCHYAT PIPARIA RAJGURU,75000.0,1,1,1,1
Ranjodh Singh,75000.0,9,1,1,1
Sarpanch Gram Panchayat   RAMGARH,75000.0,1,1,1,1
GP Ghorna,75000.0,1,1,1,1
Sarpanch Sachiv Gram panchayat Niwari,75000.0,1,1,1,1
Sarpanch sachiv gram panchayat Sokalpur,75000.0,1,1,1,1
Sarpanch sachiv gram panchayat Jhiriyamata,75000.0,1,1,1,1
Sarpanch Gram Panchayat Umariya,75000.0,3,1,1,1
GP MAHGUWAN NIJOR,75000.0,1,1,1,1
fasial khan,75000.0,1,1,1,1
Sarpanch Gram Panchayat   KEOLARISAMBHA,75000.0,1,1,1,1
Sarpanch Gram Panchayat   JHILMILI,75000.0,1,1,1,1
sarpanch gp darbai,75000.0,1,1,1,1
GRAM PANCHAYAT JANGAL,75000.0,1,1,1,1
BDO DEHRA MP RAJYA SABHA,75000.0,1,1,1,1
GRAM PANCHAYAT TRONKALA SFC,75000.0,3,1,1,1
GURTEJ SINGH SO JAGRAJ SINGH,75000.0,3,1,2,1
kulwinder singh so mahinder singh,75000.0,1,1,1,1
gupta radios,75000.0,1,1,1,1
GP KASHI KHARI,75000.0,1,1,1,1
GP DHANDIYA,75000.0,1,1,1,1
GP SAGONIYA JP BADI,75000.0,1,1,1,1
Sarpanch Gram Panchayat   BAMHANWADA,75000.0,1,1,1,1
virmani furniture,75000.0,1,1,1,1
sarpanch gp sethiya,75000.0,1,1,1,1
sarpanch gp kohka,75000.0,1,1,1,1
MR KURWAN GRAM PANCHAYAT KURWAN,74945.0,1,1,1,1
Jasvir Khan Kami Khurad,74900.0,2,1,1,1
AS Kalra,74801.0,1,1,1,1
CHINA RAM,74790.0,6,1,1,1
Vajeer Singh,74700.0,3,1,1,1
Gagandeep Singh Sidhu,74620.0,2,1,1,1
RAM KUMAR THERI SARPANCH,74540.0,1,1,1,1
Executieve Engineer,74498.0,1,1,1,1
MALKIT SINGH,74436.0,1,1,1,1
punjab iron,74375.0,4,1,1,1
THOR INDUSTRIES PRIVATE LIMITED,74370.0,3,1,1,1
ABHINAV TRADERDS,74265.0,3,1,1,1
GMLPS THRIKKALLUR,74237.0,1,1,1,1
AMANDEEP SINGH RAIPUR,74157.0,3,1,1,1
Videya vanti,74124.0,1,1,1,1
KAILASH KUMAR,74100.0,12,3,3,3
MISSER STEEL AND IRON WORKS,74072.0,2,1,1,1
ULTIMATE SOLUTION,74000.0,2,1,1,1
RAMESHWAR,73983.0,9,1,1,1
SARDAR CHOUDHARY,73983.0,9,1,1,1
BALVEER,73983.0,9,1,1,1
P S GURUNDIA MPLADS AC,73861.0,2,1,1,1
Ms Om Parkash BKO,73845.0,4,1,1,1
JASWINDER SINGH,73696.0,11,2,3,2
KANHAIYALAL,73670.0,7,1,1,1
Pawan Kumar Kamat,73512.0,3,1,1,1
HARJINDER SINGH,73500.0,6,1,1,1
Sonu Cement Store,73500.0,3,1,1,1
HM Govt High School Mudical,73307.0,1,1,1,1
AARTI AND COMPANY,73276.0,1,1,1,1
Punjab Building Material,73275.0,2,1,1,1
ANSAMMA THOMAS HEADMISTRESS,73271.0,1,1,1,1
SR THRESIAMMA JOSEPH HEADMISTRESS,73271.0,1,1,1,1
Kamlesh Kumari Massn,73200.0,2,1,1,1
SHIV OM GRAM UDYOG SAMITI,73200.0,4,1,1,1
GRAM PANCHAYAT  BANDHA CHOUTH,73150.0,1,1,1,1
Man Shuttering And Hw Store,73000.0,4,1,2,1
Kamaljit Singh so Ram Kishan,73000.0,1,1,1,1
Jagdev Singh urf Bhola Singh,72990.0,3,1,1,1
Biswajit Paul,72940.0,1,1,1,1
ASHARAF V P,72863.0,1,1,1,1
ST JOSEPHS UP SCHOOL  KARITHALA,72799.0,1,1,1,1
JB TRADERS,72700.0,1,1,1,1
KARAMJIT KAUR SARPANCH BATTA,72597.0,1,1,1,1
mahendra kumar,72450.0,6,1,1,1
NEW BHINDER TRADERS,72400.0,5,1,1,1
Sidhu bko,72400.0,3,1,1,1
Lovekush,72250.0,7,1,1,1
HARWINDER SINGH,72200.0,7,1,1,1
Rajesh Vishnu,72200.0,3,1,1,1
MS Milkhi Ram BKO,72080.0,2,1,1,1
RATAN SINGH,72058.0,8,1,1,1
Pratham sungat,72000.0,3,1,1,1
neeraj kumar massean,72000.0,3,1,2,1
davinder singh,72000.0,2,1,1,1
Paras Ram Som Nath Barnala,71903.0,4,1,1,1
JITENDRA SINGH,71734.0,4,2,2,2
SUMIT RANA,71556.0,2,1,1,1
MS Ambala Bricks Centre,71550.0,3,1,1,1
sharda motors,71480.0,1,1,1,1
Gill Trading Company,71311.0,2,1,1,1
Paras Bricks Industry,71250.0,4,1,2,1
Beant Singh,71218.0,1,1,1,1
REKHA DEVI,71157.0,7,3,3,3
BINDER PAL,71028.0,3,1,2,1
B  AND C INDUSTRIES,71000.0,1,1,1,1
Sunil Kumar Sharma,71000.0,1,1,1,1
GELU DEVI,70965.0,3,1,1,1
SANTOKH SINGH,70965.0,2,1,1,1
prince  marbles and granite,70873.0,1,1,1,1
Sukhdev singh,70808.0,5,2,2,2
CTRACE SOFT SOLUTIONS PVT LTD,70800.0,3,1,1,1
OM SHRI RAMA KRISHNA MARBLE,70800.0,2,1,1,1
SHIVRAJ,70743.0,4,1,1,2
Mukul Durgapal,70700.0,3,1,1,1
AGGARWAL IRON STORE,70671.0,9,2,3,1
BDPO ATELI NANGAL,70525.0,1,1,1,1
BANSAL BKO,70450.0,10,1,1,1
PRATAP SINGH,70422.0,5,2,2,2
MANAGER DC BOOKS,70201.0,1,1,1,1
Surendar kumar nayak,70200.0,3,1,1,1
Shree Krishna Cement Store,70200.0,3,1,1,1
Girdhari Lal Nayak,70200.0,3,1,1,1
bhawani singh,70200.0,4,2,2,2
Subhash Singh,70200.0,3,1,1,1
Menjer khan,70200.0,2,1,1,1
Sethi EnterPrises,70200.0,3,1,1,1
Heeralal,70200.0,3,1,1,1
Bhanwar Lal Nayak,70200.0,3,1,1,1
NIRANJAN SINGH,70200.0,3,1,1,1
BHAIRU SINGH,70200.0,3,1,1,1
Nathmal,70200.0,3,1,1,1
Sharwan Kumar,70200.0,3,1,1,1
Govind singh,70200.0,3,1,1,1
Norang lal,70200.0,3,1,1,1
BDO NAYAGARH,70106.0,15,1,1,2
MANAGER KAIRALI PUSTHAKASHALA,70066.0,1,1,1,1
GURVINDER KAUR,70044.0,3,1,1,1
AISHWARY ELECTRICALS,70000.0,1,1,1,1
YUVAK MANDAL SAGNEHER,70000.0,1,1,1,1
jai mahavir bhatha co DEHLIZ KALAN,70000.0,2,1,2,1
Sachiv gram panchyat Piperpani,70000.0,1,1,1,1
gp damari,69970.0,1,1,1,1
MRINAL PHUKON,69949.0,1,1,1,1
DINESH,69922.0,11,3,3,4
MEDITECH CORPORATIONS,69900.0,1,1,1,1
AMAR AGRO WORKS,69771.0,3,1,1,1
Saini Sanitary Wares Bath Collection,69650.0,1,1,1,1
RN BRICKS GRAM UDYOG SAMITI,69375.0,5,1,1,1
KANARAM,69369.0,6,1,1,2
Ayyappa Borewells,69367.0,1,1,1,1
UPASNA BISHT,69174.0,6,1,1,1
RITA BISHT,69174.0,6,1,1,1
SURJIT SINGH,69000.0,3,1,1,1
SUNIL KUMAR S,68896.0,1,1,1,1
ANGREJ SINGH,68855.0,4,2,2,2
Banty Electrical,68668.0,1,1,1,1
Kesar singh,68640.0,1,1,1,1
Surbhi Trading Company,68622.0,3,1,1,1
Radheshyam Kumawat,68445.0,6,1,1,1
RAMUNA DEVI,68442.0,7,1,1,1
VIVEK PANDEY,68425.0,5,1,1,1
Baglamukhi Construction Kartoli,68400.0,3,1,2,1
Sitaram,68400.0,2,1,1,1
MAMRAJ,68400.0,2,1,1,1
MS Rana Tiles Maker,68400.0,2,1,1,1
MS Bhangu and Bhangu Tile Industries,68394.0,3,1,1,1
HOSPITAL MANAGEMENT COMMITTE CHC CHUNGATHARA,68286.0,3,1,1,1
Amar Agro Industries,68250.0,1,1,1,1
KUSHI DEVI,68076.0,7,1,1,1
GANGA DEVI,68052.0,5,2,2,2
SACHIV GRAM PANCHAYAT BIOARA,68000.0,2,1,1,1
Raman Kumar,68000.0,2,1,1,1
DHALIWAL CEMENT STORE,67938.0,6,1,1,1
Kundan Singh,67840.0,4,1,1,1
Baraq Enterprise,67800.0,1,1,1,1
Kochar Hardware Store Upper Bham,67740.0,6,1,2,1
GIAN SAHOTA,67544.0,1,1,1,1
beant singh,67514.0,2,1,1,1
Bhalla Telecom,67500.0,3,1,2,1
SHIV OM ENTERPRISES,67500.0,1,1,1,1
raghvendra singh chouhan,67383.0,6,1,1,1
JAI BABA KHAK NATH WELDING WORKSHOP,67260.0,1,1,1,1
Ms Shivaay Enterprises Jind,67257.0,1,1,1,1
TONDON IRON STORE,67000.0,2,1,1,1
dalbara singh,66780.0,2,1,1,1
lakshman singh,66660.0,3,1,1,1
RAJENDRA SINGH JEENA,66618.0,4,1,1,1
Laxman,66183.0,8,1,1,1
R S Traders,66167.0,1,1,1,1
MEENA ENTERPRISES,66000.0,1,1,1,1
MS Noor Cement Works,65880.0,3,1,2,1
SITA DEVI,65835.0,3,1,1,1
CHUNNI LAL,65835.0,3,1,1,1
NARPAT KUMAR,65835.0,3,1,1,1
KHIMA DAS,65835.0,3,1,1,1
KHETA RAM,65835.0,3,1,1,1
DHEPIDEVI,65835.0,3,1,1,1
BHAGWATI ELECTRIC SERVICE,65706.0,6,1,1,1
ANUPAM GHOSH,65676.0,1,1,1,1
NSS GIRLS HIGH SCHOOL KARUKACHAL,65500.0,1,1,1,1
hem chandra,65448.0,3,1,1,1
Sandeep Kumar SoNasib Chand Mistri Bhudhobarkat,65400.0,3,1,2,1
Guru Hargobind Sahib Bricks Udyog,65400.0,2,1,1,1
AARAV BRICKS INDUSTRY,65296.0,2,1,1,1
cheema paint bulding gujjarwal,65198.0,2,1,1,1
JINDAL MARBLE HOUSE,65130.0,4,1,1,1
Daljit Kumar Thakerwal,65020.0,1,1,1,1
Bhadur Singh Gour,65000.0,3,1,1,1
Rajinder Singh,65000.0,1,1,1,1
Parkash Iron Store,65000.0,1,1,1,1
MONU,64980.0,3,1,1,1
Palwinder Singh saholi,64932.0,3,1,1,1
East Wood Enterprise,64878.0,2,1,1,1
Hardial Singh,64820.0,1,1,1,1
Sant lal nayak,64800.0,3,1,1,1
UDAY LAL,64800.0,3,1,1,1
KHETARAM,64704.0,7,2,2,2
HEAD MISTRESS ST MARCELLINAS GHS NATTASSERY,64642.0,1,1,1,1
SUNIL KUMAR BKO,64640.0,7,1,1,1
SUJANA RAM,64452.0,8,1,1,2
munish kumar,64350.0,1,1,1,1
DASHMESH ELECTRICALS,64305.0,6,1,1,1
Subhash Trading Co,64260.0,3,1,1,1
BHULLAR FARMS,64250.0,2,1,1,1
Rameshji and Sons,64227.0,1,1,1,1
Jaspal singh so dhana singh,64128.0,3,1,1,1
BHANWAR LAL,64125.0,11,3,3,3
Rnbir singh,64050.0,6,1,1,1
sanjay tomar,64050.0,6,1,1,1
Vishal chauhan,64050.0,6,1,1,1
Anuradha tomar,64050.0,6,1,1,1
Symbiosis Computer Visions,64050.0,3,1,1,1
HM GOVT LPS PALLIKKAL,64000.0,1,1,1,1
HEADMASTER GUPS KAMBALAKKAD,64000.0,1,1,1,1
Harwinder Singh so Ujagar Singh,64000.0,2,1,1,1
L R URADE BILDING MATERIAL SUPLAYARS,64000.0,2,1,1,1
Ram Shuttering and Cement Store,63923.0,8,1,2,1
dharmendr bhairu jat,63828.0,3,1,1,1
Shankar Lal Bairwa,63750.0,6,1,1,1
Gajendra Bairwa,63750.0,6,1,1,1
Harkaran Bairwa,63750.0,6,1,1,1
SHREE GANESH TRADING CO,63680.0,4,1,1,1
Amar Singh,63670.0,5,2,3,2
AKSHYA KUMAR,63630.0,3,1,1,1
SANTOSH PALADIYA,63630.0,6,1,1,1
KAMAL KISHORE JOSHI,63630.0,6,1,1,1
RAJESH CHAUDHARY,63630.0,6,1,1,1
MAA LAKSHMI TRADING COMPANY,63585.0,9,1,1,1
JAYAKUMARI S,63538.0,1,1,1,1
Kumar Anurag,63512.0,1,1,1,1
LILU RAM,63392.0,2,1,1,1
GS ANTTAL TRADING CO,63200.0,2,1,1,1
Sukhdev Building Material,63138.0,2,1,1,1
Rattan Shuttering Building Material Store,63090.0,2,1,1,1
D R BUILDING MATERIAL SUPPLIER,63000.0,1,1,1,1
Prem Bricks Industry,63000.0,2,1,2,1
SUKHJINDER SINGH,63000.0,3,1,1,1
MS DALIP SINGH BKO,63000.0,3,1,2,1
BHUPAL SINGH,62952.0,4,1,1,1
Ajit Kumar,62900.0,1,1,1,1
MANJU,62873.0,17,5,5,5
HEMRAJ MALI,62803.0,10,1,1,2
KALU,62779.0,9,3,3,4
ISHWAR SINGH,62700.0,6,1,1,1
AJAY BUILDING MATERIAL,62634.0,3,1,1,1
MITTAL BUILDING MATERIALS,62631.0,3,1,1,1
BHIKH SINGH,62469.0,8,1,1,1
Ganesh Singh Mehra,62411.0,4,1,1,1
NARENDRA SINGH,62400.0,2,1,1,1
Ruldu Singh,62400.0,2,1,1,1
mukesh harkaran,62400.0,3,1,1,1
GOPAL LAL,62400.0,2,1,1,1
PUSHPA KANDPAL,62341.0,4,1,1,1
SHRI KRISHNA CONTRACTORS,62330.0,1,1,1,1
Navajivan Trust,62181.0,2,1,1,1
HP STATE CIVIL SUPPLY CORPORATION LTD SHIMLA,62159.0,2,1,1,1
Lahori Ram,62000.0,2,1,1,1
Mittal Iron and Cement Store,61935.0,6,1,1,1
JAIN SANITARY STORE,61806.0,3,1,1,1
SHIEKH NAJEER,61800.0,7,2,2,1
Navdeep Singh,61656.0,3,1,1,1
Shree Bala ji Cement and Building Material,61600.0,2,1,1,1
SATJIT TRACTOR TROLLY JCB CRANE SERVICE,61596.0,3,1,2,1
Manju Devi,61560.0,11,3,3,3
VARDHMAN MARBLES,61545.0,3,1,1,1
Rai Pipe and Hardware Store,61500.0,3,1,1,1
NIRBHAI CEMENT AND AGRICULYURE WORKS,61500.0,3,1,2,1
VALYA DEVI,61488.0,3,1,1,1
NEETA ARYA,61488.0,3,1,1,1
GORKHA KHAN,61452.0,3,1,2,1
chiranji lal madan lal,61450.0,2,1,1,1
Laxmi Health Agencies,61425.0,1,1,1,1
GALBARAM,61380.0,3,1,1,1
Madan Sigh,61261.0,4,1,1,1
MADHAV ASSOCIATES,61257.0,1,1,1,1
MOHD IKRAMUL HUSSAIN,61250.0,1,1,1,1
Suleman,61200.0,6,1,1,1
JAYDEEP ENTERPRISE,61200.0,1,1,1,1
KARAN SANITARY STORE,61155.0,3,1,1,1
Ms Sri Gurunadha Enterprises,61154.0,1,1,1,1
HEMLATA,61149.0,11,3,3,3
Ms SIDHU BRICKS,61056.0,3,1,2,1
Shahi Brothers,61056.0,2,1,1,1
DEEPAK,61041.0,9,2,2,2
H MARISWAMY AND SONS,60950.0,1,1,1,1
SANWAR MAL JAT,60750.0,3,1,1,1
ANKIT KUMAR,60750.0,3,1,1,1
SUMAT PRASAD SATISH KUMAR JAIN,60723.0,1,1,1,1
VARDHMAN STEELS,60717.0,3,1,1,1
Lakshmi,60715.0,4,2,2,2
PINKI BISHT,60600.0,4,1,1,1
RAMSURAT,60600.0,4,1,1,1
Lalit mohan,60600.0,3,1,1,1
GILL BOOK DEPOT,60480.0,3,1,1,2
JITENDRA MISHRA,60480.0,5,1,1,1
GUMAN MAL,60450.0,2,1,2,1
KERALA SURGICAL EQUIPMENT COMPANY,60416.0,1,1,1,1
HITESH KUMAR,60324.0,6,2,2,2
SANKARDEV TRADERS,60310.0,2,1,1,1
JAGSIR SINGH,60300.0,3,1,1,1
HARENDRA SINGH,60288.0,4,1,1,1
Hannu Singh Rathi EnterPrises,60245.0,1,1,1,1
AMANDEEP SINGH,60210.0,7,2,2,2
New Sirsa Steel Workshop,60180.0,3,1,1,1
Prakash Chandra Budhlakoti,60155.0,4,1,1,1
KAMAL POKHARIYA,60024.0,4,1,1,1
Sumitra Kaur,60023.0,1,1,1,1
sachiv gram panchayat Bachavani,60000.0,1,1,1,1
GRAM PANCHAYAT SUWASARA BUJURG,60000.0,1,1,1,1
GRAM PANCHAYAT SATGAWARI,60000.0,1,1,1,1
GRAM PANCHYAT ALMOD,60000.0,1,1,1,1
sarpanch gp sabladhana,60000.0,1,1,1,1
GRAM PANCHAYAT CHANDRIKAPUR,60000.0,1,1,1,1
GRAM PANCHAYAT DHAKARWADI,60000.0,1,1,1,1
GEETLAL,60000.0,7,2,2,1
SATYAM TRADERS,60000.0,2,1,1,1
Mahila Mandal Kaflon,60000.0,1,1,1,1
GRAM PANCHAYAT KARHAIYA,60000.0,1,1,1,1
GRAM PANCHAYAT BHATODIYAKHURD,60000.0,1,1,1,1
Ms Mahajan Traders,60000.0,1,1,1,1
GRAM PANCHAYAT BHARDAGARD,60000.0,1,1,1,1
BALISTER PATEL,60000.0,4,1,1,1
VINOD,60000.0,7,2,2,1
Sarpanch Gram Panchayat PAUNIYA,60000.0,2,1,1,1
Sarpanch Gram Panchayat SINGODI,60000.0,2,1,1,1
GP MANIKPUR JP KARANJIYA,60000.0,1,1,1,1
GRAM PANCHYAT TEMARU,60000.0,1,1,1,1
GRAM PANCHAT JHAPIYA,60000.0,1,1,1,1
Ravi Dass,60000.0,1,1,1,1
Gram panchayat Dholankhapa,60000.0,1,1,1,1
RAMRAJ,60000.0,3,1,1,1
Kashmir Lal Massean,60000.0,3,1,2,1
JASSAL TENT HOUSE,60000.0,3,1,1,1
BHAKTI CEMENT PRODUCTS,60000.0,2,1,1,1
SHIV CONTRUCTION,60000.0,2,1,1,1
PRABHULAL,60000.0,3,1,1,1
GRAM PANCHYAT KOBAJHIRI,60000.0,1,1,1,1
GRAM PANCHAYAT CHARGAONKARBAL,60000.0,1,1,1,1
Gram Panchayat Bhalaniya,60000.0,1,1,1,1
Shri Radha Krishan Contractor,59991.0,1,1,1,1
BHUSHAN TRADING CO,59943.0,9,1,1,1
Himani Belwal,59784.0,3,1,1,1
Vipin Chandra,59784.0,3,1,1,1
jagdish,59688.0,7,3,4,3
Jetha Ram,59505.0,5,1,1,1
DUNGRA RAM,59505.0,5,1,1,1
BABA NAND SINGH BRICK WORKS,59500.0,2,1,1,1
SHIVA SPUN PIIPES,59472.0,2,1,1,1
Bhupinder kaur,59409.0,3,1,1,1
karmjeet kaur,59409.0,3,1,1,1
MANAK BRAJLAL EVANE,59400.0,3,1,2,1
LAKHWINDER SINGH,59400.0,2,1,1,1
Udit Nainwal,59388.0,3,1,1,1
AVTAR SINGH SO BALVIR SINGH,59366.0,2,1,1,1
KAJAL CHAUHAN,59292.0,6,1,1,1
JAY BALAJI BOREWELL,59221.0,1,1,1,1
PUNAM JOSHI,59220.0,7,1,1,1
JADU RAIDANGIA,59200.0,1,1,1,1
Shri Bala Ji Company,59088.0,3,1,1,1
Vinita Devi,59005.0,4,1,1,1
Champa Devi,59005.0,4,1,1,1
Biswanath Majhi,58998.0,1,1,1,1
GIYAN KAUR SARPANCH BHATHERI KALAN,58858.0,1,1,1,1
SURENDRA KUMAR MISHRA CONSTRUCTION,58808.0,1,1,1,1
Shiv Ram Traders,58800.0,3,1,1,1
S K Trading Co Bablu,58800.0,2,1,1,1
Nitesh Trading Company,58750.0,3,1,1,1
SWASTIK ROLLING SHUTTER,58674.0,3,1,1,1
AGGARWAL MARBLE HOUSE,58650.0,3,1,1,1
Madan Singh,58581.0,4,1,1,1
Narendra Singh,58500.0,3,1,1,1
TEJA RAM,58500.0,3,1,1,1
MAN MOHAN,58500.0,3,1,1,1
Kanaram jat,58500.0,3,1,1,1
bhupendra singh,58500.0,3,1,1,1
Dalu Kumawat,58500.0,3,1,1,1
NANKANA IRON STORE,58440.0,4,1,1,1
Bimal Debbarma,58400.0,1,1,1,1
DURGA TRADERS,58362.0,6,1,1,1
NABHA TUBEWELL CO,58338.0,3,1,1,1
LAKHAN LAL,58092.0,1,1,1,1
MANOJ,58050.0,4,2,3,2
Sarwanjeet,58020.0,3,1,1,1
Punjab Cement Store,58000.0,4,2,3,2
HM OF GHSS MARUTHA,57999.0,1,1,1,1
HM OF  GHSS MARUTHA,57999.0,1,1,1,1
Ms Vanshika Enterprises,57971.0,1,1,1,1
Tarsem lal,57862.0,2,1,1,1
NARAYAN LAL GADARI,57850.0,7,1,1,1
JOGA RAM,57825.0,4,2,2,2
Shiv Shakti Gram Udyog Samiti,57750.0,3,1,1,1
Sunny ACC Cement And TMT Saria Store,57736.0,2,1,2,1
TAHASILDAR JHUMPURA,57650.0,20,1,2,1
RAMANDEEP BRICKS,57600.0,2,1,2,1
GHISHA,57600.0,3,1,1,1
ISHWAR SINGH TARAGI,57570.0,3,1,1,1
ROHIT PANDEY,57570.0,3,1,1,1
Kumra Sanitation Gallery,57484.0,2,1,1,1
CHAMPA JOSHI,57456.0,7,1,1,1
MS Kirti Kiran Brick Industry,57400.0,3,1,1,1
Jagtar Singh Sarpanch,57218.0,1,1,1,1
MITTAL MARBLE AND CEMENT STORE,57170.0,7,1,1,1
LAKHVEER SINGH,57036.0,5,1,1,1
Jinki,57033.0,6,1,1,1
SARWAN,56930.0,1,1,1,1
BS JOHAL TILE FACTORY,56880.0,1,1,1,1
Ms Mistry Traders,56842.0,1,1,1,1
Mandeep Singh,56800.0,4,2,2,2
SARATH S R,56755.0,1,1,1,1
Tahasildar Kusumi,56724.0,2,1,1,1
Karan Traders,56700.0,3,1,1,1
MAHADEV TRADERS,56675.0,1,1,1,1
Amrit Lal and com,56550.0,2,1,1,1
SUMAN CHOUDHARY,56511.0,9,2,2,2
MEDDEY TECHNOLOGIES PVT LTD,56499.0,4,2,2,2
Naveen chandra,56448.0,4,1,1,1
Mittal paints and hardware store,56420.0,2,1,2,1
NEW RANJIT STEEL WORKS,56338.0,2,1,1,1
TINESH JAIN,56265.0,4,2,3,1
SULEMAAN SEKH,56250.0,3,1,1,1
ARVIND KUMAR PAREEK,56250.0,3,1,1,1
NARAYAN LAL,56250.0,3,1,1,1
Swaran Building material,56150.0,1,1,1,1
NAGINA CEMENT STORE,56100.0,3,1,1,1
Sarpanch Kulwant Kaur,56100.0,1,1,1,1
ADARSH,56013.0,4,1,1,1
Ms BK Bricks Industries,56004.0,2,1,1,1
SAGGU BUILDING MATERIAL,56000.0,1,1,1,1
Sachiv gram panchayat Padraithakur,56000.0,1,1,1,1
MAHENDRA KUMAR,55995.0,5,1,1,1
Najar Singh,55850.0,3,1,1,1
MS BALJINDER SINGH,55806.0,1,1,1,1
HEAD MASTER IN CHARGE RSMHS PAZHANGALAM,55692.0,1,1,1,1
Amarjit singh,55629.0,2,1,1,1
JAHANGIR,55575.0,3,1,1,1
FIROJA BANO,55575.0,3,1,1,1
SAJIDA BANO,55575.0,3,1,1,1
MOH.RAFIK SILAWAT,55380.0,3,1,1,1
BLOCK DEVELPOPMENT OFFICER BUDHANA,55273.0,1,1,1,1
Mukesh Kumar Saini,55250.0,3,1,1,1
Laxman Singh,55250.0,3,1,1,1
Dharma Ram bhakar,55250.0,3,1,1,1
HARDAYAL,55200.0,3,1,1,1
SANWAR LAL,55125.0,3,1,1,1
CHOTHMAL,55125.0,3,1,1,1
VISHAL BAIRWA,55125.0,3,1,1,1
Ramesh,55100.0,7,3,3,3
Nagarkoti Stationers Gerneral Order Suppliers,55099.0,1,1,1,1
Tahasildar Begunia,55039.0,11,1,1,1
SATUSANA GRAM PANCHAYAT,55000.0,1,1,1,1
Pankaj,55000.0,1,1,1,1
MPLADS HOLDING ACCOUNT TALUKA PANCHAYT KACHERY SAYLA,54953.0,11,1,1,1
Riar cement store,54750.0,1,1,1,1
Kewal Singh,54690.0,3,1,1,1
SUMAN DEVI,54664.0,13,3,3,3
TULSHI RAM,54600.0,6,1,1,1
PYARELAL,54600.0,6,1,1,1
Sansar Chand Mistari Upper Bhambotar,54600.0,6,1,2,1
UDAY LAL GADRI,54600.0,6,1,1,1
DHILLON CEMENT STORE,54437.0,2,1,1,1
BABA RAM DEV BKO,54400.0,2,1,1,1
DINESH CHOUDHARY,54366.0,9,1,1,1
Hari Krishan,54344.0,1,1,1,1
MITTAL TRADING COMPANY,54300.0,3,1,2,1
SUGRIV,54035.0,3,1,1,1
KALU GURJAR,54000.0,3,1,1,1
SHARMA ELECTRICAL STORE,54000.0,3,1,1,1
sorav kumar,54000.0,6,1,2,1
RAMARAM,54000.0,3,1,1,1
SANGAT SINGH AND SON,54000.0,3,1,1,1
Chaudhary Building Material Store and Supplier,54000.0,3,1,1,1
Gopa ram meghwal,54000.0,3,1,1,1
PRAVEEN CHOUDHARY,54000.0,3,1,1,1
MOHAN BALAI,54000.0,3,1,1,1
INFIEDGE VENTURES PRIVATE LIMITED,54000.0,3,1,1,1
KALU BALAI,54000.0,3,1,1,1
JAMES GAO,53911.0,1,1,1,1
SAKSHI SANWAL,53802.0,3,1,1,1
Pappu So Rishipal Mistery Vill Khokhar,53800.0,2,1,2,1
Rana Paint Hardware and Cement Store Passi Pandi,53700.0,4,1,2,1
SHANKAR DUTT JOSHI,53676.0,6,1,1,1
BHUWAN CHANDRA JOSHI,53676.0,6,1,1,1
Bhagu,53613.0,6,1,1,1
KAMLESH,53580.0,12,4,5,5
KAMALJIT,53550.0,6,1,1,1
AZAD CEMENT STORE,53400.0,1,1,1,1
AVTAR TRADING COMPANY,53400.0,1,1,1,1
Jaspal Masih,53320.0,3,1,1,1
SANDEEP KUMAR BKO,53250.0,2,1,1,1
GOEL STEEL TRADERS,53147.0,1,1,1,1
B S TRADERS,53120.0,2,1,1,1
KHOKER LAND SURVEY AGENCY,53100.0,3,1,1,1
MPLAD Holding Account,53031.0,2,1,1,1
GAURAV,53025.0,3,1,1,1
Raju Kumar,53010.0,3,1,1,1
Raga Ram,53010.0,3,1,1,1
Nilesh Kumar,53010.0,3,1,1,1
Kevla Ram,53010.0,3,1,1,1
Hardeep Hardware And Paint Store,52940.0,4,1,1,1
SEIJAL ENTERPRISES,52937.0,2,1,1,1
MEDICAL OFFICER PHC THENHIPALAM,52885.0,2,1,1,1
Abdul Gafoor,52824.0,1,1,1,1
KISHAN RAM,52822.0,2,1,1,1
FAUJI CEMENT STORE,52700.0,1,1,1,1
ramswaroop gurjar,52500.0,3,1,1,1
AD Udyog Samiti,52500.0,3,1,2,1
chhitar lal gurjar,52500.0,3,1,1,1
ghisa lal gurjar,52500.0,3,1,1,1
WINDRA ELECTRIC STORE,52413.0,6,1,2,1
Variety Book Store,52310.0,4,1,1,1
gurmeet singh,52200.0,3,1,1,1
Champa Kumari,52155.0,3,1,1,1
GURPREET SINGH SARPANCH BATTI,52040.0,1,1,1,1
KULDEEP KUMAR LUHAR,51844.0,4,1,1,1
DHEERAJ LUHAR,51844.0,4,1,1,1
SHARAN RAM,51844.0,4,1,1,1
Kamla devi,51768.0,4,2,2,2
mahendar singh,51666.0,6,1,1,1
HEADMISTRESS ALAVIL NORTH LP SCHOOL,51564.0,1,1,1,1
Nab singh,51537.0,3,1,1,1
SEWAK KHAN,51537.0,3,1,1,1
Mana singh,51537.0,3,1,1,1
Mashhoor ali,51537.0,3,1,1,1
Lakhwinder singh,51537.0,3,1,1,1
Jai Shree Ram Enterprises,51526.0,5,1,1,1
Bhawari Devi,51480.0,4,2,2,2
asok,51474.0,3,1,1,1
MANDRUP GURJAR,51450.0,1,1,1,1
GS RAJPUT,51300.0,3,1,2,1
MINA RAWAT,51240.0,5,1,1,1
BEENA NAULA,51240.0,4,1,1,1
TAHASILDAR BALIANTA,51185.0,5,1,1,1
GOVIND RAM,51150.0,5,1,1,2
GAURAV ENTERPRISES,51099.0,4,1,1,1
DINESH KUMAR CHOUDHARY,51000.0,3,1,1,1
KERIYA GRAM PANCHAYAT,51000.0,1,1,1,1
BHARAT Hardware,51000.0,3,1,1,1
VALA RAM,51000.0,2,2,2,2
RAMPRASAD,51000.0,4,1,1,1
HARDWARE KING,51000.0,1,1,1,1
BANSAL BRICKS COMPANY,50967.0,2,1,1,1
Pan Singh Jeena,50880.0,3,1,1,1
Naini enterprises,50808.0,3,1,1,1
RAJU GADRI,50700.0,3,1,1,1
SAMPAT LAL SUTHAR,50700.0,3,1,1,1
RAJINDER SINGH SARPANCH TALWANDI KHOTE,50690.0,5,1,1,1
Foji Cement store,50600.0,2,1,1,1
RAMANDEEP SINGH,50547.0,6,1,1,1
MALKEET SINGH,50547.0,6,1,1,1
Khalsa Building Materials,50500.0,2,1,2,1
jabar singh,50445.0,5,1,1,1
BHEMA RAM,50400.0,3,1,1,1
Shishupal,50400.0,3,1,1,1
Ms Ranjan Brothers Miani Road Dasuya,50400.0,9,1,2,1
Jagdeesh,50320.0,1,1,1,1
Manpreet singh labour Upper bham,50250.0,6,1,2,1
Sanvala Ram,50193.0,6,1,1,1
ramesh,50160.0,5,1,1,1
JAGDAMBA IRON CEMENT STORE,50142.0,4,1,1,1
Subham Agencies,50100.0,3,1,1,1
GRAM PANCHYAT LACHUA,50000.0,1,1,1,1
GRAM PANCHAYAT  CHOPNA,50000.0,1,1,1,1
GRAM PANCHAYAT  HARRAKACHHAR,50000.0,1,1,1,1
GRAM PANCHAYAT  LOTIYA,50000.0,1,1,1,1
Sarpanch Gram Panchayat SIREGAON,50000.0,1,1,1,1
Gram Panchayat Kharshali,50000.0,1,1,1,1
KARNAIL SINGH HUSSIANPUR JOHLA,50000.0,1,1,1,1
GRAM PANCHAYAT PANARI BLOCK CHICHALI,50000.0,1,1,1,1
Narmada furniture and Interior,50000.0,1,1,1,1
SHANKAR LAL PUNAMCHAND,50000.0,2,1,1,1
GRAM PANCHAYAT  BHODIYAPANI,50000.0,1,1,1,1
GRAM PANCHAYAT   BANKI,50000.0,1,1,1,1
GRAM PANCHAYAT  KAREAAM RATED,50000.0,1,1,1,1
NATIONAL BOOK STALL KOTTAYAM,50000.0,1,1,1,1
RANJIT KAUR,50000.0,1,1,1,1
GRAM PANCHYAT BABAII,50000.0,1,1,1,1
Sarpanch Gram Panchayat   AMABOH,50000.0,2,1,1,1
Sarpanch Gram Panchayat RUPADEH,50000.0,1,1,1,1
Sarpanch Gram Panchayat Vasaniyakalan,50000.0,1,1,1,1
Sarpanch Gram Panchayat Hirankheda,50000.0,1,1,1,1
GP GADARWAS JP BADI,50000.0,1,1,1,1
Sarpanch Gram Panchayat   GHORAWADI,50000.0,2,1,1,1
Daljit Singh,50000.0,1,1,1,1
Gram panchayat Kunkuri,50000.0,1,1,1,1
GRAM PANCHAYAT PADIARKHAR,50000.0,1,1,1,1
GRAM PANCHYAT BADEGAON,50000.0,1,1,1,1
Sarpanch Gram Panchayat DEORIMAL,50000.0,1,1,1,1
Gram panchayat Devtikra,50000.0,1,1,1,1
Surjit Agriculture Repair works Matti,50000.0,1,1,1,1
LAZARUS KLEIN,50000.0,1,1,1,1
GRAM PANCHAYAT  KUMHADI,50000.0,1,1,1,1
GRAM PANCHAYAT Vadadala,50000.0,1,1,1,1
GRAM PANCHAYAT KUSHMAL BHAGOTLA,50000.0,1,1,1,1
JASPAL SINGH JAFARPUR,50000.0,1,1,1,1
Sushil Kalita,49998.0,1,1,1,1
Laxmi Devi,49995.0,8,2,2,2
Talwar Mill Stores,49985.0,1,1,1,1
SANDEEP KUMAR,49976.0,4,2,2,2
CHAMPA,49935.0,5,3,3,3
SUNRISE ENTERPRISES,49900.0,1,1,1,1
THEJAS TRADING CORPORATION,49899.0,1,1,1,1
CHANDRA SHEKHAR,49896.0,3,1,1,1
Poonam Belwal,49896.0,3,1,1,1
Rekha joshi,49896.0,3,1,1,1
Parduman thaliya,49896.0,3,1,1,1
Gaurav belwal,49896.0,3,1,1,1
Aggarwal Steel Traders,49855.0,1,1,1,1
SUSHIL TRADERS,49742.0,1,1,1,1
Harshit Jeena,49665.0,3,1,1,1
RD enterprises,49600.0,1,1,1,1
HARJIT SHUTTERING STORE,49500.0,1,1,1,1
DEV RAJ GUPTA AND SONS,49304.0,1,1,1,1
dal bab bidhi chand bricks udyog samiti,49290.0,1,1,1,1
JASWINDER KAUR,49164.0,1,1,1,1
Satnam Singh,49121.0,2,2,2,2
Saini Welding Store,49086.0,4,1,1,1
Sushila,49072.0,7,3,3,3
JIMMY PLYWOOD AND HARDWARE,49070.0,1,1,1,1
HM NSS HSS MANAKKAD,49066.0,1,1,1,1
MS New VIjay Brick Works,49000.0,1,1,1,1
sukhwinder singh,49000.0,1,1,1,1
Raman Kumar Massean,49000.0,2,1,2,1
TAWDEER ENTERPRISES,48996.0,1,1,1,1
Sarat Chandra Jena,48992.0,1,1,1,1
MS DIMPY BRICKS,48972.0,3,1,1,1
Anandi Devi,48750.0,4,1,2,1
GANGA ARYA,48678.0,4,1,1,1
GENI DEVI,48627.0,6,1,1,1
SATNAM RAM,48600.0,3,1,1,1
Rajiv Enterprises Bajwara,48594.0,1,1,1,1
MAHAVIR SINGH,48580.0,1,1,1,1
Prem Sagar,48572.0,2,1,1,1
Kamlesh Jeena,48510.0,3,1,1,1
Yuvraj Singh,48510.0,3,1,1,1
ASHU,48507.0,4,1,1,1
NEERAJ KUMAR,48507.0,4,1,1,1
RAM SWARUP,48507.0,4,1,1,1
ROOP LAL,48500.0,1,1,1,1
THE BHANRA GRAM UDYOG SAMITI,48384.0,3,1,1,1
PARAS MAL MEENA,48384.0,4,1,1,1
PRAHLAD SINGH,48334.0,2,1,1,1
THE SARSAWATI CO OP,48306.0,3,1,1,1
Shamsher Singh Labour Upper Bhambotar,48300.0,6,1,2,1
kuldip Kumar,48180.0,1,1,1,1
Manju Bala Massn,48072.0,2,1,1,1
Kaushal Bricks Industries,48048.0,1,1,1,1
MANGAL SINGH,48048.0,1,1,1,1
RAMPHOOL BODYA,48000.0,3,1,1,1
PREM SINGH,48000.0,1,1,1,1
Interiors Studio,48000.0,1,1,1,1
Girraj prasad meena,48000.0,3,1,1,1
Pati Ram,48000.0,1,1,1,1
M S SHIVA TRADERS,48000.0,3,1,1,1
AVTAR SPEECH AND HEARING CLINIC,47980.0,1,1,1,1
RAJENDRA KUMAR,47850.0,7,2,2,2
Tahasildar Daspalla,47840.0,12,1,1,2
Manisha,47712.0,6,1,1,1
Nenu,47712.0,6,1,1,1
Arshpreet Singh,47710.0,1,1,1,1
JANTA STONES PVT LTD,47691.0,1,1,1,1
MEDICAL OFFICER AND PRESIDENT,47671.0,2,1,1,1
MAA SHAKTI INTERPRAJES,47535.0,2,1,1,1
JINDAL STEEL SALES,47500.0,1,1,1,1
KRISHNA SHUTTERING STORE,47481.0,1,1,1,1
BABU KHAN,47345.0,4,2,2,2
PARAMJIT KAUR,47307.0,6,1,1,1
MANJIT KAUR,47307.0,6,1,1,1
KARISHAN,47250.0,3,1,1,1
PANKAJ SUWALKA,47250.0,3,1,1,1
LAKSHMAN BAIRWA,47250.0,3,1,1,1
JETARAM,47250.0,3,1,1,1
SANJAY YOGI,47250.0,3,1,1,1
SUJARAM,47250.0,3,1,1,1
HITESH TIWARI,47214.0,6,1,1,1
Pushpa Punetha,47214.0,6,1,1,1
NEEMA UPRETI,47214.0,6,1,1,1
BINA PATHAK,47214.0,6,1,1,1
BHAGWATI KAMAL KISHORE,47214.0,6,1,1,1
KAMAL PANDEY,47214.0,6,1,1,1
GARIMA UPRETI,47214.0,6,1,1,1
Raman So Satnam,47210.0,1,1,1,1
Jeevan Chandra,47145.0,3,1,1,1
Mahila Mandal,47101.0,4,1,1,1
Sumit Lal Sah,47099.0,1,1,1,1
BHUPINDER KUMAR AND SONS,47090.0,3,1,1,1
Raju Cement Stote,47050.0,2,1,1,1
Health Solutions,46950.0,1,1,1,1
BDO TILEIBANI MPLAD,46864.0,2,1,1,1
pawan kumar,46800.0,1,1,1,1
TIKU RAM MEGHWAL,46800.0,2,1,1,1
PRAVEEN KUMAR,46800.0,4,1,1,1
Moolchand,46800.0,2,1,1,1
B K International,46800.0,1,1,1,1
Bholu,46800.0,4,1,1,1
KHETA RAM SARAN,46800.0,2,1,1,1
OMPRAKAS RAIGAR,46800.0,4,1,1,1
GOPI RAM,46800.0,2,1,1,1
DURGADAT,46800.0,2,1,1,1
SHREE BALAJI CEMENT STORE,46776.0,3,1,1,1
Kanech Building Material Store,46770.0,2,1,1,1
Veer Narmad South Gujarat University General Fund,46760.0,1,1,1,1
LADU LAL,46616.0,8,1,1,2
Gobind Welding Aluminium Fabrication,46605.0,3,1,1,1
SHAH BUILDING MATERIAL,46600.0,2,1,1,1
BALWANT SINGH,46558.0,5,3,3,3
SHANTI,46530.0,9,3,3,4
Fulpreet Singh,46516.0,1,1,1,1
KALURAM,46500.0,7,2,2,2
BABA BHOLE NATH FILLING STATION,46500.0,3,1,1,1
RAJESH CHOUDHARY,46332.0,12,1,1,1
arjun ram,46200.0,4,1,1,1
Satnam Singh Labour Upper Bhambotar,46200.0,6,1,2,1
Kissan Electricals,46125.0,3,1,1,1
KAMAL UPRETI,46116.0,6,1,1,1
Haripriya Pathak,46116.0,6,1,1,1
RUCHI PATHAK,46116.0,6,1,1,1
Khalsa  Cement Store,46030.0,1,1,1,1
somatmal,46023.0,6,1,1,1
MAHALLAXMI TRADERS,46020.0,3,1,1,1
RSS TRADERS,46000.0,4,1,1,1
Panch Agro Industries,46000.0,1,1,1,1
Agardeep Singh Gurmeet Singh,45996.0,6,1,1,1
Kamlesh kumawat,45900.0,5,1,1,1
BHAJAN SINGH,45900.0,9,1,2,1
PUSHPINDER SINGH,45900.0,9,1,2,1
GURNAM SINGH,45900.0,9,1,2,1
Mana ram,45803.0,1,1,1,1
gurwinder singh,45800.0,3,1,1,1
Narpat Singh,45795.0,5,1,1,1
lovjeet singh,45789.0,6,1,1,1
Kalzidhar Cement,45750.0,2,1,1,1
mumal,45675.0,9,1,1,1
V K BROTHER,45600.0,3,1,1,1
SHREEPAL LAXMAN,45600.0,3,1,1,1
Sunil,45600.0,4,2,2,2
Chandra Kant Saini,45500.0,5,1,2,1
Roop Lal and Sons,45500.0,1,1,1,1
BHairav singh,45486.0,3,1,1,1
Om Parkash So Ratan Chand Mistery,45450.0,1,1,1,1
BDO Champua Royalty,45406.0,2,1,1,1
NAWAB WELDING WOKS,45327.0,6,1,1,1
Resham Singh Contractor,45284.0,1,1,1,1
AJAY SINGH,45270.0,4,2,2,2
dropati,45219.0,7,1,1,1
GURU NANAK SANITARY STORE,45201.0,3,1,1,1
Sugi,45174.0,6,1,1,1
TARACHAND,45045.0,4,2,2,2
NAVAL TARAGI,45018.0,3,1,1,1
Manpreet singh,45000.0,1,1,1,1
RAM LAL,45000.0,3,1,1,1
VISHAVKARMA WALDING WORKS,45000.0,3,1,1,1
MOHAN MINA,45000.0,3,1,1,1
heera bai bagri,45000.0,3,1,2,1
BHANWAR LAL SEN,45000.0,3,1,1,1
GOVT ELEMENTRY SCHOOL KISHANPURA,45000.0,3,1,1,1
Murli Manohar Joshi,45000.0,1,1,1,1
Goyal Sports And Trophy House,45000.0,1,1,1,1
Dhillon Brick,45000.0,2,1,1,1
MALTI SONS,44958.0,3,1,1,1
SHUBHAM JINDAL INCOME TAX AND GST ADVISOR,44931.0,3,1,1,1
CHEEMA ENTERPRISES,44914.0,4,1,1,1
Durga welding works Bari,44898.0,3,1,2,1
HANUMAN SINGH KUMAWAT,44800.0,5,1,1,1
MAHESH KUMAR MEENA,44800.0,5,1,1,1
UMMED SINGH SHEKHAWAT,44800.0,5,1,1,1
RUDRA HARDWEAR,44726.0,2,1,1,1
MUKESH SINGH,44716.0,1,1,1,1
INDIAN FOUNDARY AND STEEL INDUSTRIES,44604.0,3,1,2,1
mahendea singh,44541.0,9,1,1,2
Madan lal,44460.0,3,1,1,1
Kailash Chandra,44460.0,3,1,1,1
Banarasi Devi,44460.0,3,1,1,1
SEXNA CABLE INDUSTRIES,44412.0,1,1,1,1
HARSH CONSTRUCTION CO,44326.0,1,1,1,1
Bhajan Lal Saini,44220.0,7,1,2,1
KIRANJEET KAUR,44202.0,6,1,1,1
Ladu Singh,44200.0,2,1,1,1
Premaram,44200.0,2,1,1,1
Shravan Ram,44200.0,2,1,1,1
Sahil Gupta Mistri,44100.0,1,1,1,1
ROOR CEMENT STORE,44050.0,1,1,1,1
palla JCB,44000.0,1,1,1,1
Shivdeep Singh,43950.0,1,1,1,1
GANESH,43935.0,3,1,1,1
VISHAL KUMAR,43935.0,3,1,1,1
sawan negi,43920.0,3,1,1,1
PRATAP SINGH TARAGI,43920.0,3,1,1,1
Shree Balaji Sanitary and Hardware Store,43901.0,1,1,1,1
MOHANI DEVI,43881.0,7,3,3,3
JAI KISSAN BKO,43857.0,1,1,1,1
GURU NANAK TRACTOR WORKS,43668.0,1,1,1,1
RAMLAL,43650.0,5,1,1,2
Anil Kumar,43600.0,6,1,1,1
ANSUL SUPPLIERS,43534.0,1,1,1,1
SHRI SHIV SHANKAR BRICKS COMPANY GIDDAR,43520.0,2,1,1,1
MAHAVIR MARBLES,43500.0,3,1,1,1
SEETA,43425.0,6,2,2,2
SUBEDAR PRITAM SINGH,43360.0,1,1,1,1
MEDSOR IMPEX,43316.0,1,1,1,1
SUNNY KUMAR,43200.0,6,2,2,2
Shree Bala Ji Computer,43150.0,1,1,1,1
Variety Stationary Store,42884.0,4,1,1,1
POOJA,42815.0,9,3,3,3
SHIV KUMAR,42800.0,5,2,2,2
Deepak lega,42783.0,6,1,1,1
Santosh devi,42750.0,3,1,1,1
Banwari,42725.0,9,2,3,3
AKSHAY Brothers,42711.0,6,1,1,1
VINOD BUILDERS RAMPURA,42600.0,2,1,1,1
Randhir Singh,42420.0,1,1,1,1
EMF,42402.0,221,10,12,11
Shambhu dutt,42336.0,3,1,1,1
Dewas nainwal,42336.0,3,1,1,1
Neelam,42336.0,3,1,1,1
Jagat prakash nainwal,42336.0,3,1,1,1
Tejpal Saphiya,42336.0,3,1,1,1
Pramod Singh Saphiya,42336.0,3,1,1,1
NEHRA ELECTRICALS AND CONSTRUCTION COMPNAY,42242.0,1,1,1,1
SATISH KUMAR,42240.0,7,2,2,2
lala,42183.0,6,1,1,1
MS Dev Ichhya and Company andwarpatti,42039.0,3,1,2,1
THE GILL GRAM UDYOG SAMITI BKO,42015.0,3,1,1,1
Ms Ashok Kumar Avinash Kumar,42000.0,1,1,1,1
SHIVA PAINTS AND HARDWARE STORE,42000.0,3,1,1,1
Ms Krishan Kumar Bko,42000.0,2,1,2,1
Sahil Cement and Hardware Store,42000.0,3,1,2,1
Khalsa BKO,42000.0,3,1,1,1
CO HARMAN BRICKS SUPPLY CO,42000.0,1,1,1,1
BCS ENTERPRISES,41924.0,1,1,1,1
Chander,41919.0,6,1,2,1
Jhamku Chouhan,41895.0,3,1,1,1
Mamta Devi meghwal,41895.0,3,1,1,1
Bhanwar Lal meghwal,41895.0,3,1,1,1
Kanaka Devi,41895.0,3,1,1,1
CHUNA RAM,41850.0,3,1,1,1
Tej Singh,41850.0,3,1,1,1
Rakesh Chouhan,41850.0,3,1,1,1
Shubham Kumawat,41850.0,3,1,1,1
HARI RAM,41820.0,7,2,2,2
Pocket Book Center,41810.0,1,1,1,1
Naveen Singh,41757.0,3,1,1,1
Tahasildar Erasama,41753.0,1,1,1,1
Jaspal Dass,41730.0,3,1,1,1
Mohd Rizwan,41724.0,3,1,1,1
dalip singh,41724.0,3,1,1,1
KUNAL PANT,41724.0,3,1,1,1
BHAWANA PATHAK,41724.0,6,1,1,1
Ravindra singh,41721.0,5,2,3,2
sandeep kumar,41715.0,3,1,1,1
Hari Om Paint  And  Iron Store,41642.0,1,1,1,1
Hari Om Paint And Iron Store,41642.0,1,1,1,1
SUKHWINDERA MACHINERY STORE,41630.0,1,1,1,1
FERULAL HIGHER SECONDARY,41560.0,1,1,1,1
balbir singh co,41500.0,1,1,1,1
SUDHIR BHATT,41410.0,3,1,1,1
VIMLA DEVI,41400.0,4,2,2,2
KAVYA CHOPRA,41400.0,3,1,1,1
RESILIENT INFRA SOLUTION,41268.0,3,1,1,1
Rajendra Singh,41224.0,5,3,4,3
AMANPREET SINGH,41130.0,1,1,1,1
SHREE JAGDISHWAR INTERNATIONAL,41100.0,6,1,2,1
RAJWINDER BAWA,41064.0,3,1,2,1
Mughal Filling Station,41000.0,3,1,1,1
LALARAM,40986.0,3,1,1,1
JEEVRAJ,40986.0,3,1,1,1
HARDAYAL GURJAR,40986.0,3,1,1,1
SEETA DEVI,40986.0,3,1,1,1
CHANDA,40959.0,6,2,3,2
IMRAN,40905.0,3,1,1,1
SAMSHAD,40905.0,3,1,1,1
SHER MOMHAD,40905.0,3,1,1,1
PREM,40815.0,7,2,3,2
HEM RAJ,40810.0,2,1,1,1
MEHAKDEEP SINGH,40800.0,3,1,1,1
Radhey Shyam Rawat,40800.0,2,1,1,1
Gopi Singh Rawat,40800.0,2,1,1,1
Ranjeet Singh Rawat,40800.0,2,1,1,1
SHIVAM GRAM UDYOG,40767.0,3,1,2,1
LALI DEVI JAIN,40500.0,3,1,1,1
MS KAMLA RANI BKO,40500.0,1,1,1,1
Shiv Kripa Hardware and Sanitary Store,40470.0,3,1,1,1
SEEHRA BROTHERS STEEL WORKS,40320.0,3,1,1,1
BANSHI LAL,40320.0,7,2,2,2
Satyanarayan samatiya,40300.0,2,1,2,1
MOSAM DEVI,40248.0,3,1,1,1
sagar general store,40230.0,1,1,1,1
Bishna Ram and Sons,40194.0,1,1,1,1
Sita Devi,40185.0,6,2,2,2
AK CEMENT  HARDWARE STORE AHMEDGARH,40180.0,2,1,1,1
jai baba maya giri ji interlock tiles,40169.0,1,1,1,1
HARNOOR BUILDING MATERIAL,40163.0,1,1,1,1
DINESH SINGH,40150.0,2,1,1,1
VIJAY PAL,40100.0,3,2,2,2
Kuliyal Constructions,40085.0,10,1,1,1
Gurcharan SIngh Mistri,40078.0,1,1,1,1
KALAYAN SINGH,40068.0,3,1,1,1
DEV CHAND,40068.0,3,1,1,1
rakesh chand,40068.0,3,1,1,1
LACHHMI DEVI,40040.0,1,1,1,1
PARSI DEVI,40020.0,4,2,2,2
GRAM PANCHAYAT GADMAU,40000.0,1,1,1,1
Ashoka Hardware Paint Cement Store,40000.0,2,1,1,1
GRAM PANCHYAT MHALNWADA,40000.0,1,1,1,1
GRAM PANCHAYAT DHAGADIYAMAL,40000.0,1,1,1,1
GRAM PANCHAYAT ARJUNWADI,40000.0,1,1,1,1
SUBHRAJITA  PANI,40000.0,1,1,1,1
GRAM PANCHYAT RHONA KHURD,40000.0,1,1,1,1
GRAM PANCHAYAT MUJABARMAL,40000.0,1,1,1,1
Vijay Electric Traders,40000.0,1,1,1,1
Gram pancahyat saldhana,40000.0,1,1,1,1
GRAM PANCHAYAT CHUDABOH,40000.0,1,1,1,1
GRAM PANCHAYAT SAROTH,40000.0,1,1,1,1
GRAM PANCHAYAT LAVAGHOGRI,40000.0,1,1,1,1
BRIJESH,40000.0,4,1,1,1
GRAM PANCHAYAT RAJADA,40000.0,1,1,1,1
Sachiv gram panchyat,40000.0,1,1,1,1
Amandeep Singh,40000.0,1,1,1,1
GRAM PANCHAYAT JAMUNIYAMAL,40000.0,1,1,1,1
Gram pancahyat bichhua,40000.0,1,1,1,1
GRAM PANCHYAT KHUTIYA,40000.0,1,1,1,1
MAHAVEER PRASHAD SAINI,40000.0,5,1,1,1
Gram pancahyat  bhalpani,40000.0,1,1,1,1
GRAM PANCHYAT DHAMNIYA,40000.0,1,1,1,1
GRAM PANCHYAT KAKI,40000.0,1,1,1,1
GRAM PANCHAYAT GUBRAIL,40000.0,1,1,1,1
MS JOSHI ENTERPRISES,40000.0,1,1,1,1
GRAM PANCHAYAT UMARDOH,40000.0,1,1,1,1
Pardeep Trading Agency,40000.0,2,1,2,1
Gram pancahyat ojhaladhana,40000.0,1,1,1,1
Ravinder Kaur,40000.0,1,1,1,1
GRAM PANCHYAT PAKHADIYA,40000.0,1,1,1,1
Ms Friend Brick Kilen,40000.0,2,1,1,1
Balwant Gram Udyog Samiti,40000.0,1,1,1,1
BADRI,39915.0,6,2,2,2
DIPALI GOYAL,39904.0,6,1,1,1
Shyam Mohan Meena,39900.0,6,1,2,1
SATISH,39900.0,6,1,2,1
RANJEET DAN,39900.0,3,1,1,1
SHANKER SALES CORPORATION,39780.0,3,1,1,1
SEEMA,39759.0,7,4,5,4
GURLAL SINGH,39581.0,7,2,2,2
S M ENTERPRISES,39550.0,1,1,1,1
RANJNA,39528.0,3,1,1,1
Bhawani Devi,39501.0,3,1,1,1
NITESH MEWARA,39495.0,3,1,1,1
JAGDEEP SINGH,39450.0,3,1,1,1
MAHAVEER GURJAR,39402.0,3,1,1,1
SAMMEEN,39375.0,3,1,2,1
BALVEER SINGH,39375.0,3,1,2,1
Kala Ram,39312.0,3,1,1,1
Ashok,39300.0,6,2,3,2
BABA BHODEWALAL JI BUILDING MATERIAL,39250.0,1,1,1,1
MAMTA JOSHI,39162.0,4,1,1,1
MANISH BRICKS INDUSTIES,39150.0,6,1,2,1
PRASANTA KUMAR BEHERA,39100.0,1,1,1,1
Mahak International,39086.0,1,1,1,1
Pappu Ram,39060.0,3,1,1,1
BANWARI,39060.0,6,2,2,2
Iqwal Massean,39000.0,5,1,2,1
Bheem singh gajraj,39000.0,1,1,1,1
Avtar Singh Glass Agency upper Bham,39000.0,3,1,2,1
Gurwinder Singh so Amarjit Singh,39000.0,1,1,1,1
PARMESHWAR KUMAWAT,39000.0,4,1,1,1
Dhanna Lal kumawat,39000.0,6,1,1,1
BALMUKUND KUMAWAT,39000.0,4,1,1,1
kaluram,39000.0,4,1,1,1
CHARANJIT KAUR,38916.0,4,2,2,2
Goel Marble,38916.0,1,1,1,1
BHIYA RAM,38883.0,3,1,1,1
Sukhdev Pesticide safera,38870.0,1,1,1,1
manju devi,38808.0,10,2,2,2
manju naula,38796.0,3,1,1,1
PA ITDA NABARANGPUR,38719.0,12,1,1,1
Baldev Raj massn,38700.0,1,1,1,1
New Soni Cement Store,38659.0,1,1,1,1
GAGANDEEP SINGH SARPANCH SO KAKU SINGH,38632.0,1,1,1,1
MAA TARATARINI TRADERS,38546.0,1,1,1,1
NARAYAN SINGH,38514.0,2,1,1,1
Indal Paswan,38495.0,1,1,1,1
PAYARI,38475.0,6,1,1,1
Surendra Kumar,38475.0,3,1,1,1
Mahipalsingh,38475.0,3,1,1,1
Govindsingh,38475.0,3,1,1,1
Tola,38475.0,3,1,1,1
Dalpat,38475.0,3,1,1,1
panku,38475.0,3,1,1,1
BALJIT RAM,38470.0,1,1,1,1
SUSHILA DEVI TELI,38430.0,3,1,1,1
MANJOT ENTERPRISES COMPANY,38400.0,1,1,1,1
YOURAJ,38400.0,3,1,1,1
Bhagat Ram so hari ram,38280.0,3,1,1,1
SHRIKANT,38250.0,3,1,1,1
JIVRAJ,38250.0,3,1,1,1
PRADHAN SINGH,38250.0,3,1,1,1
HANUMAN PRASAD,38250.0,3,1,1,1
DESRAJ,38250.0,3,1,1,1
PARDEEP CHOUDHARI,38250.0,3,1,1,1
IRFAN KHAN,38250.0,3,1,1,1
Neeraj bricks klin,38250.0,1,1,1,1
SUKHPAL,38250.0,3,1,1,1
Lila Kumawat,38250.0,6,1,1,1
Churanji Lal Ved Parkash,38220.0,2,1,1,1
ISHWAR,38220.0,4,2,3,2
LOVELY ENTERPRISES,38088.0,3,1,1,1
Chintpurni Bricks Co,37944.0,1,1,1,1
GOYAL CEMENT STORE,37922.0,5,1,1,1
Parmar Iron Store,37857.0,2,1,1,1
DHNNA JATT TRADING COMPANY,37832.0,1,1,1,1
DALZIT SINGH,37800.0,3,1,1,1
Sangha Builders,37800.0,2,1,2,1
JOGINDER CEMENT STORE,37700.0,1,1,1,1
GAJRAJ,37500.0,2,1,1,1
GRAM PANCHYAT DEV NAGAR NEW,37500.0,1,1,1,1
GRAM PANCHAYAT  TIKKAR RAJPUUTAN,37500.0,1,1,1,1
NARENDER,37500.0,4,1,1,1
KISHAN,37500.0,2,1,1,1
kirat bko,37500.0,1,1,1,1
RATAN,37500.0,2,1,1,1
Gurkirpa Steel,37398.0,1,1,1,1
SUSHIL BHATT,37379.0,3,1,1,1
MUNNI DEVI,37321.0,3,1,1,1
KAILASH,37290.0,5,2,2,2
VIKASH,37250.0,4,2,2,2
BARTHI DEVI,37204.0,4,1,1,1
shree ganesh BKO,37200.0,3,1,2,1
Kailash singh,37107.0,3,1,1,1
JINDAL PLY AND PAINT STORE,37059.0,3,1,1,1
Bharat Kumar,37050.0,3,1,1,1
Bhima Ram,37050.0,3,1,1,1
shoaib malik,36998.0,2,1,1,1
Manoj Kumar,36985.0,5,1,1,1
DINESH BAIRWA,36945.0,3,1,1,1
MS ROYALTY DASARATHPUR BLOCK,36927.0,1,1,1,1
Laimber Ram Massn,36900.0,3,1,1,1
VEROKE CEMENT STORE,36788.0,2,1,2,1
Mamatakunwar,36765.0,3,1,1,1
SATPAL,36750.0,4,2,3,2
MS Satkar BKO,36662.0,5,1,1,1
AGGARWAL SANITARY STORE,36651.0,3,1,1,1
Vimlesh,36534.0,10,1,2,2
Bhatia Tading Co,36451.0,1,1,1,1
Gurpreet singh,36450.0,3,1,1,1
Manpreet Sapra,36450.0,3,1,1,1
Jamuna Prasad,36402.0,1,1,1,1
Jai Bairo Shatring Store,36400.0,1,1,1,1
MPLADS,36394.0,4,1,2,1
BALJINDER SINGH,36327.0,1,1,1,1
CHANAN RAM AND SONS,36096.0,6,1,1,1
BDO GHATGAON,36071.0,26,1,2,1
RV BUILDING MATERIAL,36000.0,3,1,2,1
JAGDAMBAY BRICKS INDUSTRIES,36000.0,1,1,1,1
MADHAV INDUSTRIES,36000.0,3,1,1,1
Nirmal Singh,36000.0,2,1,2,1
VIKAS ENTERPRISES,35970.0,3,1,1,1
Ms Raza Welding Works,35913.0,1,1,1,1
HM GUPS PULLIYIL,35884.0,1,1,1,1
NEERAJ,35805.0,4,1,1,1
Krishna Melkani,35700.0,2,1,1,1
Mahesh chanrd melkani,35700.0,2,1,1,1
AVTAR MARBLES,35691.0,3,1,1,1
Bheem Singh so surjit singh,35640.0,3,1,1,1
ASSISTANT ENGINEER ZILLA PANCHAYAT OFFICE,35620.0,1,1,1,1
Bimla,35614.0,4,1,1,1
Ramesh Kumar,35595.0,5,3,3,3
MP LAD BDO KUSUMI,35576.0,3,1,1,1
THE JAI BALAJI COOP L AND C SOCIETY LTD,35556.0,1,1,1,1
Dayal singh,35511.0,1,1,1,1
Santaram Saini,35325.0,9,1,2,1
BHIM SINGH,35300.0,7,1,1,1
Manjeet singh,35200.0,2,1,1,1
LAXMI,35172.0,5,1,1,2
KAMLESH SINGH,35138.0,2,1,1,1
SAKIR KHAN,35100.0,3,1,1,1
Maniram Hukmaram,35100.0,3,1,1,1
Aanand Sharma,35100.0,3,1,1,1
MAHBOOB KHAN,35100.0,3,1,1,1
Dharmendra Nain,35100.0,3,1,1,1
DINE KHAN,35100.0,3,1,1,1
BABULAL,35100.0,3,1,1,1
GAJANAND,35100.0,1,1,1,1
DEEPA RAM,35100.0,1,1,1,1
Makani Devi,35076.0,8,1,1,1
MAMTA DEVI,35055.0,7,3,3,3
Shanti Devi,35055.0,8,1,1,2
Gram Panchayat  Panjahal,35000.0,1,1,1,1
Mahima Singh,35000.0,4,1,2,1
RANDHAWA BRICK KILN,35000.0,1,1,1,1
RADHA SWAMI BKO,35000.0,1,1,1,1
KERALA SAHITYA ACADEMY,34998.0,1,1,1,1
Manjeri Medical College Government Employees Co Operative Society Ltd,34941.0,1,1,1,1
Preet Electricals,34926.0,3,1,2,1
Pardeep Electrical,34920.0,1,1,1,1
MS RAJ ELECTRIC STORE,34915.0,1,1,1,1
PANKAJ DEEPAK CEMENT AND PAINT STORE,34910.0,1,1,1,1
Sudhir Bare,34900.0,1,1,1,1
JASWANT KAUR SARPANCH DHARARI JATTAN,34877.0,1,1,1,1
YUVRAJ SINGH,34860.0,6,1,1,1
Honey cement store,34800.0,1,1,1,1
Dilip Patel,34800.0,1,1,1,1
GIRDHARI,34749.0,9,1,1,1
Shravan lal,34749.0,9,1,1,1
Rajesh,34749.0,9,1,1,1
Gora,34749.0,9,1,1,1
NERAJ,34749.0,9,1,1,1
SARWESHWAFR,34749.0,9,1,1,1
CHENARAM,34749.0,9,1,1,1
Ajay singh Jantwal,34713.0,1,1,1,1
Subham Jantwal,34713.0,1,1,1,1
Amit singh Jantwal,34713.0,1,1,1,1
mukesh kumar,34650.0,3,3,3,3
JATINDER KUMAR,34600.0,4,2,2,2
PAREEK CONSULTANCY,34560.0,3,1,1,1
SAROJ,34533.0,9,2,2,3
MUNISH BUILDING MATERIAL,34532.0,2,1,1,1
Uganti,34524.0,9,1,2,2
BALWINDER PAL,34496.0,1,1,1,1
DASHMESH PIPE STORE,34450.0,1,1,1,1
CHAMOLI GENRAL STORE,34440.0,1,1,1,1
BHAGRATI,34320.0,3,1,2,1
AH GLASS AND ALUMINIUM POINT,34260.0,3,1,1,1
JHAMKA,34254.0,8,1,1,1
RADHA DEVI,34209.0,5,2,2,2
SS TOHI STEEL FURNITURE HOUSE,34203.0,3,1,1,1
DHAVAL KUMAR,34200.0,1,1,1,1
mohan singh,34170.0,3,3,3,3
MAHAKAURI DEVI,34080.0,3,1,1,1
RAJWATI DEVI,34080.0,3,1,1,1
kailash,34050.0,4,2,2,2
himanshu mishra,34038.0,3,1,1,1
chouhan brick company,34000.0,1,1,1,1
SALASAR ENTERPRISES,33984.0,1,1,1,1
Medicom Health care,33940.0,1,1,1,1
EDUSPORTS,33830.0,1,1,1,1
ASHISH,33812.0,4,3,3,3
Jethi Devi,33800.0,2,1,2,1
Kailash Chandra Teli,33750.0,3,1,1,1
SS TRADING COMANY,33730.0,1,1,1,1
Sunny Kumar,33720.0,1,1,1,1
Gagga Ram Banarsi das,33700.0,4,1,1,1
Amandeep Singh Joginder Singh,33700.0,4,1,1,1
neeraj singh,33672.0,3,1,1,1
SUBHASH CHANDRA,33600.0,1,1,1,1
KRISHAN,33600.0,2,1,1,1
RAMSAWROOP,33600.0,2,1,1,1
GURBAKSH TRADERS,33483.0,1,1,1,1
Laxmi,33390.0,9,2,2,2
SITA,33345.0,3,1,1,1
NIWAS KUAMAR,33345.0,3,1,1,1
TOLARAM JAT,33345.0,3,1,1,1
JAREENA,33345.0,3,1,1,1
RUKHSANA,33345.0,3,1,1,1
NIRMA DEVI,33345.0,3,1,1,1
SUBHASH JAKHAR,33345.0,3,1,1,1
Bajrang Lal,33345.0,3,1,1,1
KANTA DEVI,33345.0,6,1,1,1
Jamna devi,33345.0,3,1,1,1
DIPAK,33345.0,6,1,1,1
SHRWAN KUMAR MEGHWAL,33345.0,3,1,1,1
Khurana Paint Hardware and Sanitary Store,33334.0,1,1,1,1
RAJURAM,33315.0,5,2,2,2
PUSHPENDRA,33300.0,1,1,1,1
SATVEER,33300.0,2,1,1,1
AALAM KHAN,33285.0,6,1,1,1
Kamal Singh,33228.0,6,1,2,1
Vinod Raut so Munna Raut,33200.0,5,1,1,1
HP STATE CIVIL SUPPLY NURPUR,33200.0,1,1,1,1
Nema Ram,33150.0,3,1,1,1
VIKRAM,33150.0,3,1,1,1
babulal,33150.0,3,1,1,1
Om Prakash Bairwa,33150.0,3,1,1,1
Mahendra,33150.0,2,1,1,1
TAHIR KHAN,33150.0,3,1,1,1
Parsa Ram,33150.0,3,1,1,1
Babulal saini,33150.0,3,1,1,1
Satpal Singh,33120.0,2,1,1,1
RAHUL KUMAR,33073.0,1,1,1,1
ASHOK KUMAWAT,33000.0,6,1,1,1
SARABJEET SNGH HARBANS SINGH,33000.0,1,1,1,1
Ms Cee Kay Trading Co Bhatti Da Pind,33000.0,3,1,2,1
urmila,32958.0,9,1,1,2
The Defence Engineering Company,32949.0,1,1,1,1
Neeraj Nautiyal,32943.0,3,1,1,1
Keshar Singh,32943.0,3,1,1,1
SURESH CHAUHAN,32943.0,3,1,1,1
ANSUL RANA,32943.0,3,1,1,1
SURESH SINGH CHAUHAN,32943.0,3,1,1,1
KK PLYWOOD AND HARDWARE,32913.0,3,1,2,1
HEMA PETROLEUM,32794.0,1,1,1,1
SHANTA,32775.0,5,1,1,1
MANISHA KANWAR,32775.0,5,1,1,1
KULDEEP SINGH,32724.0,9,2,3,2
Ramsingh,32700.0,2,1,1,1
SIDHI VINAYAK BKO,32648.0,1,1,1,1
NIRWAN BRICKS UDYOG,32640.0,1,1,1,1
Singla Machinery Store,32634.0,3,1,1,1
anand singh bhati,32490.0,6,1,1,1
Karni Ram,32490.0,3,1,1,1
PARSA RAM MEGHWAL,32490.0,6,1,1,1
Bimala,32490.0,3,1,1,1
Rajnesh Kumar,32490.0,3,1,1,1
Manesh,32490.0,3,1,1,1
JAGROOP KUMAR,32400.0,3,1,1,1
Jeewan Kumar,32400.0,3,1,1,1
RAMANDEEP,32400.0,3,1,1,1
SANJANA,32373.0,5,1,1,1
Garg Dhula Store,32301.0,2,1,1,1
Balveer Singh Rawat,32300.0,2,1,1,1
NARULA AND SONS,32250.0,3,1,1,1
avtar singh,32214.0,3,1,1,1
Kirpal Singh,32214.0,3,1,1,1
ganga singh,32214.0,3,1,1,1
manjit kaur,32214.0,3,1,1,1
raja singh,32214.0,3,1,1,1
PAWANI,32205.0,5,1,1,1
BDOSAHARPADA,32036.0,5,1,2,1
SATGURU SANITATION,32033.0,1,1,1,1
Star Bricks Company,32000.0,1,1,1,1
LADDI SINGH,32000.0,2,1,1,1
kulwinder singh bhwanpura,32000.0,1,1,1,1
RANI RANI MAJRI SARPANCH,32000.0,1,1,1,1
Khiva Traders,31971.0,3,1,1,1
Happy Cement store,31869.0,2,1,1,1
AMIT,31842.0,3,1,1,1
GANGA BHATT,31842.0,3,1,1,1
ANANDI DEVI,31842.0,3,1,1,1
POOJA BHATT,31842.0,3,1,1,1
Dhanetha Bko,31808.0,1,1,1,1
BHAIRU LAL BAIRWA,31800.0,6,1,1,2
Rajesh Kumar,31774.0,4,2,2,2
NANDU DEVI,31767.0,6,2,2,2
sampti balai,31707.0,3,1,1,1
MAYA BAIRWA,31707.0,3,1,1,1
RAGHUVEER GURJAR,31707.0,3,1,1,1
LALI DEVI,31707.0,3,1,1,1
Mukesh Daroga,31707.0,3,1,1,1
kanchan balai,31707.0,3,1,1,1
jagdish od,31707.0,3,1,1,1
uda balai,31707.0,3,1,1,1
Dharmendra singh kanawat,31707.0,3,1,1,1
Suryabhan Singh Kanawat,31707.0,3,1,1,1
Anju Kanwar,31707.0,3,1,1,1
badami,31707.0,3,1,1,1
aloli devi balai,31707.0,3,1,1,1
PRATIBHA GURJAR,31707.0,3,1,1,1
Jitendra Singh Kanawat,31707.0,3,1,1,1
Radha Kishan Daroga,31707.0,3,1,1,1
Tahasildar Umerkote,31704.0,5,1,1,1
HIRI DEVI,31680.0,3,1,1,1
PREMI DEVI,31680.0,3,1,1,1
LAXMAN GADRI,31680.0,3,1,1,1
RUKHIYA BEHAM,31680.0,3,1,1,1
MANGI LAL NAYAK,31680.0,3,1,1,1
KALURAM SALVI,31680.0,3,1,1,1
NARAYAN LAL BHIL,31680.0,3,1,1,1
The Tribune Trust,31651.0,13,1,1,1
MPLAD ANANDAPUR,31644.0,5,1,2,1
Muni Lal,31600.0,2,1,2,1
Labh Singh,31540.0,2,1,1,1
Amarjit Kaur,31540.0,4,1,1,1
Charanjit Kaur,31540.0,4,1,1,1
Kamaldeep Singh,31540.0,4,1,1,1
Darshan Singh Amarjeet kaur,31540.0,4,1,1,1
Bhagwan Singh,31510.0,2,2,2,2
Hetram,31500.0,3,1,2,1
VINOD KUMAR SHARMA,31500.0,3,1,1,1
OM PRAKASH JAT,31500.0,3,1,1,1
RAMKISHOR SAINI,31500.0,3,1,2,1
Sanjay,31500.0,3,1,2,1
BHERU LAL GURJAR,31500.0,3,1,1,1
Prakash muni,31500.0,3,1,2,1
RAHUL TELI,31500.0,3,1,1,1
Puran Shankar Gadri,31500.0,3,1,1,1
Baldev,31500.0,3,1,2,1
RAMESHWAR LAL,31500.0,3,1,1,1
Dalchand,31500.0,3,1,2,1
Hamandeep Singh,31500.0,5,1,2,1
PURUSOTTAM das saini,31500.0,3,1,2,1
Rajveer,31500.0,3,1,2,1
PARKASH,31500.0,3,1,1,1
KANKU,31485.0,6,1,1,1
Manthan Trading Co,31436.0,2,1,2,1
TARA CHAND,31410.0,5,1,1,1
OM PARKASH RAIGAR,31410.0,5,1,1,1
GULABI DEVI,31410.0,3,2,2,2
ASHOK KUMAR MEENA,31410.0,5,1,1,1
Chanan Singh,31400.0,2,1,1,1
GUDDI,31368.0,8,3,4,3
atma hardware cement store,31326.0,1,1,1,1
durgsingh,31268.0,3,1,1,1
gunja kumari,31248.0,9,1,1,1
PRABHU PUSA KUMHAR,31200.0,3,1,1,1
Ravi kumar kirar,31200.0,3,1,1,1
Kailash Chand,31200.0,3,1,1,1
ADNAN,31200.0,3,1,1,1
Ruldu  Singh,31200.0,1,1,1,1
DILSAD,31200.0,3,1,1,1
SUGANTI PANDRAM,31200.0,3,1,2,1
SANJAY KUMAR SUWALKA,31200.0,3,1,1,1
DASMA,31200.0,3,1,2,1
CHHOTU LAL,31200.0,3,1,1,1
VDYA LAL,31200.0,3,1,1,1
VIVEK KUMAR ROAD ROLLER,31200.0,3,1,2,1
sheru mohammad,31200.0,3,1,1,1
PAPPU SHUBRAT,31200.0,3,1,1,1
Ankit Kumar,31200.0,3,1,1,1
Braj Mohan,31200.0,3,1,1,1
MUBARIK,31200.0,3,1,1,1
Mohan LAL,31200.0,3,1,1,1
Dayanand,31200.0,3,1,1,1
PAPPU RAMNATH REGAR,31200.0,3,1,1,1
KULDEEP TAILOR,31200.0,3,1,1,1
panveet singh narula,31180.0,2,1,1,1
guneet kaur,31180.0,2,1,1,1
BHUPINDER SINGH,31164.0,3,1,1,1
SUNDARESH G,31130.0,16,1,1,1
VIKAS ADHIKARI P S KATHOOMAR,31000.0,29,1,2,1
Gopi Cemment Store,31000.0,1,1,1,1
New Bharat Treders,30900.0,2,1,1,1
Tarlok Singh Labour Upper Bhambotar,30800.0,4,1,2,1
Dimpal,30780.0,3,1,1,1
PRABHUDAYAL SUTHAR,30780.0,3,1,1,1
SUSHILA DEVI,30765.0,8,3,4,3
SHREE GANESH CEMENT STORE,30750.0,3,1,1,1
sohan,30692.0,4,2,2,2
SRI VENKATESHWARA PARKING TILES PAVERS,30665.0,1,1,1,1
Lovely Singh,30630.0,6,1,1,1
BDO GHATGAON ROYALITY,30610.0,4,1,1,1
Sandeep saini,30600.0,3,1,1,1
GURU RAVIDAS WELDING WORKS,30600.0,3,1,1,1
Gigraj,30600.0,3,1,1,1
Jitendra,30600.0,2,1,1,1
Mukesh Bairwa,30600.0,3,1,1,1
Krishn,30600.0,3,1,1,1
Deepak singh,30600.0,3,1,1,1
Pawan,30500.0,2,2,2,2
Naran singh,30495.0,5,1,1,1
Khajan chandra Melkani,30450.0,2,1,1,1
Taggar Trading Company,30410.0,1,1,1,1
SATINDERPAL SINGH,30376.0,1,1,1,1
priyka mahenra jat,30294.0,3,1,1,1
Bdo Niali MP Lad Holding Account,30194.0,1,1,1,1
SATNAM TILE AND MARBLE HOUSE,30150.0,3,1,1,1
ARUNDEEP SINGH,30150.0,3,1,2,1
HARBANS KAUR,30120.0,1,1,1,1
INDIA BOOK STORES,30114.0,1,1,1,1
SAWARIA TRADERS,30090.0,3,1,1,1
TAHASILDAR NIMAPARA,30049.0,7,1,2,1
Himanshu Jeena,30031.0,2,1,1,1
PARMINDER SINGH SON OF RAJ KUMAR,30000.0,3,1,2,1
Ritesh soni,30000.0,1,1,1,1
KARMJIT SINGH,30000.0,1,1,1,1
NATIONAL BOOK STALL,30000.0,1,1,1,1
AVTAR PAINT AND HARDWARE STORE,30000.0,3,1,1,1
Neekita brick klin,30000.0,1,1,1,1
KAMBO TRADING,30000.0,2,1,2,1
PARGAT SINGH,30000.0,3,1,1,1
GRAM PANCHAYAT HIWRAVASUDEV,30000.0,1,1,1,1
VSR Agencies,29998.0,1,1,1,1
PANKAJ ELECTRICALS,29965.0,1,1,1,1
SANAJAY SINGH NAYAL,29925.0,1,1,1,1
BATHOI IRON STORE,29865.0,3,1,1,1
Balvir Singh,29808.0,1,1,1,1
Rajesh Traders,29755.0,2,1,1,1
VIRMA DEVI,29750.0,7,1,1,1
JODH RAM,29750.0,7,1,1,1
Bhairaram,29700.0,3,1,1,1
Sheraram,29700.0,3,1,1,1
GURJINDER SINGH,29682.0,2,1,1,1
RATANLAL,29680.0,2,2,2,2
Amit Kumar,29666.0,2,2,2,2
BIMLA DEVI,29640.0,2,1,1,1
Rameti,29640.0,2,1,1,1
FHARJANA BANU,29640.0,2,1,1,1
Pema Ram,29640.0,2,1,1,1
SHIVRAJ GURJAR,29600.0,1,1,1,1
Anjana,29584.0,4,2,3,2
NIJJAR ENTERPRISES,29450.0,1,1,1,1
Hari chand,29400.0,3,1,2,1
Yashpal,29400.0,3,1,2,1
manoj jatav,29400.0,3,1,2,1
Khusvendra singh,29400.0,3,1,2,1
jitendra,29400.0,3,1,2,1
Roshanlal,29400.0,3,1,2,1
phul singh,29400.0,3,1,2,1
BHOJARAM,29380.0,5,1,1,1
SEETA DEVI GADRI,29304.0,3,1,1,1
SLEEM,29298.0,3,1,2,1
BHADER SINGH,29250.0,3,1,1,1
Kailash Kumawat,29250.0,3,1,1,1
Kailash,29250.0,3,1,1,1
KANWAR LAL MALI,29250.0,3,1,1,1
Prahlad Choudhary,29250.0,3,1,1,1
Naayan lal Bairwa,29250.0,3,1,1,1
ISHAR LAL,29250.0,3,1,1,1
Krishan Gopal Teli,29250.0,1,1,1,1
KANHIRAM,29250.0,3,1,1,1
SAMAY SINGH,29250.0,3,1,2,1
Gopal Kumawat,29250.0,3,1,1,1
VENI SHANKAR,29250.0,3,1,1,1
HEMRAJ BAIRWA,29250.0,3,1,1,1
Trilok,29250.0,3,1,1,1
Mukesh kumar,29250.0,1,1,1,1
SUNDAR SINGH,29250.0,3,1,2,1
SANWAR LAL BAIRWA,29250.0,3,1,1,1
nanu ram balai,29250.0,3,1,1,1
ATAR SINGH,29250.0,3,1,2,1
VIRENDER KUMAR,29250.0,3,1,1,1
RUPCHAND,29250.0,3,1,1,1
CHETAN,29250.0,3,1,1,1
Nanda,29250.0,3,1,1,1
Ganesh Jat,29250.0,1,1,1,1
PUKHRAJ JAT,29250.0,3,1,1,1
Pintu Regar,29250.0,3,1,1,1
GORAV ECHARA,29250.0,3,1,1,1
Santosh Kumar Raut,29237.0,1,1,1,1
Friends Tile Industry,29070.0,3,1,1,1
sunil kumar massean,29000.0,1,1,1,1
Sumitra,28939.0,7,3,4,3
AJMAL RAM,28866.0,6,1,1,1
RAJESH KUMAR SAINI,28800.0,3,1,1,1
phool chand saini,28800.0,3,1,1,1
MAHAVEER SINGH RAWAT,28800.0,1,1,1,1
MADAN,28800.0,3,1,1,1
UMRAV SINGH,28800.0,5,1,1,1
AMBEY BRICKS KILN CO,28800.0,1,1,1,1
SEETA RAM,28800.0,1,1,1,1
VISHRAM,28800.0,3,1,1,1
HOSPITAL MANAGEMENT COMMITTEE PHC ANGADIPURAM,28784.0,1,1,1,1
KUNDAN SINGH BISHT,28730.0,1,1,1,1
jaspal singh so chanda ram,28710.0,3,1,1,1
Rikhi ram so maghi ram,28710.0,3,1,1,1
gursewak singh so rikhi ram,28710.0,3,1,1,1
ROOPA DEVI,28652.0,7,1,1,1
Ganesh Ram,28600.0,2,1,2,1
KAMLA,28575.0,6,2,3,2
Baba Haridas Febrication,28540.0,1,1,1,1
SHIVA AGRICULTURE WORKS,28500.0,3,1,1,1
Vinod,28500.0,1,1,1,1
ARBAJ KHAN,28500.0,3,1,1,1
ripudaman singh solanki,28500.0,3,1,1,1
gulshan kumar,28500.0,3,1,1,1
samarjeet singh,28500.0,3,1,1,1
suresh,28500.0,3,1,1,1
jaspreet kaur wo Sandeep Singh,28400.0,2,1,1,1
Amar Ujala Ltd,28390.0,16,1,1,1
JAGDISH SINGH,28350.0,3,1,1,1
AMANDEEP,28350.0,3,1,1,1
GURU KIRPA GATE STORE,28320.0,4,1,1,1
DIGAMABAR SINGH,28288.0,1,1,1,1
BHUWAN CHANDRA,28266.0,2,1,1,1
Ganesh Joshi,28224.0,4,1,1,1
manju,28215.0,7,2,2,2
inderjeet singh,28080.0,4,1,1,1
Kamal Hardware And Cement Store,28070.0,2,1,1,1
Vikram Singh Gujar,28050.0,3,1,1,1
Sumit Kumar,28050.0,3,1,1,1
Ram Singh,28050.0,3,1,1,1
gllaram,28050.0,3,1,1,1
Nitish Kumar Saharan,28050.0,3,1,1,1
Nikhil Saharan,28050.0,3,1,1,1
Sampat Kumar,28050.0,3,1,1,1
Chand Singh So Yodha Singh,28000.0,1,1,1,1
PUSHKAR SUTHAR,28000.0,1,1,1,1
MOHAN SUTHAR,28000.0,1,1,1,1
SARWAN NATH AND BROTHERS,28000.0,1,1,1,1
MS BAL AND  CO,28000.0,1,1,1,1
Salman Khan,28000.0,1,1,1,1
THE GUNIA BRICK KILN GRAM UDYOG SAMITI,28000.0,1,1,1,1
MAYA,27989.0,7,3,4,3
MS TEKSENG PRINTING ENTERPRISES,27943.0,3,1,1,1
Baljit Kaur,27828.0,1,1,1,1
POORANARAM,27750.0,3,1,1,1
SANJAY,27750.0,3,1,1,1
PARVEEN,27750.0,3,1,1,1
BHAJAN LAL,27750.0,3,1,1,1
Lakhbir singh so bant singh,27720.0,3,1,1,1
kailashi oad,27642.0,3,1,1,1
State Institute for Mentally Challenged,27612.0,3,1,1,1
Jyoti Rawat,27531.0,1,1,1,1
Yashpal Chandra,27531.0,1,1,1,1
jashandeep singh,27500.0,1,1,1,1
HARISH CHANDRA,27475.0,2,1,1,1
Rajan Building Material Malout,27400.0,1,1,1,1
hitesh suyal,27389.0,1,1,1,1
Rana Stationers,27366.0,6,1,2,1
Gulab Devi,27360.0,3,1,1,1
Badam,27360.0,3,1,1,1
Ramkisan Meena,27360.0,3,1,2,1
kALI,27360.0,3,1,1,1
IMARTI,27360.0,3,1,1,1
Rekha,27360.0,3,1,1,1
Ratani,27360.0,3,1,1,1
MOHAMMAD SHARIF,27300.0,3,1,1,1
JAVED MIRZA,27300.0,3,1,1,1
FARID AHAMAD,27300.0,3,1,1,1
Chetan Singh,27300.0,3,1,2,1
dayaram,27300.0,1,1,1,1
JAVED HAMEED SHEIKH,27300.0,3,1,1,1
MOHD AFNAN,27300.0,3,1,1,1
Bhupendra kumawat,27300.0,3,1,1,1
MAHAVEER SINGH,27300.0,3,1,1,1
Harendra singh,27300.0,3,1,2,1
Prakash Chandra,27300.0,2,1,1,1
mahesh chandra arya,27300.0,2,1,1,1
TEJMAL,27300.0,1,1,1,1
Shiv singh,27300.0,3,1,2,1
DEVENDRA SINGH NAYAL,27300.0,1,1,1,1
AINUR SEKH,27300.0,3,1,1,1
Mitha lal kalbeliya,27300.0,3,1,1,1
Sadhu Ram Jat,27300.0,3,1,2,1
Prem Singh Choudhary,27300.0,3,1,2,1
Aaram,27300.0,3,1,2,1
dashrath,27300.0,3,1,2,1
HASIMUDDIN SEKH,27300.0,3,1,1,1
LAUKESH KUMAR,27300.0,3,1,2,1
RAHUL KAROCHE,27300.0,3,1,2,1
LAXMAN PALIWAL,27300.0,1,1,1,1
RASHID,27300.0,3,1,1,1
MUSHAHID NURI,27300.0,3,1,1,1
Heera lal kalbeliya,27300.0,3,1,1,1
Radhey Radhey Gravels Pvt Ltd,27249.0,3,1,1,1
REKHA KANWAR,27202.0,5,2,2,2
shubhan Rawat,27132.0,1,1,1,1
karam chand pardeep kumar,27106.0,2,1,1,1
Daljit Singh XBAS,27105.0,4,1,1,1
Rajinder Kaur Sarpanch Thali Khurd,27048.0,1,1,1,1
Harchand Singh,27000.0,1,1,1,1
PAN DEV,27000.0,6,1,1,1
KESI DEVI,27000.0,3,1,1,1
Makhan Singh,27000.0,1,1,1,1
GURJINDER SINGH PLUMBER,27000.0,1,1,1,1
LATIFUR RAHMAAN,27000.0,3,1,1,1
SUMER SINGH,27000.0,3,1,1,1
BDO KANTAMAL MPLAD,26974.0,1,1,1,1
OM PRAKASH,26964.0,5,2,2,2
RAJNESH SINGH,26964.0,1,1,1,1
MISC ACCOUNT BDO RANPUR,26800.0,67,1,1,1
ANIL KUMAR BHATT,26765.0,1,1,1,1
gurbaj singh so gurmel singh,26730.0,3,1,1,1
Sarpanch Pavandeep Kaur Daulatpur,26724.0,1,1,1,1
MANDEEP KAUR,26608.0,1,1,1,1
NK TRADERS TRIPURI PATIALA,26574.0,6,1,1,1
GULAB SINGH,26535.0,4,2,2,2
Shri krishan Meena,26520.0,3,1,2,1
Mahesh Chand,26520.0,3,1,2,1
Bhaganti,26520.0,3,1,2,1
Mukhram Meena,26460.0,3,1,2,1
Snjana,26460.0,3,1,2,1
Chhoti,26460.0,3,1,2,1
MAHLA AUTO STORE,26438.0,2,1,2,1
Kavya tiles,26400.0,3,1,1,1
rakesh singh,26394.0,5,1,1,1
PARVATI DEVI,26345.0,5,2,2,2
kissan Bhatta maur kalan,26317.0,2,1,1,1
Satish Singh,26307.0,6,1,1,1
Pancham Singh,26307.0,6,1,1,1
Manoj Singh Negi,26307.0,6,1,1,1
Binda Devi,26307.0,6,1,1,1
Anita Devi,26307.0,6,1,1,1
Ruchi Neghi,26307.0,6,1,1,1
Manoj Singh Neghi,26307.0,6,1,1,1
Dhanveer Singh,26307.0,6,1,1,1
najar singh,26280.0,4,1,1,1
kuldeep singh,26280.0,4,1,1,1
balkar singh,26280.0,4,1,1,1
Wishwakarma Welding,26277.0,4,1,2,1
prem,26241.0,4,2,2,2
Sarabjit Singh,26152.0,1,1,1,1
ms vansh Brick kiln,26117.0,2,1,1,1
Nishu Gupta,26080.0,1,1,1,1
ASHWANI TRADING CO,26070.0,3,1,1,1
Parmjit Singh Massean,26000.0,1,1,1,1
M M Technologies,26000.0,1,1,1,1
Bajwa Boring And Hardware Store,26000.0,2,1,1,1
Talvir Singh so Sohan Singh,26000.0,1,1,1,1
NAJMA BANO,25935.0,5,1,1,1
SHYAM LAL,25935.0,3,1,1,1
ratanaram,25922.0,2,1,1,1
Naresh Kumar So Sohan Lal Mistery Rai Chak,25915.0,1,1,1,1
devendra kumar,25870.0,1,1,1,1
Subhash,25870.0,3,2,2,2
Surjeet singh,25856.0,2,1,1,1
Surat singh,25856.0,2,1,1,1
RADHEY KRISHAN TILES FOCAL POINT PATIALA,25842.0,3,1,1,1
KAVITA WO RAMCHARAN,25839.0,3,1,2,1
Dharmpal,25805.0,2,1,1,1
Heer Hardware Paint Store,25800.0,1,1,1,1
RATAN LAL GURJAR,25780.0,5,2,2,2
GARG SANITARY STORE,25710.0,3,1,1,1
KHAIRA CEMENT STORE,25698.0,3,1,1,1
RAMA TRADERS,25680.0,3,1,1,1
LACHHI,25650.0,3,1,1,1
KISHOR SINGH,25650.0,3,1,1,1
VIKRAM SINGH,25650.0,3,1,1,1
Seka devi,25650.0,3,1,1,1
RAGHUVEER SINGH,25650.0,6,1,1,1
GEETA,25650.0,3,1,1,1
KARTARAM,25650.0,3,1,1,1
Suman Devi,25650.0,3,1,1,1
BABI DEVI,25650.0,3,1,1,1
KARNARAM,25650.0,3,1,1,1
Sopu devi,25650.0,3,1,1,1
HP STATE CIVIL SUPPLY CORPORATION  LTD SHIMLA,25595.0,1,1,1,1
DIVYA INDUSTRIES,25584.0,1,1,1,1
DHAN GURU NANAK CEMENT SANITARY AND SHUTTRING STORE,25556.0,1,1,1,1
JASHANPREEET SINGH,25500.0,3,1,1,1
ramesh swami,25500.0,1,1,1,1
GURMIT SINGH,25350.0,3,1,2,1
RAJVEER MEENA,25350.0,3,1,2,1
MAHESH CHAND,25350.0,3,1,2,1
DANYAL MASIH,25350.0,3,1,2,1
BHEEM SINGH,25350.0,3,1,2,1
ANITA BISHT,25350.0,1,1,1,1
NIRAJ SINGH BISHT,25350.0,1,1,1,1
GURCHARANJIT SINGH,25350.0,3,1,2,1
Moharsingh,25350.0,3,1,2,1
SARBJIT SINGH,25350.0,3,1,2,1
NIRAJAN LAL,25350.0,3,1,2,1
chief medical and welfare officer jammu,25344.0,3,1,1,1
indrajeet,25320.0,2,1,1,1
Mittal Machinery store,25310.0,2,1,1,1
Ravina kanwar,25227.0,5,1,1,1
Krasni Devi,25200.0,2,1,1,1
LAXMAN LAL GURJAR,25200.0,3,1,1,1
CHAMAN LAL SON OF DARSHAN SINGH,25200.0,3,1,2,1
Jaspal9855924367,25200.0,1,1,1,1
MITHU LAL MENARIYA,25200.0,3,1,1,1
Dasmesh Traders Ghanauli,25200.0,1,1,1,1
Sushil,25200.0,3,1,1,1
HARBHAJAN SINGH SON OF PRITAM SINGH,25200.0,3,1,2,1
ABHISHEK,25126.0,5,2,3,2
SURJIT SINGH BKO,25098.0,1,1,1,1
KUNDAN STEELS,25098.0,3,1,1,1
RADHESHYAM,25090.0,7,2,2,2
HARVEER SINGH,25080.0,8,1,2,1
SHIVRATI WO SAHADEV,25056.0,3,1,2,1
RAMCHARAN SO SAHADEV BAMNE,25056.0,3,1,2,1
RAKESH BAMNE,25056.0,3,1,2,1
MP Lad Samirpur,25000.0,1,1,1,1
NEBHNANI STONE CRUSHER,25000.0,1,1,1,1
GRAM PANCHAYAT RICHHEDA,25000.0,1,1,1,1
HMS Medical System,24997.0,1,1,1,1
SATYNARAYAN,24970.0,7,1,1,1
TAHASILDAR SAHARPADA,24967.0,5,1,2,1
SUKHRAM EVANE,24960.0,3,1,2,1
KISHANLAL,24960.0,3,1,2,1
SHUNITA EVANE,24960.0,3,1,2,1
JAGDEEP KAUR MEHTON,24960.0,1,1,1,1
DISESH SINGH BISHT,24960.0,1,1,1,1
Daniel,24950.0,1,1,1,1
Om Steel,24947.0,2,1,1,1
Farid Building Material,24901.0,1,1,1,1
Sukhchain singh,24840.0,1,1,1,1
Urmila,24833.0,4,2,2,2
JANNAT,24795.0,3,1,1,1
Savitri,24795.0,6,1,2,1
GURDEV SINGH SO GULJARI,24794.0,1,1,1,1
Hemraj Bairwa,24750.0,3,1,1,1
Dhillon Hardware Store,24750.0,3,1,1,1
MUNISH TRADING CO,24735.0,6,1,1,1
Sukh Ram,24705.0,4,2,3,2
NEHA JAIN,24661.0,1,1,1,1
BASNTI DEVI,24570.0,1,1,1,1
ATUL PLYWOOD AND GLASS HOUSE,24544.0,1,1,1,1
vikesh Kumar,24486.0,3,1,1,1
Mohit Sharma,24486.0,3,1,1,1
Amar Bricks,24485.0,1,1,1,1
Ridhi Sidhi Paint Traders,24449.0,1,1,1,1
Munni Devi,24420.0,4,2,2,2
J S TRADING,24389.0,1,1,1,1
SHIV LAL,24375.0,7,2,2,2
antri devi,24354.0,6,1,1,1
Block Development Officer Royalty,24274.0,1,1,1,1
SACHIV SO SAHADEV BAMNE,24273.0,3,1,2,1
SAHADEV BAMNE SO FAGU BAMNE,24273.0,3,1,2,1
TAHASILDAR BAHALDA,24255.0,3,1,2,1
M J Cement Store and Building Material,24254.0,1,1,1,1
SHWETA NEGI,24240.0,1,1,1,1
RAJKUMAR,24240.0,3,1,1,1
SONALI,24240.0,1,1,1,1
RAHUL MAURYA,24240.0,1,1,1,1
KOMAL,24240.0,1,1,1,1
OM RAWAT,24240.0,1,1,1,1
TAJ TRADING COMPANY,24221.0,3,1,1,1
DAYA ENTERPRISES,24209.0,1,1,1,1
MARUTI TRADERS,24180.0,1,1,1,1
Bansal Hardware and cement store,24072.0,2,1,1,1
RAMESHWARI,24050.0,2,1,2,1
KAPOOR MILL STORE,24000.0,3,1,2,1
Fateh Agro Works,24000.0,2,1,1,1
ms Ghuman Cement Store,24000.0,1,1,1,1
SATPAL YADAV,24000.0,3,1,1,1
Budh Singh son of Sarwan Singh,24000.0,3,1,2,1
Satwinder Singh so Bhag Singh,24000.0,3,1,2,1
Parkesh Chand,24000.0,1,1,1,1
LAKHVIR SINGH,24000.0,3,1,1,1
kajod mal yadav,24000.0,3,1,1,1
SUMAN,23970.0,6,3,3,3
durga kanwar,23940.0,6,1,1,1
santosh devi,23940.0,6,1,1,1
ratan,23940.0,6,1,1,1
SONU,23922.0,3,1,1,1
Mani UPVC Window and Doors,23894.0,2,1,2,1
Ramswroop kumawat,23800.0,2,1,1,1
kishor kumar,23800.0,2,1,1,1
DHIRASINGH,23800.0,2,1,1,1
suwa lal meena,23800.0,2,1,1,1
SINGLA SANITARY STORE,23796.0,1,1,1,1
KALI DEVI,23772.0,4,1,1,1
JAGTAR SINGH MISTRI,23700.0,3,1,1,1
New Dashmesh Soap Factory,23625.0,6,1,1,1
KHALSA ENGINEERS ANF ASSOCIATES,23600.0,2,1,1,1
JINDAL CONSULTANTS,23600.0,1,1,1,1
REKHA BHATT,23568.0,2,1,1,1
village panchayat jamaalpur,23565.0,3,1,1,1
Vyas photocopy and stationers,23508.0,3,1,1,1
SHESHRAO GENDU PATWARI,23490.0,3,1,2,1
SACHIN SO JAGDISH CHAUHAN,23490.0,3,1,2,1
JAGADISH SO AJIT CHOUHAN,23490.0,3,1,2,1
SEEMA NAULA,23424.0,2,1,1,1
jagdish singh,23424.0,2,1,1,1
PARMESHVAR LAL SARAN,23400.0,2,1,1,1
Kishni,23400.0,1,1,1,1
NARAYAN SINGH RAWAT,23400.0,1,1,1,1
Hanuman,23400.0,1,1,1,1
MANISHA,23400.0,3,1,2,1
Mahendra Kumar,23400.0,2,1,1,1
Nizam Khan,23400.0,2,1,1,1
Keshar Dev,23400.0,1,1,1,1
BHAJANLAL,23400.0,3,1,2,1
Punam,23400.0,1,1,1,1
Laxman Nath,23400.0,2,1,1,1
MAHESH SARAN,23400.0,2,1,1,1
Meetu Ram,23400.0,1,1,1,1
Pramod Meghwal,23400.0,1,1,1,1
Javed Khan,23400.0,1,1,1,1
Ramdas,23400.0,3,1,2,1
SANWAR MAL,23400.0,1,1,1,1
Bhanwar Lal,23400.0,1,1,1,1
SAINA,23400.0,6,1,1,1
DHARM PAL,23400.0,2,1,1,1
Nasarin Bano,23400.0,1,1,1,1
SANGEETA PARTE,23400.0,3,1,2,1
RAISA,23400.0,6,1,1,1
RABIYA,23400.0,6,1,1,1
JAYVARDHAN SINGH,23400.0,2,1,1,1
SITARAM RAIGAR,23400.0,2,1,1,1
Rameshwar Prasad,23400.0,3,1,2,1
Nekram,23400.0,3,1,2,1
JAGDISH CHAND,23400.0,1,1,1,1
Lal Chand Meghwal,23400.0,1,1,1,1
Hariom,23400.0,2,1,1,1
Gaurav Kapil,23373.0,3,1,1,1
Navesh Kapil,23373.0,3,1,1,1
imarati devi,23370.0,5,1,1,1
MAHAVEER KISHANLAL,23361.0,2,1,1,1
RAMDHAN CHOTU,23361.0,2,1,1,1
rahul omprkash,23361.0,2,1,1,1
KAILASH MANGLA,23361.0,2,1,1,1
Sukhminderjit Singh,23310.0,1,1,1,1
The Hind Samachar Ltd,23241.0,18,1,1,1
BHADUR SINGH,23230.0,1,1,1,1
VIMALA DEVI,23193.0,2,2,2,2
DESHRAJ,23166.0,6,1,1,1
VAKIL,23166.0,3,1,1,1
KULDEEP,23166.0,3,1,1,1
mukesh chagan choudhary,23166.0,3,1,1,1
keshar singh,23166.0,4,1,1,1
jayram rodu,23166.0,3,1,1,1
SONU CHOUDHARY,23166.0,6,1,1,1
bopal singh bairu lal,23166.0,3,1,1,1
ramsing kisanlal jat,23166.0,3,1,1,1
RAMLAL CHOTU,23166.0,3,1,1,1
MADAN LAL BAJDOLYA,23166.0,6,1,1,1
JEBUNA,23166.0,6,1,1,1
ramratan ramnath,23166.0,3,1,1,1
kamala tetu,23166.0,3,1,1,1
Kamala,23166.0,6,1,1,1
SAWARLAL BHAWARLAL,23166.0,3,1,1,1
manju ramsingh jat,23166.0,3,1,1,1
VIG ELECTRICAL AND ELECTRONICS,23145.0,3,1,1,1
Shobharam jat,23140.0,1,1,1,1
Braj Kishor,23100.0,3,1,2,1
Shailendra singh,23100.0,3,1,2,1
Sukaram,23100.0,3,1,2,1
ramkishor,23100.0,3,1,2,1
HARSHIT,23100.0,3,1,1,1
SUDI DEVI,23085.0,3,1,1,1
BHERU,23085.0,3,1,1,1
LAXMAN,23085.0,3,1,1,1
SHANKAR,23085.0,3,1,1,1
DHAPI,23085.0,3,1,1,1
KULDEEP WELDING AND TRACTOR WORKSHOP,23035.0,1,1,1,1
BHAVANA TELI,22950.0,6,1,1,1
Gurpreet Steel Seetring store,22940.0,1,1,1,1
laxmi,22890.0,3,1,1,1
DEVI RANAWAT,22890.0,3,1,1,1
HARKU GADRI,22890.0,3,1,1,1
Rajnish Hardware Store,22865.0,1,1,1,1
ARORA PAINT STORE,22850.0,1,1,1,1
bharat marbles,22841.0,1,1,1,1
HARIKRISHAN TILES,22800.0,2,1,2,1
Bhuwan Chandra,22800.0,2,1,1,1
ramesh kumar,22775.0,4,2,2,2
prakash chandra arya,22725.0,2,1,1,1
VANDANA BAMNE DO JOGILAL,22707.0,3,1,2,1
Shere Punjab Trading Co,22656.0,1,1,1,1
PEPI KUNWAR,22620.0,3,1,1,1
Sunita,22554.0,6,1,2,1
Sumit Iron Store,22550.0,1,1,1,1
Ms Ajmer Paul Singh BKO,22500.0,1,1,1,1
Shubham Singh Goud,22500.0,1,1,1,1
ACHALA RAM,22500.0,1,1,1,1
PAWAN KUMAR MEENA,22500.0,5,1,1,1
SHRAWAN REGAR,22500.0,1,1,1,1
Manoj kumar,22500.0,1,1,1,1
SURJIT ENTERPRISES,22450.0,4,1,1,1
Seema devi,22450.0,4,2,2,2
Jeetendra Singh,22428.0,6,1,2,1
Lakhvir Singh,22360.0,1,1,1,1
Sarda Bairwa,22275.0,6,1,1,1
kanchan,22275.0,6,1,1,1
CHNTA DEVI,22275.0,3,1,1,1
RASHAL DEVI,22275.0,3,1,1,1
SHERU,22275.0,3,1,1,1
CHOTI,22275.0,3,1,1,1
SINTU,22275.0,3,1,1,1
KESAR,22275.0,3,1,1,1
CHHAGANI,22275.0,3,1,1,1
JHANA DEVI,22275.0,3,1,1,1
Suraj Karan,22275.0,3,1,1,1
Prabhleen Enterprises,22250.0,1,1,1,1
Bhanwari devi,22230.0,3,1,1,1
Purkha Ram,22230.0,3,1,1,1
gaytri,22230.0,3,1,1,1
Guddi Banu,22230.0,2,1,1,1
parmeshwar lal,22230.0,3,1,1,1
AFROJA,22230.0,3,1,1,1
MEERA DEVI,22230.0,5,2,2,2
Amar singh,22230.0,3,1,1,1
rasal kanwar,22230.0,3,1,1,1
Santosh Kanwar,22230.0,3,1,1,1
DILIP KUMAR,22230.0,6,1,1,1
Ankit,22230.0,3,1,1,1
panna,22230.0,3,1,1,1
MAMTA,22230.0,7,2,3,2
Surji,22230.0,3,1,1,1
GEETA KANWAR,22230.0,3,1,1,1
SUMAN KANWAR,22230.0,3,1,1,1
Bimal Devi,22230.0,3,1,1,1
NENA RAM,22230.0,6,1,1,1
Maina devi,22230.0,3,1,1,1
R SS CEMENT STORE,22200.0,1,1,1,1
PRUTHVIRAJ GURJAR,22125.0,1,1,1,1
MAMTA GURJAR,22125.0,1,1,1,1
CHUKI DEVI,22125.0,1,1,1,1
PRITHVIPAL SINGH,22102.0,2,1,1,1
GYANDEEP SINGH,22102.0,2,1,1,1
SANVALA RAM,22074.0,3,1,1,1
MATHRA DEVI,22074.0,3,1,1,1
Girdhari Ram,22074.0,3,1,1,1
MUNGA RAM,22074.0,3,1,1,1
DARIYA DEVI,22074.0,3,1,1,1
Vadana Devi,22074.0,3,1,1,1
NARINGA RAM,22074.0,3,1,1,1
ANDI DEVI,22074.0,3,1,1,1
Chamna Ram,22074.0,3,1,1,1
Kaptan Singh,22071.0,6,1,2,2
POOJA KANWAR,22068.0,3,1,1,1
ASHISH KUMAR JAISWAL,22050.0,1,1,1,1
Tarlochan Ram Massn,22000.0,1,1,1,1
HEERA,21996.0,3,1,1,1
PRITHVI RAJ,21975.0,3,1,1,1
BALRAM,21960.0,6,2,2,2
Clearway Enterprises,21958.0,1,1,1,1
PUNJAB IRON STORE,21902.0,1,1,1,1
BAWA CEMENT STORE,21900.0,6,1,1,1
NIRANA RAM,21900.0,1,1,1,1
HEMA,21807.0,6,2,2,2
MS NIMA ENTERPRISES,21771.0,1,1,1,1
LAKHA SINGH,21735.0,3,1,1,1
Jagdish,21684.0,6,2,3,2
Narendra kumar,21660.0,2,1,1,1
DROPTI,21660.0,2,1,1,1
RUKMANI,21660.0,2,1,1,1
NIRMLA,21660.0,2,1,1,1
Sumer devi,21660.0,2,1,1,1
MUKESH KUMAR MEENA,21610.0,4,2,2,2
RIDHI CHOPRA,21600.0,3,1,1,1
JAI SHARDHA TRADERS,21600.0,2,1,2,1
RANI,21600.0,3,1,1,1
Ajay kumar,21600.0,3,1,1,1
SHINGARA SINGH,21600.0,3,1,2,1
SURESH NATH,21580.0,4,1,1,1
MEENA,21465.0,3,1,1,1
ASHA,21465.0,3,1,1,1
MANGI,21465.0,3,1,1,1
PAREM DEVI,21465.0,3,1,1,1
SHANKARI BAI,21465.0,3,1,1,1
MANJU BAIRWA,21465.0,3,1,1,1
SHUSHILA DEVI,21465.0,3,1,1,1
MOHAN,21465.0,3,1,1,1
RADHA,21465.0,3,1,1,1
BALI,21465.0,3,1,1,1
DURGA LAL JAAT,21375.0,3,1,1,1
mafa ram,21375.0,6,1,1,1
USMAAN GHANI,21375.0,3,1,1,1
ashok,21375.0,6,1,1,1
SHARIPH KHAN,21375.0,3,1,2,1
amba lal jaat,21375.0,3,1,1,1
TAAYRA BEGAM,21375.0,3,1,1,1
mula ram,21375.0,6,1,1,1
SANT RAM,21375.0,3,1,2,1
UDI DEVI,21375.0,3,1,1,1
MANBHAR DEVI,21375.0,3,1,1,1
HARADAYAL,21375.0,3,1,2,1
ranu singh,21375.0,6,1,1,1
movan devi,21375.0,6,1,1,1
KHUSHIRAM,21325.0,3,1,1,2
Gurmukh Singh Thekedar,21250.0,1,1,1,1
DEEP SIDHU TRADING COMPANY,21240.0,1,1,1,1
KALURAM JAT,21240.0,1,1,1,1
Rekha Devi,21216.0,6,1,2,1
ASMAT BB,21201.0,1,1,1,1
Gurjant Singh,21170.0,1,1,1,1
SUNDAR DEVI,21150.0,3,1,1,1
BABITA KANWAR GAUR,21138.0,3,1,1,1
Malkota cement store kartoli,21120.0,3,1,2,1
Ishwar singh Jantwal,21103.0,1,1,1,1
BABU LAL TELI,21060.0,6,1,1,1
KANAHIYA,21060.0,3,1,2,1
bikramjit singh,21060.0,3,1,1,1
SANGEETA DHURVE,21060.0,3,1,2,1
Ms Krishan Kumar BKO,21000.0,1,1,1,1
MS SHIV SHAKTI BRICK IND,21000.0,3,1,2,1
BHIMA SINGH SO NIRMAL SINGH,21000.0,3,1,1,1
Sohal Fabricators and Engg Works,21000.0,1,1,1,1
sweeti tomar,21000.0,3,1,1,1
GOPAL PUROHIT,21000.0,3,1,1,1
MS Dhir Brick Industry Dasuya,21000.0,3,1,2,1
GENNEXT SOLUTIONS,21000.0,3,1,2,1
AGGARWAL TRADERS,21000.0,3,1,1,1
BABA DAYA SINGH BKO,21000.0,1,1,1,1
GURU RAMDASS BRICKS CO,21000.0,1,1,1,1
satish Kumar,21000.0,1,1,1,1
lovely electricals,21000.0,3,1,2,1
Ms Hans raj Brick kiln Owners,21000.0,1,1,1,1
Karmveer,20970.0,4,2,3,2
BALVIR SINGH SIDHU,20910.0,3,1,1,1
Jagjit Publishing,20895.0,7,1,1,1
Rajendra singh,20878.0,4,2,3,2
AVTAR TREADING COMPANY,20850.0,1,1,1,1
ramprasad gurjar,20835.0,3,1,1,1
satyanarayan pareek,20800.0,1,1,1,1
Kalyanmal gurjar,20800.0,1,1,1,1
babu lal,20800.0,2,1,1,1
LALURAM,20800.0,1,1,1,1
SUKHA,20800.0,1,1,1,1
Mahavir Prasad,20800.0,2,1,1,1
Dungar Ram,20800.0,2,1,1,1
Maya Devi,20759.0,6,2,3,2
Sohal traders,20700.0,1,1,1,1
Ashok Kumar Gupta,20664.0,2,1,1,1
Executive Engineer Public Health Works Division Morbi,20662.0,1,1,1,1
SONA,20655.0,4,1,1,1
Nandan singh,20654.0,1,1,1,1
RAJBALA,20646.0,4,2,2,2
ROHITASH,20600.0,4,2,3,2
Madhu,20568.0,2,2,2,2
Shri Durga Bhatta Company,20550.0,1,1,1,1
Jaidevi,20520.0,3,1,1,1
Krishna,20520.0,3,1,1,1
VK KRISHANA BROTHERS,20500.0,1,1,1,1
DHARA,20493.0,3,1,1,1
TULSI DEVI,20493.0,3,1,1,1
SAROJ DEVI,20493.0,3,1,1,1
SHARDA DEVI,20493.0,3,1,1,1
bhairu lal,20493.0,3,1,1,1
BHANWARI DEVI,20493.0,3,1,1,1
BDO LATHIKATA,20482.0,1,1,1,1
umeed singh,20455.0,1,1,1,1
TARA DEVI,20435.0,6,2,3,2
MEHAR SINGH AND SONS,20350.0,1,1,1,1
sushma devi,20349.0,1,1,1,1
R K Darshan Electric Store,20315.0,1,1,1,1
Rup Lal,20250.0,1,1,1,1
Rinku Meena,20250.0,3,1,2,1
Sunil Sahu,20250.0,3,1,2,1
Prahalad Rebari,20250.0,1,1,1,1
BABITA KANWAR,20202.0,2,1,1,1
RESHMI,20202.0,2,1,1,1
Yudhvir Singh Negi,20160.0,2,1,1,1
Rameshwar Lal,20150.0,2,1,2,1
NANDKISHOR DHAKA,20150.0,2,1,2,1
Jagsir Singh,20128.0,2,1,1,1
MUNICIPAL COUNCIL GADARWARA,20124.0,1,1,1,1
Krishan singh,20000.0,1,1,1,1
ASHOK KUMAR RATHORE,20000.0,3,1,1,1
ATHULYA BOOKS,20000.0,1,1,1,1
Bhart kumar sharma,20000.0,1,1,1,1
SETHI RADIOS,20000.0,1,1,1,1
sangeeta arya,19950.0,1,1,1,1
AAsha,19950.0,1,1,1,1
bhagwati suyal,19950.0,1,1,1,1
jagdish mali,19875.0,3,1,1,1
ratan lal khati,19875.0,3,1,1,1
prabhu lal gurjar,19875.0,3,1,1,1
bhoma ram gurjar,19875.0,3,1,1,1
ramti devi,19875.0,3,1,1,1
BANWARI LAL,19851.0,4,2,2,2
Prem Vati,19842.0,6,1,2,1
Kabuli Devi,19800.0,6,1,2,1
AMANDEEP SHUTTERS MANSA,19782.0,1,1,1,1
amrik singh,19710.0,3,1,1,1
billu singh,19710.0,3,1,1,1
hargobind singh,19710.0,3,1,1,1
GEETA RAWAT,19695.0,1,1,1,1
suresh kumar meghwal,19665.0,3,1,1,1
ROMANA MACHENICAL,19650.0,3,1,1,1
Indu Hardware,19598.0,1,1,1,1
DEVRAI,19584.0,3,1,1,1
AZAD,19584.0,3,1,1,1
RAJMAL,19584.0,3,1,1,1
REKHA KHAROL,19584.0,3,1,1,1
BADRI GURJAR,19584.0,3,1,1,1
PUSPA,19584.0,3,1,1,1
PRAKASH KHAROL,19584.0,3,1,1,1
RAJMAL MALI,19526.0,1,1,1,1
SUBHASH SINGH KACHAAVA,19526.0,1,1,1,1
MITHU LAL,19526.0,1,1,1,1
bhanwar singh kajla,19500.0,2,1,1,1
SAGAR MAL,19500.0,2,1,1,1
Nandu,19500.0,3,1,1,1
pyarchand,19500.0,1,1,1,1
madhulal,19500.0,1,1,1,1
Khalild ahmad,19500.0,5,1,1,1
bhagchand,19500.0,1,1,1,1
BABU RAM VINOD KUMAR,19500.0,1,1,1,1
LEHRU LAL VYAS,19500.0,1,1,1,1
RATAN KUMAWAT,19500.0,1,1,1,1
Predeep Kumar,19500.0,1,1,1,1
Parbhu Lal Khatik,19500.0,1,1,1,1
Hem Singh,19500.0,2,1,1,1
ARJUN GURJAR,19500.0,1,1,1,1
LILMA,19500.0,3,1,2,1
RAHIMA KHATUN,19500.0,5,1,1,1
VIJAY KAROCHE,19500.0,3,1,2,1
Ramsukh ojha,19500.0,1,1,1,1
GHASIRAM,19500.0,1,1,1,1
Prabhudayal ojha,19500.0,1,1,1,1
ROSHAN LAL KUMAWAT,19500.0,1,1,1,1
ROSHAN GURJAR,19500.0,1,1,1,1
prabhulal,19500.0,1,1,1,1
rajesh kumar,19500.0,1,1,1,1
Rajpal,19500.0,1,1,1,1
Rahul Dev,19425.0,1,1,1,1
Sandeep,19410.0,4,1,1,1
SAROJ BHATT,19398.0,2,1,1,1
MAMTA BHATT,19398.0,2,1,1,1
Sher singh,19392.0,2,1,1,1
Karamjeet Kaur,19274.0,2,1,1,1
SUNITA SHARMA,19269.0,6,1,2,1
Anita,19201.0,3,2,2,2
RAMAN KUMAR,19200.0,3,1,1,1
HARDEEEP SINGH,19200.0,3,1,1,1
Sawaran Singh 93735,19200.0,3,1,2,1
SURENDRA KUMAR SAINI,19200.0,3,1,1,1
RIYAS ALI,19190.0,1,1,1,1
KHUSHBU TELI,19125.0,3,1,1,1
GIRDHAR KUMAR PAREEK,19125.0,3,1,1,1
BHAVESH TELI,19125.0,3,1,1,1
MANOJ KUMAR PAREEK,19125.0,3,1,1,1
KUSAM PAREEK,19125.0,3,1,1,1
LALITA,19095.0,7,2,3,3
KS cement store,19020.0,1,1,1,1
Rajendr Singh,19000.0,2,1,1,1
Priyanka,18915.0,4,2,2,2
laxman lal ahir,18900.0,3,1,1,1
Sunny Chaudhary Labour 93735,18900.0,3,1,2,1
Samay Singh,18900.0,3,1,2,1
Gabbar singh,18900.0,3,1,2,1
Umesh Singh,18900.0,3,1,2,1
rajnedra singh,18900.0,1,1,1,1
Tarachand,18900.0,3,1,2,1
Amandeep singh,18900.0,1,1,1,1
BHOLE SHANKAR DECORS,18880.0,2,1,1,1
LABH SINGH,18855.0,3,1,1,1
MAHINDER SINGH,18855.0,3,1,1,1
CHYANAN,18825.0,2,1,1,1
RAMESH CHAND,18810.0,6,1,2,1
MAHENDRA BUNKAR,18810.0,3,1,1,1
SHAKUNTALA,18810.0,6,1,2,1
PARTO JATAV,18810.0,6,1,2,1
BHAGWAN SAHAY,18810.0,3,1,1,1
TIPU DEVI,18810.0,3,1,1,1
VIMLESH,18810.0,6,1,2,1
UMASHANKAR SAIN,18810.0,3,1,1,1
CHHOTELAL,18810.0,3,1,1,1
TARACHAND VERMA,18810.0,3,1,1,1
SAVITA DEVI,18810.0,3,1,1,1
RAMOTAR MEENA,18810.0,3,1,1,1
PREMLATA,18810.0,6,1,2,1
MANOJ KUMHAR,18810.0,3,1,1,1
KALI DEVI MEENA,18810.0,3,1,1,1
Geeta,18770.0,4,2,3,2
Rajni,18770.0,4,2,3,2
NAVIN CHANDRA,18766.0,4,1,1,1
Babaljeet Majri New,18756.0,1,1,1,1
AMBEY BRICKS KAMALU,18739.0,1,1,1,1
PARMI KAROCHE,18720.0,3,1,2,1
Tarsem Kaur SBI,18700.0,1,1,1,1
MOTI JOSHI,18642.0,3,1,1,1
HITESH SUTHAR,18642.0,3,1,1,1
DEEPAK KUMAR,18642.0,3,1,1,1
RAJDEEP SINGH,18642.0,3,1,1,1
BHANU PRATAP,18642.0,3,1,1,1
SIDDARTH CHOUDHARY,18642.0,3,1,1,1
RAJVEER SINGH,18642.0,3,1,1,1
Guru Bulding Material Berchha,18600.0,3,1,2,1
Rajan Magar,18600.0,1,1,1,1
Kashi Ram,18600.0,1,1,1,1
GYARSI DEVI,18585.0,1,1,1,1
govind singh,18570.0,2,2,2,2
SURAJ MEHTA,18564.0,1,1,1,1
JAGDISH SINGH BISHT,18564.0,1,1,1,1
NIMRAT INTERLOCK TAILES,18550.0,1,1,1,1
Birdi devi,18525.0,3,1,1,1
radheshyam,18525.0,6,2,2,2
Hema Ram,18525.0,3,1,1,1
Saroj,18525.0,2,2,2,2
Vimla,18525.0,3,1,1,1
Kishori Saini,18525.0,5,1,2,1
Sundar Devi,18525.0,3,1,1,1
NARENDRA SINGH CHUNDAWAT,18500.0,3,1,1,1
KRISHNA STEEL,18450.0,1,1,1,1
Shree Balaji Cement Store,18450.0,1,1,1,1
govind sharma,18400.0,1,1,1,1
PUSHPA DEVI,18387.0,3,2,2,2
TEJ SINGH,18375.0,1,1,1,1
nitin jantwal,18354.0,1,1,1,1
sumit jantwal,18354.0,1,1,1,1
jeewanti devi,18354.0,1,1,1,1
Lata arya,18354.0,1,1,1,1
Additional Charge,18285.0,1,1,1,1
Pooja,18283.0,4,2,2,2
Tej singh and sons,18220.0,4,1,1,1
BADALI KANWAR,18210.0,2,1,1,1
sultan sk,18200.0,2,1,1,1
Karanveer Singh,18200.0,2,1,1,1
Nana lal,18200.0,2,1,1,1
Md Samiul sk,18200.0,2,1,1,1
AJAHASAD SK,18200.0,2,1,1,1
md josim,18200.0,2,1,1,1
JODH RAM DHOBHAL,18200.0,4,1,1,1
Sumaran sk,18200.0,2,1,1,1
Deepak yadav,18200.0,2,1,1,1
Vishnu Kumar meghwal,18200.0,2,1,1,1
Ratan lal,18200.0,2,1,1,1
CT Industries,18020.0,1,1,1,1
Satpal Singh Massn,18000.0,1,1,1,1
Prince Saini,18000.0,3,1,2,1
PRABHU DAYAL,18000.0,2,1,1,1
Wishavkarma,18000.0,1,1,1,1
Gupta machinery Store,18000.0,1,1,1,1
Bhagvan Singh Savner,18000.0,1,1,1,1
Zubair Fayaz Wani,18000.0,4,1,1,1
Verna Sports,18000.0,1,1,1,1
Hemkunad Scintific,18000.0,1,1,1,1
MANPREET SINGH,18000.0,3,1,1,1
RAMLAL SWAMI,18000.0,1,1,1,1
Hemant singh,17960.0,1,1,1,1
USHA DEVI,17955.0,3,1,1,1
SANAGA DEVI,17955.0,3,1,1,1
BASI DEVI,17955.0,3,1,1,1
SUJI DEVI,17955.0,3,1,1,1
SONAKI DEVI,17955.0,3,1,1,1
suraj paladiya,17955.0,1,1,1,1
NIRMALA JOSHI,17934.0,1,1,1,1
VIVEK JOSHI,17934.0,1,1,1,1
AMAN TRADERS,17880.0,3,1,1,1
BHAWAN SINGH,17876.0,1,1,1,1
sarfraz khan,17850.0,1,1,1,1
FARAJ KHAN,17850.0,1,1,1,1
Lamba Cement and Iron Store Ghanauli,17850.0,1,1,1,1
RAJESH BISHT,17850.0,1,1,1,1
Bahadur Singh Labour 93735,17850.0,3,1,2,1
MOHANI BAI,17820.0,6,1,1,1
devendra mehra,17675.0,1,1,1,1
S K faruki welding and fabrication works,17634.0,3,1,1,1
TULASIRAM BAIRWA,17595.0,3,1,1,1
mahesh,17568.0,1,1,1,1
Babita Joshi,17556.0,1,1,1,1
HARISH CHANDRA AGRWAL,17556.0,1,1,1,1
Krishna Devi,17556.0,1,1,1,1
Chandra Devi,17556.0,1,1,1,1
Balliram,17550.0,3,1,2,1
MANDVI MACHINERY STORE,17550.0,3,1,1,1
PARVEEN CEMENT STORE,17550.0,3,1,1,1
Krimta Devi,17509.0,1,1,1,1
KALRA BROS TRADING CO,17500.0,1,1,1,1
ms goyal company BKO bhikampur,17500.0,1,1,1,1
Inderpal Singh,17500.0,3,1,1,1
MADAN LAL BHIL,17500.0,2,1,1,1
ms goyal  company BKO bhikampur,17500.0,1,1,1,1
KINOD KUMAR,17400.0,3,1,1,1
navin chandra bhatt,17290.0,1,1,1,1
SHATISH CHANDRA BHATT,17290.0,1,1,1,1
balkishan bhatt,17290.0,1,1,1,1
JAGDISH PRASHAD,17250.0,2,1,1,1
Manohar Bhat,17250.0,1,1,1,1
SUMIT KUMAR,17250.0,2,1,1,1
JAYPAL,17250.0,2,1,1,1
RAMKARAN,17250.0,2,1,1,1
Mukesh Bhat,17250.0,1,1,1,1
Sukhdev  singh,17179.0,1,1,1,1
harjinder Singh,17172.0,3,1,1,1
bhuvendra singh,17170.0,1,1,1,1
DALU PRAJAPATI,17160.0,3,1,1,1
MAHENDRA GADRI,17160.0,3,1,1,1
MAHAVEER GADRI,17160.0,3,1,1,1
RAJU VAISHNAV,17160.0,3,1,1,1
AADRAM PRAJAPAT,17160.0,3,1,1,1
BADRI LAL GADRI,17160.0,3,1,1,1
GS Building Material Store,17150.0,1,1,1,1
BDO,17110.0,2,1,1,1
JOGENDER,17100.0,3,1,2,1
NARYAN,17100.0,3,1,1,1
MANOJ GURJAR,17100.0,3,1,1,1
CHOTE LAL,17050.0,2,1,1,2
MOHIT STEEL MANUFACTURING,17038.0,1,1,1,1
Ratan jat,17030.0,1,1,1,1
TIRUPATI ASSOCIATES,17010.0,1,1,1,1
Darshan lal and brothers,17000.0,1,1,1,1
jain iron store,16997.0,1,1,1,1
ASHOK CEMENT AND IRON STORE,16990.0,1,1,1,1
Sita kalbeliya,16900.0,3,1,1,1
giga devi,16900.0,2,1,2,1
Janki,16900.0,2,1,2,1
MD FAHAN RAJA,16900.0,3,1,1,1
Surendra singh chundawat,16900.0,3,1,1,1
Haralal Ram,16900.0,2,1,2,1
Raju kalbeliya,16900.0,3,1,1,1
jyoti mehra,16836.0,1,1,1,1
janki devi,16836.0,1,1,1,1
Rakesh Kumar Saini,16800.0,4,1,2,1
Pawan Kumar Labour 93735,16800.0,3,1,2,1
Lal Singh Labour 93735,16800.0,3,1,2,1
MANOJ SINGH,16800.0,1,1,1,1
GEETA DEVI SAINI,16800.0,4,1,2,1
Kuldeep labor 93735,16800.0,3,1,2,1
Aman Kumar Labour Bhambot patti,16800.0,3,1,2,1
Tersem Lal labour 93735,16800.0,3,1,2,1
BALAJI BRICKS INDUSTRIES,16800.0,2,1,1,1
Saroj Devi,16800.0,4,1,2,1
NARAYAN LAL MENARIYA,16800.0,3,1,1,1
Kirodi Lal Meena,16800.0,4,1,2,1
Dharam singh saini,16800.0,4,1,2,1
Khem Chand Bairwa,16800.0,4,1,2,1
Bhuwan Chandra Arya,16775.0,2,1,1,1
Sandeep Kumar,16775.0,2,1,1,1
Mahaveer,16735.0,2,1,1,1
RAVI CHANDRA BHUDHANI,16665.0,1,1,1,1
JASPAL,16665.0,1,1,1,1
Kanhaiya,16605.0,4,1,2,2
Jangra Construction Co,16590.0,2,1,1,1
Radha kuriya,16536.0,1,1,1,1
kamala kuriya,16536.0,1,1,1,1
Jaswant Singh,16506.0,1,1,1,1
Dipak Khatik,16500.0,1,1,1,1
JASBIR SINGH AND SONS,16500.0,3,1,1,1
MEHARCHAND,16500.0,2,1,1,1
YOGESH SINGH,16470.0,1,1,1,1
HIMASNHU BISHT,16470.0,1,1,1,1
PREMA DEVI,16470.0,1,1,1,1
ANITA PANDEY,16470.0,1,1,1,1
MAHENDER SINGH,16469.0,1,1,1,1
Bhupesh Kumar,16469.0,1,1,1,1
Govind Singh,16469.0,1,1,1,1
Kiran Prabha,16469.0,1,1,1,1
Jag Mohan Singh,16469.0,1,1,1,1
Santosh Kumari,16469.0,1,1,1,1
Reeta,16469.0,1,1,1,1
RESHAB NEGI,16469.0,1,1,1,1
ROBHI,16469.0,1,1,1,1
GOURAV SINGH,16448.0,2,1,1,1
NEKRAM,16380.0,3,1,2,1
CHANDAN SINGH BISHT,16380.0,1,1,1,1
LEELA BISHT,16380.0,1,1,1,1
PRATAP SINGH BISHT,16380.0,1,1,1,1
GAJEWAS HARDWARE AND PAINT STORE,16359.0,6,1,1,1
SAMPAT SALVI,16320.0,3,1,1,1
virdh singh,16272.0,5,1,1,1
DEDUCTION ACCOUNT,16255.0,5,1,1,1
GIRDHARI LAL,16245.0,3,1,2,1
elachi,16245.0,6,1,1,1
Pawan Jindal,16221.0,3,1,1,1
Aggarwal Sanitary Store,16201.0,1,1,1,1
Abbas Khan,16200.0,6,1,2,1
Saeed Anwar,16200.0,6,1,2,1
Kumari Laksmi,16200.0,3,1,1,1
Rinu Devi,16200.0,3,1,1,1
Saini Trading Company,16200.0,3,1,1,1
Leela Devi,16195.0,4,1,1,1
PANKAJ MEHRA,16160.0,1,1,1,1
Karam Singh,16160.0,1,1,1,1
Kirpal singh,16128.0,2,1,1,1
Karan singh,16128.0,2,1,1,1
Lavjeet singh panu,16128.0,2,1,1,1
Lavpreet singh,16128.0,2,1,1,1
Dilbag singh,16128.0,2,1,1,1
Ramesh Singh,16112.0,1,1,1,1
Mohit Joshi,16112.0,1,1,1,1
Bhupal Singh,16112.0,1,1,1,1
NIRMAL JOSHI,16104.0,1,1,1,1
AVTAR SINGH,16100.0,5,1,1,1
Balram Singh Mehrowal,16000.0,1,1,1,1
Parveen kumar,16000.0,2,1,1,1
Balmukand Vaishanv,16000.0,1,1,1,1
vishwakarma Surting Store,16000.0,1,1,1,1
MEESHRI DEVI,15960.0,5,1,1,1
navratan,15960.0,4,1,1,1
NILAM DEVI,15960.0,5,1,1,1
VIJAY SINGH MEENA,15960.0,5,1,1,1
Contigency BDO Champua,15956.0,6,1,2,1
sharma sanitations,15940.0,1,1,1,1
SHANTA DEVI,15900.0,3,1,1,1
SANJU BAISHNAV,15900.0,3,1,1,1
MITTAL HARDWARE AND PAINT STORE,15771.0,4,1,1,1
MAYA JAT,15765.0,5,1,1,2
jaswanth singh,15756.0,1,1,1,1
GODHAN,15756.0,1,1,1,1
MAHAVEER TELI,15750.0,3,1,1,1
Bhoovan chandra,15715.0,1,1,1,1
PREM BAI,15690.0,2,2,2,2
MANDEEP,15660.0,2,2,2,2
Sarti,15600.0,3,1,1,1
Rakesh Kaur Massn,15600.0,1,1,1,1
Rajbala,15600.0,3,1,1,1
Anku,15600.0,3,1,1,1
KAILASH PURI,15600.0,1,1,1,1
HIMMAT,15600.0,1,1,1,1
Sarabjit Heer,15600.0,1,1,1,1
Bhagat Singh Building Material Store,15600.0,1,1,1,1
Chandi bai,15600.0,4,1,1,1
Dalpat Kumar,15580.0,2,1,1,1
ROHIT,15561.0,1,1,1,1
harveer,15525.0,2,1,1,1
Gyan Singh,15444.0,2,1,1,1
KANHAIYA LAL MALI,15444.0,4,1,1,1
Seeta Devi,15444.0,2,1,1,1
Sayar Singh,15444.0,2,1,1,1
DHARMENDRA SINGH,15420.0,1,1,1,1
RAJARAM,15400.0,3,1,1,1
Tarlok  Singh Labour Upper Bhambotar,15400.0,2,1,1,1
SATYNARAYAN GURJAR,15400.0,2,1,1,1
kankar kanwar,15390.0,6,1,1,1
abhishek,15372.0,1,1,1,1
Nasreen,15300.0,6,1,2,1
Sahud Khan,15300.0,6,1,2,1
Afsana,15300.0,6,1,2,1
Arif Khan,15300.0,6,1,2,1
Parvej,15300.0,6,1,2,1
Tasmeen,15300.0,6,1,2,1
Nusrat,15300.0,6,1,2,1
rajendra,15288.0,4,2,2,2
Rahul,15288.0,4,2,2,2
ANDA RAM,15282.0,3,1,1,1
Derama Ram,15282.0,3,1,1,1
BHATEJA SONS,15276.0,3,1,1,1
OM PARKASH NARINDER KUMAR,15240.0,3,1,1,1
Guru Nanak Cement Store Kahangarh,15225.0,1,1,1,1
Mahaveer Parsadh Mantri,15200.0,1,1,1,1
Sunil Khati,15200.0,1,1,1,1
Hardeep Singh Driver,15158.0,2,1,1,1
LAVI JOSHI,15150.0,1,1,1,1
Thakur Steel Engg Works,15142.0,1,1,1,1
JASRAJ ELECTRICALS,15135.0,3,1,1,1
Kavita,15105.0,4,2,2,2
DHANA RAM,15105.0,3,2,2,2
navajyoti printing press pvt ltd,15078.0,6,1,2,1
SOBHITA BHATT,15006.0,1,1,1,1
deduction account,15000.0,3,1,1,1
Ms Sukhdev Parshad Maini and Company,15000.0,1,1,1,1
DESHABHIMANI PUBLICATIONS,15000.0,1,1,1,1
KALA RAM MANDAL,15000.0,3,1,1,1
LAKHI SINGH,15000.0,3,1,1,1
MR BALWINDER,15000.0,1,1,1,1
PARVINDER SINGH,15000.0,3,1,1,1
Bhupinderjit Singh Massn,15000.0,1,1,1,1
ARTISANS DEVELOPMENT CO OPERATIVE LTD,15000.0,1,1,1,1
Pardeep Singh Massn,15000.0,2,1,1,1
Dhaukal Dhula And Machinery Store,15000.0,1,1,1,1
RAM DASS SO BACHAN SINGH,15000.0,3,1,1,1
Dharminder Singh,15000.0,3,1,1,1
Ambaji Traders,14998.0,1,1,1,1
Naveen,14868.0,3,1,1,1
som nath,14868.0,3,1,1,1
Bikramjeet Singh,14868.0,3,1,1,1
rajinder kumar,14868.0,3,1,1,1
Gurlal Singh,14868.0,3,1,1,1
DEVKARAN,14850.0,2,1,1,1
keshav dutt,14850.0,3,1,1,1
TEJURAM GURJAR,14850.0,2,1,1,1
SATYANARAYAN GURJAR,14850.0,2,1,1,1
DMF FUND NAYAGARH,14842.0,59,2,2,2
AMRIT SINGH,14822.0,1,1,1,1
USHA KUMARI,14820.0,3,1,2,1
sadaam husain,14820.0,1,1,1,1
Chela Ram,14820.0,2,1,1,1
SULTAN SINGH,14820.0,2,1,1,1
AMAR CHAND DABARIYA,14820.0,4,1,1,1
Aarti Devi,14820.0,1,1,1,1
Chanchal Kumari Saini,14820.0,4,1,2,1
SURJEET BANGADAVA,14820.0,2,1,1,1
YUSUF MOHMMAD,14820.0,6,1,1,1
Chanchal Kumari,14820.0,4,1,2,1
KHINVANI,14820.0,2,1,1,1
REEKESH,14820.0,3,1,2,1
Nave Dei,14820.0,4,1,2,1
Madhubala,14820.0,2,1,1,1
Rupali,14820.0,2,1,1,1
KUSHALIYA DEVI,14820.0,4,1,1,1
RAMSWROOP,14820.0,2,1,1,1
RAM NIWAS,14820.0,2,1,1,1
Aasha Devi,14820.0,1,1,1,1
BRIJPAL SINGH,14820.0,4,1,1,1
DALIP,14820.0,2,1,1,1
BHARAT RAJ,14820.0,2,1,1,1
Amar Chand,14820.0,2,1,1,1
KISHAN LAL SARAN,14820.0,2,1,1,1
NEMICHAND,14820.0,4,1,1,1
Godavari,14820.0,1,1,1,1
Manish Saini,14820.0,4,1,2,1
RATI RAM SARAN,14820.0,2,1,1,1
kamlesh,14820.0,3,1,2,1
Talo Sha,14770.0,2,1,1,1
SURESH BHATT,14756.0,1,1,1,1
HARISH PANDEY,14756.0,1,1,1,1
Jwan Singh saini,14700.0,3,1,2,1
Istaq Mohammad Khan,14700.0,3,1,2,1
Budhlada Bricks Kiln,14700.0,2,1,1,1
CHANCHAL SINGH,14645.0,1,1,1,1
BDO KUSUMI,14542.0,1,1,1,1
bhawaniram jaat,14535.0,3,1,1,1
HARDEEP SINGH,14500.0,1,1,1,1
narendra kumar,14470.0,2,1,1,1
Bawa Building Material,14400.0,1,1,1,1
JASSI SINGH,14400.0,3,1,1,1
Ram Chand,14400.0,1,1,1,1
rajendra singh,14395.0,2,2,2,2
Basant lal,14368.0,1,1,1,1
GUDDI DEVI,14364.0,7,2,3,2
GHANI DEVI,14310.0,3,1,1,1
RAMESHAWAR JAT,14310.0,3,1,1,1
MIYARAM,14300.0,1,1,1,1
MANKORI,14250.0,5,1,1,1
sitaram kumawat,14250.0,1,1,1,1
Gurdeep Singh,14250.0,4,1,2,1
BNARSI,14250.0,2,1,1,1
Chogaram,14250.0,1,1,1,1
Chain Singh,14250.0,2,1,1,1
SAMANDEEP SINGH,14250.0,4,1,2,1
champalal,14250.0,1,1,1,1
Kanchan Dudi,14250.0,3,1,1,1
NAVDEEP SINGH,14250.0,4,1,2,1
mohnlal,14250.0,1,1,1,1
Nikita,14250.0,2,1,1,1
ILIYAS,14250.0,2,1,1,1
Manju,14239.0,4,2,2,2
Bdo Bhapur Mplad,14235.0,9,1,1,1
NITIN SINGH,14112.0,2,1,1,1
NEHA,14112.0,2,1,1,1
ROHAN,14112.0,2,1,1,1
SUBASH,14112.0,2,1,1,1
ARTHI DEVI,14112.0,2,1,1,1
NAMITA,14112.0,2,1,1,1
Jhalman Dass Massean,14100.0,6,1,2,1
Sabi Electrical,14041.0,1,1,1,1
Empty Gunny Bag BDO Champua,14007.0,20,1,2,1
DEVI LAL SALVI,14000.0,1,1,1,1
DAL CHAND KHATIK,14000.0,1,1,1,1
Zimidara Iron Store,14000.0,2,1,1,1
Jeevan singh,13992.0,3,1,1,1
DATAR,13983.0,6,1,1,1
Sagat Singh,13919.0,1,1,1,1
om,13905.0,1,1,1,1
Seema,13881.0,4,1,2,2
SWEAT IT SPORTS,13818.0,1,1,1,1
BALWINDER STEEL SHUTTERING STORE,13776.0,6,1,1,1
prakash chnadra,13736.0,1,1,1,1
Puran chandra,13736.0,1,1,1,1
Jagdish chandra,13736.0,1,1,1,1
Tushar Saini,13680.0,6,1,2,1
TAYAL TRADING CO,13674.0,4,2,2,2
CHELARAM Bawri,13653.0,6,1,1,1
gopal bairwa,13650.0,1,1,1,1
harish singh,13650.0,1,1,1,1
NANDAN SINGH,13650.0,1,1,1,1
narayan lal gurjar,13650.0,1,1,1,1
ramdhan gurjar,13650.0,1,1,1,1
deepak singh,13650.0,1,1,1,1
DPC SSA FATEHABAD,13643.0,2,1,1,1
Mukesh,13608.0,4,1,2,1
MS Krish Brick Kiln,13602.0,1,1,1,1
Kalalayam Graphics,13570.0,2,1,1,1
KRISHNA DEVI,13560.0,4,2,2,2
SAMPATI BAIRWA,13515.0,3,1,1,1
KV Traders,13500.0,3,1,1,1
FIROJ SHAH,13500.0,3,1,1,1
NARINDER SINGH,13500.0,3,1,1,1
ANMOL STEEL WORKS,13500.0,3,1,1,1
sanjay,13470.0,1,1,1,1
ANITA BARKESIYA,13468.0,2,1,1,1
MANGALI DEVI,13468.0,2,1,1,1
BHANWAR KANWAR,13468.0,2,1,1,1
maya,13395.0,4,1,2,2
Mukesh Sharma,13390.0,2,2,2,2
NIRMA DEVI JAT,13365.0,3,1,1,1
MANGILAL,13365.0,3,1,1,1
KUNDANRAM,13365.0,3,1,1,1
SONU DEVI,13365.0,3,1,1,1
DEEPIK,13365.0,3,1,1,1
Shaina iron store ritu,13360.0,1,1,1,1
LAVISH RAMOLA,13356.0,1,1,1,1
NIKIT,13356.0,1,1,1,1
PURNIMA,13356.0,1,1,1,1
GAGAN RATURI,13356.0,1,1,1,1
NEELIMA,13356.0,1,1,1,1
ANSHUMAN PARMAR,13356.0,1,1,1,1
JANAK SINGH,13356.0,1,1,1,1
DHARMENDRA KUMAR,13332.0,1,1,1,1
Sadhu ram,13305.0,2,1,1,1
naresh,13300.0,2,1,1,1
Panaram,13300.0,1,1,1,1
DOLARAM,13300.0,1,1,1,1
Jhunjar singh,13300.0,1,1,1,1
Mahipal Singh,13300.0,1,1,1,1
Dhanaram,13300.0,1,1,1,1
SHYAM LAL GEHLOT,13300.0,1,1,1,1
Hitesh,13300.0,1,1,1,1
BANVARI,13300.0,2,1,1,2
RAGUNATH GURJAR,13260.0,1,1,1,1
NARAYAN GURJAR,13260.0,1,1,1,1
DINESH CHANDRA GURJAR,13260.0,1,1,1,1
GEHRI DEVI,13260.0,1,1,1,1
mahaveer gurjar,13250.0,2,1,1,1
SURAJ,13176.0,1,1,1,1
BASANT KUMAR,13176.0,1,1,1,1
KARAN SINGH BIST,13125.0,1,1,1,1
PRADEEP SINGH BISHT,13125.0,1,1,1,1
BHARAT SINGH GANGOLA,13125.0,1,1,1,1
DAN SINGH,13125.0,1,1,1,1
bharat singh,13068.0,1,1,1,1
SHAILENDRA SINGH RAWAT,13068.0,1,1,1,1
Uchhabi devi,13000.0,4,1,1,1
SEEMA DEVI,13000.0,4,1,1,1
MAHAJAN TRADERS,12999.0,1,1,1,1
HARMAN ENTERPRISES,12980.0,1,1,1,1
MANCHA RAM,12961.0,1,1,1,1
BIJLA RAM,12961.0,1,1,1,1
dalaram,12961.0,1,1,1,1
Gurcharan Singh and sons,12900.0,1,1,1,1
Kamlesh kaur wo bhagat singh,12870.0,3,1,1,1
hardeep kaur wo mithu singh,12870.0,3,1,1,1
BACHNA DEVI,12852.0,2,1,1,1
LONGA DEVI,12852.0,3,1,2,1
PUNAM NAYAL,12852.0,1,1,1,1
SHIVANI,12852.0,2,1,1,1
Sangmeshwar cement and shuttering store,12850.0,2,1,1,1
pushpa devi,12843.0,2,2,2,2
Asha Kanwar,12825.0,3,1,1,1
sadi,12825.0,3,1,1,1
Kanya KANWAR,12825.0,3,1,1,1
Premwati,12825.0,3,1,2,1
rameshwar,12825.0,3,1,2,1
rajendra saini,12825.0,3,1,2,1
Girdhari,12825.0,3,1,2,1
PRADEEP KUMAR SAINI,12825.0,3,1,2,1
Bhuri,12825.0,3,1,2,1
chandra prakash,12825.0,3,1,2,1
Lakhan,12825.0,3,1,2,1
KHET SINGH,12825.0,2,1,1,1
Narendra singh,12825.0,3,1,2,1
Devi Lal Luhar,12825.0,3,1,1,1
Phoola,12825.0,3,1,2,1
Ramavtar saini,12825.0,3,1,2,1
Dhani Kumari,12825.0,3,1,1,1
Rupwati,12825.0,3,1,2,1
Movani Bai,12825.0,3,1,1,1
LOKESH KUMAR SAINI,12825.0,3,1,2,1
SANGEETA DEVI,12825.0,3,1,1,1
Nanee Devi,12825.0,3,1,1,1
BHAGWANDEI,12825.0,3,1,2,1
Amiya,12825.0,3,1,1,1
Mamta Devi,12825.0,3,1,1,1
Badami,12825.0,3,1,1,1
BHAGU,12825.0,3,1,1,1
Kailashi Kanwar,12825.0,3,1,1,1
Paras Kanwar,12825.0,3,1,1,1
Vasudev,12825.0,3,1,2,1
Dulari,12825.0,3,1,2,1
KAVITA,12825.0,3,1,1,1
Tamu Kanwar,12825.0,3,1,1,1
sharwan singh,12825.0,2,1,1,1
Krishna kumari,12825.0,3,1,1,1
Sona devi,12825.0,3,1,2,1
Sonu Devi,12825.0,3,1,1,1
Sukhdei,12825.0,3,1,2,1
Khushiram,12825.0,3,1,2,1
Suresh Gadri,12825.0,3,1,1,1
Sushila Kumawat,12825.0,3,1,1,1
BHUPENDRA KUMAR SAINI,12825.0,3,1,2,1
Sunita Devi chohan,12825.0,3,1,1,1
BHUPA RAM,12825.0,2,1,1,1
GIRRAJ PRASAD,12825.0,3,1,1,1
Chandan,12825.0,3,1,2,1
AMIT NAINWAL,12810.0,1,1,1,1
DINESH RATHORE,12800.0,2,1,1,1
Ramesh Chand,12750.0,1,1,1,1
NAHAR SINGH,12750.0,1,1,1,1
JEETRAM MEGHWANSHI,12750.0,1,1,1,1
SUNIL GURJAR,12750.0,1,1,1,1
LALARAM MEGHWANSHI,12750.0,1,1,1,1
RAMAVATAR,12750.0,1,1,1,1
PRAKASH MATWA,12750.0,1,1,1,1
RANGLAL,12750.0,1,1,1,1
PARVEEN KUMAR,12750.0,1,1,1,1
SHANKAR GURJAR,12750.0,1,1,1,1
rahul,12750.0,1,1,1,1
Prakash Chand,12750.0,1,1,1,1
KALA RAM SO DESU RAM,12748.0,1,1,1,1
GURINDER SINGH,12696.0,3,1,1,1
Abhi Hardware and Paint Store,12646.0,2,1,1,1
Tule RAM,12600.0,3,1,2,1
Kamlesh Saini,12600.0,3,1,2,1
Chandrakant Vijay,12600.0,3,1,2,1
Udayveer,12600.0,3,1,2,1
GURMAIL SINGH,12600.0,3,1,2,1
ROOPSHANKAR PALIWAL,12600.0,1,1,1,1
SAMBHULAL,12600.0,2,1,1,1
Pappi Devi,12600.0,3,1,2,1
LALIT KUMAR PALIWAS,12600.0,1,1,1,1
LAXMI LAL TELI,12600.0,1,1,1,1
Ram Niri Bai,12600.0,3,1,2,1
NANA,12600.0,1,1,1,1
TALIB,12600.0,3,1,1,1
Satnam kaur,12600.0,2,1,1,1
GANPAT,12600.0,2,1,1,1
ANUJ Panwar,12600.0,1,1,1,1
CHAJURAM,12550.0,2,1,1,2
DHARAM SINGH MEENA,12550.0,2,1,1,2
Devraj Bhat,12550.0,1,1,1,1
SHIRIKISHAN,12550.0,2,1,1,2
SULEMAN,12550.0,2,1,1,2
ghisalal choudhary,12474.0,1,1,1,1
MOHIT AINGH,12474.0,1,1,1,1
PRDHAN CHOUDHARY,12474.0,1,1,1,1
mamta rawat,12474.0,1,1,1,1
pooja rawat,12474.0,1,1,1,1
OMA KANWAR RANAWAT,12474.0,1,1,1,1
NATHI,12474.0,1,1,1,1
SURESH PRAJAPAT,12474.0,1,1,1,1
SURESH CHOUDHARY,12474.0,1,1,1,1
RAMDEI DEVI,12474.0,1,1,1,1
VIJENDRA SINGH,12474.0,1,1,1,1
KANCHAN KANWAR,12474.0,1,1,1,1
AJIT SINGH RATHORE,12474.0,1,1,1,1
LAXMAN CHOUDHARY,12474.0,1,1,1,1
JODHARAJ,12474.0,1,1,1,1
TAHASILDAR LATHIKATA,12431.0,1,1,1,1
Project Officer ITDP Nedumangad,12430.0,1,1,1,1
HARIRAM,12410.0,2,1,1,1
NARENDRA,12350.0,1,1,1,1
MANOJ GEHALOT,12350.0,1,1,1,1
akash mali,12350.0,1,1,1,1
MOHHMAD RIYAJUDHAN,12294.0,1,1,1,1
Tahasildar Raighar,12289.0,2,1,1,1
karishanpuri,12276.0,3,1,1,1
PRIYANKA,12255.0,4,2,3,2
Happy Sanitary and Paint Store,12237.0,1,1,1,1
GURPREET SINGH ELECTRICAN,12224.0,1,1,1,1
Sanju Devi,12155.0,3,2,3,2
TAHASILDAR BHUBANESWAR,12126.0,3,1,1,1
madan singh,12123.0,1,1,1,1
Sanwar Mal,12114.0,1,1,1,1
Punam Devi,12096.0,1,1,1,1
SONDEI,12096.0,3,1,2,1
BHAGWAN DEI,12096.0,3,1,2,1
VIJAYVEER,12096.0,1,1,1,1
KUSUM,12096.0,3,1,2,1
Bennett Coleman and Co Ltd,12090.0,6,1,1,1
BHAWNA,12078.0,1,1,1,1
KHASTI DEVI,12078.0,1,1,1,1
KAJAL,12078.0,1,1,1,1
NITESH CHANDRA,12078.0,1,1,1,1
Shiva Building Material,12072.0,3,1,1,1
BDO BARGAON EGB MONEY,12039.0,15,1,2,2
MS RAJAN SAINI,12036.0,3,1,1,1
Mukesh Kumar,12008.0,2,2,2,2
ROSHAN LAL GURJAR,12000.0,1,1,1,1
SAGAR GENERAL STORE,12000.0,3,1,1,1
GURDHIAN SINGH,12000.0,2,1,1,1
RAMPAL SO BALDEV SINGH,12000.0,2,1,1,1
Rami Devi,12000.0,3,1,1,1
ramavtar,12000.0,1,1,1,1
ms anshveer contractor,12000.0,1,1,1,1
Vinayak Enterprises Nangal Bihalan,12000.0,1,1,1,1
Dinesh Singh Massean,12000.0,3,1,2,1
Inkar,12000.0,3,1,1,1
NARAYAN LAL GURJAR,12000.0,1,1,1,1
MAYA GADARI,11970.0,3,1,1,1
Asha Kumari,11970.0,3,1,2,1
LAXMAN LAL SUTHAR,11970.0,3,1,1,1
Chhiter Singh jatav,11970.0,3,1,2,1
Gulab singh,11970.0,3,1,2,1
KHANA,11970.0,3,1,1,1
BHOJRAJ GADRI,11970.0,3,1,1,1
Supita,11970.0,3,1,2,1
Ramcharan,11970.0,3,1,2,1
Charan Singh,11970.0,3,1,2,1
NARAYAN,11970.0,3,1,1,1
Akash kumar,11970.0,3,1,2,1
IRSHAD,11970.0,3,1,1,1
sanjay singh,11970.0,3,1,2,1
santosh,11970.0,3,1,2,1
sakuntala devi,11970.0,3,1,2,1
AMRAT BAI,11970.0,3,1,2,1
vinay kumar jatav,11970.0,3,1,2,1
jagwati,11970.0,3,1,2,1
AKARM,11970.0,3,1,1,1
Gordhan Singh,11970.0,3,1,2,1
ANOOP BACHRAJ,11970.0,3,1,2,1
Jormal,11970.0,3,1,2,1
KIRAN KANAWAT,11970.0,3,1,1,1
MAHAVEER LAL,11970.0,3,1,1,1
sushama,11970.0,3,1,2,1
paswan,11970.0,3,1,2,1
Kusma devi,11970.0,3,1,2,1
rajpal singh,11970.0,3,1,2,1
jeetendra nadbai,11970.0,3,1,2,1
jwala singh,11970.0,3,1,2,1
rahul kumar,11970.0,3,1,2,1
KALESH,11970.0,3,1,1,1
Uday Singh,11970.0,3,1,2,1
varsha,11970.0,3,1,2,1
MOHAMMAD ASLAM,11970.0,3,1,1,1
Devi Singh,11970.0,3,1,2,1
bhupendra,11970.0,3,1,2,1
Jyoti Kumari,11970.0,3,1,2,1
Vedviri,11970.0,3,1,2,1
TANJIM,11970.0,3,1,1,1
KALU LAL,11970.0,3,1,1,1
munni devi,11970.0,3,1,2,1
Iftekhar Uddin,11970.0,3,1,1,1
SHARMILA,11970.0,4,2,2,2
Omveer Singh,11970.0,3,1,2,1
BHAGCHAND,11970.0,3,1,1,1
PEER MO,11970.0,3,1,1,1
RAJBHADUR JATAV,11970.0,3,1,2,1
ANJU,11970.0,3,1,1,1
UNKESH,11970.0,3,1,2,1
SHAHEEL,11970.0,3,1,1,1
Balveer Singh,11970.0,3,1,2,1
Aman Kumar,11970.0,3,1,2,1
NANA DEVI,11970.0,3,1,1,1
Badal Gadri,11970.0,3,1,1,1
VITESH,11970.0,3,1,2,1
Kunda ram,11900.0,1,1,1,1
Surendra Kumar Sharma,11900.0,1,1,1,1
chetaram,11900.0,1,1,1,1
MPLAD Holding Account Jujomura Block,11846.0,1,1,1,1
jairam,11844.0,1,1,1,1
MURTI DEVI,11844.0,1,1,1,1
VIRENDRA SINGH,11844.0,1,1,1,1
KRISHNA ELECTRIC STORE,11718.0,3,1,1,1
IRSAD NAGOURI,11700.0,3,1,1,1
sagwan gurjar,11700.0,1,1,1,1
mahaveer rawat,11700.0,1,1,1,1
sanwar lal,11700.0,1,1,1,1
RAMESH MEGHWAL,11700.0,1,1,1,1
Durga kunwar,11700.0,3,1,1,1
UMMED SINGH,11700.0,1,1,1,1
pahalvan rawat,11700.0,1,1,1,1
manohar saini,11700.0,3,1,2,1
Sosar,11700.0,3,1,1,1
mahendra rawatr,11700.0,1,1,1,1
prem raj,11700.0,1,1,1,1
Deepak,11700.0,1,1,1,1
parmeshwar rawat,11700.0,1,1,1,1
sunil singh,11700.0,1,1,1,1
KANTI BAI,11700.0,1,1,1,1
SAHIL RAZZA,11700.0,3,1,1,1
VISHAKHA TAILOR,11700.0,3,1,1,1
ram singh rawat,11700.0,1,1,1,1
gumansingh,11700.0,1,1,1,1
Pooja kalbeliya,11700.0,3,1,1,1
RAMCHANDRA,11700.0,1,1,1,1
SANTA,11700.0,3,1,2,1
LILADHAR,11700.0,1,1,1,1
RAMAVTAR,11700.0,1,1,1,1
BHARTI SAINI,11700.0,3,1,2,1
Asha rana,11700.0,3,1,1,1
NORAT MAL,11700.0,1,1,1,1
Ubhi Enterprises Tihara,11700.0,1,1,1,1
NAJERA BIBI,11700.0,3,1,1,1
AKHTARI KHATUN,11700.0,3,1,1,1
JUNED KHAN,11700.0,3,1,1,1
VIJAYPAL SINGH,11700.0,1,1,1,1
Ram kanwari,11700.0,1,1,1,1
KAMLESH BAI,11700.0,1,1,1,1
Govind singh chundawat,11700.0,3,1,1,1
POOJA MALVIYA,11700.0,3,1,1,1
shyam sundar,11700.0,1,1,1,1
shivani,11700.0,1,1,1,1
BAJRANG LAL,11700.0,1,1,1,1
FATEMA KHATUN,11700.0,3,1,1,1
BASANTI,11700.0,1,1,1,1
pyare lal maghwanshi,11700.0,1,1,1,1
PARVEEN AKHTER,11700.0,3,1,1,1
DIKSHA TAILOR,11700.0,3,1,1,1
INDAR MOPRKASH,11661.0,2,1,1,1
CDO Zilla Parishad DMF,11607.0,32,1,1,1
Sagar singh,11592.0,1,1,1,1
JALENDAR NATH,11583.0,3,1,1,1
PRAM SHANKAR MENARIYA,11583.0,3,1,1,1
JAGNATH BALAI,11583.0,3,1,1,1
SANTOSHI DEVI MENARIYA,11583.0,3,1,1,1
AMMBA LAL MALI,11583.0,3,1,1,1
RATAN LAL AHIR,11583.0,3,1,1,1
chetan singh,11583.0,3,1,1,1
BHAGWATI DEVI MENARIYA,11583.0,3,1,1,1
KALI YADRAM,11583.0,3,1,1,1
NARAYAN LAL AHIR,11583.0,3,1,1,1
RAMNATH,11583.0,3,1,1,1
Kunti,11583.0,3,1,1,1
KANHIYA LAL MENARIYA,11583.0,3,1,1,1
CHETAN PRAKASH REGAR,11583.0,3,1,1,1
SITARAM MALI,11583.0,3,1,1,1
hanuman,11583.0,3,1,1,1
jagu devi,11583.0,3,1,1,1
HITESH MENARIYA,11583.0,3,1,1,1
SANTOSHI BAI MALI,11583.0,3,1,1,1
Shivraj Jat,11583.0,3,1,1,1
SEEMA DEVI KAILASH,11583.0,3,1,1,1
SANTOK PRABHU KUMHAR,11583.0,3,1,1,1
SHARDA CHETAN REGAR,11583.0,3,1,1,1
jyoshana,11583.0,3,1,1,1
RAJU MALI,11583.0,3,1,1,1
pusba,11583.0,3,1,1,1
krishna,11583.0,3,1,1,1
BARKAD PAPPU,11583.0,3,1,1,1
PRMESHVAR HATHIRAM,11583.0,3,1,1,1
TIJA,11583.0,3,1,1,1
Dinesh choudhary,11583.0,3,1,1,1
SANTOSH KUMARI,11475.0,1,1,1,1
RAJAT KUMAR,11475.0,1,1,1,1
KISSAN PIPE STORE,11470.0,2,1,1,1
KAMALA KHAROL,11424.0,3,1,1,1
HEERA KHAROL,11424.0,3,1,1,1
JAYNTILAL,11400.0,1,1,1,1
Manoj,11400.0,1,1,1,1
NILESH,11400.0,1,1,1,1
Madan singh,11375.0,1,1,1,1
Shishpal,11375.0,1,1,1,1
Tahasildar Dabugam,11357.0,2,1,1,1
Dhapu,11335.0,2,2,2,2
Baltej Singh,11313.0,1,1,1,1
Pushpesh pandey,11312.0,1,1,1,1
Govind bhallabh,11312.0,1,1,1,1
Lokesh pandey,11312.0,1,1,1,1
Tara dutt pandey,11312.0,1,1,1,1
Nirmla pandey,11312.0,1,1,1,1
RAMESHWAR LAL MALI,11310.0,3,1,1,1
VINOD BAIRWA,11310.0,3,1,1,1
Gelu Devi,11310.0,3,1,1,1
Mank Lal,11310.0,3,1,1,1
Bhagu Devi,11310.0,3,1,1,1
NANA RAM MALI,11310.0,3,1,1,1
PRAAMESHWAR BAIRWA,11310.0,3,1,1,1
Badri Lal Mali,11310.0,3,1,1,1
KUNDAN MAL BAIRWA,11310.0,3,1,1,1
DEV KISHAN MALI,11310.0,3,1,1,1
Dali Bai,11310.0,3,1,1,1
Ajeet,11275.0,1,1,1,1
BDO Banspal EGB,11253.0,18,1,2,1
Davinder Singh BKO,11250.0,1,1,1,1
RAMESH CHANDRA BALAI,11250.0,1,1,1,1
Rakesh Jatav,11250.0,1,1,1,1
DHANRAJ SANTOSH RAVANDHE,11200.0,1,1,1,1
BOBY GILL,11154.0,3,1,2,1
SOKAT,11115.0,3,1,1,1
Maya,11115.0,3,1,1,1
Meena,11115.0,3,1,2,1
RAJU SAINI,11115.0,3,1,1,1
DEVENDRA KUMAR,11115.0,3,1,1,1
arjunsingh,11115.0,3,1,1,1
amba,11115.0,3,1,1,1
khadija,11115.0,3,1,1,1
VIDYA,11115.0,3,1,1,1
SANJANA DEVI,11115.0,3,1,1,1
YUNUS,11115.0,3,1,1,1
sharukh,11115.0,3,1,1,1
SUDESH KUMARI,11115.0,3,1,1,1
BALKESH BANO,11115.0,3,1,1,1
Santara Devi,11115.0,3,1,2,1
Mohanram Lachuram,11115.0,3,1,1,1
Kedar,11115.0,3,1,2,1
VISHWNATH PRATAP SINGH,11115.0,3,1,2,1
LATA,11115.0,3,1,1,1
FULE KHAN,11115.0,3,1,1,1
BHANI RAM,11115.0,3,1,1,1
BASANTA KUMARI,11115.0,3,1,1,1
Babita devi,11115.0,3,1,1,1
LALI,11115.0,3,1,1,1
KUSUM SHARMA,11115.0,3,1,1,1
PRIYANKA DEVI,11115.0,3,1,1,1
VIPINA,11115.0,3,1,1,1
Sonu Saini,11115.0,3,1,2,1
Mamta Gurjar,11115.0,3,1,1,1
GANGA RAM,11115.0,1,1,1,1
KAILASH CHAND,11115.0,3,1,1,1
ALMAD BANO,11115.0,3,1,1,1
SHEO PAL SAINI,11115.0,3,1,1,1
SACHIN KUMAR,11115.0,3,1,1,1
deepak kumar sharma,11115.0,3,1,1,1
Naresh Kumar Gurjar,11115.0,3,1,1,1
Khushi Agarwal,11115.0,3,1,1,1
VIVEK THALOR,11115.0,3,1,1,1
SUNDA,11115.0,3,1,1,1
KAILASH KANWAR,11115.0,3,1,1,1
NITU,11115.0,3,1,1,1
SADIK,11115.0,3,1,1,1
Naima Devi,11115.0,3,1,1,1
SHYAM SUNDER,11115.0,1,1,1,1
Vikash jagnani,11115.0,3,1,1,1
Ulka gurjar,11115.0,3,1,1,1
RANJU DEVI,11115.0,3,1,1,1
Radhika Saini,11115.0,3,1,2,1
Gaytari,11115.0,3,1,1,1
parvti,11115.0,3,1,1,1
KAUSHALYA DEVI,11115.0,3,1,1,1
Nisha Kumari Saini,11115.0,3,1,2,1
ARIF,11115.0,3,1,1,1
Dinesh Ram,11115.0,3,1,1,1
Karishma,11115.0,3,1,1,1
ANWAR,11115.0,3,1,1,1
SATYAVEER,11115.0,3,1,2,1
TARAWATI,11115.0,3,1,1,1
MOHARA,11115.0,3,1,1,1
RUKSANA,11115.0,3,1,1,1
MUKTI DEVI,11115.0,3,1,2,1
Hakam Khan,11109.0,1,1,1,1
Feroz Khan,11109.0,1,1,1,1
Sundaram yadav,11050.0,1,1,1,1
Ramnarayan Yadav,11050.0,1,1,1,1
Kushal,11050.0,1,1,1,1
Dashrath Kumar Yadav,11050.0,1,1,1,1
Ravi Prakash Saini,11050.0,1,1,1,1
Munesh Kumar Saini,11050.0,1,1,1,1
pankaj kumar,11050.0,1,1,1,1
Surendra kumar yadav,11050.0,1,1,1,1
Ramesh Mahala,11050.0,1,1,1,1
Shubh ram,11050.0,1,1,1,1
Godaram Yadav,11050.0,1,1,1,1
Pankaj Kumar Saini,11050.0,1,1,1,1
BANSAL ELECTRICAL STORE BHIKHI,11045.0,1,1,1,1
GAUTAM KUMAR,11005.0,2,1,1,2
SAMAY SINGH MEENA,11005.0,2,1,1,2
GAJANAD PATEL,11000.0,1,1,1,1
Jain Sanitary and Hardwere,11000.0,1,1,1,1
LABOUR CESS MPLADS DUDCTION,10990.0,3,1,1,1
HT MEDIA LIMITED,10974.0,4,1,1,1
mahednra,10950.0,1,1,1,1
abdul rehman,10950.0,1,1,1,1
vikram,10950.0,1,1,1,1
Ambalal jat,10920.0,1,1,1,1
SUMITRA SUWALKA,10920.0,3,1,1,1
RASHIDA,10920.0,3,1,1,1
Kalyan jat,10920.0,1,1,1,1
SHAHIDA BANU,10920.0,3,1,1,1
REHANA BANU,10920.0,3,1,1,1
ABIDA,10920.0,3,1,1,1
VAHID KURESHI,10920.0,3,1,1,1
Ramlal Jat,10920.0,1,1,1,1
Radha jat,10920.0,1,1,1,1
ANKIT KUMRE,10920.0,3,1,2,1
RIJWANA BANU,10920.0,3,1,1,1
Puran mehra,10908.0,1,1,1,1
Chandrashekar pandey,10908.0,1,1,1,1
HINGALAJ DAN CHARAN,10878.0,3,1,1,1
moti singh,10878.0,3,1,1,1
khet dan,10878.0,3,1,1,1
sanwal dan,10878.0,3,1,1,1
kailash kanwar,10878.0,3,1,1,1
RESHAM DASS,10878.0,3,1,2,1
dashrath dan,10878.0,3,1,1,1
subal kanwar,10878.0,3,1,1,1
Amar Ujala Limited,10859.0,1,1,1,1
ANJALI,10836.0,2,1,1,1
VEERPAL SINGH,10836.0,2,1,1,1
JYOTI,10836.0,2,1,1,1
NELAM,10836.0,2,1,1,1
PRAMILA DEVI,10836.0,2,1,1,1
BEENA DEVI,10836.0,2,1,1,1
KANTI LAL,10830.0,1,1,1,1
CHANDRIKA RAWAL,10830.0,1,1,1,1
TEENA DEVI,10830.0,1,1,1,1
MOHAR SINGH,10830.0,2,1,1,1
Dara Singh,10824.0,1,1,1,1
HOSHYAL SINGH,10800.0,1,1,1,1
Gyana,10800.0,3,1,1,1
HANUMAN RAM,10800.0,1,1,1,1
GURMUKH SINGH,10800.0,3,1,1,1
OM OPRAKASH,10800.0,1,1,1,1
KARAMJEET SINGH,10800.0,3,1,1,1
RANCHHA RAM CHOUDHARY,10800.0,1,1,1,1
DARA SINGH,10800.0,1,1,1,1
HIMANSHI,10800.0,1,1,1,1
BDO BAHALDA MPLADS LS,10764.0,3,1,2,1
Rukma Devi,10725.0,2,2,2,2
BLOCK DEVELOPMENT OFFICER EMF,10694.0,1,1,1,1
SANTRA,10692.0,3,1,1,1
SANTOK,10692.0,3,1,1,1
BAJRANG SINGH,10692.0,3,1,1,1
RAMPYARI DEVI,10692.0,3,1,1,1
RAMDHAN,10692.0,3,1,1,1
LAL CHAND PAWAN KUMAR AND SONS,10662.0,1,1,1,1
Hindustan Traders,10620.0,1,1,1,1
GOPAL LAL GURJAR,10590.0,1,1,1,1
Rooma,10584.0,3,1,2,1
Bhanu Singhal,10584.0,3,1,2,1
Ajeet Gurjar,10584.0,3,1,2,1
Satish Kumar,10584.0,3,1,2,1
Rajkumari,10584.0,3,1,2,1
Rakhi Devi,10584.0,3,1,2,1
Pratap Singh Gurjar,10584.0,3,1,2,1
Pratap Singh,10584.0,3,1,2,1
Ajay Kumar Jatav,10584.0,3,1,2,1
Kanta Devi,10584.0,3,1,2,1
GAYTRI,10545.0,2,1,1,1
OMPATI,10545.0,1,1,1,1
AMITA KUMARI FAGERIA,10545.0,1,1,1,1
Lali devi,10530.0,1,1,1,1
Durga lal,10530.0,1,1,1,1
PRAKASH JAT,10530.0,3,1,1,1
SANJAY SEN,10530.0,1,1,1,1
Dharmendra,10500.0,1,1,1,1
aakash,10500.0,1,1,1,1
Hazari,10500.0,1,1,1,1
Shriraam,10500.0,1,1,1,1
Sadan singh,10500.0,1,1,1,1
BHAGWAN SINGH,10500.0,3,1,1,1
Devendra,10500.0,1,1,1,1
Gulab,10500.0,1,1,1,1
Harmukh,10500.0,1,1,1,1
Satyaveer,10500.0,1,1,1,1
bhagwan singh,10500.0,3,1,2,1
MUKESH KUMAR SWARNKAR,10500.0,1,1,1,1
Bhura,10500.0,1,1,1,1
mahesh chand,10500.0,1,1,1,1
ALPHA ENGINEERING SERVICE,10500.0,3,1,1,1
pohap singh,10500.0,1,1,1,1
Parasram,10500.0,1,1,1,1
Ravindra,10500.0,1,1,1,1
IMNA BHATT,10450.0,1,1,1,1
DEEPALI,10450.0,1,1,1,1
HEMA BHATT,10450.0,1,1,1,1
BHAWNA DEVI,10450.0,1,1,1,1
KAMAL CHANDRA,10450.0,1,1,1,1
BHAIRVI DEVI,10450.0,1,1,1,1
HIRA DEVI,10450.0,1,1,1,1
Somveer singh,10400.0,1,1,1,1
Uday lal purbiya,10400.0,1,1,1,1
Anukul singh,10400.0,1,1,1,1
Virendra Singh,10400.0,1,1,1,1
vikrant,10400.0,1,1,1,1
Mahadev gurjar,10400.0,1,1,1,1
rajesh,10400.0,1,1,1,1
JAGDISH MACHINERY CORPORATION,10396.0,4,1,2,1
pankaj joshi,10374.0,1,1,1,1
shekhar chandra,10374.0,1,1,1,1
asha devi,10374.0,1,1,1,1
rama devi,10374.0,1,1,1,1
DEEPA,10332.0,1,1,1,1
pratap singh,10332.0,1,1,1,1
Vimla singh,10332.0,1,1,1,1
RAMKANYA JAAT,10260.0,3,1,1,1
LAAD DEVI,10260.0,3,1,1,1
ramesh bharti,10260.0,3,1,1,1
Ramkaran,10260.0,3,1,1,1
MAN SINGH,10260.0,3,1,2,1
Avinash,10260.0,3,1,2,1
YOGITA,10260.0,1,1,1,1
MUNDAR,10260.0,3,1,2,1
rampal,10260.0,3,1,2,1
LOGSHREE,10260.0,3,1,2,1
LALIT KUMAR VERMA,10260.0,3,1,1,1
VANDANA DEVI,10260.0,3,1,1,1
DEVIRAM,10260.0,3,1,2,1
Tarzen Building Solutions,10220.0,1,1,1,1
SHISHRAM,10200.0,1,1,1,1
MANROOP SINGH,10200.0,1,1,1,1
MANGI RAM,10200.0,1,1,1,1
stayveer singh,10200.0,1,1,1,1
RANVEER,10200.0,1,1,1,1
DUNIRAM,10200.0,1,1,1,1
PARMILA,10175.0,3,1,1,1
RUKMA MEVI,10175.0,3,1,1,1
NAVJOT SINGH,10140.0,3,1,2,1
Manku Shuttering store and welding workshop,10130.0,4,1,2,1
rinku,10101.0,3,1,2,1
Guptes Devi,10101.0,3,1,2,1
ROHITRASH KUMAR,10101.0,3,1,1,1
PRIYANKA RANWA,10101.0,3,1,1,1
Shobha Ram Prajapat,10101.0,3,1,2,1
Savatri Devi,10101.0,3,1,2,1
Chhagan Singh Chhanga,10101.0,3,1,2,1
Ravi Jat,10101.0,3,1,2,1
Phulwati,10101.0,3,1,2,1
Sushila Meena,10101.0,3,1,2,1
Mordhwaj,10101.0,3,1,2,1
PHOOLVATI,10101.0,3,1,2,1
PINKEE MEENA,10101.0,3,1,2,1
Mitthu Ram,10101.0,3,1,2,1
Lokesh,10101.0,3,1,2,1
BABITA DEVI,10101.0,3,1,1,1
Hari Singh Bairwa,10101.0,3,1,2,1
MANOHARI DEVI,10101.0,3,1,1,1
Rameshwar Dayal Jat,10101.0,3,1,2,1
SARITA DEVI,10101.0,3,1,1,1
Ramo Devi,10101.0,3,1,2,1
khemchand,10101.0,3,1,2,1
Anil Kumar Chaudhary,10101.0,3,1,2,1
Pat Ram Choudhary,10101.0,3,1,2,1
HEERA DEVI,10080.0,1,1,1,1
MUKESH NAUTIYAL,10080.0,2,1,1,1
MAMTA NAUTIYAL,10080.0,2,1,1,1
UMA,10080.0,1,1,1,1
SURESH CHANDRA NAUTIYAL,10080.0,2,1,1,1
Seela Pataliya,10080.0,1,1,1,1
MAGANA DHAKER,10049.0,1,1,1,1
RAHUL NATH YOGI,10049.0,1,1,1,1
OMPRAKASH RAYKA,10049.0,1,1,1,1
ANIL BABJI,10049.0,1,1,1,1
KAMLESH RAYKA,10049.0,1,1,1,1
LAKHA NATH,10049.0,1,1,1,1
PANKAJ KUMAR DANGI,10035.0,1,1,1,1
KHUSHAL SINGH,10010.0,1,1,1,1
CHAMKAUR SINGH,10000.0,1,1,1,1
Mangtu Pardesi,10000.0,1,1,1,1
Sanjay Chhetri,10000.0,1,1,1,1
Bir Singh,10000.0,1,1,1,1
Maina Kumawat,9945.0,3,1,1,1
Deu Devi,9945.0,3,1,1,1
Devi,9945.0,3,1,1,1
Ramnarayan Kumar,9945.0,3,1,1,1
Devkaran Regar,9945.0,3,1,1,1
Bhagwati Gurjar,9945.0,3,1,1,1
Kalli Devi,9945.0,3,1,1,1
Ramu Bhil,9945.0,3,1,1,1
Maya Kumawat,9945.0,3,1,1,1
HANSI DEVI,9900.0,1,1,1,1
TARI DEVI,9900.0,1,1,1,1
pooran singh,9878.0,1,1,1,1
EE PWD BUILDINGS C AND M DIVISION TRICHY,9850.0,1,1,1,1
Mukesh chand,9828.0,3,1,2,1
vikriam singh,9828.0,3,1,2,1
Shiwali kumari,9828.0,3,1,2,1
Bhagwati,9828.0,3,1,2,1
Tejveer Singh,9828.0,3,1,2,1
Naurtan,9828.0,3,1,2,1
Lal singh,9828.0,3,1,2,1
Lalsingh,9828.0,3,1,2,1
Badan Singh,9828.0,3,1,2,1
Babita Nayal,9828.0,1,1,1,1
Saurav,9828.0,3,1,2,1
Rahul prasad,9828.0,3,1,2,1
GEETA NAYAL,9828.0,1,1,1,1
Neeraj Kumar,9828.0,3,1,2,1
Jaiveer Singh,9828.0,3,1,2,1
Vinesh kumari,9828.0,3,1,2,1
Asha devi,9828.0,3,1,2,1
Sunhera,9828.0,3,1,2,1
Vijaypal,9828.0,3,1,2,1
Ramdin Singh,9828.0,3,1,2,1
Bhajanlal,9828.0,3,1,2,1
Man singh,9828.0,3,1,2,1
Rinku,9828.0,3,1,2,1
Saini Electrical Store and Works,9806.0,1,1,1,1
rameshwar gurjar,9750.0,1,1,1,1
Jaiprakash,9750.0,1,1,1,1
CHETAN BAIRWA,9750.0,1,1,1,1
ramnaresh meena,9750.0,1,1,1,1
CHETRAM,9750.0,1,1,1,1
sachin kumar sharma,9750.0,1,1,1,1
ratan lal,9750.0,1,1,1,1
shivsingh meena,9750.0,1,1,1,1
KAMLESH KUMAR,9750.0,1,1,1,1
JAGDISH,9750.0,1,1,1,1
Neha,9750.0,3,1,1,1
Kedar Bhat,9750.0,1,1,1,1
BAJARANG LAL SAMOTA,9750.0,1,1,1,1
Mahaveer Mali,9750.0,1,1,1,1
Dhanesh Kumar,9750.0,1,1,1,1
Pema,9750.0,3,1,1,1
madan mohan,9750.0,1,1,1,1
Bahadurmal,9750.0,1,1,1,1
Kamlesh Khatik,9750.0,1,1,1,1
Rajveer Singh,9750.0,3,1,1,1
Shivpal,9750.0,1,1,1,1
devendra singh,9750.0,1,1,1,1
Shrawan Kumar Pareek,9750.0,1,1,1,1
Mahesh kumar,9750.0,1,1,1,1
roop singh,9750.0,1,1,1,1
kavita,9750.0,1,1,1,1
pavan sharma,9750.0,1,1,1,1
NAVDEEP,9750.0,1,1,1,1
chinga,9750.0,1,1,1,1
Hemraj Jat,9750.0,1,1,1,1
JHAMMAN,9750.0,1,1,1,1
kedar singh,9750.0,1,1,1,1
BHIM SAIN GARG BKO,9707.0,1,1,1,1
CHAGAN LAL,9690.0,1,1,1,1
Buta Singh,9660.0,1,1,1,1
Sha Mohamad,9637.0,1,1,1,1
Baldev Singh,9637.0,1,1,1,1
Rani Kaur,9637.0,1,1,1,1
MAA TARINI FABRICATION,9614.0,1,1,1,1
KHAN SINGH,9600.0,1,1,1,1
Prem Singh Panwar,9600.0,1,1,1,1
Kalu lal,9600.0,1,1,1,1
Rukmani Devi,9600.0,1,1,1,1
Kishan lal,9600.0,1,1,1,1
Jagdish mali,9600.0,1,1,1,1
vikram saini,9600.0,1,1,1,1
GURDHYAN SINGH,9600.0,3,1,1,1
DIPENDRA SINGH,9555.0,1,1,1,1
TIRLOK SINGH,9555.0,1,1,1,1
MAHESH CHANDRA SINGH,9555.0,1,1,1,1
MAMTA BAIRWA,9540.0,3,1,1,1
VIDHYA,9538.0,3,1,1,2
Rahul Saharan,9537.0,3,1,1,1
Anish Kumar,9537.0,3,1,1,1
Kashmir Singh,9537.0,3,1,1,1
Aditya Saharan,9537.0,3,1,1,1
Sunil kumar,9537.0,3,1,1,1
Priyanka Devi,9504.0,2,1,1,1
RACHPAL SINGH,9500.0,1,1,1,1
PHIGOTRA BUILDING MATERIAL,9480.0,1,1,1,1
TAHASILDAR HATADIHI,9474.0,3,1,2,1
Hardeep Singh LAbour upper bhambotar,9450.0,3,1,2,1
BDO BHAPUR MPLAD,9428.0,16,1,1,1
FATMA,9408.0,2,2,2,2
Mahvir Prasad,9405.0,3,1,1,1
Suman,9405.0,3,1,1,1
Devki prasad,9405.0,3,1,1,1
dhararam,9405.0,3,1,1,1
Ahok Kumar,9405.0,3,1,1,1
B D O BARGAON,9396.0,18,1,2,2
Guru Nanak Cement Store,9360.0,1,1,1,1
GAYATRI KAROCHE,9360.0,3,1,2,1
NARABDI NAVDE,9360.0,3,1,2,1
MEVARAM,9350.0,1,1,1,1
vijay singh,9350.0,1,1,1,1
MP LAD BDO LATHIKATA,9340.0,1,1,1,1
NARINDER PAL,9300.0,1,1,1,1
MEHTA HARDWARE,9289.0,1,1,1,1
HAPPY SINGH,9198.0,3,1,1,1
Gurmail singh,9198.0,3,1,1,1
DEBI LAL PAREEK,9180.0,3,1,1,1
MAMTA RATHORE,9150.0,3,1,1,1
HARSH TRADERS,9132.0,1,1,1,1
HARI SINGH,9120.0,2,1,1,1
Ibbar,9100.0,1,1,1,1
Rasid,9100.0,1,1,1,1
Jamshed,9100.0,1,1,1,1
Shiv lal meghval,9100.0,1,1,1,1
DHOLU RAM,9075.0,3,1,1,1
MUNNA LAL,9072.0,1,1,1,1
SONA DEVI,9072.0,1,1,1,1
RAJENDRA PRASAD,9072.0,1,1,1,1
NEELAM,9072.0,1,1,1,1
MAMTA BISHT,9072.0,1,1,1,1
SUNDARLAL,9072.0,1,1,1,1
LEELA DEVI,9072.0,1,1,1,1
Gill Building Material,9000.0,1,1,1,1
BDO Banspal Work Contingency,9000.0,3,1,2,1
DDE Tvpm,9000.0,2,1,1,1
Umendar Kumar Meena,9000.0,1,1,1,1
Daya Ram Yogi,9000.0,1,1,1,1
GADU RAM,9000.0,1,1,1,1
Ahuja Traders,9000.0,1,1,1,1
Jahajavi,9000.0,3,1,2,1
Nihal Singh,9000.0,1,1,1,1
Harwinder Kumar,9000.0,3,1,1,1
Jai Singh,9000.0,1,1,1,1
VIJAY ELECTRICALS,9000.0,3,1,1,1
ARTI BHATT,8988.0,2,1,1,1
Krishna Marbles,8975.0,1,1,1,1
THE HIND SAMACHAR LTD,8974.0,1,1,1,1
RITIK BUILDING MATERIALS BADALA ROAD KHARAR,8960.0,1,1,1,1
DB Corp Ltd,8958.0,3,1,1,1
LOVELY AGRO,8940.0,3,1,1,1
HARMAN SINGH,8895.0,3,1,1,1
Bhagirathi Devi,8820.0,1,1,1,1
Kishan singh,8820.0,1,1,1,1
nisha bhakuni,8820.0,1,1,1,1
Asha Devi,8820.0,1,1,1,1
Deepa Devi,8820.0,1,1,1,1
shoban singh,8820.0,1,1,1,1
MANSINGH,8820.0,1,1,1,1
UKAR NATH,8745.0,3,1,1,1
SHIV STEEL CORPORATION,8712.0,3,1,1,1
GUMANI,8655.0,2,1,1,1
Khadak Singh,8585.0,1,1,1,1
HEERA SINGH BISHT,8585.0,1,1,1,1
Sankar Singh,8585.0,1,1,1,1
VINUVARNAN S,8577.0,3,1,2,1
Puran Singh,8568.0,1,1,1,1
Soni tiwari,8568.0,1,1,1,1
PARVATI,8568.0,1,1,1,1
Meena Tiwari,8568.0,1,1,1,1
SANJAY BISHT,8568.0,1,1,1,1
VIKRAM SINGH BISHT,8568.0,1,1,1,1
Bhaskar singh,8568.0,1,1,1,1
girish tiwari,8568.0,1,1,1,1
Rekha tiwari,8568.0,1,1,1,1
Dayakishan tiwari,8568.0,1,1,1,1
prakash chandra,8568.0,1,1,1,1
virama ram,8550.0,3,1,1,1
baubi devi,8550.0,3,1,1,1
ROSHANI,8550.0,2,1,1,1
BADALI DEVI,8550.0,2,1,1,1
NIRMA KANWAR,8550.0,2,1,1,1
SARDAR MAL,8550.0,3,1,1,1
SURAJ KUMAR HARIJAN,8550.0,3,1,1,1
SUMERI DEVI,8550.0,3,1,1,1
Kumarpal,8550.0,3,1,2,1
KOMAL KUMARI HARIJAN,8550.0,3,1,1,1
dinesh kumar,8550.0,3,1,1,1
omprkash,8550.0,3,1,1,1
LALIT KUMAR SAINI,8550.0,3,1,1,1
NANACHHI,8550.0,3,1,1,1
Shabnam bano,8550.0,3,1,1,1
mahender kumar,8550.0,3,1,1,1
subi,8550.0,3,1,1,1
ANITA YADAV,8550.0,3,1,1,1
ajay,8500.0,1,1,1,1
pawan,8500.0,1,1,1,1
lokendra kumar,8500.0,1,1,1,1
ASPAN CEMENT PRODUCTS,8478.0,3,1,1,1
RANJEET SING RAJPOOT,8450.0,1,1,1,1
DILKHUSH VAISHANAV,8450.0,1,1,1,1
RAMJAS GADARI,8450.0,1,1,1,1
NARAYAN VAISHANAV,8450.0,1,1,1,1
MALLARAM,8450.0,2,1,2,1
SHIVRAJ VAISHANAV,8450.0,1,1,1,1
MUKESH VAISHANAV,8450.0,1,1,1,1
SONU VAISHANAV,8450.0,1,1,1,1
SHIVRAJ VAISHNAV 1,8450.0,1,1,1,1
AMAN KUMAR,8400.0,3,1,1,1
BALAJI  BRICKS INDUSTRIES,8400.0,1,1,1,1
MADAN CHANDRA,8316.0,1,1,1,1
Krishan Gopal Tailor,8261.0,1,1,1,1
SHANKARLAL,8250.0,1,1,1,1
SAT PARKASH AND CO,8250.0,3,1,1,1
MANISH,8250.0,1,1,1,1
Dasmesh Electrical,8179.0,1,1,1,1
MS BDO JHUMPURA ROYALTY AND ADDITIONAL CHARGES,8179.0,1,1,1,1
Gangasahay,8160.0,3,1,2,1
CHAHAT ENTERPRISES,8120.0,1,1,1,1
Rekha devi,8100.0,1,1,1,1
Kailash Kumar,8100.0,1,1,1,1
HASAN KHAN,8100.0,3,1,2,1
HARKESH ELECTRONICS AND SANITORY STORE,8064.0,3,1,1,1
sagar singh meena,8030.0,1,1,1,1
GAIJI TV,8024.0,1,1,1,1
Suresh purbiya,8000.0,1,1,1,1
Balu ram Bhil,8000.0,1,1,1,1
kailash sharma,8000.0,1,1,1,1
Sanjiv High Tech Building Materials,8000.0,1,1,1,1
Bhairu lal,8000.0,1,1,1,1
SOHAN KUMAR,8000.0,1,1,1,1
SARITA KUMAWAT,7980.0,2,1,1,1
jeena devi,7980.0,2,1,1,1
suresh kumar,7980.0,2,1,1,1
JUTHA SINGH,7980.0,2,1,1,1
saroj,7980.0,2,1,1,1
DASHRATH SINGH,7980.0,2,1,1,1
sanjay pandit,7980.0,2,1,1,1
DHANISHA KUMAWAT,7980.0,2,1,1,1
VEENA KANWAR,7980.0,2,1,1,1
Parwati,7980.0,2,1,1,1
PRITAM SINGH BIST,7875.0,1,1,1,1
Vishavkarma welding work,7860.0,1,1,1,1
seema negi,7812.0,1,1,1,1
jagdesh singh,7812.0,1,1,1,1
radha bora,7812.0,1,1,1,1
VINEETA DEVI,7812.0,1,1,1,1
gopal singh bora,7812.0,1,1,1,1
ganga devi,7812.0,1,1,1,1
RAMDYAL LALU GHASAL,7800.0,1,1,1,1
Amit kumar meen,7800.0,1,1,1,1
JATAN SADUL,7800.0,1,1,1,1
lakhtun bibi,7800.0,2,1,1,1
MOHAN LAL KUMAWAT,7800.0,1,1,1,1
BABU LAL,7800.0,1,1,1,1
Kajal yadav,7800.0,2,1,1,1
KAILASH RAMSWROOP,7800.0,1,1,1,1
HAGAMI DEVI,7800.0,1,1,1,1
Kali Devi,7800.0,1,1,1,1
DEVI LAL KUMAWAT,7800.0,1,1,1,1
DEVENDRA KHATIK,7800.0,2,1,1,1
DIVYA,7800.0,1,1,1,1
NABI SEKH,7800.0,2,1,1,1
MD SENAUL SK,7800.0,2,1,1,1
Sunder,7800.0,2,1,1,1
Sunil kumar Bairwa,7800.0,1,1,1,1
RADHAMOHAN NORAT,7800.0,1,1,1,1
Vikram Kumar bairwa,7800.0,1,1,1,1
RAMESHWARI JATAN,7800.0,1,1,1,1
PARASRAM,7800.0,1,1,1,1
RAMWATAR HARI,7800.0,1,1,1,1
Mohini meghval,7800.0,2,1,1,1
AASHISH SADUL,7800.0,1,1,1,1
MUKESH RAMDHAN,7800.0,1,1,1,1
SHIV RAMDHAN,7800.0,1,1,1,1
MANNA SINGH RAWAT,7800.0,1,1,1,1
KAMAL TEJU CHOUDHARY,7800.0,1,1,1,1
DHAN RAJ,7800.0,1,1,1,1
MANOJ OMPRARKASH,7800.0,1,1,1,1
JAMIL AKHTAR,7800.0,2,1,1,1
Hemlata kumari,7800.0,2,1,1,1
Ramdhan meena,7800.0,1,1,1,1
MD EKAL SK,7800.0,2,1,1,1
JEETRAM NANDRAM,7800.0,1,1,1,1
Sultana begam,7800.0,2,1,1,1
SUMITRA RAMDAYAL,7800.0,1,1,1,1
Fensi khatun,7800.0,2,1,1,1
SITARAM DEVKARAN BAIRWA,7800.0,1,1,1,1
TASLIM SK,7800.0,2,1,1,1
Prakash,7770.0,3,1,2,1
SHARVAN LAL JAT,7722.0,1,1,1,1
MANRAJ,7722.0,1,1,1,1
Tahasildar Hemgir,7707.0,1,1,1,1
Jagir Singh,7700.0,1,1,1,1
Shakib Khan,7695.0,1,1,1,1
Reka Kumar,7695.0,1,1,1,1
Indera,7695.0,1,1,1,1
BHANWAR LAL SHARMA,7695.0,3,1,1,1
Jagdish Choudhary,7695.0,1,1,1,1
Lalita,7695.0,1,1,1,1
MOHAN VATI,7695.0,3,1,2,1
Shivam Bricks Industry,7670.0,1,1,1,1
Niraj Singh Bora,7616.0,1,1,1,1
Godhan Singh,7616.0,1,1,1,1
JBM CONSTRUCTIONS AND SUPPLIERS,7600.0,1,1,1,1
Harsvardhan,7566.0,1,1,1,1
Kailash Bhil,7566.0,1,1,1,1
Yovraj Solnki,7566.0,1,1,1,1
Teena Khatik,7566.0,1,1,1,1
Priya Khatik,7566.0,1,1,1,1
Ghanshyam Regar,7566.0,1,1,1,1
Ratani Khatik,7566.0,1,1,1,1
puspa nayal,7560.0,1,1,1,1
manju nayal,7560.0,1,1,1,1
chandra shekhar,7560.0,1,1,1,1
BHAWANA DEVI,7560.0,1,1,1,1
MATWARI DEVI,7560.0,1,1,1,1
vasiram,7560.0,3,1,2,1
MS BDO KARANJIA,7511.0,7,1,1,1
Guru Kirpa industry,7500.0,1,1,1,1
RAMCHANDRA GURJAR,7500.0,2,1,1,1
Radha regar,7500.0,1,1,1,1
BHAGATURAM,7500.0,1,1,1,1
ramdayal saini,7500.0,1,1,1,1
SOHAN SINGH RAWAT,7500.0,1,1,1,1
PUSHPA REGAR,7500.0,1,1,1,1
REKHA BHIL,7500.0,2,1,1,1
DEVENDRA SINGH GOUR,7500.0,1,1,1,1
SAKHA KANWAR,7500.0,1,1,1,1
Aum Enterprises,7490.0,1,1,1,1
Sanjay Rayaka,7452.0,1,1,1,1
Gayatri Devi,7452.0,1,1,1,1
Vimala regar,7452.0,1,1,1,1
Noli devi,7452.0,1,1,1,1
Vinod Kumar Parashar,7452.0,1,1,1,1
Teena Kumari,7452.0,1,1,1,1
Debi Lal Regar,7452.0,1,1,1,1
Nand Lal Suthar,7452.0,1,1,1,1
Sunita Rebari,7452.0,1,1,1,1
SUNIL KUMAR RANWA,7410.0,2,1,1,1
OMI DEVI,7410.0,2,1,1,1
MAMTA MEGHWAL,7410.0,1,1,1,1
rajendra kumar,7410.0,2,1,1,1
Maya Wati Devi,7410.0,1,1,1,1
SUNITA DEVI,7410.0,1,1,1,1
ASHA DEVI,7410.0,2,1,1,1
chanda,7410.0,2,2,2,2
Ganesh Ram Dhaka,7410.0,2,1,1,1
ASHA RAM MEGHWAL,7410.0,2,1,1,1
Nasim Bano,7410.0,1,1,1,1
Manoj Kumar Meghwal,7410.0,1,1,1,1
SIRU KANWAR,7410.0,2,1,1,1
HEMA DEVI,7410.0,2,1,1,1
SUDHIR,7410.0,1,1,1,1
TIJU DEVI,7410.0,2,1,1,1
CHIMNA RAM,7410.0,2,1,1,1
NANA LAL BHEEL,7410.0,1,1,1,1
Mool Chandra,7410.0,2,1,1,1
Rotash,7410.0,1,1,1,1
POORAN MAL,7410.0,1,1,1,1
Ruvina,7410.0,1,1,1,1
Norang Ram,7410.0,1,1,1,1
anil,7410.0,1,1,1,1
ANITA DEVI,7410.0,2,1,1,1
DJYOTI DEVI,7410.0,1,1,1,1
sita devi,7410.0,2,1,1,1
DHARMVEER,7410.0,1,1,1,1
MANOWAR BANO,7410.0,2,1,1,1
ambika,7410.0,1,1,1,1
SANJU,7410.0,2,1,1,1
SANNU KANWAR,7410.0,2,1,1,1
MONA,7410.0,2,1,1,1
Rajendra,7410.0,1,1,1,1
Kiran Devi,7410.0,1,1,1,1
SANTOS DEVI,7410.0,1,1,1,1
SAJNI DEVI,7410.0,1,1,1,1
Sunita devi,7410.0,2,1,1,1
SAHDEV,7410.0,2,1,1,1
Sunuta,7410.0,1,1,1,1
JAGDISH PRASAD SARAN,7410.0,2,1,1,1
LEELA,7410.0,2,1,1,1
Pooja Kumari,7410.0,1,1,1,1
NARAYAN LAL SEN,7410.0,1,1,1,1
Ishwar Ram,7410.0,2,1,1,1
Bachan Singh,7410.0,2,1,1,1
GOPAL LAL SAMOTA,7410.0,2,1,1,1
mausam kumar,7410.0,1,1,1,1
Soniya,7410.0,2,1,1,1
PARSI,7410.0,2,1,1,1
jeevanram,7410.0,2,1,1,1
Sundari devi,7410.0,2,1,1,1
SANWARIYA REGAR,7410.0,2,1,1,1
PAWAN KUMAR SONI,7410.0,1,1,1,1
Durga Kumari,7410.0,2,1,1,1
TARAMANI,7410.0,2,1,1,1
VIJAYANTA,7410.0,1,1,1,1
Nanuram Chaudhary,7410.0,2,1,1,1
Mohan Lal,7410.0,1,1,1,1
MEERA,7410.0,2,1,1,1
Kissan Sanitary and paint store,7390.0,1,1,1,1
Shivani pandey,7308.0,1,1,1,1
Bhawan budhalkoti,7308.0,1,1,1,1
Nutan pandey,7308.0,1,1,1,1
Vimla devi,7308.0,1,1,1,1
Lalita pandey,7308.0,1,1,1,1
Shanti pandey,7308.0,1,1,1,1
Soniya pandey,7308.0,1,1,1,1
RASUDEEN,7300.0,1,1,1,1
HARWINDER LAL,7293.0,3,1,1,1
Khana Gadri,7280.0,1,1,1,1
MOHINDER MITTAL IRON STEEL MERCHANTS,7221.0,3,1,1,1
AAO ERO Srikalahasti,7200.0,3,1,2,1
Pinky Devi Rawat,7200.0,1,1,1,1
Vikram Singh mistari kartoli,7200.0,3,1,2,1
Rakesh Kumar mistari kartoli,7200.0,3,1,2,1
GAUTAM BUDDH,7200.0,3,1,1,1
Rihana,7200.0,3,1,2,1
Anita Khatana,7200.0,3,1,1,1
Jannati,7200.0,3,1,2,1
NEERAJ KUMAR MEENA,7140.0,3,1,2,1
JIYO KUMARI,7125.0,1,1,1,1
SUKI DEVI,7125.0,1,1,1,1
Kanchan devi,7125.0,1,1,1,1
SAVITRI,7125.0,1,1,1,1
KELI DEVI,7125.0,1,1,1,1
Sharda devi,7125.0,1,1,1,1
MOUKI DEVI,7125.0,1,1,1,1
Sangita khatik,7125.0,1,1,1,1
AMARU DEVI,7125.0,1,1,1,1
NENU DEVI,7125.0,1,1,1,1
Khatik mamta kumari,7125.0,1,1,1,1
vidhya,7125.0,1,1,1,1
AMAR NATH JAIN AND SONS,7120.0,1,1,1,1
MANVEER,7056.0,1,1,1,1
RINKI,7056.0,1,1,1,1
SAUMYA,7056.0,1,1,1,1
DEVI LAL,7046.0,1,1,1,1
SATAYNARAYAN,7046.0,1,1,1,1
KALI,7046.0,1,1,1,1
KAMLESH MALI,7046.0,1,1,1,1
Chand,7020.0,1,1,1,1
GENDA KANWAR,7020.0,2,1,1,1
Ramu Devi,7020.0,1,1,1,1
SHABHU LUHAR,7020.0,2,1,1,1
GAYTARI JAT,7020.0,2,1,1,1
SANTOK JAT,7020.0,2,1,1,1
VINOD LUHAR,7020.0,2,1,1,1
NARAYANI DEVI LUHAR,7020.0,2,1,1,1
JASSU JAT,7020.0,2,1,1,1
MAHVEER SINGH,7020.0,2,1,1,1
Kesar Devi,7020.0,1,1,1,1
Bhanwari Devi,7020.0,1,1,1,1
Goverdhan Ojha,7020.0,1,1,1,1
BALKISHAN JAT,7020.0,2,1,1,1
KOMAL JAT,7020.0,2,1,1,1
Seema Devi,7020.0,1,1,1,1
Saraswati Devi,7020.0,1,1,1,1
SATYNARAYAN PANCHAL,7020.0,2,1,1,1
HARI JAT,7020.0,2,1,1,1
SAJANA DEVI,7020.0,1,1,1,1
MADHU LUHAR,7020.0,2,1,1,1
RATANI DEVI,7020.0,2,1,1,1
Gattu Devi,7020.0,1,1,1,1
MAMTA SHARMA,7020.0,2,1,1,1
Eshopvy,6999.0,1,1,1,1
Ramchandra,6936.0,3,1,1,1
PANKAJ YADAV,6900.0,3,1,1,1
Kajodmal Kumawat,6890.0,1,1,1,1
ramkishan gurjar,6890.0,1,1,1,1
Aanand pareek,6890.0,1,1,1,1
goru gurjar,6890.0,1,1,1,1
gangaram baira,6890.0,1,1,1,1
billu gurjar,6890.0,1,1,1,1
jeevraj gurjar,6890.0,1,1,1,1
Mansha kumari gurjar,6890.0,1,1,1,1
KANCHAN,6840.0,2,1,1,1
ASHOK KUMAR THEBAR,6840.0,3,1,1,1
Ramkuwar,6840.0,3,1,1,1
NARENDRA SINGH SHEKHAWAT,6840.0,3,1,1,1
Apsara,6804.0,3,1,2,1
Monika Pant,6800.0,1,1,1,1
Sita Bhil,6750.0,2,1,1,1
kalu gadri,6750.0,1,1,1,1
Shankar Lal Meena,6750.0,2,1,1,1
Mangi Devi Mina,6750.0,2,1,1,1
rajesh kumar gurjar,6750.0,1,1,1,1
sumitra kanwar,6750.0,2,1,1,1
Sohani Devi Meena,6750.0,2,1,1,1
Radha Devi Gurjar,6750.0,2,1,1,1
POOJA KUMAWAT,6720.0,1,1,1,1
MAMTA KUMAWAT,6720.0,1,1,1,1
RITIKA THAKUR,6720.0,1,1,1,1
Ratan Lal Bheel,6693.0,1,1,1,1
Pinky Kumari Sharma,6693.0,1,1,1,1
chanda devi,6693.0,1,1,1,1
Ramkanya Devi,6693.0,1,1,1,1
VIRMA RAM,6650.0,1,1,1,1
Saraswati Tiles,6645.0,3,1,1,1
mahaveer  gurjar,6625.0,1,1,1,1
DAYARAM,6600.0,2,1,1,1
PUSHPA BAI,6600.0,2,1,1,1
Balbir Singh,6600.0,3,1,1,1
Guddi Devi,6600.0,3,1,1,1
PUSHPA BHIL,6600.0,2,1,1,1
PRATAPI BHIL,6600.0,2,1,1,1
SUNDAR BAI,6600.0,2,1,1,1
MP LADS 18TH LOKSABHA HATADIHI,6585.0,3,1,2,1
MANOJ KUMAR BAIRWA,6505.0,2,1,1,2
vinod,6505.0,2,1,1,2
GULAB SINGH MEENA,6505.0,2,1,1,2
SUNITA BAI MEENA,6505.0,2,1,1,2
MONU DOBI,6505.0,2,1,1,2
kishorya,6505.0,2,1,1,2
Lokesh kumar meena,6440.0,1,1,1,1
Kalu Ram Bhat,6440.0,1,1,1,1
Hari om,6440.0,1,1,1,1
Murti Devi,6440.0,1,1,1,1
kamlesh sharma,6400.0,1,1,1,1
Kiran Rawat,6400.0,1,1,1,1
Accord Advertising Agencies,6369.0,1,1,1,1
foranta kumawat,6360.0,1,1,1,1
VIPIN CHANDRA,6325.0,1,1,1,1
CHATUR SINGH,6325.0,1,1,1,1
GOPAL RAM,6325.0,1,1,1,1
PANI RAM,6325.0,1,1,1,1
RAMETI,6325.0,2,1,1,1
LATA DEVI,6325.0,1,1,1,1
KAILASH CHANDRA,6325.0,1,1,1,1
KAMLA BISHT,6300.0,1,1,1,1
DIXA BISHT,6300.0,1,1,1,1
NISHAD BEGAM,6300.0,3,1,1,1
OBARAM,6300.0,3,1,1,1
Sewak Singh,6300.0,3,1,1,1
DEEPA BISHT,6300.0,1,1,1,1
Sita Devi Kumawat,6250.0,1,1,1,1
manju devi chouhan,6250.0,1,1,1,1
heera devi gurjar,6250.0,1,1,1,1
rakesh kumawat,6250.0,1,1,1,1
kailash kumawat,6250.0,1,1,1,1
hanja devi gurjar,6250.0,1,1,1,1
shaitan kumawat,6250.0,1,1,1,1
sojiram gurjar,6250.0,1,1,1,1
parmeshwar gurjar,6250.0,1,1,1,1
Ukar Baira,6240.0,1,1,1,1
chhotu,6237.0,3,1,1,1
Bakhsish Singh labour Kartoli,6228.0,3,1,2,1
Tarsem Lal Labour Kartoli,6228.0,3,1,2,1
Suresh Kumar Labour kartoli,6228.0,3,1,2,1
Dinesh Kumar Labour kartoli,6228.0,3,1,2,1
MAMTA KUMARI,6225.0,2,2,2,2
CHANDA BAI MEENA,6216.0,3,1,2,1
VIJAY,6216.0,3,1,1,1
JITENDARNATH,6138.0,3,1,1,1
SURENDR KUMAR,6125.0,1,1,1,1
Radha Bairwa,6120.0,3,1,1,1
PALA RAM,6118.0,2,1,1,1
SANGEETA,6118.0,2,1,1,1
BADO,6118.0,2,1,1,1
PREM KUMAR,6118.0,2,1,1,1
TONU KUMAR,6115.0,2,1,1,1
ASHA RATORE,6115.0,2,1,1,1
MEGHA RATOR,6115.0,2,1,1,1
GIANI REPAIRING MAUR MANDI,6090.0,1,1,1,1
Jogaram,6090.0,3,1,1,1
LALIT MOHAN SINGH BOHRA,6050.0,1,1,1,1
Purandei kashyap,6048.0,3,1,2,1
krishna kandpal,6048.0,1,1,1,1
ravindra singh rana,6048.0,1,1,1,1
RAJENDRA,6048.0,1,1,1,1
suman,6000.0,1,1,1,1
anita,6000.0,1,1,1,1
Kamla Devi Balai,6000.0,1,1,1,1
Ramsaingh Jatav,6000.0,1,1,1,1
harpati,6000.0,1,1,1,1
JASVEER SINGH,6000.0,3,1,1,1
Kedar Jatav,6000.0,1,1,1,1
PYARI BAI,6000.0,1,1,1,1
ABIDA BANU PINARA,6000.0,1,1,1,1
GULFAN,6000.0,1,1,1,1
RAVI SEN,6000.0,1,1,1,1
SHAKILA BANU,6000.0,1,1,1,1
Jagdeesh Chand Balai,6000.0,1,1,1,1
SAAB SINGH,6000.0,1,1,1,1
susheela,6000.0,1,1,1,1
ABDUL VAHID,6000.0,1,1,1,1
NEEMA NEGI,6000.0,4,1,1,1
JAMANTI,6000.0,1,1,1,1
HEMRAJ MEENA,6000.0,1,1,1,1
BACHU SINGH,6000.0,1,1,1,1
Kamlesh Jatav,6000.0,1,1,1,1
Mithlesh Jatav,6000.0,1,1,1,1
BABITA CHOUDHARY,6000.0,1,1,1,1
mamta devi,6000.0,1,1,1,1
SUNDAR LAL SEN,6000.0,1,1,1,1
DEEPAK JASU,6000.0,3,1,1,1
Toko Yami Teli,6000.0,1,1,1,1
SHIVCHARAN MEENA,6000.0,1,1,1,1
gulfam,6000.0,1,1,1,1
ANIRUDH SHARMA,5950.0,1,1,1,1
KESHAV KRISHAN,5950.0,1,1,1,1
SHRUTI SHARMA,5950.0,1,1,1,1
ABHISHEK RANA,5950.0,1,1,1,1
KAMAL DEV,5950.0,1,1,1,1
RUCHIKA,5950.0,1,1,1,1
VISHAKHA,5950.0,1,1,1,1
MOHIT SHARMA,5950.0,1,1,1,1
Premi Arts,5900.0,1,1,1,1
MOHINI DEVI,5856.0,1,1,1,1
Maya Bhil,5820.0,1,1,1,1
BHARAT KUMAR,5700.0,4,2,2,2
SDMC,5670.0,3,1,1,1
HUKMNAMA SAMACHAR,5652.0,2,1,1,1
Kavita Mantri,5600.0,1,1,1,1
NIRMALA MANIKRAO THAKRE,5600.0,1,1,1,1
NIKITA PRAKASHSING ROTWAL,5600.0,1,1,1,1
MANIKRAO THAKRE,5600.0,1,1,1,1
NIRMALA AMRUTE,5600.0,1,1,1,1
SHISHUPAAL HARODE,5600.0,1,1,1,1
VACHCHALA KURWADE,5600.0,1,1,1,1
Shakti Man meena,5600.0,1,1,1,1
Subhash Chand Painter,5585.0,2,1,1,1
MPLAD HOLDING ACcount SBI,5524.0,1,1,1,1
harish ram,5520.0,1,1,1,1
Roshan Lal and Company,5480.0,1,1,1,1
karamjit building material,5355.0,3,1,2,1
Sayari Devi,5320.0,1,1,1,1
Teena Jain,5320.0,1,1,1,1
Sanjay Jain,5320.0,1,1,1,1
Sanjay Mantri,5320.0,1,1,1,1
Shiv Lal Meena,5320.0,1,1,1,1
Aarpita,5320.0,1,1,1,1
PARASI DEVI,5320.0,1,1,1,1
Rajendr Meena,5320.0,1,1,1,1
Sandeep kumar,5250.0,1,1,1,1
Sher Singh,5250.0,1,1,1,1
Bushahr Trades,5250.0,1,1,1,1
Sumitra Devi,5250.0,1,1,1,1
Shoyeb Akhtar,5250.0,1,1,1,1
Sushila Devi,5238.0,1,1,1,1
manoj kumawat,5200.0,1,1,1,1
kiran dei,5130.0,3,1,2,1
jasvir Singh,5100.0,1,1,1,1
jannyak,5097.0,3,1,1,1
RAJA ENGG WORKS,5076.0,6,1,1,1
Bhuli Devi,5060.0,1,1,1,1
bdo lamgara royalty,5054.0,1,1,1,1
MEDIWAY HEALTHCARE,5044.0,1,1,1,1
BHADAR SINGH,5040.0,1,1,1,1
kanta devi,5040.0,1,1,1,1
SHILA DEVI,5000.0,1,1,1,1
JAGROOP SINGH,5000.0,1,1,1,1
Block Bageshwar Royalty,4990.0,1,1,1,1
DMFT Fund,4961.0,10,2,2,1
MANMOHIT HARDWARE CEMENT STORE,4950.0,1,1,1,1
RAVI KUMAR JANGID,4950.0,3,1,1,1
Tahasildar Jharigam,4886.0,1,1,1,1
SURESH JAT,4860.0,2,1,1,1
Gopi Devi,4860.0,1,1,1,1
Pappu lal keer,4845.0,1,1,1,1
Nemi Chand Sharma,4800.0,1,1,1,1
SHASHI KUMAR,4675.0,1,1,1,1
BDO RAJGANGPUR,4658.0,1,1,1,1
BHANGU MOBILE CARE AND ELECTRONICS,4650.0,3,1,1,1
PAN SINGH MEWARI,4545.0,1,1,1,1
RAY SINGH,4500.0,1,1,1,1
saraswati iron and hardware store,4500.0,3,1,1,1
Shanker Kumawat,4500.0,3,1,1,1
GOPAL LAL SEN,4480.0,1,1,1,1
MAHAVEER SEN,4480.0,1,1,1,1
SUKHDEV GURJAR,4480.0,1,1,1,1
MADHAV KUMAR RADHE SHAM,4460.0,1,1,1,1
sumitra devi,4455.0,1,1,1,1
deepak vaishnav,4455.0,1,1,1,1
GANESHI,4455.0,1,1,1,1
KALU RAM CHOUDHARY,4455.0,1,1,1,1
SEETA DEVI BHAMBHI,4455.0,1,1,1,1
MATRA DEVI,4455.0,1,1,1,1
KAMLESH GURJAR,4455.0,1,1,1,1
gunjan,4455.0,1,1,1,1
Vihavkarma Marble Industries Barnala,4430.0,1,1,1,1
District Mineral Foundation Trust Uttarkashi,4357.0,6,1,1,1
ANMOL YADAV,4350.0,3,1,1,1
BDO NIMAPARA,4346.0,1,1,1,1
MH Enterprises Delhi,4320.0,1,1,1,1
MAKANA RAM,4275.0,1,1,1,1
narendra singh,4275.0,1,1,1,1
HANSA RAM,4275.0,1,1,1,1
ummed singh,4275.0,1,1,1,1
SUMER KANWAR,4275.0,2,1,1,1
ROOPWATI,4275.0,1,1,1,1
rakesh kumar,4275.0,1,1,1,1
meena kumari,4275.0,1,1,1,1
bhoora,4275.0,1,1,1,1
JETI DEVI,4275.0,1,1,1,1
sanju,4275.0,1,1,1,1
bhoori devi,4275.0,1,1,1,1
dinesh,4275.0,1,1,1,1
pushpa,4275.0,1,1,1,1
ajayrani,4275.0,1,1,1,1
hari ram singh,4275.0,1,1,1,1
priya nayawas,4275.0,3,1,2,1
NORAT KANWAR,4200.0,1,1,1,1
MANGI LAL GURJAR,4200.0,1,1,1,1
LEKRAJ GURJAR,4200.0,1,1,1,1
Janta Sports,4200.0,1,1,1,1
SAMPTI DEVI,4200.0,1,1,1,1
DEEPAK SINGH GOUR,4200.0,1,1,1,1
Abhishek,4010.0,1,1,1,1
Joginder,4000.0,1,1,1,1
DEEPAK GUPTA,4000.0,1,1,1,1
Singla Cement Store,4000.0,1,1,1,1
Vikas Adhikari KATHUMAR,4000.0,4,1,2,1
savitri devi,3990.0,1,1,1,1
seenu,3990.0,1,1,1,1
HARI KANWAR,3990.0,1,1,1,1
sunil,3990.0,1,1,1,1
RUBI,3990.0,1,1,1,1
PUKHRAJ,3990.0,1,1,1,1
Lila Devi,3990.0,1,1,1,1
LEKHRAJ GURJAR,3990.0,1,1,1,1
Fuli Devi,3990.0,1,1,1,1
MANJU JANGID,3990.0,1,1,1,1
ISMAIL,3990.0,1,1,1,1
BHAGWANTI,3990.0,1,1,1,1
RENUKA,3990.0,1,1,1,1
Pappu,3990.0,1,1,1,1
mahavir singh,3990.0,1,1,1,1
MAMATA DEVI,3990.0,1,1,1,1
lokendra singh,3990.0,1,1,1,1
khaimraj,3990.0,1,1,1,1
MUNNI,3990.0,1,1,1,1
ALPU DEVI,3990.0,1,1,1,1
Nitesh Kanwar,3990.0,1,1,1,1
NARBADA,3990.0,1,1,1,1
Nenu Devi,3990.0,2,1,1,1
IRFAN AHAMAD,3990.0,1,1,1,1
ravindra saini,3990.0,1,1,1,1
RAMRATAN,3990.0,1,1,1,1
ASHOK MALI,3990.0,1,1,1,1
NARENDER KUMAR,3990.0,1,1,1,1
AJAY OAD,3990.0,1,1,1,1
surendra saini,3990.0,1,1,1,1
monika devi,3990.0,1,1,1,1
Aslam Mohammad,3990.0,1,1,1,1
PRAHLAD JANGID,3990.0,1,1,1,1
PRAHLAD SAIN,3990.0,1,1,1,1
PUSHPA,3990.0,1,1,1,1
pramod,3990.0,1,1,1,1
rimjhim,3990.0,1,1,1,1
INDARJEET JANGID,3990.0,1,1,1,1
Gopal Kanwar,3990.0,1,1,1,1
RUBINA BANO,3990.0,1,1,1,1
LAKSHMI DEVI,3920.0,1,1,1,1
RAGHUNATH,3920.0,1,1,1,1
TAHASILDAR PAPADAHANDI,3911.0,1,1,1,1
PRADEEP,3900.0,3,1,2,1
Bhanwar lal meghwal,3900.0,1,1,1,1
kaniya,3861.0,1,1,1,1
jamna banu,3861.0,1,1,1,1
KARAN,3861.0,1,1,1,1
NAVALKISHOR,3861.0,1,1,1,1
sohani,3861.0,1,1,1,1
SARAJUDHIN,3861.0,1,1,1,1
gulab khan,3861.0,1,1,1,1
RAJINDER KUMAR CONTRACTOR,3818.0,1,1,1,1
Rani Khatik,3783.0,1,1,1,1
Foolwati,3780.0,1,1,1,1
Hema,3780.0,1,1,1,1
JINDAL PLYWOODS,3780.0,3,1,1,1
Yashwant,3780.0,1,1,1,1
Ramli,3780.0,3,1,2,1
Pushpa,3780.0,1,1,1,1
babli,3780.0,1,1,1,1
Lakshmi Kanwar,3757.0,1,1,1,1
Rampyari,3757.0,1,1,1,1
SOHANI DEVI,3750.0,1,1,1,1
JAMNA LAL REGAR,3750.0,1,1,1,1
SHIVAM ART AND PHOTO,3746.0,1,1,1,1
Pooja devi,3724.0,1,1,1,1
Birbal,3724.0,1,1,1,1
SHASHIKANT,3720.0,1,1,1,1
Banta,3705.0,1,1,1,1
DALEEP,3705.0,1,1,1,1
Lal Chand,3705.0,1,1,1,1
Raju devi,3705.0,1,1,1,1
Asgari,3705.0,1,1,1,1
nemi singh,3705.0,1,1,1,1
Reenu Singh,3705.0,1,1,1,1
REENA HARIJAN,3705.0,1,1,1,1
meera,3705.0,1,1,1,1
meera garhwal,3705.0,1,1,1,1
ghansyam,3705.0,1,1,1,1
geeta devi,3705.0,1,1,1,1
Rama Devi Yadav,3705.0,1,1,1,1
sonam devi,3705.0,1,1,1,1
Pinki,3705.0,1,1,1,1
Najma,3705.0,1,1,1,1
KAUSAL KISHOR,3705.0,1,1,1,1
DROPADI,3705.0,1,1,1,1
Maina,3705.0,1,1,1,1
Navita Devi,3705.0,1,1,1,1
sonu,3705.0,1,1,1,1
tofali devi,3705.0,1,1,1,1
ramvati,3705.0,1,1,1,1
Jaipal,3705.0,1,1,1,1
tara devi,3705.0,1,1,1,1
ajay singh,3705.0,1,1,1,1
Kamruddin,3705.0,1,1,1,1
rekha,3705.0,1,1,1,1
ravina,3705.0,1,1,1,1
Pushpa lal khinchi,3705.0,1,1,1,1
urmila devi,3705.0,1,1,1,1
Kamali,3705.0,1,1,1,1
gita devi saini,3705.0,1,1,1,1
Naresh kumari,3705.0,1,1,1,1
JANKI DEVI,3705.0,1,1,1,1
Barsina,3705.0,1,1,1,1
Satveer Singh,3705.0,1,1,1,1
Haseena,3705.0,1,1,1,1
Sumit kumar,3705.0,1,1,1,1
Jagdish Jangir,3705.0,1,1,1,1
Sunita Devi,3705.0,1,1,1,1
Mohit lohan,3705.0,1,1,1,1
Bhavani Singh Meena,3705.0,1,1,1,1
mukesh kumari,3705.0,1,1,1,1
naval singh rawat,3705.0,1,1,1,1
narbada,3705.0,1,1,1,1
Devendra Singh,3705.0,1,1,1,1
nosar,3705.0,1,1,1,1
omprakash,3705.0,1,1,1,1
Bhinwa Ram,3705.0,1,1,1,1
Mukesh Kumar swami,3705.0,1,1,1,1
magla,3705.0,1,1,1,1
VAKILA,3705.0,1,1,1,1
manju gurjar,3705.0,1,1,1,1
manni devi,3705.0,1,1,1,1
NORAVA,3705.0,1,1,1,1
pooja,3705.0,1,1,1,1
Chanda devi yadav,3705.0,1,1,1,1
pooja saini,3705.0,1,1,1,1
MAMRAJ PANWAR,3705.0,1,1,1,1
Hansa Devi,3705.0,1,1,1,1
SURENDAR,3705.0,1,1,1,1
niraj kumari,3705.0,1,1,1,1
nisha yadav,3705.0,1,1,1,1
KAMLESH KANWAR,3705.0,1,1,1,1
Jagdish Prasad,3705.0,1,1,1,1
POONAM DEVI,3705.0,1,1,1,1
Pramod Kumar,3705.0,1,1,1,1
ANSHUAWASTHI,3705.0,1,1,1,1
bidami devi,3705.0,1,1,1,1
Hanseera,3705.0,1,1,1,1
Hansira,3705.0,1,1,1,1
panna lal,3705.0,1,1,1,1
Rukseena,3705.0,1,1,1,1
HARDEVA RAM,3705.0,1,1,1,1
dimple,3705.0,1,1,1,1
deyaram,3705.0,1,1,1,1
Karan Singh Beniwal,3705.0,1,1,1,1
LAXMI DEVI,3705.0,1,1,1,1
KAVITA DEVI,3705.0,1,1,1,1
SUMITRA DEVI,3705.0,1,1,1,1
Mahendra Singh Faujdar,3705.0,1,1,1,1
PITRAM,3705.0,1,1,1,1
KALU RAM,3705.0,1,1,1,1
priya,3705.0,1,1,1,1
GHEESA RAM,3705.0,1,1,1,1
BHARAT,3705.0,1,1,1,1
Rajbala Dev,3705.0,1,1,1,1
MUKESH KUMAR RANWA,3705.0,1,1,1,1
Aanchi devi,3705.0,1,1,1,1
bhola singh,3705.0,1,1,1,1
hema,3705.0,1,1,1,1
khyaliram saini,3705.0,1,1,1,1
LALITA BAI,3705.0,1,1,1,1
rakesh kumar meena,3705.0,1,1,1,1
kavita meena,3705.0,1,1,1,1
PURAN MALI,3705.0,1,1,1,1
Ravita Meena,3705.0,1,1,1,1
Gomati Devi,3705.0,1,1,1,1
Sita Ram,3705.0,1,1,1,1
kanwar bai,3705.0,1,1,1,1
Jeetendra Singh Meena,3705.0,1,1,1,1
SANTOSH KANWAR,3705.0,1,1,1,1
SUAA BAI,3705.0,1,1,1,1
ramila,3705.0,1,1,1,1
suman kumari,3705.0,1,1,1,1
ashok kumar,3705.0,1,1,1,1
virandra,3705.0,1,1,1,1
vishrami,3705.0,1,1,1,1
SHANKAR LAL,3705.0,1,1,1,1
SHANKAR LAL BASER,3679.0,1,1,1,1
Kalu Ram Balai,3679.0,1,1,1,1
Ramesh Chand Balai,3679.0,1,1,1,1
Govind Sadhu,3679.0,1,1,1,1
Dalla Ram Regar,3679.0,1,1,1,1
Madhu Devi Meena,3679.0,1,1,1,1
Choti Balai,3679.0,1,1,1,1
Leela Devi Balai,3679.0,1,1,1,1
Ramesh Chand Sharma,3679.0,1,1,1,1
Seema Devi Basher,3679.0,1,1,1,1
Lad Devi Vaishnav,3679.0,1,1,1,1
Kishan LAl Meena,3679.0,1,1,1,1
Dinesh Kumar Regar,3679.0,1,1,1,1
Geeta Devi Vaishnav,3679.0,1,1,1,1
Geeta Regar,3679.0,1,1,1,1
Pavan Kumar Sharma,3679.0,1,1,1,1
Bhanwar Lal Sharma,3679.0,1,1,1,1
Bhula Devi Balai,3679.0,1,1,1,1
Pooja Sharma,3640.0,1,1,1,1
SONIYA MALI,3640.0,1,1,1,1
Badam Nayak,3640.0,1,1,1,1
Ladi,3640.0,1,1,1,1
Rajesh Meena,3640.0,1,1,1,1
Sayar,3640.0,1,1,1,1
Shaitan,3640.0,1,1,1,1
Usman Mohammad,3640.0,1,1,1,1
Amba Lal,3640.0,1,1,1,1
Chandra Prakash,3640.0,1,1,1,1
Mohan Lal Bhat,3640.0,1,1,1,1
Sahanaj,3640.0,1,1,1,1
Brji Raj Sharma,3640.0,1,1,1,1
Ganesh gurjar,3640.0,1,1,1,1
Lali,3640.0,1,1,1,1
Kusum Devi,3640.0,1,1,1,1
Kishan Gadri,3640.0,1,1,1,1
Shiv Prakash,3640.0,1,1,1,1
Youraj Bhat,3640.0,1,1,1,1
SUNIL BABJI,3627.0,1,1,1,1
MUKESH NATH YOGI,3627.0,1,1,1,1
SONU NATH,3627.0,1,1,1,1
RUKMA DEVI,3627.0,1,1,1,1
SURENDRA REBARI,3627.0,1,1,1,1
GORDHAN RAM,3600.0,1,1,1,1
Bhairu Lal Jat,3588.0,1,1,1,1
JOSEPH P K,3581.0,1,1,1,1
DHAPA,3575.0,1,1,1,1
KAMALA,3575.0,1,1,1,1
DHARMA,3564.0,3,1,1,1
VINAYAK,3540.0,1,1,1,1
SUREKHA,3523.0,1,1,1,1
Teju kumari meena,3510.0,1,1,1,1
Ansi Bai,3480.0,1,1,1,1
sayari devi,3445.0,1,1,1,1
Girdhawari,3420.0,1,1,1,1
CHANDU,3420.0,1,1,1,1
Chauth mal merna,3420.0,1,1,1,1
HARKHU DEVI,3420.0,1,1,1,1
Khyali ram meena,3420.0,1,1,1,1
SHAYAR,3420.0,1,1,1,1
HAPU DEVI,3420.0,1,1,1,1
DALU DEVI,3420.0,1,1,1,1
DANA RAM,3420.0,1,1,1,1
MANI RAM,3420.0,1,1,1,1
JAGDISH PRASAD,3420.0,1,1,1,1
PARTAP,3420.0,1,1,1,1
archana,3420.0,1,1,1,1
KAMA,3420.0,1,1,1,1
SHAU,3420.0,1,1,1,1
santra devi,3420.0,1,1,1,1
RACHNA,3420.0,1,1,1,1
HARDAT,3420.0,1,1,1,1
SHARKI,3420.0,1,1,1,1
MAYANK,3420.0,3,1,1,1
CHANA,3420.0,1,1,1,1
rami,3420.0,1,1,1,1
CHAGNI,3420.0,1,1,1,1
reshma devi,3420.0,1,1,1,1
Lohadisi devi,3420.0,1,1,1,1
fUL kANWAR,3408.0,1,1,1,1
JAMNA,3408.0,1,1,1,1
BINTU NATH,3408.0,1,1,1,1
LALI KANWER,3408.0,1,1,1,1
SAMPAT NATH,3408.0,1,1,1,1
WITHHELS SD,3367.0,1,1,1,1
SHAYRI DEVI,3360.0,1,1,1,1
SATYA NARAYAN NAGAR,3315.0,1,1,1,1
MAYA KUMARI RAATHORE,3315.0,1,1,1,1
HEMANT KUMAR SRIVASTVA,3315.0,1,1,1,1
DISTRICT MINERAL FUND,3302.0,11,1,1,1
amrinder singh,3300.0,3,1,1,1
POOJA DEVI,3300.0,1,1,1,1
NETRAM,3300.0,1,1,1,1
BHAGIRATH SINGH,3300.0,1,1,1,1
YASH GAUNIYA,3294.0,1,1,1,1
UDAY LAL GADARI,3250.0,1,1,1,1
RATANI DEVI GADARI,3250.0,1,1,1,1
TARA KUMAWAT,3250.0,1,1,1,1
CHHANU DEVI VAISHANAV,3250.0,1,1,1,1
SURESH MEENA,3250.0,1,1,1,1
OM PRAKASH MALI,3250.0,1,1,1,1
UDI DEVI GADARI,3250.0,1,1,1,1
PREM KUMAWAT,3250.0,1,1,1,1
DEVENDRA GADARI,3250.0,1,1,1,1
Subita,3135.0,1,1,1,1
SABINI,3135.0,1,1,1,1
HASAN MANSURI,3135.0,1,1,1,1
SUSHMA,3135.0,1,1,1,1
subhash,3135.0,1,1,1,1
Neeraj kumari,3135.0,1,1,1,1
Yogesh Saini,3135.0,1,1,1,1
AABID HUSAIN,3135.0,1,1,1,1
Bhateri,3135.0,1,1,1,1
Tahasildar Kuarmunda Royality,3034.0,1,1,1,1
PANNA DEVI,3025.0,1,1,1,1
POONAM KUMARI,3025.0,1,1,1,1
Kavita Devi,3024.0,1,1,1,1
SUNITA DAROGA,3000.0,1,1,1,1
AMRIT LAL,3000.0,3,1,2,1
Lucky Art,3000.0,2,1,1,1
Sukhdeep so of Birbal,3000.0,1,1,1,1
visvendra,3000.0,1,1,1,1
DOGRA ART,3000.0,3,1,1,1
GRAM PANCHAYAT BASETH,3000.0,3,1,2,1
Ramdhan Jat,3000.0,1,1,1,1
ANITA DAROGA,3000.0,1,1,1,1
SONU ELECTRICALS,3000.0,3,1,2,1
SAGAR SHARMA,2975.0,1,1,1,1
PRATIMA GAUNIYA,2928.0,1,1,1,1
RAHIS AHMAD,2920.0,1,1,1,1
RASHMI MEENA,2895.0,1,1,1,1
RUKHAMO DEVI,2850.0,1,1,1,1
HOSHIYAR SINGH,2850.0,1,1,1,1
Meena devi,2850.0,1,1,1,1
Jagmal,2840.0,1,1,1,1
Balu Lal Balai,2830.0,1,1,1,1
hari singh meena,2800.0,1,1,1,1
vinita,2800.0,1,1,1,1
RAMHARI MEENA,2800.0,1,1,1,1
dileep,2800.0,1,1,1,1
punit kumar,2800.0,1,1,1,1
daakhbai,2800.0,1,1,1,1
SUBASH CHAND JANGID,2800.0,1,1,1,1
gita devi,2800.0,1,1,1,1
khelbai,2800.0,1,1,1,1
SAYDA,2800.0,1,1,1,1
sidharth meena,2800.0,1,1,1,1
SANTRAM MEENA,2800.0,1,1,1,1
Gheesa Lal Meewara,2800.0,1,1,1,1
NAHANI DEVI,2800.0,1,1,1,1
mohan lal meena,2800.0,1,1,1,1
Rajak,2800.0,1,1,1,1
Raj Bala,2772.0,1,1,1,1
Yogesh Kumar,2772.0,1,1,1,1
JARNAIL SINGH,2758.0,1,1,1,1
ADARAM,2750.0,1,1,1,1
Chagan gadri,2700.0,1,1,1,1
Durga gurjar,2700.0,1,1,1,1
Paramount Softech,2700.0,1,1,1,1
Leela gadri,2700.0,1,1,1,1
Abhishek Paint Store,2573.0,1,1,1,1
SHARMILA KUMARI,2565.0,3,1,1,1
SHANKUTALA,2565.0,1,1,1,1
BHARAT BHOOMI,2550.0,2,1,1,1
JAGTAR SINGH SO GURDEEP SINGH,2500.0,1,1,1,1
KISHORI DEVI,2439.0,1,1,1,1
BDO NIMAPADA,2398.0,7,1,2,1
Kamlesh Gurjar,2385.0,1,1,1,1
Cdo Cum Eo Zp Dkl Dmf,2329.0,3,1,1,1
Bali Art Studio,2320.0,1,1,1,1
Manbhari devi,2280.0,1,1,1,1
VINESH,2268.0,3,1,2,1
CHANDRAKALA,2268.0,3,1,2,1
DEVIDATT,2200.0,1,1,1,1
HV Enpterprises,2095.0,1,1,1,1
Joshi brothers,2002.0,1,1,1,1
Luckey Arts,2000.0,1,1,1,1
NASIB SINGH,2000.0,1,1,1,1
Dan Singh,2000.0,2,1,1,1
VIVIKSHA CHOUDHARY,1995.0,1,1,1,1
DALVEER SINGH,1925.0,1,1,1,1
Tahasildar Kodinga,1848.0,1,1,1,1
Trilok Singh,1840.0,1,1,1,1
krishna kumari,1710.0,2,1,1,1
Khima Ram,1710.0,3,1,1,1
Niri Devi,1710.0,1,1,1,1
girver prasad,1710.0,1,1,1,1
Singh Electrical And Repairs Ropar,1666.0,2,1,1,1
Radheshyam kumhar,1620.0,1,1,1,1
df,1578.0,3,1,1,1
PUNKI,1570.0,1,1,1,1
geeta kanwar,1554.0,3,1,1,1
DISTRICT MINERAL FOUNDATION SUNDARGARH,1510.0,7,1,2,2
RAJ Art,1500.0,1,1,1,1
PROMPT ND PURE,1450.0,1,1,1,1
sunil kumar,1425.0,1,1,1,1
Jitendar kumar yadav,1425.0,1,1,1,1
HANSRAM,1425.0,1,1,1,1
DMF,1324.0,4,2,2,2
Krutayagna Business Solution,1310.0,1,1,1,1
abal devi,1281.0,3,1,1,1
DMF ALMORA,1211.0,2,1,1,1
JATINDER KAUR,1200.0,3,1,1,1
ASA Sports,1196.0,1,1,1,1
TAHASILDAR SUBDEGA,1192.0,2,1,2,2
Mahendra singh,1140.0,1,1,1,1
asha,1140.0,1,1,1,1
PRADEEP ART,1000.0,1,1,1,1
CHIRANJIV ARTS SERVICE,1000.0,1,1,1,1
MOHER SINGH,1000.0,1,1,1,1
RADHAKRISHNAN P,1000.0,1,1,1,1
varsh,855.0,1,1,1,1
Kalsum,855.0,1,1,1,1
Anil Kumar Saini,850.0,1,1,1,1
CONTIGENCY,842.0,1,1,1,1
Block Development Officer Erasama,838.0,1,1,1,1
BDO Rajgangpur EGB,786.0,2,1,1,1
DMF BOUDH,765.0,1,1,1,1
PARDHIP HANUMAN,600.0,1,1,1,1
BDONIMAPADA MISCAC,511.0,2,1,1,1
RAM DARSHAN,500.0,1,1,1,1
Vihaa Surgical,428.0,1,1,1,1
Block Development Officer DMF,419.0,1,1,1,1
M K Traders,360.0,1,1,1,1
EGB,316.0,1,1,1,1
CHATUBHRAJ BAGRIYA,255.0,1,1,1,1
Raj Digital Studio,249.0,3,1,1,1
Dashmesh Sanitary Store,165.0,1,1,1,1
Jaspreet Singh,12.0,3,1,2,1
